id,created_at,rain_percent,wind_speed_kmh,tof_distance_mm,om_temp,om_humidity,om_weather_code,predicted_flood_risk,prediction_label,status
1457,2026-09-29 14:15:35.502867+00,95,0,51,30,70,0,2,Flood Alert (HIGH),Raining
1458,2026-09-29 14:15:41.888546+00,94,0,47,30,70,0,2,Flood Alert (HIGH),Raining
1459,2026-09-29 14:15:49.364873+00,91,0,2594,30,70,0,0,Safe (LOW),Raining
1460,2026-09-29 14:15:55.977836+00,98,0,2595,30,70,0,0,Safe (LOW),Raining
1461,2026-09-29 14:16:02.623324+00,89,0,2590,30,70,0,0,Safe (LOW),Raining
1462,2026-09-29 14:16:09.275494+00,88,0,2591,30,70,0,0,Safe (LOW),Raining
1463,2026-09-29 14:16:15.686691+00,95,0,2551,30,70,0,0,Safe (LOW),Raining
1464,2026-09-29 14:18:18.138086+00,0,203.362,55,30,70,0,2,Flood Alert (HIGH),Clear
1465,2026-09-29 14:18:24.347202+00,95,0,44,30,70,0,2,Flood Alert (HIGH),Raining
1466,2026-09-29 14:18:30.721249+00,89,0,40,30,70,0,2,Flood Alert (HIGH),Raining
1467,2026-09-29 14:18:37.335927+00,91,0,23,30,70,0,2,Flood Alert (HIGH),Raining
1468,2026-09-29 14:18:43.524546+00,91,0,15,30,70,0,2,Flood Alert (HIGH),Raining
1469,2026-09-29 14:18:49.676439+00,92,0,21,30,70,0,2,Flood Alert (HIGH),Raining
1470,2026-09-29 14:18:56.531581+00,100,0,17,30,70,0,2,Flood Alert (HIGH),Raining
1471,2026-09-29 14:19:02.733981+00,86,0,10,30,70,0,2,Flood Alert (HIGH),Raining
1472,2026-09-29 14:19:09.107643+00,96,0,10,30,70,0,2,Flood Alert (HIGH),Raining
1473,2026-09-29 14:19:15.157455+00,96,0,25,30,70,0,2,Flood Alert (HIGH),Raining
1474,2026-09-29 14:19:21.507519+00,98,0,28,30,70,0,2,Flood Alert (HIGH),Raining
1475,2026-09-29 14:19:27.671486+00,100,0,30,30,70,0,2,Flood Alert (HIGH),Raining
1476,2026-09-29 14:19:33.727271+00,100,0,27,30,70,0,2,Flood Alert (HIGH),Raining
1477,2026-09-29 14:19:39.763125+00,95,0,29,30,70,0,2,Flood Alert (HIGH),Raining
1478,2026-09-29 14:19:45.998346+00,93,0,25,30,70,0,2,Flood Alert (HIGH),Raining
1479,2026-09-29 14:19:52.284295+00,99,0,28,30,70,0,2,Flood Alert (HIGH),Raining
1480,2026-09-29 14:19:58.921804+00,100,0,27,30,70,0,2,Flood Alert (HIGH),Raining
1481,2026-09-29 14:20:05.315414+00,95,0,10,30,70,0,2,Flood Alert (HIGH),Raining
1482,2026-09-29 14:20:11.540731+00,89,0,10,30,70,0,2,Flood Alert (HIGH),Raining
1483,2026-09-29 14:20:18.555581+00,94,0,10,30,70,0,2,Flood Alert (HIGH),Raining
1484,2026-09-29 14:20:24.822646+00,92,0,1200,30,70,0,2,Flood Alert (HIGH),Raining
1485,2026-09-29 14:20:30.956706+00,91,0,1244,30,70,0,2,Flood Alert (HIGH),Raining
1486,2026-09-29 14:20:39.258714+00,93,0,758,30,70,0,2,Flood Alert (HIGH),Raining
1487,2026-09-29 14:20:45.384805+00,96,0,741,30,70,0,2,Flood Alert (HIGH),Raining
1488,2026-09-29 14:20:51.770392+00,95,0,730,30,70,0,2,Flood Alert (HIGH),Raining
1489,2026-09-29 14:20:57.783463+00,94,0,696,30,70,0,2,Flood Alert (HIGH),Raining
1490,2026-09-29 14:21:04.090208+00,100,0,671,30,70,0,2,Flood Alert (HIGH),Raining
1491,2026-09-29 14:21:10.272817+00,96,0,675,30,70,0,2,Flood Alert (HIGH),Raining
1492,2026-09-29 14:21:16.991898+00,95,0,713,30,70,0,2,Flood Alert (HIGH),Raining
1493,2026-09-29 14:21:23.071134+00,93,0,1274,30,70,0,2,Flood Alert (HIGH),Raining
1494,2026-09-29 14:21:29.553521+00,95,0,666,30,70,0,2,Flood Alert (HIGH),Raining
1495,2026-09-29 14:21:35.579143+00,87,0,52,30,70,0,2,Flood Alert (HIGH),Raining
1496,2026-09-29 14:21:41.926343+00,76,0,32,30,70,0,2,Flood Alert (HIGH),Raining
1497,2026-09-29 14:21:48.410241+00,87,0,17,30,70,0,2,Flood Alert (HIGH),Raining
1498,2026-09-29 14:21:55.178097+00,0,0,21,30,70,0,2,Flood Alert (HIGH),Clear
1499,2026-09-29 14:22:01.508599+00,99,0,10,30,70,0,2,Flood Alert (HIGH),Raining
1500,2026-09-29 14:22:07.605136+00,94,0,10,30,70,0,2,Flood Alert (HIGH),Raining
1501,2026-09-29 14:22:13.889804+00,100,0,19,30,70,0,0,Safe (LOW),Raining
1502,2026-09-29 14:22:20.456325+00,87,0,2658,30,70,0,0,Safe (LOW),Raining
1503,2026-09-29 14:22:26.81822+00,94,0,2508,30,70,0,0,Safe (LOW),Raining
1504,2026-09-29 14:22:33.24081+00,100,0,2519,30,70,0,0,Safe (LOW),Raining
1505,2026-09-29 14:22:40.404677+00,78,0,2522,30,70,0,0,Safe (LOW),Raining
1506,2026-09-29 14:22:46.862129+00,79,0,2563,30,70,0,0,Safe (LOW),Raining
1507,2026-09-29 14:22:52.989489+00,77,0,35,30,70,0,0,Safe (LOW),Raining
1508,2026-09-29 14:22:59.383723+00,85,0,199,30,70,0,2,Flood Alert (HIGH),Raining
1509,2026-09-29 14:23:05.443515+00,85,0,189,30,70,0,2,Flood Alert (HIGH),Raining
1510,2026-09-29 14:23:11.769224+00,89,0,190,30,70,0,2,Flood Alert (HIGH),Raining
1511,2026-09-29 14:23:18.20532+00,87,0,196,30,70,0,2,Flood Alert (HIGH),Raining
1512,2026-09-29 14:23:24.50969+00,85,0,196,30,70,0,2,Flood Alert (HIGH),Raining
1513,2026-09-29 14:23:31.04804+00,97,0,196,30,70,0,2,Flood Alert (HIGH),Raining
1514,2026-09-29 14:23:37.126034+00,96,0,193,30,70,0,2,Flood Alert (HIGH),Raining
1515,2026-09-29 14:23:43.400869+00,92,0,196,30,70,0,0,Safe (LOW),Raining
1516,2026-09-29 14:23:49.713624+00,97,0,184,30,70,0,2,Flood Alert (HIGH),Raining
1517,2026-09-29 14:23:56.057647+00,86,0,208,30,70,0,2,Flood Alert (HIGH),Raining
1518,2026-09-29 14:24:02.397389+00,81,0,31,30,70,0,2,Flood Alert (HIGH),Raining
1519,2026-09-29 14:24:08.981983+00,83,0,29,30,70,0,2,Flood Alert (HIGH),Raining
1520,2026-09-29 14:24:15.447053+00,100,0,10,30,70,0,2,Flood Alert (HIGH),Raining
1521,2026-09-29 14:24:21.796514+00,100,0,10,30,70,0,2,Flood Alert (HIGH),Raining
1522,2026-09-29 14:24:28.138677+00,92,0,10,30,70,0,2,Flood Alert (HIGH),Raining
1523,2026-09-29 14:24:35.050017+00,96,0,10,30,70,0,2,Flood Alert (HIGH),Raining
1524,2026-09-29 14:24:41.375383+00,90,0,10,30,70,0,2,Flood Alert (HIGH),Raining
1525,2026-09-29 14:24:48.10763+00,100,0,10,30,70,0,2,Flood Alert (HIGH),Raining
1526,2026-09-29 14:24:54.659513+00,85,0,10,30,70,0,2,Flood Alert (HIGH),Raining
1527,2026-09-29 14:25:00.942299+00,88,0,10,30,70,0,2,Flood Alert (HIGH),Raining
1528,2026-09-29 14:25:07.177672+00,100,0,10,30,70,0,2,Flood Alert (HIGH),Raining
1529,2026-09-29 14:25:13.692084+00,78,0,37,30,70,0,2,Flood Alert (HIGH),Raining
1530,2026-09-29 14:25:19.948358+00,25,0,50,30,70,0,2,Flood Alert (HIGH),Raining
1531,2026-09-29 14:26:08.821236+00,0,195.666,22,26.4,89,0,2,Flood Alert (HIGH),Clear
1532,2026-09-29 14:26:15.264565+00,100,0,21,26.4,89,0,2,Flood Alert (HIGH),Raining
1533,2026-09-29 14:26:21.469411+00,0,12.0218,23,26.4,89,0,2,Flood Alert (HIGH),Clear
1534,2026-09-29 14:26:27.909986+00,94,0,10,26.4,89,0,2,Flood Alert (HIGH),Raining
1535,2026-09-29 14:26:34.320143+00,90,0,121,26.4,89,0,2,Flood Alert (HIGH),Raining
1536,2026-09-29 14:26:40.718142+00,88,0,2158,26.4,89,0,2,Flood Alert (HIGH),Raining
1537,2026-09-29 14:26:46.867439+00,95,0,1090,26.4,89,0,2,Flood Alert (HIGH),Raining
1538,2026-09-29 14:26:52.931479+00,95,0,10,26.4,89,0,2,Flood Alert (HIGH),Raining
1539,2026-09-29 14:26:59.305048+00,93,0,10,26.4,89,0,2,Flood Alert (HIGH),Raining
1540,2026-09-29 14:27:06.189955+00,95,0,10,26.4,89,0,2,Flood Alert (HIGH),Raining
1541,2026-09-29 14:27:12.623809+00,98,0,36,26.4,89,0,2,Flood Alert (HIGH),Raining
1542,2026-09-29 14:27:19.472976+00,94,0,41,26.4,89,0,2,Flood Alert (HIGH),Raining
1543,2026-09-29 14:27:25.996447+00,88,0,48,26.4,89,0,2,Flood Alert (HIGH),Raining
1544,2026-09-29 14:27:32.213138+00,94,0,10,26.4,89,0,2,Flood Alert (HIGH),Raining
1545,2026-09-29 14:27:38.986949+00,100,0,29,26.4,89,0,2,Flood Alert (HIGH),Raining
1546,2026-09-29 14:27:45.807364+00,90,0,27,26.4,89,0,2,Flood Alert (HIGH),Raining
1547,2026-09-29 14:27:52.483375+00,96,0,44,26.4,89,0,2,Flood Alert (HIGH),Raining
1548,2026-09-29 14:27:58.682+00,97,0,10,26.4,89,0,2,Flood Alert (HIGH),Raining
1549,2026-09-29 14:28:04.822989+00,92,0,10,26.4,89,0,2,Flood Alert (HIGH),Raining
1550,2026-09-29 14:28:11.153932+00,95,0,39,26.4,89,0,2,Flood Alert (HIGH),Raining
1551,2026-09-29 14:28:17.977728+00,85,0,40,26.4,89,0,2,Flood Alert (HIGH),Raining
1552,2026-09-29 14:28:24.436229+00,96,0,21,26.4,89,0,2,Flood Alert (HIGH),Raining
1553,2026-09-29 14:28:30.783051+00,100,0,10,26.4,89,0,2,Flood Alert (HIGH),Raining
1554,2026-09-29 14:28:37.079786+00,85,0,10,26.4,89,0,2,Flood Alert (HIGH),Raining
1555,2026-09-29 14:28:43.294631+00,87,0,10,26.4,89,0,2,Flood Alert (HIGH),Raining
1556,2026-09-29 14:28:49.345181+00,87,0,62,26.4,89,0,2,Flood Alert (HIGH),Raining
1557,2026-09-29 14:28:56.011904+00,87,0,10,26.4,89,0,2,Flood Alert (HIGH),Raining
1558,2026-09-29 14:29:02.499549+00,100,0,10,26.4,89,0,2,Flood Alert (HIGH),Raining
1559,2026-09-29 14:29:08.903303+00,95,0,10,26.4,89,0,2,Flood Alert (HIGH),Raining
1560,2026-09-29 14:29:15.053633+00,90,0,10,26.4,89,0,2,Flood Alert (HIGH),Raining
1561,2026-09-29 14:29:21.179307+00,100,0,10,26.4,89,0,2,Flood Alert (HIGH),Raining
1562,2026-09-29 14:29:28.557225+00,89,0,10,26.4,89,0,2,Flood Alert (HIGH),Raining
1563,2026-09-29 14:29:34.565232+00,100,0,10,26.4,89,0,2,Flood Alert (HIGH),Raining
1564,2026-09-29 14:29:40.976507+00,92,0,10,26.4,89,0,2,Flood Alert (HIGH),Raining
1565,2026-09-29 14:29:47.105452+00,87,0,10,26.4,89,0,2,Flood Alert (HIGH),Raining
1566,2026-09-29 14:29:53.060857+00,100,0,10,26.4,89,0,2,Flood Alert (HIGH),Raining
1567,2026-09-29 14:29:59.494818+00,96,0,10,26.4,89,0,2,Flood Alert (HIGH),Raining
1568,2026-09-29 14:30:05.504231+00,93,0,10,26.4,89,0,2,Flood Alert (HIGH),Raining
1569,2026-09-29 14:30:11.804606+00,96,0,10,26.4,89,0,2,Flood Alert (HIGH),Raining
1570,2026-09-29 14:30:17.900203+00,89,0,19,26.4,89,0,2,Flood Alert (HIGH),Raining
1571,2026-09-29 14:30:24.484283+00,87,0,13,26.4,89,0,2,Flood Alert (HIGH),Raining
1572,2026-09-29 14:30:30.681447+00,90,0,14,26.4,89,0,2,Flood Alert (HIGH),Raining
1573,2026-09-29 14:30:37.209164+00,87,0,27,26.4,89,0,2,Flood Alert (HIGH),Raining
1574,2026-09-29 14:30:43.287982+00,89,0,27,26.4,89,0,2,Flood Alert (HIGH),Raining
1575,2026-09-29 14:30:49.268403+00,85,0,27,26.4,89,0,2,Flood Alert (HIGH),Raining
1576,2026-09-29 14:30:55.42173+00,62,0,27,26.4,89,0,2,Flood Alert (HIGH),Raining
1577,2026-09-29 14:31:01.752881+00,76,0,25,26.4,89,0,2,Flood Alert (HIGH),Raining
1578,2026-09-29 14:31:07.802484+00,62,0,25,26.4,89,0,2,Flood Alert (HIGH),Raining
1579,2026-09-29 14:31:14.131515+00,62,0,25,26.4,89,0,2,Flood Alert (HIGH),Raining
1580,2026-09-29 14:31:20.518976+00,78,14.8417,25,26.4,89,0,2,Flood Alert (HIGH),Raining
1581,2026-09-29 14:31:27.169391+00,97,0,24,26.4,89,0,2,Flood Alert (HIGH),Raining
1582,2026-09-29 14:31:33.766852+00,82,0,10,26.4,89,0,2,Flood Alert (HIGH),Raining
1583,2026-09-29 14:31:40.350942+00,91,0,38,26.4,89,0,2,Flood Alert (HIGH),Raining
1584,2026-09-29 14:31:46.552729+00,90,0,37,26.4,89,0,2,Flood Alert (HIGH),Raining
1585,2026-09-29 14:31:52.637719+00,85,0,32,26.4,89,0,2,Flood Alert (HIGH),Raining
1586,2026-09-29 14:31:59.357863+00,89,0,18,26.4,89,0,2,Flood Alert (HIGH),Raining
1587,2026-09-29 14:32:05.409803+00,89,0,15,26.4,89,0,2,Flood Alert (HIGH),Raining
1588,2026-09-29 14:32:11.880729+00,94,0,10,26.4,89,0,2,Flood Alert (HIGH),Raining
1589,2026-09-29 14:32:18.314905+00,92,0,10,26.4,89,0,2,Flood Alert (HIGH),Raining
1590,2026-09-29 14:32:24.339932+00,96,0,30,26.4,89,0,2,Flood Alert (HIGH),Raining
1591,2026-09-29 14:32:30.718006+00,87,0,31,26.4,89,0,2,Flood Alert (HIGH),Raining
1592,2026-09-29 14:32:37.343674+00,100,0,29,26.4,89,0,2,Flood Alert (HIGH),Raining
1593,2026-09-29 14:32:43.475433+00,90,0,29,26.4,89,0,2,Flood Alert (HIGH),Raining
1594,2026-09-29 14:32:49.591178+00,100,0,28,26.4,89,0,2,Flood Alert (HIGH),Raining
1595,2026-09-29 14:32:55.617395+00,100,0,33,26.4,89,0,2,Flood Alert (HIGH),Raining
1596,2026-09-29 14:33:02.104392+00,88,0,35,26.4,89,0,2,Flood Alert (HIGH),Raining
1597,2026-09-29 14:33:08.120839+00,86,0,34,26.4,89,0,2,Flood Alert (HIGH),Raining
1598,2026-09-29 14:33:14.486529+00,86,0,34,26.4,89,0,2,Flood Alert (HIGH),Raining
1599,2026-09-29 14:33:20.635503+00,100,0,34,26.4,89,0,2,Flood Alert (HIGH),Raining
1600,2026-09-29 14:33:26.890485+00,94,0,25,26.4,89,0,2,Flood Alert (HIGH),Raining
1601,2026-09-29 14:33:32.872781+00,88,0,32,26.4,89,0,2,Flood Alert (HIGH),Raining
1602,2026-09-29 14:33:39.283657+00,92,0,32,26.4,89,0,2,Flood Alert (HIGH),Raining
1603,2026-09-29 14:33:45.403975+00,87,0,32,26.4,89,0,2,Flood Alert (HIGH),Raining
1604,2026-09-29 14:33:51.700937+00,85,0,34,26.4,89,0,2,Flood Alert (HIGH),Raining
1605,2026-09-29 14:33:58.088481+00,100,0,28,26.4,89,0,2,Flood Alert (HIGH),Raining
1606,2026-09-29 14:34:04.479793+00,98,0,806,26.4,89,0,2,Flood Alert (HIGH),Raining
1607,2026-09-29 14:34:10.711015+00,87,0,84,26.4,89,0,1,Warning (MODERATE),Raining
1608,2026-09-29 14:34:16.965853+00,87,0,76,26.4,89,0,2,Flood Alert (HIGH),Raining
1609,2026-09-29 14:34:23.349335+00,96,0,579,26.4,89,0,2,Flood Alert (HIGH),Raining
1610,2026-09-29 14:34:29.855246+00,100,0,20,26.4,89,0,1,Warning (MODERATE),Raining
1611,2026-09-29 14:34:36.0633+00,90,0,10,26.4,89,0,2,Flood Alert (HIGH),Raining
1612,2026-09-29 14:34:42.715355+00,100,0,10,26.4,89,0,2,Flood Alert (HIGH),Raining
1613,2026-09-29 14:34:49.5558+00,100,0,28,26.4,89,0,2,Flood Alert (HIGH),Raining
1614,2026-09-29 14:34:56.053864+00,90,0,94,26.4,89,0,2,Flood Alert (HIGH),Raining
1615,2026-09-29 14:35:02.577933+00,93,0,23,26.4,89,0,2,Flood Alert (HIGH),Raining
1616,2026-09-29 14:35:09.081947+00,99,0,24,26.4,89,0,2,Flood Alert (HIGH),Raining
1617,2026-09-29 14:35:15.17752+00,94,0,10,26.4,89,0,2,Flood Alert (HIGH),Raining
1618,2026-09-29 14:35:21.49545+00,100,0,10,26.4,89,0,2,Flood Alert (HIGH),Raining
1619,2026-09-29 14:35:29.593792+00,86,0,10,26.4,89,0,2,Flood Alert (HIGH),Raining
1620,2026-09-29 14:35:36.107395+00,90,0,10,26.4,89,0,2,Flood Alert (HIGH),Raining
1621,2026-09-29 14:35:42.288963+00,94,0,10,26.4,89,0,2,Flood Alert (HIGH),Raining
1622,2026-09-29 14:35:48.304408+00,100,0,10,26.4,89,0,2,Flood Alert (HIGH),Raining
1623,2026-09-29 14:35:54.546901+00,89,0,10,26.4,89,0,2,Flood Alert (HIGH),Raining
1624,2026-09-29 14:36:01.015496+00,86,0,10,26.4,89,0,2,Flood Alert (HIGH),Raining
1625,2026-09-29 14:36:07.469766+00,91,0,10,26.4,89,0,2,Flood Alert (HIGH),Raining
1626,2026-09-29 14:36:13.799141+00,93,0,10,26.4,89,0,2,Flood Alert (HIGH),Raining
1627,2026-09-29 14:36:20.106081+00,84,0,10,26.4,89,0,2,Flood Alert (HIGH),Raining
1628,2026-09-29 14:36:26.319337+00,87,0,10,26.4,89,0,2,Flood Alert (HIGH),Raining
1629,2026-09-29 14:36:32.715343+00,100,0,10,26.4,89,0,2,Flood Alert (HIGH),Raining
1630,2026-09-29 14:36:39.523018+00,94,0,10,26.4,89,0,2,Flood Alert (HIGH),Raining
1631,2026-09-29 14:36:45.855119+00,86,0,10,26.4,89,0,2,Flood Alert (HIGH),Raining
1632,2026-09-29 14:36:52.453153+00,100,0,10,26.4,89,0,2,Flood Alert (HIGH),Raining
1633,2026-09-29 14:36:59.315044+00,95,0,10,26.4,89,0,2,Flood Alert (HIGH),Raining
1634,2026-09-29 14:37:05.805967+00,92,0,10,26.4,89,0,2,Flood Alert (HIGH),Raining
1635,2026-09-29 14:37:12.069004+00,96,0,10,26.4,89,0,2,Flood Alert (HIGH),Raining
1636,2026-09-29 14:37:18.499226+00,95,0,10,26.4,89,0,2,Flood Alert (HIGH),Raining
1637,2026-09-29 14:37:24.783277+00,95,0,10,26.4,89,0,2,Flood Alert (HIGH),Raining
1638,2026-09-29 14:37:31.713305+00,90,0,10,26.4,89,0,2,Flood Alert (HIGH),Raining
1639,2026-09-29 14:37:38.425261+00,97,0,10,26.4,89,0,2,Flood Alert (HIGH),Raining
1640,2026-09-29 14:37:45.189091+00,69,0,874,26.4,89,0,2,Flood Alert (HIGH),Raining
1641,2026-09-29 14:37:51.54662+00,94,0,27,26.4,89,0,1,Warning (MODERATE),Raining
1642,2026-09-29 14:37:58.044948+00,94,0,31,26.4,89,0,2,Flood Alert (HIGH),Raining
1643,2026-09-29 14:38:04.396221+00,94,0,27,26.4,89,0,2,Flood Alert (HIGH),Raining
1644,2026-09-29 14:38:10.989845+00,94,0,26,26.4,89,0,2,Flood Alert (HIGH),Raining
1645,2026-09-29 14:38:17.339027+00,95,0,29,26.4,89,0,2,Flood Alert (HIGH),Raining
1646,2026-09-29 14:38:23.74441+00,94,0,32,26.4,89,0,2,Flood Alert (HIGH),Raining
1647,2026-09-29 14:38:29.722578+00,90,0,184,26.4,89,0,2,Flood Alert (HIGH),Raining
1648,2026-09-29 14:38:36.496399+00,94,0,0,26.4,89,0,2,Flood Alert (HIGH),Raining
1649,2026-09-29 14:38:43.001431+00,94,0,0,26.4,89,0,2,Flood Alert (HIGH),Raining
1650,2026-09-29 14:38:49.006776+00,95,0,46,26.4,89,0,2,Flood Alert (HIGH),Raining
1651,2026-09-29 14:38:55.30869+00,92,0,0,26.4,89,0,2,Flood Alert (HIGH),Raining
1652,2026-09-29 14:39:01.833437+00,96,0,0,26.4,89,0,2,Flood Alert (HIGH),Raining
1653,2026-09-29 14:39:08.010768+00,93,0,0,26.4,89,0,2,Flood Alert (HIGH),Raining
1654,2026-09-29 14:39:14.451675+00,90,0,55,26.4,89,0,2,Flood Alert (HIGH),Raining
1655,2026-09-29 14:39:20.503934+00,98,0,65,26.4,89,0,2,Flood Alert (HIGH),Raining
1656,2026-09-29 14:39:26.814326+00,92,0,179,26.4,89,0,2,Flood Alert (HIGH),Raining
1657,2026-09-29 14:39:33.087215+00,93,0,154,26.4,89,0,2,Flood Alert (HIGH),Raining
1658,2026-09-29 14:39:39.34361+00,92,0,66,26.4,89,0,2,Flood Alert (HIGH),Raining
1659,2026-09-29 14:39:46.085679+00,95,0,184,26.4,89,0,2,Flood Alert (HIGH),Raining
1660,2026-09-29 14:39:52.576959+00,99,0,72,26.4,89,0,2,Flood Alert (HIGH),Raining
1661,2026-09-29 14:39:59.672392+00,97,0,194,26.4,89,0,2,Flood Alert (HIGH),Raining
1662,2026-09-29 14:40:05.899136+00,92,0,220,26.4,89,0,2,Flood Alert (HIGH),Raining
1663,2026-09-29 14:40:12.093812+00,92,0,0,26.4,89,0,2,Flood Alert (HIGH),Raining
1664,2026-09-29 14:40:18.495309+00,95,0,0,26.4,89,0,2,Flood Alert (HIGH),Raining
1665,2026-09-29 14:40:24.573986+00,95,0,0,26.4,89,0,2,Flood Alert (HIGH),Raining
1666,2026-09-29 14:40:30.65554+00,97,0,47,26.4,89,0,2,Flood Alert (HIGH),Raining
1667,2026-09-29 14:40:37.124395+00,89,0,64,26.4,89,0,2,Flood Alert (HIGH),Raining
1668,2026-09-29 14:40:43.087764+00,95,0,49,26.4,89,0,2,Flood Alert (HIGH),Raining
1669,2026-09-29 14:40:49.230455+00,93,0,41,26.4,89,0,2,Flood Alert (HIGH),Raining
1670,2026-09-29 14:40:55.420601+00,96,0,50,26.4,89,0,2,Flood Alert (HIGH),Raining
1671,2026-09-29 14:41:01.800817+00,97,0,41,26.4,89,0,2,Flood Alert (HIGH),Raining
1672,2026-09-29 14:41:08.147991+00,92,0,46,26.4,89,0,2,Flood Alert (HIGH),Raining
1673,2026-09-29 14:41:14.494611+00,95,0,48,26.4,89,0,2,Flood Alert (HIGH),Raining
1674,2026-09-29 14:41:20.838863+00,92,0,43,26.4,89,0,2,Flood Alert (HIGH),Raining
1675,2026-09-29 14:41:27.057218+00,91,0,46,26.4,89,0,2,Flood Alert (HIGH),Raining
1676,2026-09-29 14:41:33.021319+00,92,0,37,26.4,89,0,2,Flood Alert (HIGH),Raining
1677,2026-09-29 14:41:39.425777+00,94,0,32,26.4,89,0,2,Flood Alert (HIGH),Raining
1678,2026-09-29 14:41:45.911386+00,96,0,41,26.4,89,0,2,Flood Alert (HIGH),Raining
1679,2026-09-29 14:41:52.033184+00,96,0,38,26.4,89,0,2,Flood Alert (HIGH),Raining
1680,2026-09-29 14:41:58.138984+00,92,0,37,26.4,89,0,2,Flood Alert (HIGH),Raining
1681,2026-09-29 14:42:04.491592+00,93,0,24,26.4,89,0,2,Flood Alert (HIGH),Raining
1682,2026-09-29 14:42:10.872576+00,94,0,50,26.4,89,0,2,Flood Alert (HIGH),Raining
1683,2026-09-29 14:42:17.07083+00,94,0,38,26.4,89,0,2,Flood Alert (HIGH),Raining
1684,2026-09-29 14:42:23.371631+00,97,0,37,26.4,89,0,2,Flood Alert (HIGH),Raining
1685,2026-09-29 14:42:29.754301+00,94,0,35,26.4,89,0,2,Flood Alert (HIGH),Raining
1686,2026-09-29 14:42:36.114576+00,92,0,35,26.4,89,0,2,Flood Alert (HIGH),Raining
1687,2026-09-29 14:42:42.750851+00,95,0,17,26.4,89,0,2,Flood Alert (HIGH),Raining
1688,2026-09-29 14:42:49.196401+00,96,0,28,26.4,89,0,2,Flood Alert (HIGH),Raining
1689,2026-09-29 14:42:56.01723+00,93,0,29,26.4,89,0,2,Flood Alert (HIGH),Raining
1690,2026-09-29 14:43:02.088952+00,91,0,20,26.4,89,0,2,Flood Alert (HIGH),Raining
1691,2026-09-29 14:43:08.114445+00,93,0,18,26.4,89,0,2,Flood Alert (HIGH),Raining
1692,2026-09-29 14:43:14.374479+00,93,0,36,26.4,89,0,2,Flood Alert (HIGH),Raining
1693,2026-09-29 14:43:20.324697+00,93,0,45,26.4,89,0,2,Flood Alert (HIGH),Raining
1694,2026-09-29 14:43:26.801419+00,91,0,40,26.4,89,0,2,Flood Alert (HIGH),Raining
1695,2026-09-29 14:43:32.985211+00,96,0,43,26.4,89,0,2,Flood Alert (HIGH),Raining
1696,2026-09-29 14:43:39.366578+00,94,0,40,26.4,89,0,2,Flood Alert (HIGH),Raining
1697,2026-09-29 14:43:45.791051+00,95,0,48,26.4,89,0,2,Flood Alert (HIGH),Raining
1698,2026-09-29 14:43:52.375234+00,94,0,48,26.4,89,0,2,Flood Alert (HIGH),Raining
1699,2026-09-29 14:43:59.079453+00,91,0,39,26.4,89,0,2,Flood Alert (HIGH),Raining
1700,2026-09-29 14:44:05.263123+00,94,0,46,26.4,89,0,2,Flood Alert (HIGH),Raining
1701,2026-09-29 14:44:11.710504+00,91,0,39,26.4,89,0,2,Flood Alert (HIGH),Raining
1702,2026-09-29 14:44:17.803244+00,90,0,46,26.4,89,0,2,Flood Alert (HIGH),Raining
1703,2026-09-29 14:44:24.192536+00,91,0,36,26.4,89,0,2,Flood Alert (HIGH),Raining
1704,2026-09-29 14:44:30.910714+00,92,0,38,26.4,89,0,2,Flood Alert (HIGH),Raining
1705,2026-09-29 14:44:37.530705+00,93,0,48,26.4,89,0,2,Flood Alert (HIGH),Raining
1706,2026-09-29 14:44:44.199617+00,96,0,39,26.4,89,0,2,Flood Alert (HIGH),Raining
1707,2026-09-29 14:44:50.663599+00,91,0,47,26.4,89,0,2,Flood Alert (HIGH),Raining
1708,2026-09-29 14:44:57.205937+00,92,0,39,26.4,89,0,2,Flood Alert (HIGH),Raining
1709,2026-09-29 14:45:03.785528+00,94,0,45,26.4,89,0,2,Flood Alert (HIGH),Raining
1710,2026-09-29 14:45:09.92332+00,96,0,49,26.4,89,0,2,Flood Alert (HIGH),Raining
1711,2026-09-29 14:45:16.303471+00,96,0,37,26.4,89,0,2,Flood Alert (HIGH),Raining
1712,2026-09-29 14:45:23.049539+00,96,0,48,26.4,89,0,2,Flood Alert (HIGH),Raining
1713,2026-09-29 14:45:29.312297+00,94,0,36,26.4,89,0,2,Flood Alert (HIGH),Raining
1714,2026-09-29 14:45:35.649504+00,92,0,38,26.4,89,0,2,Flood Alert (HIGH),Raining
1715,2026-09-29 14:45:41.984624+00,93,0,34,26.4,89,0,2,Flood Alert (HIGH),Raining
1716,2026-09-29 14:45:48.412529+00,92,0,39,26.4,89,0,2,Flood Alert (HIGH),Raining
1717,2026-09-29 14:45:55.157032+00,96,0,43,26.4,89,0,2,Flood Alert (HIGH),Raining
1718,2026-09-29 14:46:01.415603+00,93,0,37,26.4,89,0,2,Flood Alert (HIGH),Raining
1719,2026-09-29 14:46:07.948054+00,93,0,54,26.4,89,0,2,Flood Alert (HIGH),Raining
1720,2026-09-29 14:47:14.674463+00,93,0,35,26.4,89,0,2,Flood Alert (HIGH),Raining
1721,2026-09-29 14:47:21.187093+00,95,0,38,26.4,89,0,2,Flood Alert (HIGH),Raining
1722,2026-09-29 14:47:27.432985+00,91,0,39,26.4,89,0,2,Flood Alert (HIGH),Raining
1723,2026-09-29 14:47:33.578187+00,91,0,31,26.4,89,0,2,Flood Alert (HIGH),Raining
1724,2026-09-29 14:47:40.20201+00,93,0,39,26.4,89,0,2,Flood Alert (HIGH),Raining
1725,2026-09-29 14:47:46.321059+00,94,0,35,26.4,89,0,2,Flood Alert (HIGH),Raining
1726,2026-09-29 14:47:52.725279+00,95,0,42,26.4,89,0,2,Flood Alert (HIGH),Raining
1727,2026-09-29 14:47:59.239938+00,93,0,38,26.4,89,0,2,Flood Alert (HIGH),Raining
1728,2026-09-29 14:48:05.509732+00,93,0,39,26.4,89,0,2,Flood Alert (HIGH),Raining
1729,2026-09-29 14:48:11.602943+00,95,0,40,26.4,89,0,2,Flood Alert (HIGH),Raining
1730,2026-09-29 14:48:18.109266+00,93,0,40,26.4,89,0,2,Flood Alert (HIGH),Raining
1731,2026-09-29 14:48:24.324074+00,93,0,38,26.4,89,0,2,Flood Alert (HIGH),Raining
1732,2026-09-29 14:48:30.469302+00,95,0,36,26.4,89,0,2,Flood Alert (HIGH),Raining
1733,2026-09-29 14:48:36.693233+00,92,0,40,26.4,89,0,2,Flood Alert (HIGH),Raining
1734,2026-09-29 14:48:42.756654+00,96,0,42,26.4,89,0,2,Flood Alert (HIGH),Raining
1735,2026-09-29 14:48:49.192191+00,93,0,42,26.4,89,0,2,Flood Alert (HIGH),Raining
1736,2026-09-29 14:48:55.922305+00,93,0,38,26.4,89,0,2,Flood Alert (HIGH),Raining
1737,2026-09-29 14:49:02.434332+00,92,0,39,26.4,89,0,2,Flood Alert (HIGH),Raining
1738,2026-09-29 14:49:08.436765+00,93,0,39,26.4,89,0,2,Flood Alert (HIGH),Raining
1739,2026-09-29 14:49:15.226943+00,94,0,0,26.4,89,0,2,Flood Alert (HIGH),Raining
1740,2026-09-29 14:49:21.581596+00,95,0,0,26.4,89,0,2,Flood Alert (HIGH),Raining
1741,2026-09-29 14:49:28.376845+00,92,0,198,26.4,89,0,2,Flood Alert (HIGH),Raining
1742,2026-09-29 14:49:35.124127+00,93,0,39,26.4,89,0,2,Flood Alert (HIGH),Raining
1743,2026-09-29 14:49:41.61628+00,93,0,38,26.4,89,0,2,Flood Alert (HIGH),Raining
1744,2026-09-29 14:49:48.34804+00,94,0,47,26.4,89,0,2,Flood Alert (HIGH),Raining
1745,2026-09-29 14:49:55.114543+00,91,0,76,26.4,89,0,2,Flood Alert (HIGH),Raining
1746,2026-09-29 14:50:01.464275+00,91,0,65,26.4,89,0,2,Flood Alert (HIGH),Raining
1747,2026-09-29 14:50:08.79922+00,94,0,41,26.4,89,0,2,Flood Alert (HIGH),Raining
1748,2026-09-29 14:50:15.034264+00,92,0,40,26.4,89,0,2,Flood Alert (HIGH),Raining
1749,2026-09-29 14:50:21.373022+00,95,0,37,26.4,89,0,2,Flood Alert (HIGH),Raining
1750,2026-09-29 14:50:27.575648+00,94,0,31,26.4,89,0,2,Flood Alert (HIGH),Raining
1751,2026-09-29 14:50:34.20768+00,93,0,41,26.4,89,0,2,Flood Alert (HIGH),Raining
1752,2026-09-29 14:50:41.877625+00,92,0,31,26.4,89,0,2,Flood Alert (HIGH),Raining
1753,2026-09-29 14:50:53.282298+00,94,0,34,26.4,89,0,2,Flood Alert (HIGH),Raining
1754,2026-09-29 14:50:59.974807+00,93,0,44,26.4,89,0,2,Flood Alert (HIGH),Raining
1755,2026-09-29 14:51:07.059968+00,94,0,39,26.4,89,0,2,Flood Alert (HIGH),Raining
1756,2026-09-29 14:51:13.509522+00,93,0,41,26.4,89,0,2,Flood Alert (HIGH),Raining
1757,2026-09-29 14:51:20.667257+00,93,0,35,26.4,89,0,2,Flood Alert (HIGH),Raining
1758,2026-09-29 14:51:27.426599+00,94,0,43,26.4,89,0,2,Flood Alert (HIGH),Raining
1759,2026-09-29 14:51:36.726144+00,92,0,31,26.4,89,0,2,Flood Alert (HIGH),Raining
1760,2026-09-29 14:51:43.322983+00,92,0,33,26.4,89,0,2,Flood Alert (HIGH),Raining
1761,2026-09-29 14:51:49.707034+00,94,0,35,26.4,89,0,2,Flood Alert (HIGH),Raining
1762,2026-09-29 14:51:56.404532+00,93,0,33,26.4,89,0,2,Flood Alert (HIGH),Raining
1763,2026-09-29 14:52:02.674074+00,95,0,33,26.4,89,0,2,Flood Alert (HIGH),Raining
1764,2026-09-29 14:52:08.945238+00,95,0,35,26.4,89,0,2,Flood Alert (HIGH),Raining
1765,2026-09-29 14:52:15.461498+00,92,0,33,26.4,89,0,2,Flood Alert (HIGH),Raining
1766,2026-09-29 14:52:21.541671+00,96,0,33,26.4,89,0,2,Flood Alert (HIGH),Raining
1767,2026-09-29 14:52:28.074356+00,94,0,32,26.4,89,0,2,Flood Alert (HIGH),Raining
1768,2026-09-29 14:52:34.528673+00,95,0,33,26.4,89,0,2,Flood Alert (HIGH),Raining
1769,2026-09-29 14:52:40.861744+00,93,0,32,26.4,89,0,2,Flood Alert (HIGH),Raining
1770,2026-09-29 14:52:46.882807+00,93,0,33,26.4,89,0,2,Flood Alert (HIGH),Raining
1771,2026-09-29 14:52:53.121867+00,95,0,32,26.4,89,0,2,Flood Alert (HIGH),Raining
1772,2026-09-29 14:52:59.635375+00,93,0,31,26.4,89,0,2,Flood Alert (HIGH),Raining
1773,2026-09-29 14:53:06.177428+00,93,0,34,26.4,89,0,2,Flood Alert (HIGH),Raining
1774,2026-09-29 14:53:12.523547+00,94,0,36,26.4,89,0,2,Flood Alert (HIGH),Raining
1775,2026-09-29 14:53:18.881322+00,92,0,39,26.4,89,0,2,Flood Alert (HIGH),Raining
1776,2026-09-29 14:53:25.507392+00,94,0,34,26.4,89,0,2,Flood Alert (HIGH),Raining
1777,2026-09-29 14:53:32.023483+00,94,0,163,26.4,89,0,2,Flood Alert (HIGH),Raining
1778,2026-09-29 14:53:38.529664+00,69,0,128,26.4,89,0,2,Flood Alert (HIGH),Raining
1779,2026-09-29 14:53:44.757462+00,93,0,139,26.4,89,0,2,Flood Alert (HIGH),Raining
1780,2026-09-29 14:53:51.027884+00,95,0,467,26.4,89,0,2,Flood Alert (HIGH),Raining
1781,2026-09-29 14:53:58.376706+00,94,0,415,26.4,89,0,2,Flood Alert (HIGH),Raining
1782,2026-09-29 14:54:04.783932+00,94,0,284,26.4,89,0,2,Flood Alert (HIGH),Raining
1783,2026-09-29 14:54:11.494429+00,93,0,303,26.4,89,0,2,Flood Alert (HIGH),Raining
1784,2026-09-29 14:54:17.599025+00,93,0,87,26.4,89,0,2,Flood Alert (HIGH),Raining
1785,2026-09-29 14:54:23.898414+00,93,0,171,26.4,89,0,2,Flood Alert (HIGH),Raining
1786,2026-09-29 14:54:30.272547+00,96,0,213,26.4,89,0,2,Flood Alert (HIGH),Raining
1787,2026-09-29 14:54:36.57058+00,94,0,250,26.4,89,0,2,Flood Alert (HIGH),Raining
1788,2026-09-29 14:54:43.095281+00,91,0,339,26.4,89,0,2,Flood Alert (HIGH),Raining
1789,2026-09-29 14:54:49.938519+00,96,0,258,26.4,89,0,2,Flood Alert (HIGH),Raining
1790,2026-09-29 14:54:56.522078+00,95,0,238,26.4,89,0,2,Flood Alert (HIGH),Raining
1791,2026-09-29 14:55:04.511315+00,94,0,294,26.4,89,0,2,Flood Alert (HIGH),Raining
1792,2026-09-29 14:55:10.532216+00,93,0,242,26.4,89,0,2,Flood Alert (HIGH),Raining
1793,2026-09-29 14:55:16.492349+00,96,0,253,26.4,89,0,2,Flood Alert (HIGH),Raining
1794,2026-09-29 14:55:22.45142+00,95,0,249,26.4,89,0,2,Flood Alert (HIGH),Raining
1795,2026-09-29 14:55:28.848369+00,94,0,287,26.4,89,0,2,Flood Alert (HIGH),Raining
1796,2026-09-29 14:55:35.359457+00,94,0,272,26.4,89,0,2,Flood Alert (HIGH),Raining
1797,2026-09-29 14:55:41.73909+00,95,0,64,26.4,89,0,2,Flood Alert (HIGH),Raining
1798,2026-09-29 14:55:48.768116+00,95,0,246,26.4,89,0,2,Flood Alert (HIGH),Raining
1799,2026-09-29 14:55:55.540874+00,94,0,247,26.4,89,0,2,Flood Alert (HIGH),Raining
1800,2026-09-29 14:56:23.165359+00,97,0,67,26.4,89,0,2,Flood Alert (HIGH),Raining
1801,2026-09-29 14:56:29.946465+00,94,0,68,26.4,89,0,2,Flood Alert (HIGH),Raining
1802,2026-09-29 14:56:36.2863+00,94,0,68,26.4,89,0,2,Flood Alert (HIGH),Raining
1803,2026-09-29 14:56:42.642627+00,97,0,67,26.4,89,0,2,Flood Alert (HIGH),Raining
1804,2026-09-29 14:56:49.443452+00,95,0,70,26.4,89,0,2,Flood Alert (HIGH),Raining
1805,2026-09-29 14:56:56.131539+00,95,0,72,26.4,89,0,2,Flood Alert (HIGH),Raining
1806,2026-09-29 14:57:02.797134+00,95,0,73,26.4,89,0,2,Flood Alert (HIGH),Raining
1807,2026-09-29 14:57:09.151244+00,95,0,71,26.4,89,0,2,Flood Alert (HIGH),Raining
1808,2026-09-29 14:57:18.4615+00,94,0,244,26.3,90,0,2,Flood Alert (HIGH),Raining
1809,2026-09-29 14:57:24.632218+00,95,0,244,26.3,90,0,2,Flood Alert (HIGH),Raining
1810,2026-09-29 14:57:30.673594+00,96,0,251,26.3,90,0,2,Flood Alert (HIGH),Raining
1811,2026-09-29 14:57:36.897022+00,96,0,246,26.3,90,0,2,Flood Alert (HIGH),Raining
1812,2026-09-29 14:57:43.204629+00,95,0,252,26.3,90,0,2,Flood Alert (HIGH),Raining
1813,2026-09-29 14:57:49.12311+00,96,0,245,26.3,90,0,2,Flood Alert (HIGH),Raining
1814,2026-09-29 14:57:55.516587+00,95,0,246,26.3,90,0,2,Flood Alert (HIGH),Raining
1815,2026-09-29 14:58:01.813071+00,95,0,246,26.3,90,0,2,Flood Alert (HIGH),Raining
1816,2026-09-29 14:58:07.864214+00,96,0,246,26.3,90,0,2,Flood Alert (HIGH),Raining
1817,2026-09-29 14:58:14.245194+00,94,0,111,26.3,90,0,2,Flood Alert (HIGH),Raining
1818,2026-09-29 14:58:20.639781+00,94,0,258,26.3,90,0,2,Flood Alert (HIGH),Raining
1819,2026-09-29 14:58:26.91706+00,96,0,252,26.3,90,0,2,Flood Alert (HIGH),Raining
1820,2026-09-29 14:58:33.181452+00,94,0,249,26.3,90,0,2,Flood Alert (HIGH),Raining
1821,2026-09-29 14:58:39.781015+00,95,0,247,26.3,90,0,2,Flood Alert (HIGH),Raining
1822,2026-09-29 14:58:46.419065+00,95,0,247,26.3,90,0,2,Flood Alert (HIGH),Raining
1823,2026-09-29 14:58:52.980628+00,94,0,246,26.3,90,0,2,Flood Alert (HIGH),Raining
1824,2026-09-29 14:58:59.602623+00,94,0,248,26.3,90,0,2,Flood Alert (HIGH),Raining
1825,2026-09-29 14:59:06.373731+00,97,0,247,26.3,90,0,2,Flood Alert (HIGH),Raining
1826,2026-09-29 14:59:13.256178+00,97,0,244,26.3,90,0,2,Flood Alert (HIGH),Raining
1827,2026-09-29 14:59:20.068898+00,94,0,245,26.3,90,0,2,Flood Alert (HIGH),Raining
1828,2026-09-29 14:59:26.355338+00,96,0,244,26.3,90,0,2,Flood Alert (HIGH),Raining
1829,2026-09-29 14:59:32.930711+00,93,0,244,26.3,90,0,2,Flood Alert (HIGH),Raining
1830,2026-09-29 14:59:39.394094+00,94,0,243,26.3,90,0,2,Flood Alert (HIGH),Raining
1831,2026-09-29 14:59:45.706173+00,94,0,245,26.3,90,0,2,Flood Alert (HIGH),Raining
1832,2026-09-29 14:59:52.12736+00,96,0,244,26.3,90,0,2,Flood Alert (HIGH),Raining
1833,2026-09-29 14:59:58.30898+00,94,0,244,26.3,90,0,2,Flood Alert (HIGH),Raining
1834,2026-09-29 15:00:05.128915+00,94,0,245,26.3,90,0,2,Flood Alert (HIGH),Raining
1835,2026-09-29 15:00:11.308853+00,97,0,245,26.3,90,0,2,Flood Alert (HIGH),Raining
1836,2026-09-29 15:00:17.867493+00,94,0,245,26.3,90,0,2,Flood Alert (HIGH),Raining
1837,2026-09-29 15:00:24.046985+00,93,0,244,26.3,90,0,2,Flood Alert (HIGH),Raining
1838,2026-09-29 15:00:30.215222+00,93,0,246,26.3,90,0,2,Flood Alert (HIGH),Raining
1839,2026-09-29 15:00:36.492814+00,95,0,246,26.3,90,0,2,Flood Alert (HIGH),Raining
1840,2026-09-29 15:00:42.655491+00,94,0,245,26.3,90,0,2,Flood Alert (HIGH),Raining
1841,2026-09-29 15:00:48.817785+00,94,0,63,26.3,90,0,2,Flood Alert (HIGH),Raining
1842,2026-09-29 15:00:54.99875+00,94,0,128,26.3,90,0,2,Flood Alert (HIGH),Raining
1843,2026-09-29 15:01:01.043715+00,95,0,84,26.3,90,0,2,Flood Alert (HIGH),Raining
1844,2026-09-29 15:01:07.070689+00,93,0,41,26.3,90,0,2,Flood Alert (HIGH),Raining
1845,2026-09-29 15:01:13.19509+00,95,0,25,26.3,90,0,2,Flood Alert (HIGH),Raining
1846,2026-09-29 15:01:19.558405+00,95,0,128,26.3,90,0,2,Flood Alert (HIGH),Raining
1847,2026-09-29 15:01:25.878773+00,94,0,133,26.3,90,0,2,Flood Alert (HIGH),Raining
1848,2026-09-29 15:01:31.973896+00,94,0,306,26.3,90,0,2,Flood Alert (HIGH),Raining
1849,2026-09-29 15:01:38.35783+00,96,0,35,26.3,90,0,2,Flood Alert (HIGH),Raining
1850,2026-09-29 15:01:44.836417+00,95,0,43,26.3,90,0,2,Flood Alert (HIGH),Raining
1851,2026-09-29 15:01:51.444206+00,95,0,229,26.3,90,0,2,Flood Alert (HIGH),Raining
1852,2026-09-29 15:01:58.11197+00,95,0,304,26.3,90,0,2,Flood Alert (HIGH),Raining
1853,2026-09-29 15:02:04.983639+00,95,0,233,26.3,90,0,2,Flood Alert (HIGH),Raining
1854,2026-09-29 15:02:11.441508+00,95,0,236,26.3,90,0,2,Flood Alert (HIGH),Raining
1855,2026-09-29 15:02:17.89429+00,93,0,172,26.3,90,0,2,Flood Alert (HIGH),Raining
1856,2026-09-29 15:02:24.108403+00,94,0,175,26.3,90,0,2,Flood Alert (HIGH),Raining
1857,2026-09-29 15:02:30.542697+00,93,0,195,26.3,90,0,2,Flood Alert (HIGH),Raining
1858,2026-09-29 15:02:36.602492+00,95,0,182,26.3,90,0,2,Flood Alert (HIGH),Raining
1859,2026-09-29 15:02:43.214183+00,96,0,190,26.3,90,0,2,Flood Alert (HIGH),Raining
1860,2026-09-29 15:02:49.854222+00,94,0,191,26.3,90,0,2,Flood Alert (HIGH),Raining
1861,2026-09-29 15:02:55.989306+00,93,0,203,26.3,90,0,2,Flood Alert (HIGH),Raining
1862,2026-09-29 15:03:02.136175+00,93,0,215,26.3,90,0,2,Flood Alert (HIGH),Raining
1863,2026-09-29 15:03:08.369911+00,93,0,209,26.3,90,0,2,Flood Alert (HIGH),Raining
1864,2026-09-29 15:03:14.349164+00,93,0,266,26.3,90,0,2,Flood Alert (HIGH),Raining
1865,2026-09-29 15:03:20.440226+00,96,0,178,26.3,90,0,2,Flood Alert (HIGH),Raining
1866,2026-09-29 15:03:27.010219+00,94,0,182,26.3,90,0,2,Flood Alert (HIGH),Raining
1867,2026-09-29 15:03:33.419543+00,94,0,46,26.3,90,0,2,Flood Alert (HIGH),Raining
1868,2026-09-29 15:03:39.627179+00,94,0,29,26.3,90,0,2,Flood Alert (HIGH),Raining
1869,2026-09-29 15:03:45.807618+00,93,0,112,26.3,90,0,2,Flood Alert (HIGH),Raining
1870,2026-09-29 15:03:52.027993+00,97,0,248,26.3,90,0,2,Flood Alert (HIGH),Raining
1871,2026-09-29 15:03:58.457627+00,94,0,250,26.3,90,0,2,Flood Alert (HIGH),Raining
1872,2026-09-29 15:04:04.989993+00,94,0,249,26.3,90,0,2,Flood Alert (HIGH),Raining
1873,2026-09-29 15:04:11.491244+00,95,0,250,26.3,90,0,2,Flood Alert (HIGH),Raining
1874,2026-09-29 15:04:18.058419+00,94,0,250,26.3,90,0,2,Flood Alert (HIGH),Raining
1875,2026-09-29 15:04:24.610461+00,94,0,250,26.3,90,0,2,Flood Alert (HIGH),Raining
1876,2026-09-29 15:04:31.497164+00,95,0,251,26.3,90,0,2,Flood Alert (HIGH),Raining
1877,2026-09-29 15:04:37.651892+00,98,0,251,26.3,90,0,2,Flood Alert (HIGH),Raining
1878,2026-09-29 15:04:44.046721+00,94,0,253,26.3,90,0,2,Flood Alert (HIGH),Raining
1879,2026-09-29 15:04:50.230221+00,94,0,251,26.3,90,0,2,Flood Alert (HIGH),Raining
1880,2026-09-29 15:04:56.365501+00,94,0,251,26.3,90,0,2,Flood Alert (HIGH),Raining
1881,2026-09-29 15:05:02.477041+00,93,0,251,26.3,90,0,2,Flood Alert (HIGH),Raining
1882,2026-09-29 15:05:08.729764+00,93,0,252,26.3,90,0,2,Flood Alert (HIGH),Raining
1883,2026-09-29 15:05:15.0204+00,95,0,251,26.3,90,0,2,Flood Alert (HIGH),Raining
1884,2026-09-29 15:05:21.377908+00,94,0,250,26.3,90,0,2,Flood Alert (HIGH),Raining
1885,2026-09-29 15:05:28.025404+00,95,0,258,26.3,90,0,2,Flood Alert (HIGH),Raining
1886,2026-09-29 15:05:34.172808+00,95,0,260,26.3,90,0,2,Flood Alert (HIGH),Raining
1887,2026-09-29 15:05:40.843228+00,94,0,259,26.3,90,0,2,Flood Alert (HIGH),Raining
1888,2026-09-29 15:05:46.824646+00,94,0,259,26.3,90,0,2,Flood Alert (HIGH),Raining
1889,2026-09-29 15:05:52.930786+00,95,0,260,26.3,90,0,2,Flood Alert (HIGH),Raining
1890,2026-09-29 15:05:59.064067+00,94,0,258,26.3,90,0,2,Flood Alert (HIGH),Raining
1891,2026-09-29 15:06:05.537413+00,96,0,258,26.3,90,0,2,Flood Alert (HIGH),Raining
1892,2026-09-29 15:06:11.761957+00,94,0,257,26.3,90,0,2,Flood Alert (HIGH),Raining
1893,2026-09-29 15:06:17.881959+00,95,0,257,26.3,90,0,2,Flood Alert (HIGH),Raining
1894,2026-09-29 15:06:24.134775+00,95,0,258,26.3,90,0,2,Flood Alert (HIGH),Raining
1895,2026-09-29 15:06:30.334767+00,95,0,257,26.3,90,0,2,Flood Alert (HIGH),Raining
1896,2026-09-29 15:06:36.396323+00,95,0,257,26.3,90,0,2,Flood Alert (HIGH),Raining
1897,2026-09-29 15:06:42.348047+00,95,0,256,26.3,90,0,2,Flood Alert (HIGH),Raining
1898,2026-09-29 15:06:48.581269+00,95,0,257,26.3,90,0,2,Flood Alert (HIGH),Raining
1899,2026-09-29 15:06:54.676212+00,96,0,255,26.3,90,0,2,Flood Alert (HIGH),Raining
1900,2026-09-29 15:07:00.877858+00,95,0,369,26.3,90,0,2,Flood Alert (HIGH),Raining
1901,2026-09-29 15:07:07.280426+00,94,0,548,26.3,90,0,2,Flood Alert (HIGH),Raining
1902,2026-09-29 15:07:13.412076+00,94,0,552,26.3,90,0,2,Flood Alert (HIGH),Raining
1903,2026-09-29 15:07:21.101551+00,93,0,552,26.2,90,0,2,Flood Alert (HIGH),Raining
1904,2026-09-29 15:07:27.184788+00,95,0,553,26.2,90,0,2,Flood Alert (HIGH),Raining
1905,2026-09-29 15:07:33.64745+00,94,0,552,26.2,90,0,2,Flood Alert (HIGH),Raining
1906,2026-09-29 15:07:40.242833+00,94,0,554,26.2,90,0,2,Flood Alert (HIGH),Raining
1907,2026-09-29 15:07:47.05362+00,94,0,534,26.2,90,0,2,Flood Alert (HIGH),Raining
1908,2026-09-29 15:07:53.469052+00,94,0,553,26.2,90,0,2,Flood Alert (HIGH),Raining
1909,2026-09-29 15:07:59.875337+00,93,0,529,26.2,90,0,2,Flood Alert (HIGH),Raining
1910,2026-09-29 15:08:10.539836+00,96,0,533,26.2,90,0,2,Flood Alert (HIGH),Raining
1911,2026-09-29 15:08:17.258495+00,95,0,529,26.2,90,0,2,Flood Alert (HIGH),Raining
1912,2026-09-29 15:08:23.623252+00,94,0,535,26.2,90,0,2,Flood Alert (HIGH),Raining
1913,2026-09-29 15:08:30.288094+00,94,0,409,26.2,90,0,2,Flood Alert (HIGH),Raining
1914,2026-09-29 15:08:36.848987+00,95,0,250,26.2,90,0,2,Flood Alert (HIGH),Raining
1915,2026-09-29 15:08:43.311312+00,94,0,246,26.2,90,0,2,Flood Alert (HIGH),Raining
1916,2026-09-29 15:08:51.75563+00,94,0,247,26.2,90,0,2,Flood Alert (HIGH),Raining
1917,2026-09-29 15:08:58.160962+00,94,0,457,26.2,90,0,2,Flood Alert (HIGH),Raining
1918,2026-09-29 15:09:04.680768+00,96,0,551,26.2,90,0,2,Flood Alert (HIGH),Raining
1919,2026-09-29 15:09:11.328358+00,96,0,375,26.2,90,0,2,Flood Alert (HIGH),Raining
1920,2026-09-29 15:09:18.047769+00,94,0,345,26.2,90,0,2,Flood Alert (HIGH),Raining
1921,2026-09-29 15:09:24.752153+00,94,0,356,26.2,90,0,2,Flood Alert (HIGH),Raining
1922,2026-09-29 15:09:32.10722+00,96,0,398,26.2,90,0,2,Flood Alert (HIGH),Raining
1923,2026-09-29 15:09:38.344203+00,97,0,379,26.2,90,0,2,Flood Alert (HIGH),Raining
1924,2026-09-29 15:09:44.983315+00,95,0,378,26.2,90,0,2,Flood Alert (HIGH),Raining
1925,2026-09-29 15:09:51.69995+00,94,0,380,26.2,90,0,2,Flood Alert (HIGH),Raining
1926,2026-09-29 15:09:58.358652+00,95,0,372,26.2,90,0,2,Flood Alert (HIGH),Raining
1927,2026-09-29 15:10:04.901514+00,94,0,373,26.2,90,0,2,Flood Alert (HIGH),Raining
1928,2026-09-29 15:10:11.133821+00,96,0,426,26.2,90,0,2,Flood Alert (HIGH),Raining
1929,2026-09-29 15:10:17.730821+00,97,0,177,26.2,90,0,2,Flood Alert (HIGH),Raining
1930,2026-09-29 15:10:24.590624+00,94,0,439,26.2,90,0,2,Flood Alert (HIGH),Raining
1931,2026-09-29 15:10:31.588931+00,95,0,174,26.2,90,0,2,Flood Alert (HIGH),Raining
1932,2026-09-29 15:10:37.829848+00,95,0,138,26.2,90,0,2,Flood Alert (HIGH),Raining
1933,2026-09-29 15:10:44.266218+00,95,0,302,26.2,90,0,2,Flood Alert (HIGH),Raining
1934,2026-09-29 15:10:51.253982+00,95,0,109,26.2,90,0,2,Flood Alert (HIGH),Raining
1935,2026-09-29 15:10:57.747445+00,94,0,96,26.2,90,0,2,Flood Alert (HIGH),Raining
1936,2026-09-29 15:11:04.412434+00,94,0,133,26.2,90,0,2,Flood Alert (HIGH),Raining
1937,2026-09-29 15:11:10.938756+00,95,0,116,26.2,90,0,2,Flood Alert (HIGH),Raining
1938,2026-09-29 15:11:17.693285+00,94,0,103,26.2,90,0,2,Flood Alert (HIGH),Raining
1939,2026-09-29 15:11:24.346497+00,94,0,95,26.2,90,0,2,Flood Alert (HIGH),Raining
1940,2026-09-29 15:11:30.256707+00,94,0,104,26.2,90,0,2,Flood Alert (HIGH),Raining
1941,2026-09-29 15:11:36.288055+00,95,0,45,26.2,90,0,2,Flood Alert (HIGH),Raining
1942,2026-09-29 15:11:42.236908+00,95,0,44,26.2,90,0,2,Flood Alert (HIGH),Raining
1943,2026-09-29 15:11:48.22904+00,93,0,378,26.2,90,0,2,Flood Alert (HIGH),Raining
1944,2026-09-29 15:11:54.788948+00,95,0,326,26.2,90,0,2,Flood Alert (HIGH),Raining
1945,2026-09-29 15:12:01.360054+00,96,0,328,26.2,90,0,2,Flood Alert (HIGH),Raining
1946,2026-09-29 15:12:08.23003+00,95,0,425,26.2,90,0,2,Flood Alert (HIGH),Raining
1947,2026-09-29 15:12:14.963631+00,95,0,402,26.2,90,0,2,Flood Alert (HIGH),Raining
1948,2026-09-29 15:12:21.472304+00,93,0,100,26.2,90,0,2,Flood Alert (HIGH),Raining
1949,2026-09-29 15:12:27.957946+00,95,0,120,26.2,90,0,2,Flood Alert (HIGH),Raining
1950,2026-09-29 15:12:34.51675+00,95,0,35,26.2,90,0,2,Flood Alert (HIGH),Raining
1951,2026-09-29 15:12:40.960309+00,99,0,21,26.2,90,0,2,Flood Alert (HIGH),Raining
1952,2026-09-29 15:12:47.052861+00,93,0,49,26.2,90,0,2,Flood Alert (HIGH),Raining
1953,2026-09-29 15:12:53.256238+00,93,0,15,26.2,90,0,2,Flood Alert (HIGH),Raining
1954,2026-09-29 15:12:59.824618+00,95,0,126,26.2,90,0,2,Flood Alert (HIGH),Raining
1955,2026-09-29 15:13:06.161106+00,94,0,11,26.2,90,0,2,Flood Alert (HIGH),Raining
1956,2026-09-29 15:13:12.395319+00,96,0,41,26.2,90,0,2,Flood Alert (HIGH),Raining
1957,2026-09-29 15:13:19.243434+00,95,0,27,26.2,90,0,2,Flood Alert (HIGH),Raining
1958,2026-09-29 15:13:25.763983+00,94,0,66,26.2,90,0,2,Flood Alert (HIGH),Raining
1959,2026-09-29 15:13:31.759444+00,95,0,82,26.2,90,0,2,Flood Alert (HIGH),Raining
1960,2026-09-29 15:13:37.805592+00,97,0,65,26.2,90,0,2,Flood Alert (HIGH),Raining
1961,2026-09-29 15:13:44.320345+00,95,0,380,26.2,90,0,2,Flood Alert (HIGH),Raining
1962,2026-09-29 15:13:50.456319+00,94,0,383,26.2,90,0,2,Flood Alert (HIGH),Raining
1963,2026-09-29 15:13:56.529616+00,94,0,247,26.2,90,0,2,Flood Alert (HIGH),Raining
1964,2026-09-29 15:14:03.171037+00,93,0,107,26.2,90,0,2,Flood Alert (HIGH),Raining
1965,2026-09-29 15:14:09.181183+00,95,0,25,26.2,90,0,2,Flood Alert (HIGH),Raining
1966,2026-09-29 15:14:15.658451+00,94,0,389,26.2,90,0,2,Flood Alert (HIGH),Raining
1967,2026-09-29 15:14:22.153387+00,94,0,392,26.2,90,0,2,Flood Alert (HIGH),Raining
1968,2026-09-29 15:14:28.711911+00,95,0,393,26.2,90,0,2,Flood Alert (HIGH),Raining
1969,2026-09-29 15:14:34.729637+00,96,0,493,26.2,90,0,2,Flood Alert (HIGH),Raining
1970,2026-09-29 15:14:41.48731+00,93,0,510,26.2,90,0,2,Flood Alert (HIGH),Raining
1971,2026-09-29 15:14:47.657457+00,97,0,514,26.2,90,0,2,Flood Alert (HIGH),Raining
1972,2026-09-29 15:14:53.654985+00,93,0,512,26.2,90,0,2,Flood Alert (HIGH),Raining
1973,2026-09-29 15:14:59.755851+00,94,0,512,26.2,90,0,2,Flood Alert (HIGH),Raining
1974,2026-09-29 15:15:05.857023+00,95,0,514,26.2,90,0,2,Flood Alert (HIGH),Raining
1975,2026-09-29 15:15:12.429371+00,96,0,811,26.2,90,0,2,Flood Alert (HIGH),Raining
1976,2026-09-29 15:15:18.82369+00,95,0,812,26.2,90,0,2,Flood Alert (HIGH),Raining
1977,2026-09-29 15:15:25.02484+00,96,0,814,26.2,90,0,2,Flood Alert (HIGH),Raining
1978,2026-09-29 15:15:31.367965+00,97,0,397,26.2,90,0,2,Flood Alert (HIGH),Raining
1979,2026-09-29 15:15:37.756953+00,96,0,523,26.2,90,0,2,Flood Alert (HIGH),Raining
1980,2026-09-29 15:16:55.386383+00,0,195.901,48,26.1,91,0,2,Flood Alert (HIGH),Clear
1981,2026-09-29 15:17:01.688305+00,57,0,50,26.1,91,0,2,Flood Alert (HIGH),Raining
1982,2026-09-29 15:17:07.761083+00,71,0,46,26.1,91,0,2,Flood Alert (HIGH),Raining
1983,2026-09-29 15:17:13.747625+00,100,0,47,26.1,91,0,2,Flood Alert (HIGH),Raining
1984,2026-09-29 15:17:20.395488+00,74,0,51,26.1,91,0,2,Flood Alert (HIGH),Raining
1985,2026-09-29 15:17:26.995865+00,96,0,69,26.1,91,0,2,Flood Alert (HIGH),Raining
1986,2026-09-29 15:17:33.070997+00,94,0,67,26.1,91,0,2,Flood Alert (HIGH),Raining
1987,2026-09-29 15:17:39.752891+00,100,0,62,26.1,91,0,2,Flood Alert (HIGH),Raining
1988,2026-09-29 15:17:45.830684+00,90,0,63,26.1,91,0,2,Flood Alert (HIGH),Raining
1989,2026-09-29 15:17:52.308331+00,100,0,65,26.1,91,0,2,Flood Alert (HIGH),Raining
1990,2026-09-29 15:17:58.571046+00,100,0,64,26.1,91,0,2,Flood Alert (HIGH),Raining
1991,2026-09-29 15:18:04.84378+00,90,0,64,26.1,91,0,2,Flood Alert (HIGH),Raining
1992,2026-09-29 15:18:11.095541+00,95,0,60,26.1,91,0,2,Flood Alert (HIGH),Raining
1993,2026-09-29 15:18:17.406821+00,88,0,55,26.1,91,0,2,Flood Alert (HIGH),Raining
1994,2026-09-29 15:18:24.049669+00,88,0,62,26.1,91,0,2,Flood Alert (HIGH),Raining
1995,2026-09-29 15:18:30.351375+00,88,0,59,26.1,91,0,2,Flood Alert (HIGH),Raining
1996,2026-09-29 15:18:36.837099+00,91,0,65,26.1,91,0,2,Flood Alert (HIGH),Raining
1997,2026-09-29 15:18:42.792188+00,92,0,61,26.1,91,0,2,Flood Alert (HIGH),Raining
1998,2026-09-29 15:18:49.591436+00,95,0,63,26.1,91,0,2,Flood Alert (HIGH),Raining
1999,2026-09-29 15:18:55.960908+00,95,0,64,26.1,91,0,2,Flood Alert (HIGH),Raining
2000,2026-09-29 15:19:02.24803+00,90,0,63,26.1,91,0,2,Flood Alert (HIGH),Raining
2001,2026-09-29 15:19:08.347083+00,100,0,67,26.1,91,0,2,Flood Alert (HIGH),Raining
2002,2026-09-29 15:19:14.685454+00,93,0,70,26.1,91,0,2,Flood Alert (HIGH),Raining
2003,2026-09-29 15:19:21.169747+00,93,0,76,26.1,91,0,2,Flood Alert (HIGH),Raining
2004,2026-09-29 15:19:27.3965+00,97,0,64,26.1,91,0,2,Flood Alert (HIGH),Raining
2005,2026-09-29 15:19:33.858672+00,87,0,61,26.1,91,0,2,Flood Alert (HIGH),Raining
2006,2026-09-29 15:19:40.207836+00,100,0,62,26.1,91,0,2,Flood Alert (HIGH),Raining
2007,2026-09-29 15:19:46.503757+00,100,0,67,26.1,91,0,2,Flood Alert (HIGH),Raining
2008,2026-09-29 15:19:52.686778+00,88,0,65,26.1,91,0,2,Flood Alert (HIGH),Raining
2009,2026-09-29 15:19:59.25012+00,94,0,65,26.1,91,0,2,Flood Alert (HIGH),Raining
2010,2026-09-29 15:20:05.734119+00,84,0,62,26.1,91,0,2,Flood Alert (HIGH),Raining
2011,2026-09-29 15:20:12.376347+00,97,0,70,26.1,91,0,2,Flood Alert (HIGH),Raining
2012,2026-09-29 15:20:18.480683+00,95,0,62,26.1,91,0,2,Flood Alert (HIGH),Raining
2013,2026-09-29 15:20:24.534841+00,97,0,62,26.1,91,0,2,Flood Alert (HIGH),Raining
2014,2026-09-29 15:20:31.002035+00,98,0,63,26.1,91,0,2,Flood Alert (HIGH),Raining
2015,2026-09-29 15:20:37.499533+00,90,0,62,26.1,91,0,2,Flood Alert (HIGH),Raining
2016,2026-09-29 15:20:43.658913+00,98,0,63,26.1,91,0,2,Flood Alert (HIGH),Raining
2017,2026-09-29 15:20:50.131363+00,83,0,118,26.1,91,0,2,Flood Alert (HIGH),Raining
2018,2026-09-29 15:20:56.566525+00,93,0,92,26.1,91,0,2,Flood Alert (HIGH),Raining
2019,2026-09-29 15:21:02.68392+00,93,0,88,26.1,91,0,2,Flood Alert (HIGH),Raining
2020,2026-09-29 15:21:08.878177+00,99,0,92,26.1,91,0,2,Flood Alert (HIGH),Raining
2021,2026-09-29 15:21:15.334496+00,97,0,66,26.1,91,0,2,Flood Alert (HIGH),Raining
2022,2026-09-29 15:21:21.816707+00,95,0,78,26.1,91,0,2,Flood Alert (HIGH),Raining
2023,2026-09-29 15:21:27.797143+00,94,0,65,26.1,91,0,2,Flood Alert (HIGH),Raining
2024,2026-09-29 15:21:33.83177+00,97,0,64,26.1,91,0,2,Flood Alert (HIGH),Raining
2025,2026-09-29 15:21:40.023611+00,94,0,62,26.1,91,0,2,Flood Alert (HIGH),Raining
2026,2026-09-29 15:21:46.297532+00,89,0,46,26.1,91,0,2,Flood Alert (HIGH),Raining
2027,2026-09-29 15:21:52.827625+00,97,0,49,26.1,91,0,2,Flood Alert (HIGH),Raining
2028,2026-09-29 15:21:58.86084+00,97,0,48,26.1,91,0,2,Flood Alert (HIGH),Raining
2029,2026-09-29 15:22:05.423406+00,93,0,51,26.1,91,0,2,Flood Alert (HIGH),Raining
2030,2026-09-29 15:22:12.169504+00,100,0,48,26.1,91,0,2,Flood Alert (HIGH),Raining
2031,2026-09-29 15:22:18.404923+00,92,0,46,26.1,91,0,2,Flood Alert (HIGH),Raining
2032,2026-09-29 15:22:25.066191+00,91,0,34,26.1,91,0,2,Flood Alert (HIGH),Raining
2033,2026-09-29 15:22:31.80654+00,90,0,40,26.1,91,0,2,Flood Alert (HIGH),Raining
2034,2026-09-29 15:22:38.483608+00,100,0,56,26.1,91,0,2,Flood Alert (HIGH),Raining
2035,2026-09-29 15:22:44.965119+00,92,0,30,26.1,91,0,2,Flood Alert (HIGH),Raining
2036,2026-09-29 15:22:51.265323+00,90,0,42,26.1,91,0,2,Flood Alert (HIGH),Raining
2037,2026-09-29 15:22:57.407921+00,94,0,40,26.1,91,0,2,Flood Alert (HIGH),Raining
2038,2026-09-29 15:23:03.778251+00,100,0,42,26.1,91,0,2,Flood Alert (HIGH),Raining
2039,2026-09-29 15:23:10.274265+00,97,0,45,26.1,91,0,2,Flood Alert (HIGH),Raining
2040,2026-09-29 15:23:16.338759+00,91,0,41,26.1,91,0,2,Flood Alert (HIGH),Raining
2041,2026-09-29 15:23:22.701268+00,91,0,50,26.1,91,0,2,Flood Alert (HIGH),Raining
2042,2026-09-29 15:23:28.716756+00,97,0,47,26.1,91,0,2,Flood Alert (HIGH),Raining
2043,2026-09-29 15:23:35.619034+00,92,0,45,26.1,91,0,2,Flood Alert (HIGH),Raining
2044,2026-09-29 15:23:42.152409+00,100,0,43,26.1,91,0,2,Flood Alert (HIGH),Raining
2045,2026-09-29 15:23:48.214804+00,91,0,47,26.1,91,0,2,Flood Alert (HIGH),Raining
2046,2026-09-29 15:23:54.65146+00,90,0,47,26.1,91,0,2,Flood Alert (HIGH),Raining
2047,2026-09-29 15:24:01.417948+00,93,0,46,26.1,91,0,2,Flood Alert (HIGH),Raining
2048,2026-09-29 15:24:08.067098+00,91,0,53,26.1,91,0,2,Flood Alert (HIGH),Raining
2049,2026-09-29 15:24:14.523278+00,95,0,61,26.1,91,0,2,Flood Alert (HIGH),Raining
2050,2026-09-29 15:24:20.91095+00,90,0,46,26.1,91,0,2,Flood Alert (HIGH),Raining
2051,2026-09-29 15:24:28.107751+00,89,0,263,26.1,91,0,2,Flood Alert (HIGH),Raining
2052,2026-09-29 15:24:34.11931+00,95,0,1601,26.1,91,0,1,Warning (MODERATE),Raining
2053,2026-09-29 15:24:41.086596+00,92,0,1536,26.1,91,0,1,Warning (MODERATE),Raining
2054,2026-09-29 15:24:47.579973+00,91,0,1508,26.1,91,0,1,Warning (MODERATE),Raining
2055,2026-09-29 15:24:53.653496+00,92,0,1511,26.1,91,0,1,Warning (MODERATE),Raining
2056,2026-09-29 15:24:59.86513+00,86,0,1513,26.1,91,0,1,Warning (MODERATE),Raining
2057,2026-09-29 15:25:06.151755+00,94,0,1510,26.1,91,0,1,Warning (MODERATE),Raining
2058,2026-09-29 15:25:12.627023+00,100,0,1489,26.1,91,0,1,Warning (MODERATE),Raining
2059,2026-09-29 15:25:18.815871+00,88,0,1536,26.1,91,0,1,Warning (MODERATE),Raining
2060,2026-09-29 15:25:25.22988+00,89,0,908,26.1,91,0,1,Warning (MODERATE),Raining
2061,2026-09-29 15:25:31.714404+00,99,0,960,26.1,91,0,2,Flood Alert (HIGH),Raining
2062,2026-09-29 15:25:38.405734+00,88,0,972,26.1,91,0,2,Flood Alert (HIGH),Raining
2063,2026-09-29 15:25:45.100752+00,91,0,858,26.1,91,0,2,Flood Alert (HIGH),Raining
2064,2026-09-29 15:25:51.672152+00,97,0,470,26.1,91,0,2,Flood Alert (HIGH),Raining
2065,2026-09-29 15:25:58.008072+00,100,0,122,26.1,91,0,2,Flood Alert (HIGH),Raining
2066,2026-09-29 15:26:04.494592+00,99,0,222,26.1,91,0,2,Flood Alert (HIGH),Raining
2067,2026-09-29 15:26:11.187691+00,94,0,155,26.1,91,0,2,Flood Alert (HIGH),Raining
2068,2026-09-29 15:26:17.79893+00,86,0,246,26.1,91,0,2,Flood Alert (HIGH),Raining
2069,2026-09-29 15:26:24.396407+00,93,0,178,26.1,91,0,2,Flood Alert (HIGH),Raining
2070,2026-09-29 15:26:30.433079+00,97,0,126,26.1,91,0,2,Flood Alert (HIGH),Raining
2071,2026-09-29 15:26:36.853501+00,92,0,50,26.1,91,0,2,Flood Alert (HIGH),Raining
2072,2026-09-29 15:26:42.93026+00,93,0,38,26.1,91,0,2,Flood Alert (HIGH),Raining
2073,2026-09-29 15:26:49.6657+00,88,0,54,26.1,91,0,2,Flood Alert (HIGH),Raining
2074,2026-09-29 15:26:59.707663+00,92,0,69,26.1,91,0,2,Flood Alert (HIGH),Raining
2075,2026-09-29 15:27:05.949176+00,98,0,40,26.1,91,0,2,Flood Alert (HIGH),Raining
2076,2026-09-29 15:27:12.300669+00,92,0,67,26.1,91,0,2,Flood Alert (HIGH),Raining
2077,2026-09-29 15:27:18.352969+00,100,0,89,26.1,91,0,2,Flood Alert (HIGH),Raining
2078,2026-09-29 15:27:24.479204+00,95,0,76,26.1,91,0,2,Flood Alert (HIGH),Raining
2079,2026-09-29 15:27:30.856742+00,96,0,71,26.1,91,0,2,Flood Alert (HIGH),Raining
2080,2026-09-29 15:27:37.007332+00,87,0,77,26.1,91,0,2,Flood Alert (HIGH),Raining
2081,2026-09-29 15:27:43.603147+00,97,0,74,26.1,91,0,2,Flood Alert (HIGH),Raining
2082,2026-09-29 15:27:49.621919+00,94,0,75,26.1,91,0,2,Flood Alert (HIGH),Raining
2083,2026-09-29 15:27:55.788727+00,94,0,77,26.1,91,0,2,Flood Alert (HIGH),Raining
2084,2026-09-29 15:28:01.879142+00,91,0,70,26.1,91,0,2,Flood Alert (HIGH),Raining
2085,2026-09-29 15:28:08.314895+00,100,0,104,26.1,91,0,2,Flood Alert (HIGH),Raining
2086,2026-09-29 15:28:15.369931+00,97,0,81,26.1,91,0,2,Flood Alert (HIGH),Raining
2087,2026-09-29 15:28:21.952782+00,90,0,79,26.1,91,0,2,Flood Alert (HIGH),Raining
2088,2026-09-29 15:28:28.610833+00,100,0,81,26.1,91,0,2,Flood Alert (HIGH),Raining
2089,2026-09-29 15:28:35.583621+00,90,0,77,26.1,91,0,2,Flood Alert (HIGH),Raining
2090,2026-09-29 15:28:41.851149+00,100,0,93,26.1,91,0,2,Flood Alert (HIGH),Raining
2091,2026-09-29 15:28:47.966208+00,96,0,95,26.1,91,0,2,Flood Alert (HIGH),Raining
2092,2026-09-29 15:28:54.415982+00,100,0,72,26.1,91,0,2,Flood Alert (HIGH),Raining
2093,2026-09-29 15:29:00.820201+00,85,0,91,26.1,91,0,2,Flood Alert (HIGH),Raining
2094,2026-09-29 15:29:07.160475+00,98,0,84,26.1,91,0,2,Flood Alert (HIGH),Raining
2095,2026-09-29 15:29:13.136909+00,86,0,82,26.1,91,0,2,Flood Alert (HIGH),Raining
2096,2026-09-29 15:29:19.538458+00,87,0,84,26.1,91,0,2,Flood Alert (HIGH),Raining
2097,2026-09-29 15:29:25.927074+00,97,0,67,26.1,91,0,2,Flood Alert (HIGH),Raining
2098,2026-09-29 15:29:32.478136+00,99,0,66,26.1,91,0,2,Flood Alert (HIGH),Raining
2099,2026-09-29 15:29:39.090434+00,91,0,46,26.1,91,0,2,Flood Alert (HIGH),Raining
2100,2026-09-29 15:29:45.39546+00,98,0,68,26.1,91,0,2,Flood Alert (HIGH),Raining
2101,2026-09-29 15:29:52.001624+00,94,0,64,26.1,91,0,2,Flood Alert (HIGH),Raining
2102,2026-09-29 15:29:58.783583+00,88,0,63,26.1,91,0,2,Flood Alert (HIGH),Raining
2103,2026-09-29 15:30:05.361544+00,100,0,62,26.1,91,0,2,Flood Alert (HIGH),Raining
2104,2026-09-29 15:30:11.418499+00,87,0,108,26.1,91,0,2,Flood Alert (HIGH),Raining
2105,2026-09-29 15:30:18.021448+00,97,0,69,26.1,91,0,2,Flood Alert (HIGH),Raining
2106,2026-09-29 15:30:24.815763+00,95,0,68,26.1,91,0,2,Flood Alert (HIGH),Raining
2107,2026-09-29 15:30:31.459347+00,100,0,65,26.1,91,0,2,Flood Alert (HIGH),Raining
2108,2026-09-29 15:30:38.213797+00,88,0,62,26.1,91,0,2,Flood Alert (HIGH),Raining
2109,2026-09-29 15:30:44.756891+00,88,0,61,26.1,91,0,2,Flood Alert (HIGH),Raining
2110,2026-09-29 15:30:51.49524+00,90,0,62,26.1,91,0,2,Flood Alert (HIGH),Raining
2111,2026-09-29 15:30:57.983824+00,93,0,67,26.1,91,0,2,Flood Alert (HIGH),Raining
2112,2026-09-29 15:31:04.729246+00,90,0,61,26.1,91,0,2,Flood Alert (HIGH),Raining
2113,2026-09-29 15:31:10.891147+00,99,0,61,26.1,91,0,2,Flood Alert (HIGH),Raining
2114,2026-09-29 15:31:17.748607+00,87,0,55,26.1,91,0,2,Flood Alert (HIGH),Raining
2115,2026-09-29 15:31:24.247145+00,89,0,56,26.1,91,0,2,Flood Alert (HIGH),Raining
2116,2026-09-29 15:31:31.480934+00,85,0,57,26.1,91,0,2,Flood Alert (HIGH),Raining
2117,2026-09-29 15:31:38.01334+00,93,0,57,26.1,91,0,2,Flood Alert (HIGH),Raining
2118,2026-09-29 15:31:44.346481+00,94,0,58,26.1,91,0,2,Flood Alert (HIGH),Raining
2119,2026-09-29 15:31:50.800231+00,100,0,56,26.1,91,0,2,Flood Alert (HIGH),Raining
2120,2026-09-29 15:31:56.783424+00,88,0,57,26.1,91,0,2,Flood Alert (HIGH),Raining
2121,2026-09-29 15:32:03.178084+00,94,0,58,26.1,91,0,2,Flood Alert (HIGH),Raining
2122,2026-09-29 15:32:09.581857+00,89,0,59,26.1,91,0,2,Flood Alert (HIGH),Raining
2123,2026-09-29 15:32:16.005781+00,96,0,56,26.1,91,0,2,Flood Alert (HIGH),Raining
2124,2026-09-29 15:32:22.455975+00,95,0,55,26.1,91,0,2,Flood Alert (HIGH),Raining
2125,2026-09-29 15:32:29.030507+00,89,0,56,26.1,91,0,2,Flood Alert (HIGH),Raining
2126,2026-09-29 15:32:35.632892+00,89,0,58,26.1,91,0,2,Flood Alert (HIGH),Raining
2127,2026-09-29 15:32:41.97044+00,97,0,58,26.1,91,0,2,Flood Alert (HIGH),Raining
2128,2026-09-29 15:32:48.4046+00,89,0,59,26.1,91,0,2,Flood Alert (HIGH),Raining
2129,2026-09-29 15:32:54.566634+00,100,0,57,26.1,91,0,2,Flood Alert (HIGH),Raining
2130,2026-09-29 15:33:00.893873+00,98,0,56,26.1,91,0,2,Flood Alert (HIGH),Raining
2131,2026-09-29 15:33:07.26046+00,96,0,57,26.1,91,0,2,Flood Alert (HIGH),Raining
2132,2026-09-29 15:33:13.609918+00,98,0,58,26.1,91,0,2,Flood Alert (HIGH),Raining
2133,2026-09-29 15:33:19.865255+00,100,0,62,26.1,91,0,2,Flood Alert (HIGH),Raining
2134,2026-09-29 15:33:26.43999+00,88,0,58,26.1,91,0,2,Flood Alert (HIGH),Raining
2135,2026-09-29 15:33:32.481819+00,95,0,56,26.1,91,0,2,Flood Alert (HIGH),Raining
2136,2026-09-29 15:33:38.733032+00,91,0,54,26.1,91,0,2,Flood Alert (HIGH),Raining
2137,2026-09-29 15:33:44.873458+00,89,0,53,26.1,91,0,2,Flood Alert (HIGH),Raining
2138,2026-09-29 15:33:50.877778+00,100,0,52,26.1,91,0,2,Flood Alert (HIGH),Raining
2139,2026-09-29 15:33:57.169306+00,94,0,52,26.1,91,0,2,Flood Alert (HIGH),Raining
2140,2026-09-29 15:34:03.256632+00,96,0,52,26.1,91,0,2,Flood Alert (HIGH),Raining
2141,2026-09-29 15:34:09.73495+00,99,0,52,26.1,91,0,2,Flood Alert (HIGH),Raining
2142,2026-09-29 15:34:16.069634+00,95,0,55,26.1,91,0,2,Flood Alert (HIGH),Raining
2143,2026-09-29 15:34:22.586708+00,95,0,54,26.1,91,0,2,Flood Alert (HIGH),Raining
2144,2026-09-29 15:34:29.348713+00,100,0,49,26.1,91,0,2,Flood Alert (HIGH),Raining
2145,2026-09-29 15:34:35.912054+00,100,0,48,26.1,91,0,2,Flood Alert (HIGH),Raining
2146,2026-09-29 15:34:42.644047+00,95,0,40,26.1,91,0,2,Flood Alert (HIGH),Raining
2147,2026-09-29 15:34:48.729493+00,99,0,76,26.1,91,0,2,Flood Alert (HIGH),Raining
2148,2026-09-29 15:34:55.105629+00,91,0,78,26.1,91,0,2,Flood Alert (HIGH),Raining
2149,2026-09-29 15:35:01.336967+00,100,0,75,26.1,91,0,2,Flood Alert (HIGH),Raining
2150,2026-09-29 15:35:07.658755+00,98,0,68,26.1,91,0,2,Flood Alert (HIGH),Raining
2151,2026-09-29 15:35:14.01785+00,88,0,48,26.1,91,0,2,Flood Alert (HIGH),Raining
2152,2026-09-29 15:35:20.311988+00,100,0,52,26.1,91,0,2,Flood Alert (HIGH),Raining
2153,2026-09-29 15:35:26.413249+00,100,0,387,26.1,91,0,2,Flood Alert (HIGH),Raining
2154,2026-09-29 15:35:32.634414+00,98,0,501,26.1,91,0,2,Flood Alert (HIGH),Raining
2155,2026-09-29 15:35:39.235049+00,91,0,391,26.1,91,0,2,Flood Alert (HIGH),Raining
2156,2026-09-29 15:35:45.500905+00,92,0,323,26.1,91,0,2,Flood Alert (HIGH),Raining
2157,2026-09-29 15:35:51.784531+00,91,0,217,26.1,91,0,2,Flood Alert (HIGH),Raining
2158,2026-09-29 15:35:58.27162+00,100,0,394,26.1,91,0,2,Flood Alert (HIGH),Raining
2159,2026-09-29 15:36:04.479263+00,100,0,117,26.1,91,0,2,Flood Alert (HIGH),Raining
2160,2026-09-29 15:36:11.049018+00,98,0,125,26.1,91,0,2,Flood Alert (HIGH),Raining
2161,2026-09-29 15:36:17.676188+00,100,0,109,26.1,91,0,2,Flood Alert (HIGH),Raining
2162,2026-09-29 15:36:24.030156+00,100,0,77,26.1,91,0,2,Flood Alert (HIGH),Raining
2163,2026-09-29 15:36:30.766808+00,100,0,80,26.1,91,0,2,Flood Alert (HIGH),Raining
2164,2026-09-29 15:36:37.011722+00,100,0,115,26.1,91,0,2,Flood Alert (HIGH),Raining
2165,2026-09-29 15:36:43.886062+00,97,0,130,26.1,91,0,2,Flood Alert (HIGH),Raining
2166,2026-09-29 15:36:50.353991+00,89,0,99,26.1,91,0,2,Flood Alert (HIGH),Raining
2167,2026-09-29 15:36:56.874427+00,98,0,102,26.1,91,0,2,Flood Alert (HIGH),Raining
2168,2026-09-29 15:37:04.049616+00,95,0,86,25.9,92,0,2,Flood Alert (HIGH),Raining
2169,2026-09-29 15:37:09.987925+00,100,0,78,25.9,92,0,2,Flood Alert (HIGH),Raining
2170,2026-09-29 15:37:16.117461+00,88,0,82,25.9,92,0,2,Flood Alert (HIGH),Raining
2171,2026-09-29 15:37:22.525362+00,87,0,77,25.9,92,0,2,Flood Alert (HIGH),Raining
2172,2026-09-29 15:37:28.942093+00,100,0,77,25.9,92,0,2,Flood Alert (HIGH),Raining
2173,2026-09-29 15:37:35.511767+00,90,0,76,25.9,92,0,2,Flood Alert (HIGH),Raining
2174,2026-09-29 15:37:41.529265+00,100,0,70,25.9,92,0,2,Flood Alert (HIGH),Raining
2175,2026-09-29 15:37:47.627462+00,92,0,70,25.9,92,0,2,Flood Alert (HIGH),Raining
2176,2026-09-29 15:37:53.972971+00,93,0,109,25.9,92,0,2,Flood Alert (HIGH),Raining
2177,2026-09-29 15:38:00.253629+00,91,0,106,25.9,92,0,2,Flood Alert (HIGH),Raining
2178,2026-09-29 15:38:06.420123+00,90,0,80,25.9,92,0,2,Flood Alert (HIGH),Raining
2179,2026-09-29 15:38:12.968985+00,93,0,75,25.9,92,0,2,Flood Alert (HIGH),Raining
2180,2026-09-29 15:38:19.024578+00,89,0,74,25.9,92,0,2,Flood Alert (HIGH),Raining
2181,2026-09-29 15:38:25.487711+00,90,0,69,25.9,92,0,2,Flood Alert (HIGH),Raining
2182,2026-09-29 15:38:31.644577+00,88,0,68,25.9,92,0,2,Flood Alert (HIGH),Raining
2183,2026-09-29 15:38:38.593148+00,89,0,70,25.9,92,0,2,Flood Alert (HIGH),Raining
2184,2026-09-29 15:38:44.746979+00,92,0,69,25.9,92,0,2,Flood Alert (HIGH),Raining
2185,2026-09-29 15:38:50.787505+00,100,0,67,25.9,92,0,2,Flood Alert (HIGH),Raining
2186,2026-09-29 15:38:57.514609+00,98,0,69,25.9,92,0,2,Flood Alert (HIGH),Raining
2187,2026-09-29 15:39:03.827604+00,98,0,88,25.9,92,0,2,Flood Alert (HIGH),Raining
2188,2026-09-29 15:39:10.428148+00,87,0,97,25.9,92,0,2,Flood Alert (HIGH),Raining
2189,2026-09-29 15:39:17.01043+00,86,0,93,25.9,92,0,2,Flood Alert (HIGH),Raining
2190,2026-09-29 15:39:23.375262+00,86,0,90,25.9,92,0,2,Flood Alert (HIGH),Raining
2191,2026-09-29 15:39:29.996528+00,98,0,128,25.9,92,0,2,Flood Alert (HIGH),Raining
2192,2026-09-29 15:39:36.744143+00,97,0,136,25.9,92,0,2,Flood Alert (HIGH),Raining
2193,2026-09-29 15:39:43.508547+00,100,0,135,25.9,92,0,2,Flood Alert (HIGH),Raining
2194,2026-09-29 15:39:49.82212+00,100,0,121,25.9,92,0,2,Flood Alert (HIGH),Raining
2195,2026-09-29 15:39:56.221533+00,99,0,108,25.9,92,0,2,Flood Alert (HIGH),Raining
2196,2026-09-29 15:40:02.975913+00,86,0,116,25.9,92,0,2,Flood Alert (HIGH),Raining
2197,2026-09-29 15:40:09.717174+00,100,0,124,25.9,92,0,2,Flood Alert (HIGH),Raining
2198,2026-09-29 15:40:15.753367+00,100,0,143,25.9,92,0,2,Flood Alert (HIGH),Raining
2199,2026-09-29 15:40:22.642826+00,90,0,97,25.9,92,0,2,Flood Alert (HIGH),Raining
2200,2026-09-29 15:40:29.375115+00,89,0,96,25.9,92,0,2,Flood Alert (HIGH),Raining
2201,2026-09-29 15:40:35.644243+00,96,0,93,25.9,92,0,2,Flood Alert (HIGH),Raining
2202,2026-09-29 15:40:42.390917+00,100,0,92,25.9,92,0,2,Flood Alert (HIGH),Raining
2203,2026-09-29 15:40:48.845355+00,100,0,98,25.9,92,0,2,Flood Alert (HIGH),Raining
2204,2026-09-29 15:40:55.322469+00,90,0,96,25.9,92,0,2,Flood Alert (HIGH),Raining
2205,2026-09-29 15:41:01.589849+00,93,0,118,25.9,92,0,2,Flood Alert (HIGH),Raining
2206,2026-09-29 15:41:08.138422+00,90,0,118,25.9,92,0,2,Flood Alert (HIGH),Raining
2207,2026-09-29 15:41:15.398961+00,86,0,133,25.9,92,0,2,Flood Alert (HIGH),Raining
2208,2026-09-29 15:41:22.00586+00,99,0,125,25.9,92,0,2,Flood Alert (HIGH),Raining
2209,2026-09-29 15:41:28.377868+00,88,0,131,25.9,92,0,2,Flood Alert (HIGH),Raining
2210,2026-09-29 15:41:35.115967+00,100,0,116,25.9,92,0,2,Flood Alert (HIGH),Raining
2211,2026-09-29 15:41:41.56943+00,87,0,140,25.9,92,0,2,Flood Alert (HIGH),Raining
2212,2026-09-29 15:41:47.818147+00,95,0,102,25.9,92,0,2,Flood Alert (HIGH),Raining
2213,2026-09-29 15:41:54.030123+00,90,0,112,25.9,92,0,2,Flood Alert (HIGH),Raining
2214,2026-09-29 15:42:00.285494+00,100,0,109,25.9,92,0,2,Flood Alert (HIGH),Raining
2215,2026-09-29 15:42:06.449515+00,85,0,110,25.9,92,0,2,Flood Alert (HIGH),Raining
2216,2026-09-29 15:42:12.679634+00,97,0,114,25.9,92,0,2,Flood Alert (HIGH),Raining
2217,2026-09-29 15:42:18.958886+00,89,0,138,25.9,92,0,2,Flood Alert (HIGH),Raining
2218,2026-09-29 15:42:25.507234+00,100,0,136,25.9,92,0,2,Flood Alert (HIGH),Raining
2219,2026-09-29 15:42:32.006342+00,85,0,134,25.9,92,0,2,Flood Alert (HIGH),Raining
2220,2026-09-29 15:42:38.686845+00,100,0,133,25.9,92,0,2,Flood Alert (HIGH),Raining
2221,2026-09-29 15:42:45.096627+00,100,0,114,25.9,92,0,2,Flood Alert (HIGH),Raining
2222,2026-09-29 15:42:51.135454+00,94,0,114,25.9,92,0,2,Flood Alert (HIGH),Raining
2223,2026-09-29 15:42:57.507781+00,93,0,113,25.9,92,0,2,Flood Alert (HIGH),Raining
2224,2026-09-29 15:43:03.756045+00,87,0,112,25.9,92,0,2,Flood Alert (HIGH),Raining
2225,2026-09-29 15:43:10.456616+00,86,0,118,25.9,92,0,2,Flood Alert (HIGH),Raining
2226,2026-09-29 15:43:16.90651+00,100,0,99,25.9,92,0,2,Flood Alert (HIGH),Raining
2227,2026-09-29 15:43:23.251522+00,85,0,98,25.9,92,0,2,Flood Alert (HIGH),Raining
2228,2026-09-29 15:43:29.56628+00,98,0,108,25.9,92,0,2,Flood Alert (HIGH),Raining
2229,2026-09-29 15:43:36.044824+00,86,0,106,25.9,92,0,2,Flood Alert (HIGH),Raining
2230,2026-09-29 15:43:42.315141+00,94,0,101,25.9,92,0,2,Flood Alert (HIGH),Raining
2231,2026-09-29 15:43:49.102471+00,100,0,86,25.9,92,0,2,Flood Alert (HIGH),Raining
2232,2026-09-29 15:43:55.703547+00,100,0,40,25.9,92,0,2,Flood Alert (HIGH),Raining
2233,2026-09-29 15:44:01.778982+00,98,0,38,25.9,92,0,2,Flood Alert (HIGH),Raining
2234,2026-09-29 15:44:08.519883+00,86,0,40,25.9,92,0,2,Flood Alert (HIGH),Raining
2235,2026-09-29 15:44:15.327152+00,92,0,35,25.9,92,0,2,Flood Alert (HIGH),Raining
2236,2026-09-29 15:44:21.821406+00,93,0,176,25.9,92,0,2,Flood Alert (HIGH),Raining
2237,2026-09-29 15:44:28.475242+00,100,0,135,25.9,92,0,2,Flood Alert (HIGH),Raining
2238,2026-09-29 15:44:35.010313+00,100,0,116,25.9,92,0,2,Flood Alert (HIGH),Raining
2239,2026-09-29 15:44:41.401459+00,94,0,122,25.9,92,0,2,Flood Alert (HIGH),Raining
2240,2026-09-29 15:44:47.683436+00,93,0,110,25.9,92,0,2,Flood Alert (HIGH),Raining
2241,2026-09-29 15:44:54.042392+00,89,0,107,25.9,92,0,2,Flood Alert (HIGH),Raining
2242,2026-09-29 15:45:00.527265+00,87,0,106,25.9,92,0,2,Flood Alert (HIGH),Raining
2243,2026-09-29 15:45:06.983996+00,100,0,106,25.9,92,0,2,Flood Alert (HIGH),Raining
2244,2026-09-29 15:45:13.682773+00,87,0,108,25.9,92,0,2,Flood Alert (HIGH),Raining
2245,2026-09-29 15:45:20.021248+00,99,0,103,25.9,92,0,2,Flood Alert (HIGH),Raining
2246,2026-09-29 15:45:26.752616+00,91,0,99,25.9,92,0,2,Flood Alert (HIGH),Raining
2247,2026-09-29 15:45:33.290388+00,87,0,104,25.9,92,0,2,Flood Alert (HIGH),Raining
2248,2026-09-29 15:45:39.58093+00,91,0,120,25.9,92,0,2,Flood Alert (HIGH),Raining
2249,2026-09-29 15:45:46.410306+00,93,0,141,25.9,92,0,2,Flood Alert (HIGH),Raining
2250,2026-09-29 15:45:52.581505+00,94,0,123,25.9,92,0,2,Flood Alert (HIGH),Raining
2251,2026-09-29 15:45:59.283879+00,89,0,42,25.9,92,0,2,Flood Alert (HIGH),Raining
2252,2026-09-29 15:46:05.659152+00,85,0,36,25.9,92,0,2,Flood Alert (HIGH),Raining
2253,2026-09-29 15:46:12.189982+00,90,0,85,25.9,92,0,2,Flood Alert (HIGH),Raining
2254,2026-09-29 15:46:18.858206+00,89,0,83,25.9,92,0,2,Flood Alert (HIGH),Raining
2255,2026-09-29 15:46:25.524317+00,97,0,77,25.9,92,0,2,Flood Alert (HIGH),Raining
2256,2026-09-29 15:46:31.721619+00,85,0,73,25.9,92,0,2,Flood Alert (HIGH),Raining
2257,2026-09-29 15:46:38.015453+00,94,0,76,25.9,92,0,2,Flood Alert (HIGH),Raining
2258,2026-09-29 15:46:44.509132+00,99,0,78,25.9,92,0,2,Flood Alert (HIGH),Raining
2259,2026-09-29 15:46:51.024249+00,96,0,84,25.9,92,0,2,Flood Alert (HIGH),Raining
2260,2026-09-29 15:46:57.57693+00,92,0,84,25.9,92,0,2,Flood Alert (HIGH),Raining
2261,2026-09-29 15:47:08.871854+00,100,0,79,25.8,93,0,2,Flood Alert (HIGH),Raining
2262,2026-09-29 15:47:15.176525+00,92,0,77,25.8,93,0,2,Flood Alert (HIGH),Raining
2263,2026-09-29 15:47:21.314929+00,93,0,75,25.8,93,0,2,Flood Alert (HIGH),Raining
2264,2026-09-29 15:47:27.305824+00,84,0,75,25.8,93,0,2,Flood Alert (HIGH),Raining
2265,2026-09-29 15:47:33.956488+00,99,0,75,25.8,93,0,2,Flood Alert (HIGH),Raining
2266,2026-09-29 15:47:39.942403+00,100,0,75,25.8,93,0,2,Flood Alert (HIGH),Raining
2267,2026-09-29 15:47:45.934976+00,87,0,87,25.8,93,0,2,Flood Alert (HIGH),Raining
2268,2026-09-29 15:47:52.225677+00,100,0,73,25.8,93,0,2,Flood Alert (HIGH),Raining
2269,2026-09-29 15:47:58.33942+00,100,0,81,25.8,93,0,2,Flood Alert (HIGH),Raining
2270,2026-09-29 15:48:04.481636+00,85,0,68,25.8,93,0,2,Flood Alert (HIGH),Raining
2271,2026-09-29 15:48:10.527728+00,89,0,55,25.8,93,0,2,Flood Alert (HIGH),Raining
2272,2026-09-29 15:48:16.587756+00,92,0,104,25.8,93,0,2,Flood Alert (HIGH),Raining
2273,2026-09-29 15:48:22.593681+00,85,0,84,25.8,93,0,2,Flood Alert (HIGH),Raining
2274,2026-09-29 15:48:28.882445+00,100,0,70,25.8,93,0,2,Flood Alert (HIGH),Raining
2275,2026-09-29 15:48:35.196918+00,100,0,81,25.8,93,0,2,Flood Alert (HIGH),Raining
2276,2026-09-29 15:48:41.452351+00,97,0,83,25.8,93,0,2,Flood Alert (HIGH),Raining
2277,2026-09-29 15:48:47.673391+00,89,0,80,25.8,93,0,2,Flood Alert (HIGH),Raining
2278,2026-09-29 15:48:54.096768+00,100,0,79,25.8,93,0,2,Flood Alert (HIGH),Raining
2279,2026-09-29 15:49:00.529303+00,100,0,70,25.8,93,0,2,Flood Alert (HIGH),Raining
2280,2026-09-29 15:49:06.580832+00,91,0,64,25.8,93,0,2,Flood Alert (HIGH),Raining
2281,2026-09-29 15:49:12.522468+00,100,0,64,25.8,93,0,2,Flood Alert (HIGH),Raining
2282,2026-09-29 15:49:18.601515+00,89,0,85,25.8,93,0,2,Flood Alert (HIGH),Raining
2283,2026-09-29 15:49:24.913628+00,100,0,36,25.8,93,0,2,Flood Alert (HIGH),Raining
2284,2026-09-29 15:49:31.078463+00,100,0,40,25.8,93,0,2,Flood Alert (HIGH),Raining
2285,2026-09-29 15:49:37.554733+00,94,0,57,25.8,93,0,2,Flood Alert (HIGH),Raining
2286,2026-09-29 15:49:43.727136+00,86,0,57,25.8,93,0,2,Flood Alert (HIGH),Raining
2287,2026-09-29 15:49:49.932026+00,92,0,65,25.8,93,0,2,Flood Alert (HIGH),Raining
2288,2026-09-29 15:49:56.110145+00,96,0,69,25.8,93,0,2,Flood Alert (HIGH),Raining
2289,2026-09-29 15:50:02.139718+00,93,0,98,25.8,93,0,2,Flood Alert (HIGH),Raining
2290,2026-09-29 15:50:08.160355+00,95,0,60,25.8,93,0,2,Flood Alert (HIGH),Raining
2291,2026-09-29 15:50:14.366971+00,99,0,59,25.8,93,0,2,Flood Alert (HIGH),Raining
2292,2026-09-29 15:50:20.645613+00,89,0,61,25.8,93,0,2,Flood Alert (HIGH),Raining
2293,2026-09-29 15:50:26.842045+00,85,0,76,25.8,93,0,2,Flood Alert (HIGH),Raining
2294,2026-09-29 15:50:32.906679+00,89,0,38,25.8,93,0,2,Flood Alert (HIGH),Raining
2295,2026-09-29 15:50:39.151416+00,95,0,121,25.8,93,0,2,Flood Alert (HIGH),Raining
2296,2026-09-29 15:50:45.272614+00,87,0,35,25.8,93,0,2,Flood Alert (HIGH),Raining
2297,2026-09-29 15:50:51.58139+00,86,0,35,25.8,93,0,2,Flood Alert (HIGH),Raining
2298,2026-09-29 15:50:58.32928+00,97,0,34,25.8,93,0,2,Flood Alert (HIGH),Raining
2299,2026-09-29 15:51:04.501002+00,100,0,38,25.8,93,0,2,Flood Alert (HIGH),Raining
2300,2026-09-29 15:51:10.578879+00,100,0,35,25.8,93,0,2,Flood Alert (HIGH),Raining
2301,2026-09-29 15:51:16.823521+00,100,0,40,25.8,93,0,2,Flood Alert (HIGH),Raining
2302,2026-09-29 15:51:23.075336+00,98,0,42,25.8,93,0,2,Flood Alert (HIGH),Raining
2303,2026-09-29 15:51:29.651617+00,85,0,39,25.8,93,0,2,Flood Alert (HIGH),Raining
2304,2026-09-29 15:51:36.007715+00,100,0,79,25.8,93,0,2,Flood Alert (HIGH),Raining
2305,2026-09-29 15:51:42.518752+00,100,0,67,25.8,93,0,2,Flood Alert (HIGH),Raining
2306,2026-09-29 15:51:48.755881+00,91,0,66,25.8,93,0,2,Flood Alert (HIGH),Raining
2307,2026-09-29 15:51:55.104467+00,97,0,66,25.8,93,0,2,Flood Alert (HIGH),Raining
2308,2026-09-29 15:52:01.5799+00,88,0,67,25.8,93,0,2,Flood Alert (HIGH),Raining
2309,2026-09-29 15:52:08.221644+00,93,0,67,25.8,93,0,2,Flood Alert (HIGH),Raining
2310,2026-09-29 15:52:14.590784+00,88,0,42,25.8,93,0,2,Flood Alert (HIGH),Raining
2311,2026-09-29 15:52:21.03216+00,100,0,40,25.8,93,0,2,Flood Alert (HIGH),Raining
2312,2026-09-29 15:52:27.128345+00,100,0,39,25.8,93,0,2,Flood Alert (HIGH),Raining
2313,2026-09-29 15:52:33.976398+00,90,0,36,25.8,93,0,2,Flood Alert (HIGH),Raining
2314,2026-09-29 15:52:40.621629+00,88,0,36,25.8,93,0,2,Flood Alert (HIGH),Raining
2315,2026-09-29 15:52:47.177817+00,94,0,41,25.8,93,0,2,Flood Alert (HIGH),Raining
2316,2026-09-29 15:52:53.63477+00,98,0,39,25.8,93,0,2,Flood Alert (HIGH),Raining
2317,2026-09-29 15:52:59.979917+00,85,0,112,25.8,93,0,2,Flood Alert (HIGH),Raining
2318,2026-09-29 15:53:06.511371+00,85,0,34,25.8,93,0,2,Flood Alert (HIGH),Raining
2319,2026-09-29 15:53:12.611762+00,99,0,36,25.8,93,0,2,Flood Alert (HIGH),Raining
2320,2026-09-29 15:53:18.938353+00,100,0,34,25.8,93,0,2,Flood Alert (HIGH),Raining
2321,2026-09-29 15:53:25.674847+00,87,0,34,25.8,93,0,2,Flood Alert (HIGH),Raining
2322,2026-09-29 15:53:32.320495+00,87,0,34,25.8,93,0,2,Flood Alert (HIGH),Raining
2323,2026-09-29 15:53:38.392001+00,91,0,37,25.8,93,0,2,Flood Alert (HIGH),Raining
2324,2026-09-29 15:53:44.821417+00,98,0,35,25.8,93,0,2,Flood Alert (HIGH),Raining
2325,2026-09-29 15:53:50.960792+00,87,0,34,25.8,93,0,2,Flood Alert (HIGH),Raining
2326,2026-09-29 15:53:57.062479+00,89,0,41,25.8,93,0,2,Flood Alert (HIGH),Raining
2327,2026-09-29 15:54:03.549632+00,100,0,36,25.8,93,0,2,Flood Alert (HIGH),Raining
2328,2026-09-29 15:54:10.352463+00,100,0,36,25.8,93,0,2,Flood Alert (HIGH),Raining
2329,2026-09-29 15:54:16.790925+00,99,0,36,25.8,93,0,2,Flood Alert (HIGH),Raining
2330,2026-09-29 15:54:23.253493+00,86,0,37,25.8,93,0,2,Flood Alert (HIGH),Raining
2331,2026-09-29 15:54:30.007741+00,91,0,37,25.8,93,0,2,Flood Alert (HIGH),Raining
2332,2026-09-29 15:54:36.331979+00,90,0,39,25.8,93,0,2,Flood Alert (HIGH),Raining
2333,2026-09-29 15:54:42.392837+00,97,0,57,25.8,93,0,2,Flood Alert (HIGH),Raining
2334,2026-09-29 15:54:48.920429+00,100,0,66,25.8,93,0,2,Flood Alert (HIGH),Raining
2335,2026-09-29 15:54:55.290445+00,89,0,38,25.8,93,0,2,Flood Alert (HIGH),Raining
2336,2026-09-29 15:55:02.024993+00,100,0,39,25.8,93,0,2,Flood Alert (HIGH),Raining
2337,2026-09-29 15:55:08.040058+00,86,0,38,25.8,93,0,2,Flood Alert (HIGH),Raining
2338,2026-09-29 15:55:14.219043+00,89,0,59,25.8,93,0,2,Flood Alert (HIGH),Raining
2339,2026-09-29 15:55:20.955456+00,95,0,38,25.8,93,0,2,Flood Alert (HIGH),Raining
2340,2026-09-29 15:55:27.602027+00,92,0,38,25.8,93,0,2,Flood Alert (HIGH),Raining
2341,2026-09-29 15:55:33.806016+00,85,0,39,25.8,93,0,2,Flood Alert (HIGH),Raining
2342,2026-09-29 15:55:40.220548+00,88,0,39,25.8,93,0,2,Flood Alert (HIGH),Raining
2343,2026-09-29 15:55:46.879609+00,100,0,92,25.8,93,0,2,Flood Alert (HIGH),Raining
2344,2026-09-29 15:55:53.491755+00,97,0,39,25.8,93,0,2,Flood Alert (HIGH),Raining
2345,2026-09-29 15:55:59.820463+00,95,0,39,25.8,93,0,2,Flood Alert (HIGH),Raining
2346,2026-09-29 15:56:06.443285+00,100,0,42,25.8,93,0,2,Flood Alert (HIGH),Raining
2347,2026-09-29 15:56:13.09502+00,85,0,105,25.8,93,0,2,Flood Alert (HIGH),Raining
2348,2026-09-29 15:56:19.34154+00,100,0,56,25.8,93,0,2,Flood Alert (HIGH),Raining
2349,2026-09-29 15:56:25.384914+00,93,0,58,25.8,93,0,2,Flood Alert (HIGH),Raining
2350,2026-09-29 15:56:32.147772+00,91,0,57,25.8,93,0,2,Flood Alert (HIGH),Raining
2351,2026-09-29 15:56:38.298276+00,92,0,54,25.8,93,0,2,Flood Alert (HIGH),Raining
2352,2026-09-29 15:56:44.405101+00,95,0,55,25.8,93,0,2,Flood Alert (HIGH),Raining
2353,2026-09-29 15:56:50.564869+00,100,0,61,25.8,93,0,2,Flood Alert (HIGH),Raining
2354,2026-09-29 15:56:56.757486+00,87,0,55,25.8,93,0,2,Flood Alert (HIGH),Raining
2355,2026-09-29 15:57:02.800405+00,97,0,54,25.8,93,0,2,Flood Alert (HIGH),Raining
2356,2026-09-29 15:57:12.831296+00,90,0,56,25.8,93,0,2,Flood Alert (HIGH),Raining
2357,2026-09-29 15:57:19.053287+00,92,0,77,25.8,93,0,2,Flood Alert (HIGH),Raining
2358,2026-09-29 15:57:25.805097+00,85,0,75,25.8,93,0,2,Flood Alert (HIGH),Raining
2359,2026-09-29 15:57:32.462816+00,93,0,74,25.8,93,0,2,Flood Alert (HIGH),Raining
2360,2026-09-29 15:57:38.821118+00,100,0,60,25.8,93,0,2,Flood Alert (HIGH),Raining
2361,2026-09-29 15:57:45.25919+00,90,0,58,25.8,93,0,2,Flood Alert (HIGH),Raining
2362,2026-09-29 15:57:51.624757+00,99,0,60,25.8,93,0,2,Flood Alert (HIGH),Raining
2363,2026-09-29 15:57:58.058295+00,92,0,57,25.8,93,0,2,Flood Alert (HIGH),Raining
2364,2026-09-29 15:58:04.635421+00,92,0,58,25.8,93,0,2,Flood Alert (HIGH),Raining
2365,2026-09-29 15:58:11.064773+00,93,0,58,25.8,93,0,2,Flood Alert (HIGH),Raining
2366,2026-09-29 15:58:17.500082+00,100,0,58,25.8,93,0,2,Flood Alert (HIGH),Raining
2367,2026-09-29 15:58:24.062762+00,99,0,60,25.8,93,0,2,Flood Alert (HIGH),Raining
2368,2026-09-29 15:58:30.551849+00,86,0,59,25.8,93,0,2,Flood Alert (HIGH),Raining
2369,2026-09-29 15:58:37.092764+00,100,0,59,25.8,93,0,2,Flood Alert (HIGH),Raining
2370,2026-09-29 15:58:43.404111+00,100,0,57,25.8,93,0,2,Flood Alert (HIGH),Raining
2371,2026-09-29 15:58:49.617969+00,91,0,58,25.8,93,0,2,Flood Alert (HIGH),Raining
2372,2026-09-29 15:58:55.974218+00,92,0,61,25.8,93,0,2,Flood Alert (HIGH),Raining
2373,2026-09-29 15:59:02.109547+00,100,0,62,25.8,93,0,2,Flood Alert (HIGH),Raining
2374,2026-09-29 15:59:08.706872+00,97,0,27,25.8,93,0,2,Flood Alert (HIGH),Raining
2375,2026-09-29 15:59:15.118101+00,100,0,27,25.8,93,0,2,Flood Alert (HIGH),Raining
2376,2026-09-29 15:59:21.724204+00,98,0,27,25.8,93,0,2,Flood Alert (HIGH),Raining
2377,2026-09-29 15:59:28.21708+00,94,0,27,25.8,93,0,2,Flood Alert (HIGH),Raining
2378,2026-09-29 15:59:34.536218+00,85,0,28,25.8,93,0,2,Flood Alert (HIGH),Raining
2379,2026-09-29 15:59:41.294914+00,88,0,27,25.8,93,0,2,Flood Alert (HIGH),Raining
2380,2026-09-29 15:59:47.737173+00,100,0,26,25.8,93,0,2,Flood Alert (HIGH),Raining
2381,2026-09-29 15:59:54.207509+00,97,0,25,25.8,93,0,2,Flood Alert (HIGH),Raining
2382,2026-09-29 16:00:00.423412+00,85,0,27,25.8,93,0,2,Flood Alert (HIGH),Raining
2383,2026-09-29 16:00:06.893815+00,88,0,27,25.8,93,0,2,Flood Alert (HIGH),Raining
2384,2026-09-29 16:00:13.360802+00,97,0,27,25.8,93,0,2,Flood Alert (HIGH),Raining
2385,2026-09-29 16:00:20.040026+00,97,0,27,25.8,93,0,2,Flood Alert (HIGH),Raining
2386,2026-09-29 16:00:26.492145+00,92,0,27,25.8,93,0,2,Flood Alert (HIGH),Raining
2387,2026-09-29 16:00:32.649051+00,87,0,27,25.8,93,0,2,Flood Alert (HIGH),Raining
2388,2026-09-29 16:00:39.184708+00,92,0,26,25.8,93,0,2,Flood Alert (HIGH),Raining
2389,2026-09-29 16:00:49.185747+00,100,0,150,25.8,93,0,2,Flood Alert (HIGH),Raining
2390,2026-09-29 16:00:56.297749+00,46,211.41,43,25.8,93,0,2,Flood Alert (HIGH),Raining
2391,2026-09-29 16:01:03.040402+00,0,211.41,44,25.8,93,0,2,Flood Alert (HIGH),Clear
2392,2026-09-29 16:01:09.778348+00,100,0,42,25.8,93,0,2,Flood Alert (HIGH),Raining
2393,2026-09-29 16:01:16.234481+00,97,0,48,25.8,93,0,2,Flood Alert (HIGH),Raining
2394,2026-09-29 16:01:22.801079+00,97,0,18,25.8,93,0,2,Flood Alert (HIGH),Raining
2395,2026-09-29 16:01:29.346926+00,99,0,42,25.8,93,0,2,Flood Alert (HIGH),Raining
2396,2026-09-29 16:01:35.981414+00,96,0,31,25.8,93,0,2,Flood Alert (HIGH),Raining
2397,2026-09-29 16:01:42.894112+00,95,0,31,25.8,93,0,2,Flood Alert (HIGH),Raining
2398,2026-09-29 16:01:49.675304+00,95,0,27,25.8,93,0,2,Flood Alert (HIGH),Raining
2399,2026-09-29 16:01:55.784477+00,98,0,29,25.8,93,0,2,Flood Alert (HIGH),Raining
2400,2026-09-29 16:02:01.974284+00,97,0,315,25.8,93,0,2,Flood Alert (HIGH),Raining
2401,2026-09-29 16:02:08.395512+00,97,0,465,25.8,93,0,2,Flood Alert (HIGH),Raining
2402,2026-09-29 16:02:15.224366+00,96,0,25,25.8,93,0,2,Flood Alert (HIGH),Raining
2403,2026-09-29 16:02:22.24153+00,96,0,101,25.8,93,0,2,Flood Alert (HIGH),Raining
2404,2026-09-29 16:02:28.337242+00,96,0,30,25.8,93,0,2,Flood Alert (HIGH),Raining
2405,2026-09-29 16:02:35.24341+00,95,0,31,25.8,93,0,2,Flood Alert (HIGH),Raining
2406,2026-09-29 16:02:41.78752+00,96,0,31,25.8,93,0,2,Flood Alert (HIGH),Raining
2407,2026-09-29 16:02:48.489709+00,95,0,31,25.8,93,0,2,Flood Alert (HIGH),Raining
2408,2026-09-29 16:02:55.221427+00,96,0,30,25.8,93,0,2,Flood Alert (HIGH),Raining
2409,2026-09-29 16:03:01.543633+00,96,0,54,25.8,93,0,2,Flood Alert (HIGH),Raining
2410,2026-09-29 16:03:07.878478+00,100,0,47,25.8,93,0,2,Flood Alert (HIGH),Raining
2411,2026-09-29 16:03:14.548123+00,62,0,46,25.8,93,0,2,Flood Alert (HIGH),Raining
2412,2026-09-29 16:03:21.423484+00,100,0,45,25.8,93,0,2,Flood Alert (HIGH),Raining
2413,2026-09-29 16:03:27.694723+00,72,0,45,25.8,93,0,2,Flood Alert (HIGH),Raining
2414,2026-09-29 16:03:35.004363+00,90,0,45,25.8,93,0,2,Flood Alert (HIGH),Raining
2415,2026-09-29 16:03:41.700998+00,100,0,45,25.8,93,0,2,Flood Alert (HIGH),Raining
2416,2026-09-29 16:03:48.03518+00,100,0,44,25.8,93,0,2,Flood Alert (HIGH),Raining
2417,2026-09-29 16:03:54.711901+00,99,0,45,25.8,93,0,2,Flood Alert (HIGH),Raining
2418,2026-09-29 16:04:01.382094+00,100,0,45,25.8,93,0,2,Flood Alert (HIGH),Raining
2419,2026-09-29 16:04:07.640269+00,88,0,45,25.8,93,0,2,Flood Alert (HIGH),Raining
2420,2026-09-29 16:04:14.364501+00,61,0,45,25.8,93,0,2,Flood Alert (HIGH),Raining
2421,2026-09-29 16:04:20.430518+00,62,0,44,25.8,93,0,2,Flood Alert (HIGH),Raining
2422,2026-09-29 16:04:26.346064+00,93,0,45,25.8,93,0,2,Flood Alert (HIGH),Raining
2423,2026-09-29 16:04:32.894218+00,74,0,45,25.8,93,0,2,Flood Alert (HIGH),Raining
2424,2026-09-29 16:04:39.303035+00,60,0,45,25.8,93,0,2,Flood Alert (HIGH),Raining
2425,2026-09-29 16:04:46.008011+00,100,0,44,25.8,93,0,2,Flood Alert (HIGH),Raining
2426,2026-09-29 16:04:52.858269+00,100,0,44,25.8,93,0,2,Flood Alert (HIGH),Raining
2427,2026-09-29 16:04:59.234372+00,90,0,45,25.8,93,0,2,Flood Alert (HIGH),Raining
2428,2026-09-29 16:05:05.282779+00,60,0,44,25.8,93,0,2,Flood Alert (HIGH),Raining
2429,2026-09-29 16:05:11.691008+00,100,0,45,25.8,93,0,2,Flood Alert (HIGH),Raining
2430,2026-09-29 16:05:18.636436+00,69,0,44,25.8,93,0,2,Flood Alert (HIGH),Raining
2431,2026-09-29 16:05:24.631888+00,70,0,45,25.8,93,0,2,Flood Alert (HIGH),Raining
2432,2026-09-29 16:05:30.510107+00,67,0,43,25.8,93,0,2,Flood Alert (HIGH),Raining
2433,2026-09-29 16:05:36.544972+00,83,0,44,25.8,93,0,2,Flood Alert (HIGH),Raining
2434,2026-09-29 16:05:42.69271+00,75,0,44,25.8,93,0,2,Flood Alert (HIGH),Raining
2435,2026-09-29 16:05:49.126072+00,76,0,45,25.8,93,0,2,Flood Alert (HIGH),Raining
2436,2026-09-29 16:05:55.949808+00,59,0,43,25.8,93,0,2,Flood Alert (HIGH),Raining
2437,2026-09-29 16:06:02.266927+00,79,0,45,25.8,93,0,2,Flood Alert (HIGH),Raining
2438,2026-09-29 16:06:08.470888+00,69,0,44,25.8,93,0,2,Flood Alert (HIGH),Raining
2439,2026-09-29 16:06:14.592909+00,97,0,45,25.8,93,0,2,Flood Alert (HIGH),Raining
2440,2026-09-29 16:06:20.496108+00,90,0,45,25.8,93,0,2,Flood Alert (HIGH),Raining
2441,2026-09-29 16:06:26.980276+00,83,0,44,25.8,93,0,2,Flood Alert (HIGH),Raining
2442,2026-09-29 16:06:33.361634+00,71,0,45,25.8,93,0,2,Flood Alert (HIGH),Raining
2443,2026-09-29 16:06:39.671628+00,100,0,44,25.8,93,0,2,Flood Alert (HIGH),Raining
2444,2026-09-29 16:06:45.911319+00,100,0,45,25.8,93,0,2,Flood Alert (HIGH),Raining
2445,2026-09-29 16:06:52.118122+00,76,0,44,25.8,93,0,2,Flood Alert (HIGH),Raining
2446,2026-09-29 16:06:58.429699+00,100,0,44,25.8,93,0,2,Flood Alert (HIGH),Raining
2447,2026-09-29 16:07:04.581725+00,100,0,44,25.8,93,0,2,Flood Alert (HIGH),Raining
2448,2026-09-29 16:07:10.866326+00,72,0,44,25.8,93,0,2,Flood Alert (HIGH),Raining
2449,2026-09-29 16:07:17.225366+00,68,0,45,25.6,94,0,2,Flood Alert (HIGH),Raining
2450,2026-09-29 16:07:24.254881+00,84,0,44,25.6,94,0,2,Flood Alert (HIGH),Raining
2451,2026-09-29 16:07:30.5501+00,62,0,45,25.6,94,0,2,Flood Alert (HIGH),Raining
2452,2026-09-29 16:07:37.839779+00,69,0,44,25.6,94,0,2,Flood Alert (HIGH),Raining
2453,2026-09-29 16:07:44.492618+00,100,0,45,25.6,94,0,2,Flood Alert (HIGH),Raining
2454,2026-09-29 16:07:50.856814+00,100,0,45,25.6,94,0,2,Flood Alert (HIGH),Raining
2455,2026-09-29 16:07:57.001524+00,92,0,44,25.6,94,0,2,Flood Alert (HIGH),Raining
2456,2026-09-29 16:08:04.223497+00,83,0,45,25.6,94,0,2,Flood Alert (HIGH),Raining
2457,2026-09-29 16:08:11.412366+00,86,0,44,25.6,94,0,2,Flood Alert (HIGH),Raining
2458,2026-09-29 16:08:18.314884+00,68,0,71,25.6,94,0,2,Alert (HIGH),Raining
2459,2026-09-29 16:08:24.855765+00,100,0,252,25.6,94,0,2,Flood Alert (HIGH),Raining
2460,2026-09-29 16:08:31.334798+00,100,0,59,25.6,94,0,2,Flood Alert (HIGH),Raining
2461,2026-09-29 16:08:37.956704+00,100,0,421,25.6,94,0,2,Flood Alert (HIGH),Raining
2462,2026-09-29 16:08:44.400478+00,92,0,184,25.6,94,0,2,Flood Alert (HIGH),Raining
2463,2026-09-29 16:08:52.089219+00,100,0,1281,25.6,94,0,2,Flood Alert (HIGH),Raining
2464,2026-09-29 16:08:58.945756+00,88,0,1314,25.6,94,0,2,Flood Alert (HIGH),Raining
2465,2026-09-29 16:09:05.201349+00,89,0,1357,25.6,94,0,2,Flood Alert (HIGH),Raining
2466,2026-09-29 16:09:11.527863+00,90,0,1384,25.6,94,0,2,Flood Alert (HIGH),Raining
2467,2026-09-29 16:09:17.670044+00,89,0,1416,25.6,94,0,1,Warning (MOD),Raining
2468,2026-09-29 16:09:23.792488+00,100,0,1454,25.6,94,0,2,Flood Alert (HIGH),Raining
2469,2026-09-29 16:09:30.44439+00,91,0,1493,25.6,94,0,1,Warning (MOD),Raining
2470,2026-09-29 16:09:36.427973+00,100,0,1530,25.6,94,0,2,Flood Alert (HIGH),Raining
2471,2026-09-29 16:09:42.74397+00,90,0,1563,25.6,94,0,2,Flood Alert (HIGH),Raining
2472,2026-09-29 16:09:49.452463+00,95,0,1593,25.6,94,0,1,Warning (MODERATE),Raining
2473,2026-09-29 16:09:56.093884+00,89,0,1637,25.6,94,0,1,Warning (MODERATE),Raining
2474,2026-09-29 16:10:02.653448+00,97,0,1697,25.6,94,0,2,Flood Alert (HIGH),Raining
2475,2026-09-29 16:10:09.06116+00,100,0,1761,25.6,94,0,2,Flood Alert (HIGH),Raining
2476,2026-09-29 16:10:15.178891+00,100,0,1781,25.6,94,0,1,Warning (MODERATE),Raining
2477,2026-09-29 16:10:21.55234+00,95,0,1788,25.6,94,0,2,Flood Alert (HIGH),Raining
2478,2026-09-29 16:10:27.727501+00,94,0,1790,25.6,94,0,2,Flood Alert (HIGH),Raining
2479,2026-09-29 16:10:33.748869+00,92,0,1794,25.6,94,0,2,Flood Alert (HIGH),Raining
2480,2026-09-29 16:10:39.956817+00,100,0,1793,25.6,94,0,1,Warning (MODERATE),Raining
2481,2026-09-29 16:10:46.423625+00,87,0,1795,25.6,94,0,1,Warning (MOD),Raining
2482,2026-09-29 16:10:52.717014+00,100,0,1795,25.6,94,0,2,Flood Alert (HIGH),Raining
2483,2026-09-29 16:10:59.390935+00,97,0,1794,25.6,94,0,2,Flood Alert (HIGH),Raining
2484,2026-09-29 16:11:06.142508+00,91,0,1796,25.6,94,0,2,Flood Alert (HIGH),Raining
2485,2026-09-29 16:11:12.466938+00,89,0,1796,25.6,94,0,1,Warning (MOD),Raining
2486,2026-09-29 16:11:18.498781+00,99,0,1796,25.6,94,0,1,Warning (MOD),Raining
2487,2026-09-29 16:11:24.550059+00,91,0,1793,25.6,94,0,1,Warning (MOD),Raining
2488,2026-09-29 16:11:31.539165+00,89,0,1795,25.6,94,0,2,Flood Alert (HIGH),Raining
2489,2026-09-29 16:11:38.301221+00,87,0,1795,25.6,94,0,2,Flood Alert (HIGH),Raining
2490,2026-09-29 16:11:44.315727+00,89,0,1795,25.6,94,0,1,Warning (MOD),Raining
2491,2026-09-29 16:11:50.348154+00,100,0,1795,25.6,94,0,1,Warning (MOD),Raining
2492,2026-09-29 16:11:56.509058+00,100,0,1793,25.6,94,0,1,Warning (MODERATE),Raining
2493,2026-09-29 16:12:02.55924+00,96,0,1793,25.6,94,0,1,Warning (MODERATE),Raining
2494,2026-09-29 16:12:09.112405+00,87,0,1794,25.6,94,0,2,Flood Alert (HIGH),Raining
2495,2026-09-29 16:12:15.306086+00,93,0,1797,25.6,94,0,1,Warning (MOD),Raining
2496,2026-09-29 16:12:21.523624+00,100,0,1797,25.6,94,0,2,Flood Alert (HIGH),Raining
2497,2026-09-29 16:12:27.50798+00,99,0,1798,25.6,94,0,2,Flood Alert (HIGH),Raining
2498,2026-09-29 16:12:33.667649+00,89,0,1796,25.6,94,0,2,Flood Alert (HIGH),Raining
2499,2026-09-29 16:12:39.680853+00,96,0,1796,25.6,94,0,2,Alert (HIGH),Raining
2500,2026-09-29 16:12:45.997969+00,100,0,1796,25.6,94,0,2,Flood Alert (HIGH),Raining
2501,2026-09-29 16:12:52.651796+00,100,0,1796,25.6,94,0,2,Alert (HIGH),Raining
2502,2026-09-29 16:12:58.686751+00,100,0,1797,25.6,94,0,2,Alert (HIGH),Raining
2503,2026-09-29 16:13:04.754123+00,99,0,1796,25.6,94,0,1,Warning (MODERATE),Raining
2504,2026-09-29 16:13:10.671222+00,100,0,1801,25.6,94,0,1,Warning (MODERATE),Raining
2505,2026-09-29 16:13:16.803617+00,87,0,1800,25.6,94,0,2,Flood Alert (HIGH),Raining
2506,2026-09-29 16:13:22.919212+00,94,0,1798,25.6,94,0,2,Flood Alert (HIGH),Raining
2507,2026-09-29 16:13:29.07623+00,95,0,1800,25.6,94,0,2,Flood Alert (HIGH),Raining
2508,2026-09-29 16:13:35.342631+00,100,0,1800,25.6,94,0,2,Flood Alert (HIGH),Raining
2509,2026-09-29 16:13:41.4679+00,94,0,1803,25.6,94,0,2,Flood Alert (HIGH),Raining
2510,2026-09-29 16:13:47.564339+00,98,0,1802,25.6,94,0,2,Alert (HIGH),Raining
2511,2026-09-29 16:13:53.863421+00,96,0,1800,25.6,94,0,2,Alert (HIGH),Raining
2512,2026-09-29 16:14:00.017522+00,91,0,1806,25.6,94,0,1,Warning (MOD),Raining
2513,2026-09-29 16:14:06.052766+00,93,0,1805,25.6,94,0,1,Warning (MODERATE),Raining
2514,2026-09-29 16:14:12.528457+00,98,0,1803,25.6,94,0,1,Warning (MOD),Raining
2515,2026-09-29 16:14:18.858767+00,89,0,1804,25.6,94,0,1,Warning (MOD),Raining
2516,2026-09-29 16:14:25.049544+00,87,0,1803,25.6,94,0,1,Warning (MOD),Raining
2517,2026-09-29 16:14:31.345134+00,90,0,1805,25.6,94,0,1,Warning (MOD),Raining
2518,2026-09-29 16:14:37.464617+00,90,0,1804,25.6,94,0,2,Flood Alert (HIGH),Raining
2519,2026-09-29 16:14:43.628878+00,98,0,1804,25.6,94,0,1,Warning (MOD),Raining
2520,2026-09-29 16:14:49.855308+00,90,0,1804,25.6,94,0,1,Warning (MODERATE),Raining
2521,2026-09-29 16:14:55.925238+00,100,0,1806,25.6,94,0,1,Warning (MODERATE),Raining
2522,2026-09-29 16:15:01.966631+00,88,0,1807,25.6,94,0,1,Warning (MODERATE),Raining
2523,2026-09-29 16:15:07.976819+00,97,0,1806,25.6,94,0,1,Warning (MODERATE),Raining
2524,2026-09-29 16:15:14.346378+00,99,0,1804,25.6,94,0,1,Warning (MODERATE),Raining
2525,2026-09-29 16:15:20.634652+00,91,0,1807,25.6,94,0,1,Warning (MODERATE),Raining
2526,2026-09-29 16:15:26.7915+00,100,0,1805,25.6,94,0,1,Warning (MODERATE),Raining
2527,2026-09-29 16:15:33.075103+00,93,0,1806,25.6,94,0,1,Warning (MODERATE),Raining
2528,2026-09-29 16:15:39.68814+00,100,0,1806,25.6,94,0,1,Warning (MODERATE),Raining
2529,2026-09-29 16:15:46.319064+00,94,0,1808,25.6,94,0,2,Flood Alert (HIGH),Raining
2530,2026-09-29 16:15:52.611464+00,90,0,1808,25.6,94,0,1,Warning (MOD),Raining
2531,2026-09-29 16:15:59.477079+00,93,0,1806,25.6,94,0,1,Warning (MOD),Raining
2532,2026-09-29 16:16:05.755676+00,97,0,1807,25.6,94,0,2,Flood Alert (HIGH),Raining
2533,2026-09-29 16:16:11.893057+00,88,0,1807,25.6,94,0,2,Flood Alert (HIGH),Raining
2534,2026-09-29 16:16:18.301594+00,100,0,1807,25.6,94,0,2,Alert (HIGH),Raining
2535,2026-09-29 16:16:24.718337+00,100,0,1808,25.6,94,0,1,Warning (MODERATE),Raining
2536,2026-09-29 16:16:31.091052+00,100,0,1810,25.6,94,0,1,Warning (MODERATE),Raining
2537,2026-09-29 16:16:37.512783+00,96,0,1810,25.6,94,0,2,Flood Alert (HIGH),Raining
2538,2026-09-29 16:16:43.559094+00,100,0,1809,25.6,94,0,1,Warning (MODERATE),Raining
2539,2026-09-29 16:16:49.717366+00,99,0,1809,25.6,94,0,2,Alert (HIGH),Raining
2540,2026-09-29 16:16:55.882772+00,97,0,1808,25.6,94,0,1,Warning (MODERATE),Raining
2541,2026-09-29 16:17:02.207599+00,87,0,1810,25.6,94,0,1,Warning (MOD),Raining
2542,2026-09-29 16:17:08.421211+00,93,0,1808,25.6,94,0,1,Warning (MOD),Raining
2543,2026-09-29 16:17:22.702304+00,88,0,1811,25.5,95,1,2,Flood Alert (HIGH),Raining
2544,2026-09-29 16:17:29.087812+00,100,0,1810,25.5,95,1,1,Warning (MOD),Raining
2545,2026-09-29 16:17:35.429397+00,94,0,1809,25.5,95,1,1,Warning (MOD),Raining
2546,2026-09-29 16:17:42.08363+00,100,0,1808,25.5,95,1,2,Flood Alert (HIGH),Raining
2547,2026-09-29 16:17:48.418519+00,100,0,1811,25.5,95,1,2,Flood Alert (HIGH),Raining
2548,2026-09-29 16:17:54.990681+00,90,0,1809,25.5,95,1,1,Warning (MOD),Raining
2549,2026-09-29 16:18:01.405463+00,92,0,1809,25.5,95,1,1,Warning (MOD),Raining
2550,2026-09-29 16:18:07.693823+00,96,0,1810,25.5,95,1,1,Warning (MODERATE),Raining
2551,2026-09-29 16:18:13.883143+00,89,0,1812,25.5,95,1,2,Flood Alert (HIGH),Raining
2552,2026-09-29 16:18:19.815159+00,99,0,1810,25.5,95,1,2,Flood Alert (HIGH),Raining
2553,2026-09-29 16:18:25.860731+00,99,0,1810,25.5,95,1,1,Warning (MODERATE),Raining
2554,2026-09-29 16:18:32.021974+00,98,0,1811,25.5,95,1,2,Flood Alert (HIGH),Raining
2555,2026-09-29 16:18:38.000372+00,100,0,1811,25.5,95,1,2,Flood Alert (HIGH),Raining
2556,2026-09-29 16:18:44.119506+00,88,0,1809,25.5,95,1,1,Warning (MOD),Raining
2557,2026-09-29 16:18:50.560994+00,88,0,1810,25.5,95,1,1,Warning (MOD),Raining
2558,2026-09-29 16:18:56.822944+00,100,0,1810,25.5,95,1,1,Warning (MOD),Raining
2559,2026-09-29 16:19:03.190122+00,88,0,1811,25.5,95,1,1,Warning (MOD),Raining
2560,2026-09-29 16:19:09.511785+00,89,0,1811,25.5,95,1,1,Warning (MOD),Raining
2561,2026-09-29 16:19:15.658106+00,100,0,1812,25.5,95,1,1,Warning (MOD),Raining
2562,2026-09-29 16:19:21.743149+00,97,0,1809,25.5,95,1,1,Warning (MOD),Raining
2563,2026-09-29 16:19:27.866115+00,87,0,1810,25.5,95,1,1,Warning (MOD),Raining
2564,2026-09-29 16:19:33.993825+00,89,0,1809,25.5,95,1,1,Warning (MODERATE),Raining
2565,2026-09-29 16:19:40.274148+00,87,0,1810,25.5,95,1,1,Warning (MOD),Raining
2566,2026-09-29 16:19:46.390901+00,90,0,1813,25.5,95,1,2,Flood Alert (HIGH),Raining
2567,2026-09-29 16:19:52.618237+00,100,0,1812,25.5,95,1,1,Warning (MODERATE),Raining
2568,2026-09-29 16:19:58.967628+00,96,0,1812,25.5,95,1,1,Warning (MODERATE),Raining
2569,2026-09-29 16:20:05.392106+00,87,0,1813,25.5,95,1,1,Warning (MODERATE),Raining
2570,2026-09-29 16:20:11.482407+00,95,0,1816,25.5,95,1,1,Warning (MODERATE),Raining
2571,2026-09-29 16:20:17.672154+00,87,0,1814,25.5,95,1,1,Warning (MODERATE),Raining
2572,2026-09-29 16:20:23.80497+00,88,0,1815,25.5,95,1,1,Warning (MODERATE),Raining
2573,2026-09-29 16:20:29.835145+00,88,0,1816,25.5,95,1,1,Warning (MODERATE),Raining
2574,2026-09-29 16:20:35.953604+00,88,0,1815,25.5,95,1,1,Warning (MODERATE),Raining
2575,2026-09-29 16:20:42.159176+00,90,0,1816,25.5,95,1,1,Warning (MODERATE),Raining
2576,2026-09-29 16:20:48.132904+00,87,0,1814,25.5,95,1,1,Warning (MODERATE),Raining
2577,2026-09-29 16:20:54.861997+00,89,0,1814,25.5,95,1,1,Warning (MODERATE),Raining
2578,2026-09-29 16:21:01.365535+00,100,0,1817,25.5,95,1,1,Warning (MODERATE),Raining
2579,2026-09-29 16:21:07.699221+00,96,0,1815,25.5,95,1,1,Warning (MODERATE),Raining
2580,2026-09-29 16:21:14.170408+00,95,0,1813,25.5,95,1,1,Warning (MODERATE),Raining
2581,2026-09-29 16:21:20.485365+00,91,0,1815,25.5,95,1,1,Warning (MODERATE),Raining
2582,2026-09-29 16:21:26.442907+00,95,0,1814,25.5,95,1,1,Warning (MODERATE),Raining
2583,2026-09-29 16:21:32.646635+00,98,0,1814,25.5,95,1,2,Flood Alert (HIGH),Raining
2584,2026-09-29 16:21:38.688483+00,100,0,1813,25.5,95,1,1,Warning (MODERATE),Raining
2585,2026-09-29 16:21:44.673746+00,92,0,1816,25.5,95,1,1,Warning (MODERATE),Raining
2586,2026-09-29 16:21:50.93823+00,100,0,1816,25.5,95,1,2,Flood Alert (HIGH),Raining
2587,2026-09-29 16:21:57.025264+00,96,0,1816,25.5,95,1,2,Flood Alert (HIGH),Raining
2588,2026-09-29 16:22:03.019353+00,99,0,1816,25.5,95,1,2,Flood Alert (HIGH),Raining
2589,2026-09-29 16:22:09.434115+00,97,0,1817,25.5,95,1,2,Alert (HIGH),Raining
2590,2026-09-29 16:22:15.408216+00,100,0,1814,25.5,95,1,1,Warning (MOD),Raining
2591,2026-09-29 16:22:21.469141+00,100,0,1815,25.5,95,1,1,Warning (MODERATE),Raining
2592,2026-09-29 16:22:27.546027+00,100,0,1814,25.5,95,1,1,Warning (MODERATE),Raining
2593,2026-09-29 16:22:33.644935+00,99,0,1814,25.5,95,1,1,Warning (MODERATE),Raining
2594,2026-09-29 16:22:39.746525+00,88,0,1561,25.5,95,1,2,Flood Alert (HIGH),Raining
2595,2026-09-29 16:22:45.71608+00,96,0,1816,25.5,95,1,2,Flood Alert (HIGH),Raining
2596,2026-09-29 16:22:51.856014+00,87,0,1815,25.5,95,1,2,Flood Alert (HIGH),Raining
2597,2026-09-29 16:22:58.043714+00,98,0,1817,25.5,95,1,2,Flood Alert (HIGH),Raining
2598,2026-09-29 16:23:04.05653+00,87,0,1814,25.5,95,1,1,Warning (MOD),Raining
2599,2026-09-29 16:23:10.307377+00,91,0,1815,25.5,95,1,1,Warning (MOD),Raining
2600,2026-09-29 16:23:16.451086+00,91,0,1816,25.5,95,1,1,Warning (MOD),Raining
2601,2026-09-29 16:23:22.550197+00,100,0,1818,25.5,95,1,1,Warning (MOD),Raining
2602,2026-09-29 16:23:28.941764+00,100,0,1818,25.5,95,1,2,Alert (HIGH),Raining
2603,2026-09-29 16:23:35.163782+00,87,0,1816,25.5,95,1,1,Warning (MOD),Raining
2604,2026-09-29 16:23:41.66108+00,96,0,1817,25.5,95,1,1,Warning (MOD),Raining
2605,2026-09-29 16:23:47.640003+00,93,0,1818,25.5,95,1,1,Warning (MODERATE),Raining
2606,2026-09-29 16:23:53.612887+00,100,0,1818,25.5,95,1,1,Warning (MODERATE),Raining
2607,2026-09-29 16:24:00.31618+00,92,0,1817,25.5,95,1,2,Flood Alert (HIGH),Raining
2608,2026-09-29 16:24:06.686246+00,97,0,1819,25.5,95,1,2,Flood Alert (HIGH),Raining
2609,2026-09-29 16:24:12.976224+00,98,0,1817,25.5,95,1,2,Flood Alert (HIGH),Raining
2610,2026-09-29 16:24:19.036461+00,96,0,1818,25.5,95,1,2,Flood Alert (HIGH),Raining
2611,2026-09-29 16:24:24.945969+00,97,0,1818,25.5,95,1,1,Warning (MODERATE),Raining
2612,2026-09-29 16:24:31.307955+00,100,0,1818,25.5,95,1,1,Warning (MODERATE),Raining
2613,2026-09-29 16:24:37.450846+00,100,0,1815,25.5,95,1,1,Warning (MOD),Raining
2614,2026-09-29 16:24:43.591244+00,96,0,1816,25.5,95,1,1,Warning (MODERATE),Raining
2615,2026-09-29 16:24:49.819869+00,87,0,1816,25.5,95,1,2,Flood Alert (HIGH),Raining
2616,2026-09-29 16:24:56.204828+00,88,0,1818,25.5,95,1,2,Flood Alert (HIGH),Raining
2617,2026-09-29 16:25:02.766011+00,94,0,1817,25.5,95,1,2,Flood Alert (HIGH),Raining
2618,2026-09-29 16:25:08.865301+00,88,0,1816,25.5,95,1,2,Flood Alert (HIGH),Raining
2619,2026-09-29 16:25:15.342596+00,97,0,1816,25.5,95,1,2,Flood Alert (HIGH),Raining
2620,2026-09-29 16:25:21.654705+00,100,0,1818,25.5,95,1,1,Warning (MODERATE),Raining
2621,2026-09-29 16:25:27.773332+00,88,0,1817,25.5,95,1,2,Flood Alert (HIGH),Raining
2622,2026-09-29 16:25:33.723516+00,88,0,1815,25.5,95,1,2,Flood Alert (HIGH),Raining
2623,2026-09-29 16:25:39.687789+00,91,0,1816,25.5,95,1,1,Warning (MOD),Raining
2624,2026-09-29 16:25:45.847837+00,89,0,1819,25.5,95,1,1,Warning (MOD),Raining
2625,2026-09-29 16:25:52.183908+00,100,0,1816,25.5,95,1,1,Warning (MODERATE),Raining
2626,2026-09-29 16:25:58.297741+00,92,0,1818,25.5,95,1,1,Warning (MODERATE),Raining
2627,2026-09-29 16:26:04.229521+00,95,0,1815,25.5,95,1,1,Warning (MODERATE),Raining
2628,2026-09-29 16:26:10.25171+00,98,0,1819,25.5,95,1,1,Warning (MODERATE),Raining
2629,2026-09-29 16:26:16.341815+00,90,0,1817,25.5,95,1,1,Warning (MOD),Raining
2630,2026-09-29 16:26:22.936225+00,91,0,1816,25.5,95,1,2,Flood Alert (HIGH),Raining
2631,2026-09-29 16:26:29.060886+00,100,0,1817,25.5,95,1,1,Warning (MODERATE),Raining
2632,2026-09-29 16:26:35.234524+00,87,0,1817,25.5,95,1,1,Warning (MODERATE),Raining
2633,2026-09-29 16:26:41.23281+00,87,0,1816,25.5,95,1,2,Flood Alert (HIGH),Raining
2634,2026-09-29 16:26:47.400432+00,89,0,1820,25.5,95,1,1,Warning (MOD),Raining
2635,2026-09-29 16:26:53.773051+00,87,0,1819,25.5,95,1,1,Warning (MODERATE),Raining
2636,2026-09-29 16:27:00.151736+00,93,0,1816,25.5,95,1,1,Warning (MODERATE),Raining
2637,2026-09-29 16:27:06.200538+00,97,0,1819,25.5,95,1,1,Warning (MODERATE),Raining
2638,2026-09-29 16:27:12.659962+00,99,0,1820,25.5,95,1,1,Warning (MODERATE),Raining
2639,2026-09-29 16:27:21.066033+00,92,0,1820,25.5,95,1,1,Warning (MOD),Raining
2640,2026-09-29 16:27:27.22622+00,99,0,1818,25.5,95,1,2,Alert (HIGH),Raining
2641,2026-09-29 16:27:33.319518+00,98,0,1817,25.5,95,1,2,Alert (HIGH),Raining
2642,2026-09-29 16:27:39.431343+00,94,0,1819,25.5,95,1,1,Warning (MODERATE),Raining
2643,2026-09-29 16:27:45.600497+00,96,0,1818,25.5,95,1,1,Warning (MODERATE),Raining
2644,2026-09-29 16:27:52.03901+00,90,0,1819,25.5,95,1,1,Warning (MOD),Raining
2645,2026-09-29 16:27:58.294449+00,90,0,1817,25.5,95,1,1,Warning (MOD),Raining
2646,2026-09-29 16:28:04.223588+00,88,0,1818,25.5,95,1,2,Flood Alert (HIGH),Raining
2647,2026-09-29 16:28:10.220303+00,90,0,1819,25.5,95,1,2,Flood Alert (HIGH),Raining
2648,2026-09-29 16:28:16.479644+00,94,0,1819,25.5,95,1,2,Flood Alert (HIGH),Raining
2649,2026-09-29 16:28:22.649188+00,100,0,1820,25.5,95,1,1,Warning (MODERATE),Raining
2650,2026-09-29 16:28:28.595266+00,100,0,1816,25.5,95,1,1,Warning (MODERATE),Raining
2651,2026-09-29 16:28:34.606067+00,94,0,1818,25.5,95,1,1,Warning (MODERATE),Raining
2652,2026-09-29 16:28:40.665589+00,95,0,1817,25.5,95,1,1,Warning (MODERATE),Raining
2653,2026-09-29 16:28:46.714203+00,89,0,1818,25.5,95,1,1,Warning (MODERATE),Raining
2654,2026-09-29 16:28:52.733635+00,100,0,1820,25.5,95,1,1,Warning (MODERATE),Raining
2655,2026-09-29 16:28:58.839994+00,97,0,1821,25.5,95,1,1,Warning (MODERATE),Raining
2656,2026-09-29 16:29:05.250728+00,89,0,1821,25.5,95,1,1,Warning (MOD),Raining
2657,2026-09-29 16:29:11.328742+00,95,0,1819,25.5,95,1,2,Flood Alert (HIGH),Raining
2658,2026-09-29 16:29:17.675345+00,97,0,1818,25.5,95,1,2,Flood Alert (HIGH),Raining
2659,2026-09-29 16:29:23.698491+00,87,0,1821,25.5,95,1,2,Flood Alert (HIGH),Raining
2660,2026-09-29 16:29:29.725614+00,95,0,1821,25.5,95,1,1,Warning (MODERATE),Raining
2661,2026-09-29 16:29:36.053332+00,92,0,1818,25.5,95,1,1,Warning (MODERATE),Raining
2662,2026-09-29 16:29:42.200103+00,99,0,1821,25.5,95,1,1,Warning (MODERATE),Raining
2663,2026-09-29 16:29:48.421792+00,100,0,1821,25.5,95,1,1,Warning (MODERATE),Raining
2664,2026-09-29 16:29:54.564875+00,88,0,1818,25.5,95,1,2,Flood Alert (HIGH),Raining
2665,2026-09-29 16:30:00.810264+00,100,0,1818,25.5,95,1,2,Alert (HIGH),Raining
2666,2026-09-29 16:30:07.18819+00,100,0,1819,25.5,95,1,1,Warning (MODERATE),Raining
2667,2026-09-29 16:30:13.617983+00,100,0,1818,25.5,95,1,1,Warning (MODERATE),Raining
2668,2026-09-29 16:30:20.103024+00,96,0,1818,25.5,95,1,1,Warning (MODERATE),Raining
2669,2026-09-29 16:30:26.090924+00,99,0,1817,25.5,95,1,2,Alert (HIGH),Raining
2670,2026-09-29 16:30:32.482219+00,92,0,1818,25.5,95,1,2,Flood Alert (HIGH),Raining
2671,2026-09-29 16:30:38.55938+00,100,0,1818,25.5,95,1,2,Flood Alert (HIGH),Raining
2672,2026-09-29 16:30:44.4791+00,97,0,1818,25.5,95,1,1,Warning (MODERATE),Raining
2673,2026-09-29 16:30:50.500979+00,90,0,1818,25.5,95,1,2,Flood Alert (HIGH),Raining
2674,2026-09-29 16:30:56.576175+00,99,0,1820,25.5,95,1,2,Flood Alert (HIGH),Raining
2675,2026-09-29 16:31:02.692585+00,90,0,1829,25.5,95,1,1,Warning (MOD),Raining
2676,2026-09-29 16:31:08.905909+00,100,0,1831,25.5,95,1,2,Alert (HIGH),Raining
2677,2026-09-29 16:31:15.334326+00,96,0,1834,25.5,95,1,2,Flood Alert (HIGH),Raining
2678,2026-09-29 16:31:21.392703+00,97,0,1835,25.5,95,1,1,Warning (MODERATE),Raining
2679,2026-09-29 16:31:28.121304+00,86,0,1836,25.5,95,1,2,Flood Alert (HIGH),Raining
2680,2026-09-29 16:31:34.464588+00,98,0,1835,25.5,95,1,1,Warning (MOD),Raining
2681,2026-09-29 16:31:40.543134+00,100,0,1841,25.5,95,1,2,Flood Alert (HIGH),Raining
2682,2026-09-29 16:31:47.044796+00,100,0,1837,25.5,95,1,1,Warning (MODERATE),Raining
2683,2026-09-29 16:31:53.35497+00,100,0,1840,25.5,95,1,2,Flood Alert (HIGH),Raining
2684,2026-09-29 16:31:59.652535+00,95,0,1841,25.5,95,1,2,Flood Alert (HIGH),Raining
2685,2026-09-29 16:32:06.203956+00,88,0,1840,25.5,95,1,2,Flood Alert (HIGH),Raining
2686,2026-09-29 16:32:12.464072+00,100,0,1841,25.5,95,1,2,Flood Alert (HIGH),Raining
2687,2026-09-29 16:32:18.62226+00,95,0,1841,25.5,95,1,2,Flood Alert (HIGH),Raining
2688,2026-09-29 16:32:24.997591+00,97,0,1839,25.5,95,1,2,Flood Alert (HIGH),Raining
2689,2026-09-29 16:32:31.162301+00,96,0,1843,25.5,95,1,2,Flood Alert (HIGH),Raining
2690,2026-09-29 16:32:37.251704+00,100,0,1843,25.5,95,1,2,Flood Alert (HIGH),Raining
2691,2026-09-29 16:32:43.254197+00,96,0,1841,25.5,95,1,2,Flood Alert (HIGH),Raining
2692,2026-09-29 16:32:49.313494+00,90,0,1843,25.5,95,1,2,Flood Alert (HIGH),Raining
2693,2026-09-29 16:32:55.321682+00,94,0,1845,25.5,95,1,1,Warning (MOD),Raining
2694,2026-09-29 16:33:01.65162+00,100,0,1846,25.5,95,1,2,Flood Alert (HIGH),Raining
2695,2026-09-29 16:33:08.062448+00,97,0,1846,25.5,95,1,2,Alert (HIGH),Raining
2696,2026-09-29 16:33:14.367803+00,99,0,1845,25.5,95,1,1,Warning (MODERATE),Raining
2697,2026-09-29 16:33:20.661631+00,94,0,1847,25.5,95,1,1,Warning (MOD),Raining
2698,2026-09-29 16:33:26.597799+00,99,0,1845,25.5,95,1,2,Alert (HIGH),Raining
2699,2026-09-29 16:33:32.51869+00,100,0,1845,25.5,95,1,1,Warning (MODERATE),Raining
2700,2026-09-29 16:33:38.564874+00,90,0,1846,25.5,95,1,1,Warning (MOD),Raining
2701,2026-09-29 16:33:44.665431+00,92,0,1847,25.5,95,1,2,Flood Alert (HIGH),Raining
2702,2026-09-29 16:33:50.977234+00,95,0,1847,25.5,95,1,1,Warning (MOD),Raining
2703,2026-09-29 16:33:56.886968+00,100,0,1846,25.5,95,1,2,Alert (HIGH),Raining
2704,2026-09-29 16:34:03.210527+00,98,0,1847,25.5,95,1,1,Warning (MODERATE),Raining
2705,2026-09-29 16:34:09.415966+00,93,0,1844,25.5,95,1,1,Warning (MOD),Raining
2706,2026-09-29 16:34:15.447968+00,89,0,1844,25.5,95,1,2,Flood Alert (HIGH),Raining
2707,2026-09-29 16:34:21.618602+00,94,0,1845,25.5,95,1,1,Warning (MOD),Raining
2708,2026-09-29 16:34:27.690709+00,96,0,1844,25.5,95,1,1,Warning (MOD),Raining
2709,2026-09-29 16:34:33.858331+00,90,0,1844,25.5,95,1,1,Warning (MOD),Raining
2710,2026-09-29 16:34:39.984587+00,94,0,1844,25.5,95,1,2,Flood Alert (HIGH),Raining
2711,2026-09-29 16:34:46.004895+00,95,0,1843,25.5,95,1,2,Flood Alert (HIGH),Raining
2712,2026-09-29 16:34:52.264281+00,91,0,1846,25.5,95,1,1,Warning (MOD),Raining
2713,2026-09-29 16:34:58.34135+00,98,0,1845,25.5,95,1,2,Flood Alert (HIGH),Raining
2714,2026-09-29 16:35:04.445635+00,97,0,1844,25.5,95,1,2,Alert (HIGH),Raining
2715,2026-09-29 16:35:10.532874+00,99,0,1845,25.5,95,1,2,Alert (HIGH),Raining
2716,2026-09-29 16:35:16.439903+00,100,0,1844,25.5,95,1,2,Flood Alert (HIGH),Raining
2717,2026-09-29 16:35:22.552341+00,87,0,1843,25.5,95,1,1,Warning (MOD),Raining
2718,2026-09-29 16:35:28.82112+00,99,0,1844,25.5,95,1,2,Alert (HIGH),Raining
2719,2026-09-29 16:35:34.879292+00,97,0,1843,25.5,95,1,1,Warning (MOD),Raining
2720,2026-09-29 16:35:40.901988+00,89,0,143,25.5,95,1,2,Alert (HIGH),Raining
2721,2026-09-29 16:35:46.986751+00,99,0,1844,25.5,95,1,2,Flood Alert (HIGH),Raining
2722,2026-09-29 16:35:52.874858+00,100,0,1845,25.5,95,1,2,Alert (HIGH),Raining
2723,2026-09-29 16:35:59.000126+00,86,0,401,25.5,95,1,2,Flood Alert (HIGH),Raining
2724,2026-09-29 16:36:05.292587+00,100,0,1846,25.5,95,1,1,Warning (MOD),Raining
2725,2026-09-29 16:36:11.380649+00,98,0,1824,25.5,95,1,1,Warning (MOD),Raining
2726,2026-09-29 16:36:17.351629+00,100,0,1821,25.5,95,1,1,Warning (MOD),Raining
2727,2026-09-29 16:36:23.544606+00,92,0,1819,25.5,95,1,1,Warning (MOD),Raining
2728,2026-09-29 16:36:29.451064+00,96,0,1822,25.5,95,1,2,Flood Alert (HIGH),Raining
2729,2026-09-29 16:36:35.532221+00,93,0,1820,25.5,95,1,2,Flood Alert (HIGH),Raining
2730,2026-09-29 16:36:41.40821+00,100,0,1822,25.5,95,1,2,Flood Alert (HIGH),Raining
2731,2026-09-29 16:36:47.478689+00,92,0,1821,25.5,95,1,2,Flood Alert (HIGH),Raining
2732,2026-09-29 16:36:53.562309+00,96,0,1822,25.5,95,1,2,Flood Alert (HIGH),Raining
2733,2026-09-29 16:36:59.460964+00,92,0,1822,25.5,95,1,2,Flood Alert (HIGH),Raining
2734,2026-09-29 16:37:05.384823+00,88,0,1818,25.5,95,1,2,Flood Alert (HIGH),Raining
2735,2026-09-29 16:37:11.414778+00,94,0,1818,25.5,95,1,1,Warning (MOD),Raining
2736,2026-09-29 16:37:17.665783+00,96,0,1819,25.5,95,1,1,Warning (MOD),Raining
2737,2026-09-29 16:37:23.846234+00,90,0,1819,25.4,95,2,2,Flood Alert (HIGH),Raining
2738,2026-09-29 16:37:30.242367+00,95,0,1820,25.4,95,2,1,Warning (MOD),Raining
2739,2026-09-29 16:37:36.427967+00,92,0,1819,25.4,95,2,1,Warning (MOD),Raining
2740,2026-09-29 16:37:42.405601+00,100,0,1818,25.4,95,2,2,Alert (HIGH),Raining
2741,2026-09-29 16:37:48.306511+00,100,0,1820,25.4,95,2,1,Warning (MODERATE),Raining
2742,2026-09-29 16:37:54.353518+00,87,0,1818,25.4,95,2,1,Warning (MODERATE),Raining
2743,2026-09-29 16:38:00.361868+00,90,0,1821,25.4,95,2,2,Flood Alert (HIGH),Raining
2744,2026-09-29 16:38:06.527884+00,97,0,1823,25.4,95,2,2,Flood Alert (HIGH),Raining
2745,2026-09-29 16:38:12.620502+00,100,0,1822,25.4,95,2,2,Alert (HIGH),Raining
2746,2026-09-29 16:38:18.536184+00,87,0,1820,25.4,95,2,2,Flood Alert (HIGH),Raining
2747,2026-09-29 16:38:24.612376+00,89,0,1821,25.4,95,2,2,Flood Alert (HIGH),Raining
2748,2026-09-29 16:38:30.985787+00,98,0,1822,25.4,95,2,2,Flood Alert (HIGH),Raining
2749,2026-09-29 16:38:37.1028+00,87,0,1820,25.4,95,2,2,Flood Alert (HIGH),Raining
2750,2026-09-29 16:38:43.325347+00,96,0,1820,25.4,95,2,1,Warning (MODERATE),Raining
2751,2026-09-29 16:38:49.750496+00,100,0,1824,25.4,95,2,1,Warning (MODERATE),Raining
2752,2026-09-29 16:38:56.042698+00,95,0,1819,25.4,95,2,2,Flood Alert (HIGH),Raining
2753,2026-09-29 16:39:02.343458+00,90,0,1822,25.4,95,2,1,Warning (MOD),Raining
2754,2026-09-29 16:39:08.344465+00,94,0,1821,25.4,95,2,1,Warning (MODERATE),Raining
2755,2026-09-29 16:39:14.594298+00,100,0,1821,25.4,95,2,1,Warning (MODERATE),Raining
2756,2026-09-29 16:39:20.864785+00,90,0,1821,25.4,95,2,2,Flood Alert (HIGH),Raining
2757,2026-09-29 16:39:27.047834+00,93,0,1817,25.4,95,2,1,Warning (MODERATE),Raining
2758,2026-09-29 16:39:33.019395+00,87,0,1821,25.4,95,2,2,Flood Alert (HIGH),Raining
2759,2026-09-29 16:39:39.275806+00,100,0,1822,25.4,95,2,1,Warning (MOD),Raining
2760,2026-09-29 16:39:45.494501+00,95,0,1818,25.4,95,2,1,Warning (MOD),Raining
2761,2026-09-29 16:39:51.879827+00,90,0,1822,25.4,95,2,1,Warning (MOD),Raining
2762,2026-09-29 16:39:58.098626+00,87,0,1818,25.4,95,2,2,Flood Alert (HIGH),Raining
2763,2026-09-29 16:40:04.591674+00,100,0,1819,25.4,95,2,2,Flood Alert (HIGH),Raining
2764,2026-09-29 16:40:10.717443+00,96,0,1817,25.4,95,2,1,Warning (MODERATE),Raining
2765,2026-09-29 16:40:16.983202+00,100,0,1818,25.4,95,2,1,Warning (MODERATE),Raining
2766,2026-09-29 16:40:23.060317+00,92,0,1817,25.4,95,2,1,Warning (MODERATE),Raining
2767,2026-09-29 16:40:29.254942+00,88,0,1815,25.4,95,2,2,Flood Alert (HIGH),Raining
2768,2026-09-29 16:40:35.487475+00,99,0,1815,25.4,95,2,1,Warning (MOD),Raining
2769,2026-09-29 16:40:41.754201+00,90,0,1816,25.4,95,2,1,Warning (MOD),Raining
2770,2026-09-29 16:40:47.87897+00,96,0,1815,25.4,95,2,2,Alert (HIGH),Raining
2771,2026-09-29 16:40:54.160196+00,100,0,1817,25.4,95,2,2,Alert (HIGH),Raining
2772,2026-09-29 16:41:00.424486+00,91,0,1814,25.4,95,2,1,Warning (MOD),Raining
2773,2026-09-29 16:41:06.510642+00,92,0,1815,25.4,95,2,2,Flood Alert (HIGH),Raining
2774,2026-09-29 16:41:12.767884+00,90,0,1815,25.4,95,2,2,Flood Alert (HIGH),Raining
2775,2026-09-29 16:41:19.1069+00,92,0,1815,25.4,95,2,1,Warning (MODERATE),Raining
2776,2026-09-29 16:41:25.382693+00,94,0,1815,25.4,95,2,1,Warning (MOD),Raining
2777,2026-09-29 16:41:31.757786+00,96,0,1817,25.4,95,2,2,Flood Alert (HIGH),Raining
2778,2026-09-29 16:41:37.781049+00,100,0,1818,25.4,95,2,2,Flood Alert (HIGH),Raining
2779,2026-09-29 16:41:44.041632+00,88,0,1817,25.4,95,2,2,Flood Alert (HIGH),Raining
2780,2026-09-29 16:41:50.055637+00,100,0,1814,25.4,95,2,1,Warning (MODERATE),Raining
2781,2026-09-29 16:41:56.278807+00,93,0,1817,25.4,95,2,1,Warning (MODERATE),Raining
2782,2026-09-29 16:42:02.642674+00,100,0,1817,25.4,95,2,2,Flood Alert (HIGH),Raining
2783,2026-09-29 16:42:08.989154+00,90,0,1817,25.4,95,2,2,Flood Alert (HIGH),Raining
2784,2026-09-29 16:42:15.13159+00,99,0,1817,25.4,95,2,1,Warning (MODERATE),Raining
2785,2026-09-29 16:42:21.259125+00,100,0,1816,25.4,95,2,1,Warning (MODERATE),Raining
2786,2026-09-29 16:42:27.520909+00,93,0,1817,25.4,95,2,2,Flood Alert (HIGH),Raining
2787,2026-09-29 16:42:33.690772+00,89,0,1816,25.4,95,2,2,Flood Alert (HIGH),Raining
2788,2026-09-29 16:42:39.872082+00,93,0,1815,25.4,95,2,2,Flood Alert (HIGH),Raining
2789,2026-09-29 16:42:46.439615+00,90,0,1817,25.4,95,2,2,Flood Alert (HIGH),Raining
2790,2026-09-29 16:42:52.756162+00,93,0,1817,25.4,95,2,1,Warning (MOD),Raining
2791,2026-09-29 16:42:58.759106+00,100,0,1815,25.4,95,2,1,Warning (MOD),Raining
2792,2026-09-29 16:43:04.763366+00,88,0,1814,25.4,95,2,2,Flood Alert (HIGH),Raining
2793,2026-09-29 16:43:11.133653+00,100,0,1817,25.4,95,2,2,Alert (HIGH),Raining
2794,2026-09-29 16:43:17.220868+00,92,0,1815,25.4,95,2,2,Flood Alert (HIGH),Raining
2795,2026-09-29 16:43:23.230353+00,99,0,1816,25.4,95,2,1,Warning (MODERATE),Raining
2796,2026-09-29 16:43:29.410212+00,95,0,1818,25.4,95,2,1,Warning (MODERATE),Raining
2797,2026-09-29 16:43:35.615332+00,87,0,1816,25.4,95,2,2,Flood Alert (HIGH),Raining
2798,2026-09-29 16:43:41.763205+00,87,0,1817,25.4,95,2,2,Flood Alert (HIGH),Raining
2799,2026-09-29 16:43:47.886437+00,95,0,1816,25.4,95,2,2,Flood Alert (HIGH),Raining
2800,2026-09-29 16:43:54.147902+00,94,0,1818,25.4,95,2,1,Warning (MOD),Raining
2801,2026-09-29 16:44:00.562459+00,94,0,1816,25.4,95,2,1,Warning (MOD),Raining
2802,2026-09-29 16:44:06.954091+00,92,0,1817,25.4,95,2,1,Warning (MODERATE),Raining
2803,2026-09-29 16:44:13.107753+00,100,0,1815,25.4,95,2,1,Warning (MODERATE),Raining
2804,2026-09-29 16:44:19.239616+00,100,0,1817,25.4,95,2,1,Warning (MODERATE),Raining
2805,2026-09-29 16:44:25.384636+00,94,0,1819,25.4,95,2,1,Warning (MOD),Raining
2806,2026-09-29 16:44:31.607115+00,98,0,1818,25.4,95,2,2,Flood Alert (HIGH),Raining
2807,2026-09-29 16:44:38.269877+00,95,0,1815,25.4,95,2,1,Warning (MOD),Raining
2808,2026-09-29 16:44:44.512632+00,89,0,1817,25.4,95,2,2,Flood Alert (HIGH),Raining
2809,2026-09-29 16:44:50.844579+00,90,0,1813,25.4,95,2,1,Warning (MOD),Raining
2810,2026-09-29 16:44:56.858818+00,87,0,1815,25.4,95,2,1,Warning (MOD),Raining
2811,2026-09-29 16:45:03.302082+00,96,0,1818,25.4,95,2,2,Flood Alert (HIGH),Raining
2812,2026-09-29 16:45:09.586966+00,98,0,1819,25.4,95,2,1,Warning (MODERATE),Raining
2813,2026-09-29 16:45:15.475846+00,91,0,1815,25.4,95,2,2,Flood Alert (HIGH),Raining
2814,2026-09-29 16:45:21.531287+00,98,0,1817,25.4,95,2,1,Warning (MODERATE),Raining
2815,2026-09-29 16:45:27.575399+00,95,0,1816,25.4,95,2,1,Warning (MOD),Raining
2816,2026-09-29 16:45:34.102379+00,89,0,1817,25.4,95,2,1,Warning (MOD),Raining
2817,2026-09-29 16:45:40.227315+00,87,0,1815,25.4,95,2,1,Warning (MODERATE),Raining
2818,2026-09-29 16:45:46.481758+00,100,0,1817,25.4,95,2,2,Flood Alert (HIGH),Raining
2819,2026-09-29 16:45:52.705269+00,90,0,1816,25.4,95,2,1,Warning (MOD),Raining
2820,2026-09-29 16:45:59.140218+00,100,0,1815,25.4,95,2,2,Alert (HIGH),Raining
2821,2026-09-29 16:46:05.129298+00,94,0,1818,25.4,95,2,1,Warning (MOD),Raining
2822,2026-09-29 16:46:11.457881+00,95,0,1817,25.4,95,2,2,Flood Alert (HIGH),Raining
2823,2026-09-29 16:46:17.691008+00,100,0,1815,25.4,95,2,2,Flood Alert (HIGH),Raining
2824,2026-09-29 16:46:24.125061+00,100,0,1820,25.4,95,2,1,Warning (MODERATE),Raining
2825,2026-09-29 16:46:30.638116+00,94,0,1817,25.4,95,2,1,Warning (MOD),Raining
2826,2026-09-29 16:46:36.952074+00,94,0,1815,25.4,95,2,1,Warning (MOD),Raining
2827,2026-09-29 16:46:43.423541+00,94,0,1815,25.4,95,2,1,Warning (MOD),Raining
2828,2026-09-29 16:46:49.921217+00,89,0,1817,25.4,95,2,1,Warning (MOD),Raining
2829,2026-09-29 16:46:56.136257+00,92,0,1818,25.4,95,2,1,Warning (MOD),Raining
2830,2026-09-29 16:47:02.42854+00,100,0,1814,25.4,95,2,1,Warning (MOD),Raining
2831,2026-09-29 16:47:08.402288+00,99,0,1817,25.4,95,2,2,Flood Alert (HIGH),Raining
2832,2026-09-29 16:47:14.67153+00,94,0,1815,25.4,95,2,2,Flood Alert (HIGH),Raining
2833,2026-09-29 16:47:20.751607+00,99,0,1817,25.4,95,2,2,Flood Alert (HIGH),Raining
2834,2026-09-29 16:47:27.031987+00,87,0,1818,25.3,96,2,2,Flood Alert (HIGH),Raining
2835,2026-09-29 16:47:33.262928+00,100,0,1815,25.3,96,2,2,Flood Alert (HIGH),Raining
2836,2026-09-29 16:47:39.719286+00,94,0,1818,25.3,96,2,1,Warning (MOD),Raining
2837,2026-09-29 16:47:46.082634+00,94,0,1818,25.3,96,2,1,Warning (MOD),Raining
2838,2026-09-29 16:47:52.433153+00,89,0,1817,25.3,96,2,2,Flood Alert (HIGH),Raining
2839,2026-09-29 16:47:58.752942+00,92,0,1818,25.3,96,2,1,Warning (MOD),Raining
2840,2026-09-29 16:48:05.034268+00,87,0,1817,25.3,96,2,2,Flood Alert (HIGH),Raining
2841,2026-09-29 16:48:11.16763+00,100,0,1817,25.3,96,2,1,Warning (MODERATE),Raining
2842,2026-09-29 16:48:17.441231+00,94,0,1815,25.3,96,2,1,Warning (MODERATE),Raining
2843,2026-09-29 16:48:23.617221+00,97,0,1815,25.3,96,2,1,Warning (MODERATE),Raining
2844,2026-09-29 16:48:29.556976+00,99,0,1818,25.3,96,2,1,Warning (MODERATE),Raining
2845,2026-09-29 16:48:36.006931+00,100,0,1816,25.3,96,2,1,Warning (MODERATE),Raining
2846,2026-09-29 16:48:42.113122+00,100,0,1818,25.3,96,2,2,Alert (HIGH),Raining
2847,2026-09-29 16:48:48.359279+00,90,0,1818,25.3,96,2,2,Flood Alert (HIGH),Raining
2848,2026-09-29 16:48:54.451458+00,98,0,1818,25.3,96,2,2,Alert (HIGH),Raining
2849,2026-09-29 16:49:00.412702+00,88,0,1815,25.3,96,2,1,Warning (MOD),Raining
2850,2026-09-29 16:49:06.780906+00,89,0,1815,25.3,96,2,1,Warning (MOD),Raining
2851,2026-09-29 16:49:13.100988+00,97,0,1816,25.3,96,2,2,Flood Alert (HIGH),Raining
2852,2026-09-29 16:49:19.452078+00,90,0,1815,25.3,96,2,2,Flood Alert (HIGH),Raining
2853,2026-09-29 16:49:25.716188+00,92,0,1816,25.3,96,2,2,Flood Alert (HIGH),Raining
2854,2026-09-29 16:49:32.010925+00,100,0,1816,25.3,96,2,1,Warning (MODERATE),Raining
2855,2026-09-29 16:49:38.32172+00,91,0,1819,25.3,96,2,1,Warning (MODERATE),Raining
2856,2026-09-29 16:49:44.447532+00,100,0,1818,25.3,96,2,1,Warning (MODERATE),Raining
2857,2026-09-29 16:49:50.73091+00,90,0,1817,25.3,96,2,1,Warning (MOD),Raining
2858,2026-09-29 16:49:57.070921+00,97,0,1817,25.3,96,2,1,Warning (MODERATE),Raining
2859,2026-09-29 16:50:03.411047+00,90,0,1815,25.3,96,2,2,Flood Alert (HIGH),Raining
2860,2026-09-29 16:50:09.75796+00,98,0,1817,25.3,96,2,1,Warning (MODERATE),Raining
2861,2026-09-29 16:50:16.108883+00,92,0,1818,25.3,96,2,1,Warning (MODERATE),Raining
2862,2026-09-29 16:50:22.296815+00,99,0,1818,25.3,96,2,2,Alert (HIGH),Raining
2863,2026-09-29 16:50:28.291531+00,95,0,1819,25.3,96,2,1,Warning (MOD),Raining
2864,2026-09-29 16:50:34.619865+00,89,0,1818,25.3,96,2,1,Warning (MOD),Raining
2865,2026-09-29 16:50:40.856497+00,100,0,1816,25.3,96,2,2,Alert (HIGH),Raining
2866,2026-09-29 16:50:47.34846+00,100,0,1819,25.3,96,2,1,Warning (MODERATE),Raining
2867,2026-09-29 16:50:55.081546+00,100,0,1816,25.3,96,2,1,Warning (MODERATE),Raining
2868,2026-09-29 16:51:01.587629+00,87,0,1815,25.3,96,2,2,Flood Alert (HIGH),Raining
2869,2026-09-29 16:51:07.775256+00,93,0,1815,25.3,96,2,2,Flood Alert (HIGH),Raining
2870,2026-09-29 16:51:13.718378+00,90,0,1815,25.3,96,2,2,Flood Alert (HIGH),Raining
2871,2026-09-29 16:51:20.102626+00,87,0,1816,25.3,96,2,1,Warning (MOD),Raining
2872,2026-09-29 16:51:26.436162+00,94,0,1818,25.3,96,2,1,Warning (MOD),Raining
2873,2026-09-29 16:51:33.173725+00,88,0,1818,25.3,96,2,2,Flood Alert (HIGH),Raining
2874,2026-09-29 16:51:39.152483+00,94,0,1818,25.3,96,2,1,Warning (MODERATE),Raining
2875,2026-09-29 16:51:45.387875+00,94,0,1817,25.3,96,2,1,Warning (MODERATE),Raining
2876,2026-09-29 16:51:52.910926+00,88,0,1819,25.3,96,2,1,Warning (MOD),Raining
2877,2026-09-29 16:51:59.019505+00,100,0,1818,25.3,96,2,1,Warning (MOD),Raining
2878,2026-09-29 16:52:05.278227+00,95,0,1819,25.3,96,2,1,Warning (MOD),Raining
2879,2026-09-29 16:52:11.531323+00,90,0,1818,25.3,96,2,1,Warning (MODERATE),Raining
2880,2026-09-29 16:52:17.501101+00,100,0,1817,25.3,96,2,1,Warning (MODERATE),Raining
2881,2026-09-29 16:52:23.453843+00,98,0,1818,25.3,96,2,1,Warning (MODERATE),Raining
2882,2026-09-29 16:52:29.40561+00,96,0,1818,25.3,96,2,1,Warning (MODERATE),Raining
2883,2026-09-29 16:52:35.746256+00,88,0,1816,25.3,96,2,2,Flood Alert (HIGH),Raining
2884,2026-09-29 16:52:41.68846+00,90,0,1817,25.3,96,2,2,Flood Alert (HIGH),Raining
2885,2026-09-29 16:52:47.988894+00,89,0,1818,25.3,96,2,2,Flood Alert (HIGH),Raining
2886,2026-09-29 16:52:54.098472+00,100,0,1819,25.3,96,2,1,Warning (MODERATE),Raining
2887,2026-09-29 16:53:00.470611+00,97,0,1819,25.3,96,2,2,Alert (HIGH),Raining
2888,2026-09-29 16:53:06.772705+00,100,0,1818,25.3,96,2,2,Alert (HIGH),Raining
2889,2026-09-29 16:53:13.503069+00,89,0,1818,25.3,96,2,2,Flood Alert (HIGH),Raining
2890,2026-09-29 16:53:19.625535+00,88,0,1819,25.3,96,2,2,Flood Alert (HIGH),Raining
2891,2026-09-29 16:53:25.769793+00,97,0,1819,25.3,96,2,1,Warning (MOD),Raining
2892,2026-09-29 16:53:31.840817+00,97,0,1817,25.3,96,2,1,Warning (MOD),Raining
2893,2026-09-29 16:53:38.076389+00,90,0,1817,25.3,96,2,1,Warning (MODERATE),Raining
2894,2026-09-29 16:53:44.112628+00,100,0,1816,25.3,96,2,1,Warning (MODERATE),Raining
2895,2026-09-29 16:53:50.252967+00,100,0,1816,25.3,96,2,2,Flood Alert (HIGH),Raining
2896,2026-09-29 16:53:56.483215+00,95,0,1818,25.3,96,2,2,Flood Alert (HIGH),Raining
2897,2026-09-29 16:54:02.658528+00,98,0,1820,25.3,96,2,1,Warning (MODERATE),Raining
2898,2026-09-29 16:54:08.73069+00,100,0,1817,25.3,96,2,1,Warning (MOD),Raining
2899,2026-09-29 16:54:14.72696+00,98,0,1819,25.3,96,2,2,Alert (HIGH),Raining
2900,2026-09-29 16:54:21.031544+00,100,0,1817,25.3,96,2,2,Flood Alert (HIGH),Raining
2901,2026-09-29 16:54:27.448402+00,89,0,1816,25.3,96,2,2,Flood Alert (HIGH),Raining
2902,2026-09-29 16:54:33.505616+00,91,0,1819,25.3,96,2,2,Flood Alert (HIGH),Raining
2903,2026-09-29 16:54:39.675208+00,88,0,1821,25.3,96,2,1,Warning (MOD),Raining
2904,2026-09-29 16:54:46.008693+00,88,0,1818,25.3,96,2,1,Warning (MOD),Raining
2905,2026-09-29 16:54:52.264752+00,90,0,1819,25.3,96,2,2,Flood Alert (HIGH),Raining
2906,2026-09-29 16:54:58.474937+00,94,0,1818,25.3,96,2,2,Flood Alert (HIGH),Raining
2907,2026-09-29 16:55:04.558319+00,98,0,1818,25.3,96,2,1,Warning (MOD),Raining
2908,2026-09-29 16:55:10.830809+00,100,0,1817,25.3,96,2,2,Alert (HIGH),Raining
2909,2026-09-29 16:55:16.899245+00,96,0,1821,25.3,96,2,2,Flood Alert (HIGH),Raining
2910,2026-09-29 16:55:23.169438+00,87,0,1819,25.3,96,2,1,Warning (MOD),Raining
2911,2026-09-29 16:55:29.141006+00,98,0,1821,25.3,96,2,2,Flood Alert (HIGH),Raining
2912,2026-09-29 16:55:35.560355+00,96,0,1816,25.3,96,2,1,Warning (MODERATE),Raining
2913,2026-09-29 16:55:41.83287+00,88,0,1817,25.3,96,2,1,Warning (MODERATE),Raining
2914,2026-09-29 16:55:47.989984+00,98,0,1818,25.3,96,2,1,Warning (MODERATE),Raining
2915,2026-09-29 16:55:54.170586+00,88,0,1820,25.3,96,2,1,Warning (MOD),Raining
2916,2026-09-29 16:56:00.196038+00,100,0,1818,25.3,96,2,2,Alert (HIGH),Raining
2917,2026-09-29 16:56:06.340661+00,96,0,1820,25.3,96,2,2,Alert (HIGH),Raining
2918,2026-09-29 16:56:12.533799+00,100,0,1816,25.3,96,2,2,Flood Alert (HIGH),Raining
2919,2026-09-29 16:56:18.942579+00,90,0,1816,25.3,96,2,2,Flood Alert (HIGH),Raining
2920,2026-09-29 16:56:25.455356+00,96,0,1817,25.3,96,2,2,Alert (HIGH),Raining
2921,2026-09-29 16:56:31.729443+00,100,0,1820,25.3,96,2,2,Alert (HIGH),Raining
2922,2026-09-29 16:56:38.25127+00,92,0,1819,25.3,96,2,2,Flood Alert (HIGH),Raining
2923,2026-09-29 16:56:44.4982+00,93,0,1819,25.3,96,2,2,Flood Alert (HIGH),Raining
2924,2026-09-29 16:56:50.778402+00,100,0,1817,25.3,96,2,1,Warning (MODERATE),Raining
2925,2026-09-29 16:56:56.866474+00,94,0,1817,25.3,96,2,2,Flood Alert (HIGH),Raining
2926,2026-09-29 16:57:02.870537+00,92,0,1820,25.3,96,2,1,Warning (MOD),Raining
2927,2026-09-29 16:57:09.03499+00,93,0,1817,25.3,96,2,2,Flood Alert (HIGH),Raining
2928,2026-09-29 16:57:14.995753+00,88,0,1818,25.3,96,2,1,Warning (MOD),Raining
2929,2026-09-29 16:57:21.292621+00,87,0,1820,25.3,96,2,2,Flood Alert (HIGH),Raining
2930,2026-09-29 16:57:28.828975+00,88,0,1818,25.3,96,2,2,Flood Alert (HIGH),Raining
2931,2026-09-29 16:57:35.279729+00,91,0,1817,25.3,96,2,1,Warning (MODERATE),Raining
2932,2026-09-29 16:57:41.660418+00,98,0,1817,25.3,96,2,1,Warning (MODERATE),Raining
2933,2026-09-29 16:57:48.536337+00,100,0,1818,25.3,96,2,1,Warning (MODERATE),Raining
2934,2026-09-29 16:57:54.546856+00,94,0,1817,25.3,96,2,1,Warning (MODERATE),Raining
2935,2026-09-29 16:58:01.011791+00,88,0,1817,25.3,96,2,1,Warning (MOD),Raining
2936,2026-09-29 16:58:07.35946+00,98,0,1820,25.3,96,2,1,Warning (MOD),Raining
2937,2026-09-29 16:58:13.661854+00,100,0,1820,25.3,96,2,2,Flood Alert (HIGH),Raining
2938,2026-09-29 16:58:19.818479+00,96,0,1820,25.3,96,2,1,Warning (MODERATE),Raining
2939,2026-09-29 16:58:26.298088+00,99,0,1817,25.3,96,2,1,Warning (MODERATE),Raining
2940,2026-09-29 16:58:32.325444+00,88,0,1817,25.3,96,2,1,Warning (MOD),Raining
2941,2026-09-29 16:58:38.695613+00,96,0,1817,25.3,96,2,1,Warning (MOD),Raining
2942,2026-09-29 16:58:44.92922+00,100,0,1819,25.3,96,2,2,Flood Alert (HIGH),Raining
2943,2026-09-29 16:58:51.287361+00,100,0,1817,25.3,96,2,1,Warning (MODERATE),Raining
2944,2026-09-29 16:58:57.456058+00,87,0,1817,25.3,96,2,2,Flood Alert (HIGH),Raining
2945,2026-09-29 16:59:03.474395+00,94,0,1817,25.3,96,2,1,Warning (MOD),Raining
2946,2026-09-29 16:59:09.691127+00,99,0,1821,25.3,96,2,2,Flood Alert (HIGH),Raining
2947,2026-09-29 16:59:15.999837+00,90,0,1820,25.3,96,2,2,Flood Alert (HIGH),Raining
2948,2026-09-29 16:59:21.984705+00,92,0,1822,25.3,96,2,2,Flood Alert (HIGH),Raining
2949,2026-09-29 16:59:28.304855+00,89,0,1820,25.3,96,2,2,Flood Alert (HIGH),Raining
2950,2026-09-29 16:59:34.837902+00,87,0,1819,25.3,96,2,2,Flood Alert (HIGH),Raining
2951,2026-09-29 16:59:41.05405+00,100,0,1820,25.3,96,2,1,Warning (MODERATE),Raining
2952,2026-09-29 16:59:47.187375+00,88,0,1820,25.3,96,2,1,Warning (MODERATE),Raining
2953,2026-09-29 16:59:53.53813+00,95,0,1818,25.3,96,2,1,Warning (MOD),Raining
2954,2026-09-29 16:59:59.774194+00,100,0,1821,25.3,96,2,1,Warning (MOD),Raining
2955,2026-09-29 17:00:06.030178+00,99,0,1818,25.3,96,2,1,Warning (MODERATE),Raining
2956,2026-09-29 17:00:12.292628+00,98,0,1817,25.3,96,2,1,Warning (MODERATE),Raining
2957,2026-09-29 17:00:18.629997+00,100,0,1816,25.3,96,2,2,Alert (HIGH),Raining
2958,2026-09-29 17:00:24.862294+00,87,0,1819,25.3,96,2,2,Flood Alert (HIGH),Raining
2959,2026-09-29 17:00:31.182538+00,98,0,1817,25.3,96,2,2,Flood Alert (HIGH),Raining
2960,2026-09-29 17:00:37.22202+00,87,0,1817,25.3,96,2,2,Flood Alert (HIGH),Raining
2961,2026-09-29 17:00:43.166308+00,93,0,1819,25.3,96,2,2,Flood Alert (HIGH),Raining
2962,2026-09-29 17:00:49.250402+00,100,0,1819,25.3,96,2,2,Flood Alert (HIGH),Raining
2963,2026-09-29 17:00:55.51211+00,100,0,1820,25.3,96,2,2,Flood Alert (HIGH),Raining
2964,2026-09-29 17:01:01.619931+00,89,0,1819,25.3,96,2,1,Warning (MOD),Raining
2965,2026-09-29 17:01:08.022229+00,98,0,1816,25.3,96,2,2,Flood Alert (HIGH),Raining
2966,2026-09-29 17:01:14.191891+00,100,0,1819,25.3,96,2,2,Alert (HIGH),Raining
2967,2026-09-29 17:01:20.259297+00,100,0,1820,25.3,96,2,1,Warning (MODERATE),Raining
2968,2026-09-29 17:01:26.725298+00,91,0,1817,25.3,96,2,2,Flood Alert (HIGH),Raining
2969,2026-09-29 17:01:32.999007+00,88,0,1818,25.3,96,2,2,Flood Alert (HIGH),Raining
2970,2026-09-29 17:01:39.061296+00,92,0,1817,25.3,96,2,2,Flood Alert (HIGH),Raining
2971,2026-09-29 17:01:45.134683+00,92,0,1820,25.3,96,2,2,Flood Alert (HIGH),Raining
2972,2026-09-29 17:01:51.616844+00,100,0,1819,25.3,96,2,1,Warning (MODERATE),Raining
2973,2026-09-29 17:01:57.826967+00,96,0,1817,25.3,96,2,1,Warning (MODERATE),Raining
2974,2026-09-29 17:02:04.248065+00,92,0,1821,25.3,96,2,2,Flood Alert (HIGH),Raining
2975,2026-09-29 17:02:10.210531+00,90,0,1819,25.3,96,2,1,Warning (MOD),Raining
2976,2026-09-29 17:02:16.121243+00,87,0,1819,25.3,96,2,1,Warning (MOD),Raining
2977,2026-09-29 17:02:22.127353+00,100,0,1818,25.3,96,2,1,Warning (MOD),Raining
2978,2026-09-29 17:02:28.382958+00,94,0,1820,25.3,96,2,1,Warning (MODERATE),Raining
2979,2026-09-29 17:02:34.565856+00,92,0,1818,25.3,96,2,1,Warning (MODERATE),Raining
2980,2026-09-29 17:02:40.501325+00,87,0,1819,25.3,96,2,2,Flood Alert (HIGH),Raining
2981,2026-09-29 17:02:46.590758+00,97,0,1820,25.3,96,2,1,Warning (MODERATE),Raining
2982,2026-09-29 17:02:52.999485+00,100,0,1818,25.3,96,2,1,Warning (MODERATE),Raining
2983,2026-09-29 17:02:58.979096+00,90,0,1820,25.3,96,2,1,Warning (MODERATE),Raining
2984,2026-09-29 17:03:05.299604+00,100,0,1817,25.3,96,2,1,Warning (MODERATE),Raining
2985,2026-09-29 17:03:11.726026+00,86,0,1820,25.3,96,2,2,Flood Alert (HIGH),Raining
2986,2026-09-29 17:03:18.000812+00,100,0,1818,25.3,96,2,2,Alert (HIGH),Raining
2987,2026-09-29 17:03:23.967693+00,96,0,1819,25.3,96,2,1,Warning (MOD),Raining
2988,2026-09-29 17:03:30.1437+00,100,0,1818,25.3,96,2,2,Alert (HIGH),Raining
2989,2026-09-29 17:03:36.216719+00,89,0,1820,25.3,96,2,1,Warning (MOD),Raining
2990,2026-09-29 17:03:42.211387+00,100,0,1821,25.3,96,2,2,Alert (HIGH),Raining
2991,2026-09-29 17:03:48.313385+00,100,0,1822,25.3,96,2,2,Alert (HIGH),Raining
2992,2026-09-29 17:03:54.308064+00,96,0,1818,25.3,96,2,2,Flood Alert (HIGH),Raining
2993,2026-09-29 17:04:00.381999+00,100,0,1820,25.3,96,2,1,Warning (MODERATE),Raining
2994,2026-09-29 17:04:06.372765+00,91,0,1818,25.3,96,2,2,Flood Alert (HIGH),Raining
2995,2026-09-29 17:04:12.553366+00,89,0,1817,25.3,96,2,2,Flood Alert (HIGH),Raining
2996,2026-09-29 17:04:18.605353+00,100,0,1820,25.3,96,2,2,Flood Alert (HIGH),Raining
2997,2026-09-29 17:04:24.664298+00,97,0,1818,25.3,96,2,1,Warning (MODERATE),Raining
2998,2026-09-29 17:04:30.679234+00,89,0,1818,25.3,96,2,2,Flood Alert (HIGH),Raining
2999,2026-09-29 17:04:36.727111+00,88,0,1819,25.3,96,2,1,Warning (MOD),Raining
3000,2026-09-29 17:04:42.811888+00,100,0,1818,25.3,96,2,2,Flood Alert (HIGH),Raining
3001,2026-09-29 17:04:49.141427+00,94,0,1819,25.3,96,2,2,Flood Alert (HIGH),Raining
3002,2026-09-29 17:04:55.646859+00,93,0,1816,25.3,96,2,1,Warning (MOD),Raining
3003,2026-09-29 17:05:01.900341+00,90,0,1815,25.3,96,2,1,Warning (MODERATE),Raining
3004,2026-09-29 17:05:07.859679+00,94,0,1814,25.3,96,2,1,Warning (MOD),Raining
3005,2026-09-29 17:05:13.957767+00,86,0,1813,25.3,96,2,2,Flood Alert (HIGH),Raining
3006,2026-09-29 17:05:20.193256+00,99,0,1816,25.3,96,2,1,Warning (MODERATE),Raining
3007,2026-09-29 17:05:26.533341+00,99,0,1814,25.3,96,2,1,Warning (MODERATE),Raining
3008,2026-09-29 17:05:32.86521+00,95,0,1816,25.3,96,2,1,Warning (MODERATE),Raining
3009,2026-09-29 17:05:39.284783+00,93,0,1814,25.3,96,2,1,Warning (MOD),Raining
3010,2026-09-29 17:05:45.726365+00,100,0,1815,25.3,96,2,2,Flood Alert (HIGH),Raining
3011,2026-09-29 17:05:51.825669+00,98,0,1813,25.3,96,2,2,Alert (HIGH),Raining
3012,2026-09-29 17:05:58.19293+00,89,0,1817,25.3,96,2,1,Warning (MOD),Raining
3013,2026-09-29 17:06:04.377929+00,88,0,1815,25.3,96,2,2,Flood Alert (HIGH),Raining
3014,2026-09-29 17:06:10.508591+00,90,0,1815,25.3,96,2,2,Flood Alert (HIGH),Raining
3015,2026-09-29 17:06:16.597803+00,89,0,1814,25.3,96,2,2,Flood Alert (HIGH),Raining
3016,2026-09-29 17:06:22.570595+00,98,0,1816,25.3,96,2,1,Warning (MODERATE),Raining
3017,2026-09-29 17:06:28.775522+00,94,0,1813,25.3,96,2,1,Warning (MODERATE),Raining
3018,2026-09-29 17:06:34.866886+00,95,0,1815,25.3,96,2,1,Warning (MODERATE),Raining
3019,2026-09-29 17:06:41.099542+00,96,0,1814,25.3,96,2,1,Warning (MODERATE),Raining
3020,2026-09-29 17:06:47.283972+00,93,0,1815,25.3,96,2,1,Warning (MODERATE),Raining
3021,2026-09-29 17:06:53.412158+00,86,0,1816,25.3,96,2,1,Warning (MOD),Raining
3022,2026-09-29 17:06:59.474278+00,91,0,1815,25.3,96,2,2,Flood Alert (HIGH),Raining
3023,2026-09-29 17:07:05.516696+00,87,0,1816,25.3,96,2,1,Warning (MOD),Raining
3024,2026-09-29 17:07:11.589151+00,96,0,1813,25.3,96,2,1,Warning (MOD),Raining
3025,2026-09-29 17:07:17.500167+00,100,0,1815,25.3,96,2,1,Warning (MOD),Raining
3026,2026-09-29 17:07:23.57014+00,88,0,1816,25.3,96,2,1,Warning (MOD),Raining
3027,2026-09-29 17:07:31.507416+00,98,0,1813,25.2,96,3,1,Warning (MOD),Raining
3028,2026-09-29 17:07:37.668421+00,95,0,1812,25.2,96,3,1,Warning (MOD),Raining
3029,2026-09-29 17:07:43.676892+00,98,0,1815,25.2,96,3,2,Alert (HIGH),Raining
3030,2026-09-29 17:07:49.852807+00,86,0,1816,25.2,96,3,1,Warning (MODERATE),Raining
3031,2026-09-29 17:07:55.766259+00,98,0,1815,25.2,96,3,1,Warning (MODERATE),Raining
3032,2026-09-29 17:08:01.796813+00,89,0,1813,25.2,96,3,2,Flood Alert (HIGH),Raining
3033,2026-09-29 17:08:07.955792+00,95,0,1813,25.2,96,3,2,Flood Alert (HIGH),Raining
3034,2026-09-29 17:08:14.099845+00,96,0,1816,25.2,96,3,1,Warning (MODERATE),Raining
3035,2026-09-29 17:08:20.103276+00,96,0,1814,25.2,96,3,2,Flood Alert (HIGH),Raining
3036,2026-09-29 17:08:26.368128+00,100,0,1814,25.2,96,3,2,Flood Alert (HIGH),Raining
3037,2026-09-29 17:08:32.736318+00,95,0,1814,25.2,96,3,1,Warning (MOD),Raining
3038,2026-09-29 17:08:39.18923+00,100,0,1816,25.2,96,3,1,Warning (MODERATE),Raining
3039,2026-09-29 17:08:45.416292+00,90,0,1814,25.2,96,3,2,Flood Alert (HIGH),Raining
3040,2026-09-29 17:08:51.691046+00,98,0,1814,25.2,96,3,1,Warning (MODERATE),Raining
3041,2026-09-29 17:08:57.869293+00,88,0,1816,25.2,96,3,2,Flood Alert (HIGH),Raining
3042,2026-09-29 17:09:04.360017+00,97,0,1814,25.2,96,3,1,Warning (MOD),Raining
3043,2026-09-29 17:09:10.672509+00,97,0,1815,25.2,96,3,1,Warning (MOD),Raining
3044,2026-09-29 17:09:16.856288+00,100,0,1816,25.2,96,3,2,Alert (HIGH),Raining
3045,2026-09-29 17:09:22.931923+00,92,0,1813,25.2,96,3,2,Flood Alert (HIGH),Raining
3046,2026-09-29 17:09:28.86801+00,100,0,1815,25.2,96,3,2,Flood Alert (HIGH),Raining
3047,2026-09-29 17:09:35.181738+00,100,0,1815,25.2,96,3,2,Alert (HIGH),Raining
3048,2026-09-29 17:09:41.326512+00,95,0,1817,25.2,96,3,1,Warning (MODERATE),Raining
3049,2026-09-29 17:09:47.418125+00,89,0,1814,25.2,96,3,2,Flood Alert (HIGH),Raining
3050,2026-09-29 17:09:53.372379+00,87,0,1815,25.2,96,3,2,Flood Alert (HIGH),Raining
3051,2026-09-29 17:09:59.251192+00,93,0,1814,25.2,96,3,2,Flood Alert (HIGH),Raining
3052,2026-09-29 17:10:05.343189+00,100,0,1814,25.2,96,3,2,Flood Alert (HIGH),Raining
3053,2026-09-29 17:10:11.753192+00,97,0,1814,25.2,96,3,2,Flood Alert (HIGH),Raining
3054,2026-09-29 17:10:17.782956+00,100,0,1814,25.2,96,3,2,Alert (HIGH),Raining
3055,2026-09-29 17:10:23.812259+00,91,0,1814,25.2,96,3,1,Warning (MOD),Raining
3056,2026-09-29 17:10:29.974361+00,100,0,1814,25.2,96,3,2,Alert (HIGH),Raining
3057,2026-09-29 17:10:36.097259+00,100,0,1815,25.2,96,3,2,Alert (HIGH),Raining
3058,2026-09-29 17:10:42.265321+00,98,0,1815,25.2,96,3,1,Warning (MODERATE),Raining
3059,2026-09-29 17:10:48.368649+00,88,0,1817,25.2,96,3,2,Flood Alert (HIGH),Raining
3060,2026-09-29 17:10:54.770324+00,89,0,1816,25.2,96,3,2,Flood Alert (HIGH),Raining
3061,2026-09-29 17:11:00.814079+00,94,0,1815,25.2,96,3,2,Flood Alert (HIGH),Raining
3062,2026-09-29 17:11:06.884322+00,100,0,1816,25.2,96,3,2,Flood Alert (HIGH),Raining
3063,2026-09-29 17:11:12.963226+00,100,0,1816,25.2,96,3,2,Flood Alert (HIGH),Raining
3064,2026-09-29 17:11:19.167658+00,100,0,1815,25.2,96,3,2,Flood Alert (HIGH),Raining
3065,2026-09-29 17:11:25.113532+00,90,0,1814,25.2,96,3,2,Flood Alert (HIGH),Raining
3066,2026-09-29 17:11:31.050275+00,94,0,1814,25.2,96,3,2,Flood Alert (HIGH),Raining
3067,2026-09-29 17:11:37.099402+00,100,0,1815,25.2,96,3,1,Warning (MODERATE),Raining
3068,2026-09-29 17:11:43.047477+00,95,0,1815,25.2,96,3,1,Warning (MOD),Raining
3069,2026-09-29 17:11:49.427978+00,97,0,1816,25.2,96,3,2,Alert (HIGH),Raining
3070,2026-09-29 17:11:55.549889+00,99,0,1815,25.2,96,3,2,Alert (HIGH),Raining
3071,2026-09-29 17:12:01.863315+00,94,0,1814,25.2,96,3,2,Flood Alert (HIGH),Raining
3072,2026-09-29 17:12:07.828611+00,95,0,1816,25.2,96,3,2,Flood Alert (HIGH),Raining
3073,2026-09-29 17:12:14.145645+00,95,0,1816,25.2,96,3,1,Warning (MODERATE),Raining
3074,2026-09-29 17:12:20.307728+00,97,0,1816,25.2,96,3,2,Flood Alert (HIGH),Raining
3075,2026-09-29 17:12:26.222629+00,87,0,1817,25.2,96,3,1,Warning (MOD),Raining
3076,2026-09-29 17:12:32.230299+00,95,0,1815,25.2,96,3,2,Flood Alert (HIGH),Raining
3077,2026-09-29 17:12:38.476317+00,100,0,1814,25.2,96,3,1,Warning (MOD),Raining
3078,2026-09-29 17:12:44.574991+00,94,0,1817,25.2,96,3,2,Flood Alert (HIGH),Raining
3079,2026-09-29 17:12:50.506479+00,92,0,1815,25.2,96,3,2,Flood Alert (HIGH),Raining
3080,2026-09-29 17:12:56.405962+00,92,0,1817,25.2,96,3,1,Warning (MOD),Raining
3081,2026-09-29 17:13:02.456757+00,87,0,1816,25.2,96,3,2,Flood Alert (HIGH),Raining
3082,2026-09-29 17:13:08.552623+00,98,0,1817,25.2,96,3,1,Warning (MOD),Raining
3083,2026-09-29 17:13:14.736818+00,100,0,1814,25.2,96,3,1,Warning (MODERATE),Raining
3084,2026-09-29 17:13:20.739327+00,94,0,1814,25.2,96,3,1,Warning (MOD),Raining
3085,2026-09-29 17:13:26.956629+00,100,0,1816,25.2,96,3,2,Flood Alert (HIGH),Raining
3086,2026-09-29 17:13:32.932464+00,90,0,1815,25.2,96,3,2,Flood Alert (HIGH),Raining
3087,2026-09-29 17:13:39.180882+00,96,0,1816,25.2,96,3,2,Flood Alert (HIGH),Raining
3088,2026-09-29 17:13:45.344006+00,95,0,1816,25.2,96,3,1,Warning (MOD),Raining
3089,2026-09-29 17:13:51.917298+00,87,0,1816,25.2,96,3,2,Flood Alert (HIGH),Raining
3090,2026-09-29 17:13:57.945984+00,98,0,1818,25.2,96,3,2,Flood Alert (HIGH),Raining
3091,2026-09-29 17:14:04.182405+00,90,0,1816,25.2,96,3,2,Flood Alert (HIGH),Raining
3092,2026-09-29 17:14:10.277788+00,93,0,1815,25.2,96,3,2,Flood Alert (HIGH),Raining
3093,2026-09-29 17:14:16.217456+00,96,0,1818,25.2,96,3,1,Warning (MODERATE),Raining
3094,2026-09-29 17:14:22.302695+00,88,0,1815,25.2,96,3,2,Flood Alert (HIGH),Raining
3095,2026-09-29 17:14:28.904444+00,96,0,1816,25.2,96,3,1,Warning (MOD),Raining
3096,2026-09-29 17:14:34.950793+00,97,0,1816,25.2,96,3,2,Flood Alert (HIGH),Raining
3097,2026-09-29 17:14:40.987753+00,91,0,1815,25.2,96,3,1,Warning (MODERATE),Raining
3098,2026-09-29 17:14:47.026307+00,99,0,1817,25.2,96,3,2,Alert (HIGH),Raining
3099,2026-09-29 17:14:53.398001+00,96,0,1816,25.2,96,3,1,Warning (MODERATE),Raining
3100,2026-09-29 17:14:59.825944+00,100,0,1818,25.2,96,3,2,Alert (HIGH),Raining
3101,2026-09-29 17:15:06.296929+00,100,0,1818,25.2,96,3,2,Flood Alert (HIGH),Raining
3102,2026-09-29 17:15:13.010472+00,87,0,1818,25.2,96,3,1,Warning (MOD),Raining
3103,2026-09-29 17:15:19.200157+00,88,0,1816,25.2,96,3,2,Flood Alert (HIGH),Raining
3104,2026-09-29 17:15:25.655058+00,96,0,1815,25.2,96,3,1,Warning (MOD),Raining
3105,2026-09-29 17:15:32.098828+00,97,0,1817,25.2,96,3,2,Flood Alert (HIGH),Raining
3106,2026-09-29 17:15:38.439629+00,94,0,1816,25.2,96,3,2,Flood Alert (HIGH),Raining
3107,2026-09-29 17:15:44.366355+00,100,0,1816,25.2,96,3,2,Flood Alert (HIGH),Raining
3108,2026-09-29 17:15:50.475208+00,95,0,1816,25.2,96,3,2,Flood Alert (HIGH),Raining
3109,2026-09-29 17:15:56.604164+00,99,0,1815,25.2,96,3,2,Flood Alert (HIGH),Raining
3110,2026-09-29 17:16:02.82199+00,93,0,1816,25.2,96,3,2,Flood Alert (HIGH),Raining
3111,2026-09-29 17:16:09.099002+00,93,0,1818,25.2,96,3,1,Warning (MOD),Raining
3112,2026-09-29 17:16:15.357373+00,88,0,1816,25.2,96,3,1,Warning (MOD),Raining
3113,2026-09-29 17:16:21.39836+00,100,0,1816,25.2,96,3,1,Warning (MOD),Raining
3114,2026-09-29 17:16:27.643923+00,100,0,1816,25.2,96,3,2,Alert (HIGH),Raining
3115,2026-09-29 17:16:33.958679+00,100,0,1817,25.2,96,3,2,Alert (HIGH),Raining
3116,2026-09-29 17:16:40.29527+00,90,0,1817,25.2,96,3,2,Flood Alert (HIGH),Raining
3117,2026-09-29 17:16:46.543216+00,91,0,1816,25.2,96,3,2,Flood Alert (HIGH),Raining
3118,2026-09-29 17:16:52.80762+00,86,0,1817,25.2,96,3,2,Flood Alert (HIGH),Raining
3119,2026-09-29 17:16:59.087115+00,98,0,1815,25.2,96,3,2,Flood Alert (HIGH),Raining
3120,2026-09-29 17:17:05.246271+00,94,0,1817,25.2,96,3,1,Warning (MODERATE),Raining
3121,2026-09-29 17:17:11.565549+00,87,0,1817,25.2,96,3,1,Warning (MOD),Raining
3122,2026-09-29 17:17:17.7627+00,86,0,1815,25.2,96,3,1,Warning (MOD),Raining
3123,2026-09-29 17:17:24.173959+00,94,0,1816,25.2,96,3,1,Warning (MOD),Raining
3124,2026-09-29 17:17:30.187801+00,92,0,1818,25.2,96,3,1,Warning (MOD),Raining
3125,2026-09-29 17:17:36.32909+00,87,0,1817,25.1,96,3,1,Warning (MODERATE),Raining
3126,2026-09-29 17:17:42.593824+00,90,0,1817,25.1,96,3,1,Warning (MODERATE),Raining
3127,2026-09-29 17:17:48.782276+00,91,0,1816,25.1,96,3,1,Warning (MODERATE),Raining
3128,2026-09-29 17:17:54.878041+00,100,0,1816,25.1,96,3,1,Warning (MODERATE),Raining
3129,2026-09-29 17:18:01.028124+00,89,0,1816,25.1,96,3,1,Warning (MODERATE),Raining
3130,2026-09-29 17:18:07.250848+00,96,0,1817,25.1,96,3,1,Warning (MODERATE),Raining
3131,2026-09-29 17:18:13.513622+00,100,0,1815,25.1,96,3,1,Warning (MODERATE),Raining
3132,2026-09-29 17:18:19.605796+00,88,0,1816,25.1,96,3,1,Warning (MOD),Raining
3133,2026-09-29 17:18:25.588968+00,96,0,1818,25.1,96,3,2,Alert (HIGH),Raining
3134,2026-09-29 17:18:31.705187+00,88,0,1816,25.1,96,3,1,Warning (MOD),Raining
3135,2026-09-29 17:18:38.10368+00,88,0,1817,25.1,96,3,2,Flood Alert (HIGH),Raining
3136,2026-09-29 17:18:44.121676+00,96,0,1815,25.1,96,3,1,Warning (MOD),Raining
3137,2026-09-29 17:18:50.334065+00,87,0,1816,25.1,96,3,2,Flood Alert (HIGH),Raining
3138,2026-09-29 17:18:56.463982+00,92,0,1818,25.1,96,3,1,Warning (MOD),Raining
3139,2026-09-29 17:19:02.649249+00,100,0,1815,25.1,96,3,2,Flood Alert (HIGH),Raining
3140,2026-09-29 17:19:08.844735+00,100,0,1816,25.1,96,3,1,Warning (MODERATE),Raining
3141,2026-09-29 17:19:15.070049+00,86,0,1817,25.1,96,3,2,Flood Alert (HIGH),Raining
3142,2026-09-29 17:19:21.090618+00,97,0,1817,25.1,96,3,1,Warning (MODERATE),Raining
3143,2026-09-29 17:19:27.196376+00,90,0,1816,25.1,96,3,1,Warning (MODERATE),Raining
3144,2026-09-29 17:19:33.654379+00,100,0,1816,25.1,96,3,2,Flood Alert (HIGH),Raining
3145,2026-09-29 17:19:40.001268+00,100,0,1818,25.1,96,3,2,Alert (HIGH),Raining
3146,2026-09-29 17:19:46.370861+00,93,0,1817,25.1,96,3,1,Warning (MOD),Raining
3147,2026-09-29 17:19:52.339224+00,87,0,1817,25.1,96,3,2,Flood Alert (HIGH),Raining
3148,2026-09-29 17:19:58.605868+00,94,0,1815,25.1,96,3,2,Flood Alert (HIGH),Raining
3149,2026-09-29 17:20:04.851518+00,100,0,1817,25.1,96,3,1,Warning (MODERATE),Raining
3150,2026-09-29 17:20:10.824606+00,87,0,1818,25.1,96,3,1,Warning (MOD),Raining
3151,2026-09-29 17:20:17.122039+00,89,0,1818,25.1,96,3,1,Warning (MOD),Raining
3152,2026-09-29 17:20:23.134322+00,99,0,1819,25.1,96,3,1,Warning (MOD),Raining
3153,2026-09-29 17:20:29.310663+00,98,0,1819,25.1,96,3,2,Flood Alert (HIGH),Raining
3154,2026-09-29 17:20:35.299332+00,89,0,1816,25.1,96,3,1,Warning (MOD),Raining
3155,2026-09-29 17:20:41.621437+00,92,0,1818,25.1,96,3,1,Warning (MODERATE),Raining
3156,2026-09-29 17:20:48.059249+00,96,0,1818,25.1,96,3,1,Warning (MOD),Raining
3157,2026-09-29 17:20:54.407616+00,88,0,1817,25.1,96,3,2,Flood Alert (HIGH),Raining
3158,2026-09-29 17:21:00.592723+00,98,0,1818,25.1,96,3,1,Warning (MODERATE),Raining
3159,2026-09-29 17:21:06.88319+00,100,0,1817,25.1,96,3,1,Warning (MODERATE),Raining
3160,2026-09-29 17:21:13.015592+00,100,0,1818,25.1,96,3,2,Flood Alert (HIGH),Raining
3161,2026-09-29 17:21:19.156149+00,93,0,1817,25.1,96,3,1,Warning (MOD),Raining
3162,2026-09-29 17:21:25.291776+00,100,0,1817,25.1,96,3,2,Alert (HIGH),Raining
3163,2026-09-29 17:21:31.428276+00,90,0,1818,25.1,96,3,1,Warning (MOD),Raining
3164,2026-09-29 17:21:37.677143+00,100,0,1818,25.1,96,3,1,Warning (MODERATE),Raining
3165,2026-09-29 17:21:43.913943+00,86,0,1816,25.1,96,3,2,Flood Alert (HIGH),Raining
3166,2026-09-29 17:21:50.373108+00,89,0,1818,25.1,96,3,1,Warning (MOD),Raining
3167,2026-09-29 17:21:56.578349+00,89,0,1816,25.1,96,3,1,Warning (MOD),Raining
3168,2026-09-29 17:22:02.681507+00,100,0,1819,25.1,96,3,1,Warning (MOD),Raining
3169,2026-09-29 17:22:08.862814+00,98,0,1820,25.1,96,3,1,Warning (MODERATE),Raining
3170,2026-09-29 17:22:14.813964+00,90,0,1818,25.1,96,3,2,Flood Alert (HIGH),Raining
3171,2026-09-29 17:22:20.736809+00,98,0,1819,25.1,96,3,2,Flood Alert (HIGH),Raining
3172,2026-09-29 17:22:27.193467+00,97,0,1817,25.1,96,3,2,Flood Alert (HIGH),Raining
3173,2026-09-29 17:22:33.274414+00,100,0,1816,25.1,96,3,1,Warning (MODERATE),Raining
3174,2026-09-29 17:22:39.433143+00,88,0,1816,25.1,96,3,1,Warning (MOD),Raining
3175,2026-09-29 17:22:45.633323+00,100,0,1816,25.1,96,3,1,Warning (MODERATE),Raining
3176,2026-09-29 17:22:51.731909+00,93,0,1819,25.1,96,3,2,Flood Alert (HIGH),Raining
3177,2026-09-29 17:22:57.819495+00,97,0,1819,25.1,96,3,2,Flood Alert (HIGH),Raining
3178,2026-09-29 17:23:03.866209+00,94,0,1818,25.1,96,3,1,Warning (MOD),Raining
3179,2026-09-29 17:23:09.740013+00,87,0,1819,25.1,96,3,2,Flood Alert (HIGH),Raining
3180,2026-09-29 17:23:15.883665+00,100,0,1817,25.1,96,3,2,Flood Alert (HIGH),Raining
3181,2026-09-29 17:23:22.163151+00,88,0,1817,25.1,96,3,1,Warning (MOD),Raining
3182,2026-09-29 17:23:28.177631+00,96,0,1817,25.1,96,3,2,Alert (HIGH),Raining
3183,2026-09-29 17:23:34.348127+00,100,0,1818,25.1,96,3,1,Warning (MODERATE),Raining
3184,2026-09-29 17:23:40.35281+00,90,0,1818,25.1,96,3,1,Warning (MOD),Raining
3185,2026-09-29 17:23:46.481893+00,92,0,1819,25.1,96,3,2,Flood Alert (HIGH),Raining
3186,2026-09-29 17:23:52.764377+00,90,0,1817,25.1,96,3,1,Warning (MOD),Raining
3187,2026-09-29 17:23:58.874768+00,96,0,1817,25.1,96,3,2,Flood Alert (HIGH),Raining
3188,2026-09-29 17:24:05.260699+00,97,0,1817,25.1,96,3,1,Warning (MOD),Raining
3189,2026-09-29 17:24:11.43216+00,97,0,1817,25.1,96,3,1,Warning (MODERATE),Raining
3190,2026-09-29 17:24:17.441976+00,87,0,1820,25.1,96,3,1,Warning (MOD),Raining
3191,2026-09-29 17:24:23.585176+00,87,0,1818,25.1,96,3,2,Flood Alert (HIGH),Raining
3192,2026-09-29 17:24:29.721505+00,98,0,1818,25.1,96,3,1,Warning (MODERATE),Raining
3193,2026-09-29 17:24:35.860053+00,92,0,1816,25.1,96,3,1,Warning (MODERATE),Raining
3194,2026-09-29 17:24:42.035196+00,100,0,1820,25.1,96,3,1,Warning (MODERATE),Raining
3195,2026-09-29 17:24:48.072815+00,94,0,1817,25.1,96,3,2,Flood Alert (HIGH),Raining
3196,2026-09-29 17:24:54.124769+00,87,0,1819,25.1,96,3,2,Flood Alert (HIGH),Raining
3197,2026-09-29 17:25:00.137477+00,92,0,1817,25.1,96,3,1,Warning (MOD),Raining
3198,2026-09-29 17:25:06.278419+00,93,0,1818,25.1,96,3,1,Warning (MOD),Raining
3199,2026-09-29 17:25:12.692733+00,91,0,1817,25.1,96,3,1,Warning (MOD),Raining
3200,2026-09-29 17:25:18.946157+00,89,0,1816,25.1,96,3,1,Warning (MOD),Raining
3201,2026-09-29 17:25:25.260633+00,100,0,1816,25.1,96,3,1,Warning (MOD),Raining
3202,2026-09-29 17:25:31.25574+00,100,0,1818,25.1,96,3,2,Flood Alert (HIGH),Raining
3203,2026-09-29 17:25:37.421175+00,91,0,1816,25.1,96,3,2,Flood Alert (HIGH),Raining
3204,2026-09-29 17:25:43.57767+00,100,0,1819,25.1,96,3,1,Warning (MODERATE),Raining
3205,2026-09-29 17:25:49.567264+00,86,0,1819,25.1,96,3,2,Flood Alert (HIGH),Raining
3206,2026-09-29 17:25:55.81739+00,100,0,1817,25.1,96,3,2,Flood Alert (HIGH),Raining
3207,2026-09-29 17:26:01.910071+00,94,0,1817,25.1,96,3,2,Flood Alert (HIGH),Raining
3208,2026-09-29 17:26:07.89423+00,95,0,1817,25.1,96,3,2,Flood Alert (HIGH),Raining
3209,2026-09-29 17:26:14.113221+00,91,0,1817,25.1,96,3,1,Warning (MOD),Raining
3210,2026-09-29 17:26:19.999382+00,88,0,1818,25.1,96,3,1,Warning (MOD),Raining
3211,2026-09-29 17:26:26.094448+00,100,0,1816,25.1,96,3,2,Flood Alert (HIGH),Raining
3212,2026-09-29 17:26:32.011336+00,88,0,1817,25.1,96,3,2,Flood Alert (HIGH),Raining
3213,2026-09-29 17:26:38.066909+00,95,0,1817,25.1,96,3,2,Flood Alert (HIGH),Raining
3214,2026-09-29 17:26:44.227863+00,97,0,1819,25.1,96,3,1,Warning (MODERATE),Raining
3215,2026-09-29 17:26:50.206709+00,87,0,1818,25.1,96,3,1,Warning (MOD),Raining
3216,2026-09-29 17:26:56.326535+00,97,0,1816,25.1,96,3,1,Warning (MOD),Raining
3217,2026-09-29 17:27:02.619978+00,96,0,1818,25.1,96,3,1,Warning (MOD),Raining
3218,2026-09-29 17:27:08.720223+00,96,0,1816,25.1,96,3,1,Warning (MODERATE),Raining
3219,2026-09-29 17:27:15.15424+00,94,0,1817,25.1,96,3,2,Flood Alert (HIGH),Raining
3220,2026-09-29 17:27:21.199407+00,90,0,1819,25.1,96,3,2,Flood Alert (HIGH),Raining
3221,2026-09-29 17:27:27.5775+00,90,0,1818,25.1,96,3,1,Warning (MOD),Raining
3222,2026-09-29 17:27:33.772364+00,97,0,1815,25.1,96,3,1,Warning (MOD),Raining
3223,2026-09-29 17:27:39.730949+00,99,0,1819,25.1,96,3,2,Flood Alert (HIGH),Raining
3224,2026-09-29 17:27:45.805791+00,95,0,1819,25.1,96,3,1,Warning (MOD),Raining
3225,2026-09-29 17:27:51.955985+00,100,0,1817,25.1,96,3,2,Alert (HIGH),Raining
3226,2026-09-29 17:27:58.132112+00,98,0,1819,25.1,96,3,2,Flood Alert (HIGH),Raining
3227,2026-09-29 17:28:04.546256+00,95,0,1816,25.1,96,3,2,Flood Alert (HIGH),Raining
3228,2026-09-29 17:28:10.750223+00,100,0,1819,25.1,96,3,1,Warning (MODERATE),Raining
3229,2026-09-29 17:28:16.758958+00,89,0,1819,25.1,96,3,2,Flood Alert (HIGH),Raining
3230,2026-09-29 17:28:22.943229+00,97,0,1816,25.1,96,3,1,Warning (MODERATE),Raining
3231,2026-09-29 17:28:28.86946+00,90,0,1818,25.1,96,3,2,Flood Alert (HIGH),Raining
3232,2026-09-29 17:28:34.770428+00,100,0,1816,25.1,96,3,2,Flood Alert (HIGH),Raining
3233,2026-09-29 17:28:40.832496+00,96,0,1816,25.1,96,3,2,Alert (HIGH),Raining
3234,2026-09-29 17:28:47.058332+00,91,0,1818,25.1,96,3,1,Warning (MOD),Raining
3235,2026-09-29 17:28:53.311647+00,91,0,1816,25.1,96,3,1,Warning (MOD),Raining
3236,2026-09-29 17:28:59.47482+00,91,0,1818,25.1,96,3,1,Warning (MOD),Raining
3237,2026-09-29 17:29:05.580327+00,93,0,1815,25.1,96,3,1,Warning (MOD),Raining
3238,2026-09-29 17:29:11.685912+00,91,0,1816,25.1,96,3,1,Warning (MODERATE),Raining
3239,2026-09-29 17:29:17.740475+00,94,0,1818,25.1,96,3,1,Warning (MODERATE),Raining
3240,2026-09-29 17:29:24.034261+00,96,0,1818,25.1,96,3,1,Warning (MOD),Raining
3241,2026-09-29 17:29:30.112092+00,100,0,1817,25.1,96,3,1,Warning (MODERATE),Raining
3242,2026-09-29 17:29:36.046978+00,91,0,1817,25.1,96,3,1,Warning (MODERATE),Raining
3243,2026-09-29 17:29:42.005495+00,92,0,1820,25.1,96,3,1,Warning (MODERATE),Raining
3244,2026-09-29 17:29:48.409882+00,90,0,1819,25.1,96,3,1,Warning (MODERATE),Raining
3245,2026-09-29 17:29:54.477599+00,87,0,1819,25.1,96,3,2,Flood Alert (HIGH),Raining
3246,2026-09-29 17:30:00.51494+00,88,0,1818,25.1,96,3,1,Warning (MOD),Raining
3247,2026-09-29 17:30:06.460013+00,86,0,1816,25.1,96,3,1,Warning (MOD),Raining
3248,2026-09-29 17:30:12.495512+00,87,0,1817,25.1,96,3,1,Warning (MOD),Raining
3249,2026-09-29 17:30:18.514326+00,89,0,1816,25.1,96,3,1,Warning (MOD),Raining
3250,2026-09-29 17:30:24.716465+00,100,0,1818,25.1,96,3,1,Warning (MODERATE),Raining
3251,2026-09-29 17:30:31.145054+00,96,0,1817,25.1,96,3,1,Warning (MODERATE),Raining
3252,2026-09-29 17:30:37.076097+00,96,0,1818,25.1,96,3,2,Alert (HIGH),Raining
3253,2026-09-29 17:30:43.041073+00,96,0,1818,25.1,96,3,1,Warning (MODERATE),Raining
3254,2026-09-29 17:30:49.276698+00,92,0,1818,25.1,96,3,1,Warning (MOD),Raining
3255,2026-09-29 17:30:55.655471+00,90,0,1818,25.1,96,3,2,Flood Alert (HIGH),Raining
3256,2026-09-29 17:31:01.847848+00,92,0,1818,25.1,96,3,1,Warning (MOD),Raining
3257,2026-09-29 17:31:07.810944+00,100,0,1819,25.1,96,3,2,Flood Alert (HIGH),Raining
3258,2026-09-29 17:31:14.13466+00,86,0,1817,25.1,96,3,2,Flood Alert (HIGH),Raining
3259,2026-09-29 17:31:20.121762+00,92,0,1818,25.1,96,3,2,Flood Alert (HIGH),Raining
3260,2026-09-29 17:31:26.393716+00,96,0,1818,25.1,96,3,1,Warning (MOD),Raining
3261,2026-09-29 17:31:32.507757+00,88,0,1819,25.1,96,3,2,Flood Alert (HIGH),Raining
3262,2026-09-29 17:31:38.861703+00,88,0,1817,25.1,96,3,1,Warning (MODERATE),Raining
3263,2026-09-29 17:31:45.126597+00,100,0,1819,25.1,96,3,1,Warning (MODERATE),Raining
3264,2026-09-29 17:31:51.358907+00,100,0,1819,25.1,96,3,1,Warning (MODERATE),Raining
3265,2026-09-29 17:31:57.482579+00,88,0,1817,25.1,96,3,2,Flood Alert (HIGH),Raining
3266,2026-09-29 17:32:03.694956+00,87,0,1817,25.1,96,3,1,Warning (MOD),Raining
3267,2026-09-29 17:32:09.878851+00,86,0,1819,25.1,96,3,1,Warning (MOD),Raining
3268,2026-09-29 17:32:16.125168+00,87,0,1819,25.1,96,3,1,Warning (MOD),Raining
3269,2026-09-29 17:32:22.29503+00,96,0,1817,25.1,96,3,1,Warning (MODERATE),Raining
3270,2026-09-29 17:32:28.381775+00,88,0,1818,25.1,96,3,1,Warning (MODERATE),Raining
3271,2026-09-29 17:32:34.838978+00,93,0,1816,25.1,96,3,2,Flood Alert (HIGH),Raining
3272,2026-09-29 17:32:41.116542+00,98,0,1817,25.1,96,3,1,Warning (MOD),Raining
3273,2026-09-29 17:32:47.284769+00,100,0,1817,25.1,96,3,1,Warning (MODERATE),Raining
3274,2026-09-29 17:32:53.341732+00,98,0,1818,25.1,96,3,1,Warning (MODERATE),Raining
3275,2026-09-29 17:32:59.761944+00,92,0,1819,25.1,96,3,1,Warning (MODERATE),Raining
3276,2026-09-29 17:33:05.99063+00,93,0,1820,25.1,96,3,1,Warning (MODERATE),Raining
3277,2026-09-29 17:33:12.073757+00,88,0,1816,25.1,96,3,2,Flood Alert (HIGH),Raining
3278,2026-09-29 17:33:18.514536+00,93,0,1816,25.1,96,3,1,Warning (MOD),Raining
3279,2026-09-29 17:33:24.679283+00,94,0,1816,25.1,96,3,2,Flood Alert (HIGH),Raining
3280,2026-09-29 17:33:30.816173+00,95,0,1819,25.1,96,3,1,Warning (MOD),Raining
3281,2026-09-29 17:33:37.034635+00,90,0,1819,25.1,96,3,1,Warning (MOD),Raining
3282,2026-09-29 17:33:43.408027+00,100,0,1816,25.1,96,3,1,Warning (MODERATE),Raining
3283,2026-09-29 17:33:49.835137+00,100,0,1816,25.1,96,3,1,Warning (MODERATE),Raining
3284,2026-09-29 17:33:56.189998+00,91,0,1818,25.1,96,3,1,Warning (MODERATE),Raining
3285,2026-09-29 17:34:02.400618+00,95,0,1816,25.1,96,3,1,Warning (MODERATE),Raining
3286,2026-09-29 17:34:08.418963+00,99,0,1816,25.1,96,3,1,Warning (MODERATE),Raining
3287,2026-09-29 17:34:14.383846+00,98,0,1815,25.1,96,3,1,Warning (MODERATE),Raining
3288,2026-09-29 17:34:20.300969+00,88,0,1818,25.1,96,3,2,Flood Alert (HIGH),Raining
3289,2026-09-29 17:34:26.204312+00,100,0,1817,25.1,96,3,1,Warning (MODERATE),Raining
3290,2026-09-29 17:34:32.248683+00,98,0,1817,25.1,96,3,2,Alert (HIGH),Raining
3291,2026-09-29 17:34:38.390684+00,88,0,1817,25.1,96,3,1,Warning (MOD),Raining
3292,2026-09-29 17:34:44.719934+00,95,0,1817,25.1,96,3,1,Warning (MOD),Raining
3293,2026-09-29 17:34:50.93097+00,90,0,1819,25.1,96,3,2,Flood Alert (HIGH),Raining
3294,2026-09-29 17:34:57.425804+00,87,0,1817,25.1,96,3,2,Flood Alert (HIGH),Raining
3295,2026-09-29 17:35:03.657502+00,100,0,1817,25.1,96,3,1,Warning (MOD),Raining
3296,2026-09-29 17:35:10.078245+00,100,0,1820,25.1,96,3,1,Warning (MODERATE),Raining
3297,2026-09-29 17:35:16.051764+00,100,0,1819,25.1,96,3,2,Flood Alert (HIGH),Raining
3298,2026-09-29 17:35:22.346733+00,93,0,1816,25.1,96,3,2,Flood Alert (HIGH),Raining
3299,2026-09-29 17:35:28.389859+00,88,0,1817,25.1,96,3,2,Flood Alert (HIGH),Raining
3300,2026-09-29 17:35:34.492042+00,87,0,1819,25.1,96,3,2,Flood Alert (HIGH),Raining
3301,2026-09-29 17:35:40.704945+00,87,0,1820,25.1,96,3,1,Warning (MOD),Raining
3302,2026-09-29 17:35:46.990662+00,87,0,1818,25.1,96,3,2,Flood Alert (HIGH),Raining
3303,2026-09-29 17:35:53.197512+00,100,0,1820,25.1,96,3,1,Warning (MOD),Raining
3304,2026-09-29 17:35:59.149141+00,89,0,1820,25.1,96,3,2,Flood Alert (HIGH),Raining
3305,2026-09-29 17:36:05.461978+00,89,0,1819,25.1,96,3,2,Flood Alert (HIGH),Raining
3306,2026-09-29 17:36:11.658531+00,91,0,1817,25.1,96,3,1,Warning (MODERATE),Raining
3307,2026-09-29 17:36:18.100507+00,94,0,1821,25.1,96,3,1,Warning (MOD),Raining
3308,2026-09-29 17:36:24.173929+00,100,0,1818,25.1,96,3,2,Flood Alert (HIGH),Raining
3309,2026-09-29 17:36:30.212993+00,99,0,1819,25.1,96,3,2,Alert (HIGH),Raining
3310,2026-09-29 17:36:36.333377+00,92,0,1816,25.1,96,3,1,Warning (MOD),Raining
3311,2026-09-29 17:36:42.549888+00,100,0,1819,25.1,96,3,2,Flood Alert (HIGH),Raining
3312,2026-09-29 17:36:48.758277+00,93,0,1817,25.1,96,3,2,Flood Alert (HIGH),Raining
3313,2026-09-29 17:36:54.873754+00,99,0,1816,25.1,96,3,2,Alert (HIGH),Raining
3314,2026-09-29 17:37:01.198806+00,99,0,1819,25.1,96,3,1,Warning (MODERATE),Raining
3315,2026-09-29 17:37:07.601653+00,100,0,1819,25.1,96,3,1,Warning (MODERATE),Raining
3316,2026-09-29 17:37:13.90334+00,99,0,1817,25.1,96,3,1,Warning (MODERATE),Raining
3317,2026-09-29 17:37:20.330412+00,89,0,1820,25.1,96,3,2,Flood Alert (HIGH),Raining
3318,2026-09-29 17:37:26.30725+00,89,0,1819,25.1,96,3,2,Flood Alert (HIGH),Raining
3319,2026-09-29 17:37:32.56138+00,100,0,1819,25.1,96,3,1,Warning (MOD),Raining
3320,2026-09-29 17:37:41.343027+00,100,0,1817,25,96,3,2,Alert (HIGH),Raining
3321,2026-09-29 17:37:47.750609+00,88,0,1816,25,96,3,1,Warning (MOD),Raining
3322,2026-09-29 17:37:53.852455+00,96,0,1817,25,96,3,2,Alert (HIGH),Raining
3323,2026-09-29 17:38:00.025685+00,98,0,1820,25,96,3,1,Warning (MOD),Raining
3324,2026-09-29 17:38:06.063748+00,96,0,1819,25,96,3,2,Alert (HIGH),Raining
3325,2026-09-29 17:38:12.115963+00,87,0,1817,25,96,3,2,Flood Alert (HIGH),Raining
3326,2026-09-29 17:38:18.355758+00,96,0,1817,25,96,3,1,Warning (MODERATE),Raining
3327,2026-09-29 17:38:24.421375+00,87,0,1818,25,96,3,2,Flood Alert (HIGH),Raining
3328,2026-09-29 17:38:30.550707+00,100,0,1818,25,96,3,1,Warning (MODERATE),Raining
3329,2026-09-29 17:38:36.596936+00,88,0,1817,25,96,3,1,Warning (MOD),Raining
3330,2026-09-29 17:38:42.722343+00,99,0,1817,25,96,3,2,Alert (HIGH),Raining
3331,2026-09-29 17:38:48.908634+00,89,0,1819,25,96,3,2,Flood Alert (HIGH),Raining
3332,2026-09-29 17:38:55.187525+00,91,0,1817,25,96,3,1,Warning (MOD),Raining
3333,2026-09-29 17:39:01.390158+00,96,0,1819,25,96,3,1,Warning (MODERATE),Raining
3334,2026-09-29 17:39:07.375789+00,93,0,1817,25,96,3,1,Warning (MODERATE),Raining
3335,2026-09-29 17:39:13.837672+00,89,0,1820,25,96,3,1,Warning (MOD),Raining
3336,2026-09-29 17:39:19.984407+00,98,0,1817,25,96,3,1,Warning (MOD),Raining
3337,2026-09-29 17:39:26.269045+00,89,0,1820,25,96,3,1,Warning (MODERATE),Raining
3338,2026-09-29 17:39:32.28909+00,90,0,1817,25,96,3,1,Warning (MODERATE),Raining
3339,2026-09-29 17:39:38.399865+00,98,0,1818,25,96,3,1,Warning (MODERATE),Raining
3340,2026-09-29 17:39:44.598774+00,100,0,1817,25,96,3,1,Warning (MODERATE),Raining
3341,2026-09-29 17:39:50.77604+00,100,0,1818,25,96,3,2,Alert (HIGH),Raining
3342,2026-09-29 17:39:57.159755+00,87,0,1817,25,96,3,1,Warning (MOD),Raining
3343,2026-09-29 17:40:03.550234+00,92,0,1816,25,96,3,2,Flood Alert (HIGH),Raining
3344,2026-09-29 17:40:09.479704+00,92,0,1820,25,96,3,1,Warning (MOD),Raining
3345,2026-09-29 17:40:15.612321+00,100,0,1818,25,96,3,1,Warning (MODERATE),Raining
3346,2026-09-29 17:40:21.781365+00,98,0,1817,25,96,3,2,Alert (HIGH),Raining
3347,2026-09-29 17:40:27.740831+00,89,0,1819,25,96,3,1,Warning (MOD),Raining
3348,2026-09-29 17:40:34.039441+00,98,0,1819,25,96,3,2,Flood Alert (HIGH),Raining
3349,2026-09-29 17:40:40.057238+00,91,0,1817,25,96,3,2,Flood Alert (HIGH),Raining
3350,2026-09-29 17:40:46.635911+00,87,0,1820,25,96,3,2,Flood Alert (HIGH),Raining
3351,2026-09-29 17:40:53.089073+00,92,0,1817,25,96,3,1,Warning (MODERATE),Raining
3352,2026-09-29 17:40:59.439002+00,100,0,1819,25,96,3,1,Warning (MODERATE),Raining
3353,2026-09-29 17:41:05.534907+00,87,0,1817,25,96,3,1,Warning (MOD),Raining
3354,2026-09-29 17:41:11.833888+00,100,0,1817,25,96,3,2,Alert (HIGH),Raining
3355,2026-09-29 17:41:17.887325+00,92,0,1817,25,96,3,1,Warning (MOD),Raining
3356,2026-09-29 17:41:23.849101+00,100,0,1816,25,96,3,2,Alert (HIGH),Raining
3357,2026-09-29 17:41:30.123925+00,90,0,1820,25,96,3,1,Warning (MOD),Raining
3358,2026-09-29 17:41:36.267701+00,89,0,1816,25,96,3,1,Warning (MOD),Raining
3359,2026-09-29 17:41:42.397192+00,92,0,1820,25,96,3,1,Warning (MOD),Raining
3360,2026-09-29 17:41:48.688959+00,87,0,1820,25,96,3,2,Flood Alert (HIGH),Raining
3361,2026-09-29 17:41:54.755915+00,100,0,1818,25,96,3,1,Warning (MODERATE),Raining
3362,2026-09-29 17:42:01.170521+00,94,0,1820,25,96,3,1,Warning (MODERATE),Raining
3363,2026-09-29 17:42:07.228825+00,99,0,1817,25,96,3,1,Warning (MODERATE),Raining
3364,2026-09-29 17:42:13.264055+00,98,0,1820,25,96,3,1,Warning (MODERATE),Raining
3365,2026-09-29 17:42:19.350963+00,100,0,1817,25,96,3,1,Warning (MOD),Raining
3366,2026-09-29 17:42:25.330045+00,88,0,1817,25,96,3,1,Warning (MOD),Raining
3367,2026-09-29 17:42:31.464304+00,95,0,1819,25,96,3,2,Flood Alert (HIGH),Raining
3368,2026-09-29 17:42:37.62882+00,98,0,1819,25,96,3,1,Warning (MODERATE),Raining
3369,2026-09-29 17:42:43.866721+00,92,0,1818,25,96,3,2,Flood Alert (HIGH),Raining
3370,2026-09-29 17:42:50.096765+00,99,0,1819,25,96,3,2,Flood Alert (HIGH),Raining
3371,2026-09-29 17:42:56.572524+00,92,0,1819,25,96,3,1,Warning (MOD),Raining
3372,2026-09-29 17:43:02.6314+00,92,0,1819,25,96,3,1,Warning (MOD),Raining
3373,2026-09-29 17:43:08.707864+00,100,0,1819,25,96,3,2,Alert (HIGH),Raining
3374,2026-09-29 17:43:15.080497+00,99,0,1818,25,96,3,2,Alert (HIGH),Raining
3375,2026-09-29 17:43:21.539925+00,90,0,1817,25,96,3,1,Warning (MOD),Raining
3376,2026-09-29 17:43:27.537224+00,97,0,1818,25,96,3,2,Alert (HIGH),Raining
3377,2026-09-29 17:43:33.434932+00,97,0,1818,25,96,3,2,Flood Alert (HIGH),Raining
3378,2026-09-29 17:43:39.498595+00,88,0,1820,25,96,3,2,Flood Alert (HIGH),Raining
3379,2026-09-29 17:43:45.571301+00,97,0,1820,25,96,3,2,Flood Alert (HIGH),Raining
3380,2026-09-29 17:43:51.896737+00,100,0,1821,25,96,3,2,Alert (HIGH),Raining
3381,2026-09-29 17:43:57.958487+00,88,0,1818,25,96,3,1,Warning (MOD),Raining
3382,2026-09-29 17:44:03.873824+00,100,0,1820,25,96,3,2,Alert (HIGH),Raining
3383,2026-09-29 17:44:09.85253+00,89,0,1820,25,96,3,1,Warning (MOD),Raining
3384,2026-09-29 17:44:16.494343+00,94,0,1818,25,96,3,2,Flood Alert (HIGH),Raining
3385,2026-09-29 17:44:22.873146+00,87,0,1817,25,96,3,2,Flood Alert (HIGH),Raining
3386,2026-09-29 17:44:29.060618+00,92,0,1818,25,96,3,2,Flood Alert (HIGH),Raining
3387,2026-09-29 17:44:35.272868+00,95,0,1820,25,96,3,1,Warning (MOD),Raining
3388,2026-09-29 17:44:41.754625+00,100,0,1818,25,96,3,1,Warning (MODERATE),Raining
3389,2026-09-29 17:44:47.866468+00,100,0,1817,25,96,3,1,Warning (MODERATE),Raining
3390,2026-09-29 17:44:54.348777+00,88,0,1817,25,96,3,1,Warning (MOD),Raining
3391,2026-09-29 17:45:00.489126+00,93,0,1820,25,96,3,1,Warning (MOD),Raining
3392,2026-09-29 17:45:06.788237+00,100,0,1819,25,96,3,1,Warning (MOD),Raining
3393,2026-09-29 17:45:13.065128+00,89,0,1821,25,96,3,2,Flood Alert (HIGH),Raining
3394,2026-09-29 17:45:19.199626+00,88,0,1818,25,96,3,1,Warning (MOD),Raining
3395,2026-09-29 17:45:25.416608+00,99,0,1820,25,96,3,2,Flood Alert (HIGH),Raining
3396,2026-09-29 17:45:31.447405+00,100,0,1818,25,96,3,2,Flood Alert (HIGH),Raining
3397,2026-09-29 17:45:37.843019+00,96,0,1821,25,96,3,2,Flood Alert (HIGH),Raining
3398,2026-09-29 17:45:43.980124+00,90,0,1818,25,96,3,2,Flood Alert (HIGH),Raining
3399,2026-09-29 17:45:50.207315+00,87,0,1820,25,96,3,2,Flood Alert (HIGH),Raining
3400,2026-09-29 17:45:56.65047+00,90,0,1819,25,96,3,2,Flood Alert (HIGH),Raining
3401,2026-09-29 17:46:02.626875+00,100,0,1820,25,96,3,1,Warning (MOD),Raining
3402,2026-09-29 17:46:08.812746+00,100,0,1820,25,96,3,2,Flood Alert (HIGH),Raining
3403,2026-09-29 17:46:14.866785+00,100,0,1819,25,96,3,2,Alert (HIGH),Raining
3404,2026-09-29 17:46:20.792196+00,100,0,1817,25,96,3,2,Alert (HIGH),Raining
3405,2026-09-29 17:46:26.813226+00,91,0,1818,25,96,3,1,Warning (MOD),Raining
3406,2026-09-29 17:46:32.860027+00,99,0,1817,25,96,3,1,Warning (MODERATE),Raining
3407,2026-09-29 17:46:38.873042+00,100,0,1818,25,96,3,2,Alert (HIGH),Raining
3408,2026-09-29 17:46:45.104404+00,88,0,1821,25,96,3,1,Warning (MOD),Raining
3409,2026-09-29 17:46:51.627179+00,95,0,1818,25,96,3,2,Flood Alert (HIGH),Raining
3410,2026-09-29 17:46:57.559831+00,98,0,1817,25,96,3,2,Flood Alert (HIGH),Raining
3411,2026-09-29 17:47:03.767269+00,92,0,1819,25,96,3,2,Flood Alert (HIGH),Raining
3412,2026-09-29 17:47:09.72762+00,100,0,1820,25,96,3,2,Flood Alert (HIGH),Raining
3413,2026-09-29 17:47:15.817842+00,98,0,1817,25,96,3,1,Warning (MODERATE),Raining
3414,2026-09-29 17:47:22.265484+00,95,0,1818,25,96,3,1,Warning (MOD),Raining
3415,2026-09-29 17:47:28.2597+00,87,0,1817,25,96,3,1,Warning (MOD),Raining
3416,2026-09-29 17:47:34.354359+00,100,0,1820,25,96,3,1,Warning (MODERATE),Raining
3417,2026-09-29 17:47:42.985906+00,95,0,1818,24.9,96,3,2,Flood Alert (HIGH),Raining
3418,2026-09-29 17:47:49.242162+00,92,0,1820,24.9,96,3,2,Flood Alert (HIGH),Raining
3419,2026-09-29 17:47:55.527352+00,95,0,1818,24.9,96,3,2,Flood Alert (HIGH),Raining
3420,2026-09-29 17:48:01.707814+00,100,0,1820,24.9,96,3,2,Flood Alert (HIGH),Raining
3421,2026-09-29 17:48:08.003117+00,92,0,1820,24.9,96,3,2,Flood Alert (HIGH),Raining
3422,2026-09-29 17:48:13.999165+00,98,0,1817,24.9,96,3,2,Flood Alert (HIGH),Raining
3423,2026-09-29 17:48:20.313225+00,100,0,1817,24.9,96,3,2,Alert (HIGH),Raining
3424,2026-09-29 17:48:26.366745+00,88,0,1817,24.9,96,3,1,Warning (MOD),Raining
3425,2026-09-29 17:48:32.348465+00,91,0,1819,24.9,96,3,1,Warning (MOD),Raining
3426,2026-09-29 17:48:38.567466+00,100,0,1819,24.9,96,3,1,Warning (MOD),Raining
3427,2026-09-29 17:48:44.940824+00,100,0,1818,24.9,96,3,1,Warning (MODERATE),Raining
3428,2026-09-29 17:48:51.365522+00,91,0,1821,24.9,96,3,2,Flood Alert (HIGH),Raining
3429,2026-09-29 17:48:57.670451+00,100,0,1820,24.9,96,3,2,Alert (HIGH),Raining
3430,2026-09-29 17:49:03.890606+00,87,0,1817,24.9,96,3,2,Flood Alert (HIGH),Raining
3431,2026-09-29 17:49:10.112857+00,89,0,1818,24.9,96,3,2,Flood Alert (HIGH),Raining
3432,2026-09-29 17:49:16.481272+00,100,0,1818,24.9,96,3,1,Warning (MODERATE),Raining
3433,2026-09-29 17:49:22.649697+00,97,0,1820,24.9,96,3,1,Warning (MODERATE),Raining
3434,2026-09-29 17:49:28.779883+00,99,0,1819,24.9,96,3,2,Alert (HIGH),Raining
3435,2026-09-29 17:49:34.903472+00,88,0,1819,24.9,96,3,1,Warning (MOD),Raining
3436,2026-09-29 17:49:41.071424+00,94,0,1820,24.9,96,3,2,Flood Alert (HIGH),Raining
3437,2026-09-29 17:49:47.244065+00,95,0,1820,24.9,96,3,2,Flood Alert (HIGH),Raining
3438,2026-09-29 17:49:53.365163+00,91,0,1821,24.9,96,3,2,Flood Alert (HIGH),Raining
3439,2026-09-29 17:49:59.429048+00,98,0,1819,24.9,96,3,1,Warning (MODERATE),Raining
3440,2026-09-29 17:50:05.469636+00,87,0,1820,24.9,96,3,1,Warning (MOD),Raining
3441,2026-09-29 17:50:11.459927+00,93,0,1819,24.9,96,3,2,Flood Alert (HIGH),Raining
3442,2026-09-29 17:50:17.599049+00,92,0,1818,24.9,96,3,1,Warning (MODERATE),Raining
3443,2026-09-29 17:50:23.806387+00,88,0,1821,24.9,96,3,1,Warning (MOD),Raining
3444,2026-09-29 17:50:29.76945+00,89,0,1819,24.9,96,3,1,Warning (MODERATE),Raining
3445,2026-09-29 17:50:35.819754+00,100,0,1818,24.9,96,3,1,Warning (MODERATE),Raining
3446,2026-09-29 17:50:42.153511+00,100,0,1820,24.9,96,3,1,Warning (MODERATE),Raining
3447,2026-09-29 17:50:48.0475+00,87,0,1818,24.9,96,3,2,Flood Alert (HIGH),Raining
3448,2026-09-29 17:50:54.228679+00,89,0,1821,24.9,96,3,2,Flood Alert (HIGH),Raining
3449,2026-09-29 17:51:00.288381+00,100,0,1818,24.9,96,3,1,Warning (MODERATE),Raining
3450,2026-09-29 17:51:06.392097+00,100,0,1819,24.9,96,3,1,Warning (MODERATE),Raining
3451,2026-09-29 17:51:12.779428+00,94,0,1819,24.9,96,3,1,Warning (MODERATE),Raining
3452,2026-09-29 17:51:18.794912+00,90,0,1818,24.9,96,3,2,Flood Alert (HIGH),Raining
3453,2026-09-29 17:51:24.871243+00,100,0,1821,24.9,96,3,2,Flood Alert (HIGH),Raining
3454,2026-09-29 17:51:30.769965+00,98,0,1817,24.9,96,3,2,Flood Alert (HIGH),Raining
3455,2026-09-29 17:51:36.874443+00,94,0,1819,24.9,96,3,2,Flood Alert (HIGH),Raining
3456,2026-09-29 17:51:43.117996+00,100,0,1817,24.9,96,3,1,Warning (MODERATE),Raining
3457,2026-09-29 17:51:49.363925+00,97,0,1820,24.9,96,3,1,Warning (MODERATE),Raining
3458,2026-09-29 17:51:55.628508+00,96,0,1819,24.9,96,3,2,Flood Alert (HIGH),Raining
3459,2026-09-29 17:52:01.768996+00,87,0,1820,24.9,96,3,2,Flood Alert (HIGH),Raining
3460,2026-09-29 17:52:07.892938+00,91,0,1821,24.9,96,3,2,Flood Alert (HIGH),Raining
3461,2026-09-29 17:52:14.179083+00,100,0,1818,24.9,96,3,2,Flood Alert (HIGH),Raining
3462,2026-09-29 17:52:20.355051+00,91,0,1821,24.9,96,3,2,Flood Alert (HIGH),Raining
3463,2026-09-29 17:52:26.383329+00,98,0,1820,24.9,96,3,2,Flood Alert (HIGH),Raining
3464,2026-09-29 17:52:32.352631+00,97,0,1817,24.9,96,3,2,Flood Alert (HIGH),Raining
3465,2026-09-29 17:52:38.279633+00,100,0,1816,24.9,96,3,2,Flood Alert (HIGH),Raining
3466,2026-09-29 17:52:44.311081+00,100,0,1819,24.9,96,3,2,Flood Alert (HIGH),Raining
3467,2026-09-29 17:52:50.354453+00,88,0,1818,24.9,96,3,2,Flood Alert (HIGH),Raining
3468,2026-09-29 17:52:56.258869+00,87,0,1818,24.9,96,3,2,Flood Alert (HIGH),Raining
3469,2026-09-29 17:53:02.415368+00,88,0,1819,24.9,96,3,2,Flood Alert (HIGH),Raining
3470,2026-09-29 17:53:08.53988+00,95,0,1819,24.9,96,3,2,Flood Alert (HIGH),Raining
3471,2026-09-29 17:53:14.706038+00,100,0,1819,24.9,96,3,2,Flood Alert (HIGH),Raining
3472,2026-09-29 17:53:20.787875+00,86,0,1818,24.9,96,3,2,Flood Alert (HIGH),Raining
3473,2026-09-29 17:53:27.108834+00,91,0,1819,24.9,96,3,2,Flood Alert (HIGH),Raining
3474,2026-09-29 17:53:33.26026+00,89,0,1820,24.9,96,3,2,Flood Alert (HIGH),Raining
3475,2026-09-29 17:53:39.648319+00,89,0,1817,24.9,96,3,1,Warning (MODERATE),Raining
3476,2026-09-29 17:53:45.897457+00,100,0,1820,24.9,96,3,1,Warning (MODERATE),Raining
3477,2026-09-29 17:53:52.163677+00,98,0,1819,24.9,96,3,1,Warning (MODERATE),Raining
3478,2026-09-29 17:53:58.360449+00,89,0,1820,24.9,96,3,2,Flood Alert (HIGH),Raining
3479,2026-09-29 17:54:04.457546+00,90,0,1820,24.9,96,3,2,Flood Alert (HIGH),Raining
3480,2026-09-29 17:54:10.616122+00,92,0,1818,24.9,96,3,1,Warning (MODERATE),Raining
3481,2026-09-29 17:54:16.874466+00,87,0,1820,24.9,96,3,1,Warning (MODERATE),Raining
3482,2026-09-29 17:54:22.985068+00,96,0,1818,24.9,96,3,1,Warning (MODERATE),Raining
3483,2026-09-29 17:54:29.254496+00,97,0,1820,24.9,96,3,1,Warning (MODERATE),Raining
3484,2026-09-29 17:54:35.428643+00,87,0,1820,24.9,96,3,2,Flood Alert (HIGH),Raining
3485,2026-09-29 17:54:41.422071+00,92,0,1818,24.9,96,3,1,Warning (MODERATE),Raining
3486,2026-09-29 17:54:47.561693+00,86,0,1820,24.9,96,3,1,Warning (MODERATE),Raining
3487,2026-09-29 17:54:53.775447+00,96,0,1819,24.9,96,3,1,Warning (MODERATE),Raining
3488,2026-09-29 17:55:00.107079+00,96,0,1817,24.9,96,3,1,Warning (MODERATE),Raining
3489,2026-09-29 17:55:06.490608+00,95,0,1820,24.9,96,3,1,Warning (MODERATE),Raining
3490,2026-09-29 17:55:12.804316+00,97,0,1818,24.9,96,3,1,Warning (MODERATE),Raining
3491,2026-09-29 17:55:18.912333+00,100,0,1817,24.9,96,3,1,Warning (MODERATE),Raining
3492,2026-09-29 17:55:25.090625+00,89,0,1817,24.9,96,3,2,Flood Alert (HIGH),Raining
3493,2026-09-29 17:55:31.164243+00,92,0,1818,24.9,96,3,1,Warning (MODERATE),Raining
3494,2026-09-29 17:55:37.500068+00,93,0,1820,24.9,96,3,1,Warning (MODERATE),Raining
3495,2026-09-29 17:55:43.500622+00,88,0,1819,24.9,96,3,2,Flood Alert (HIGH),Raining
3496,2026-09-29 17:55:49.638633+00,89,0,1820,24.9,96,3,2,Flood Alert (HIGH),Raining
3497,2026-09-29 17:55:55.83054+00,89,0,1818,24.9,96,3,2,Flood Alert (HIGH),Raining
3498,2026-09-29 17:56:02.203791+00,96,0,1817,24.9,96,3,1,Warning (MODERATE),Raining
3499,2026-09-29 17:56:08.624798+00,99,0,1819,24.9,96,3,1,Warning (MODERATE),Raining
3500,2026-09-29 17:56:14.710204+00,92,0,1818,24.9,96,3,1,Warning (MODERATE),Raining
3501,2026-09-29 17:56:20.976349+00,100,0,1820,24.9,96,3,1,Warning (MODERATE),Raining
3502,2026-09-29 17:56:27.13611+00,87,0,1817,24.9,96,3,2,Flood Alert (HIGH),Raining
3503,2026-09-29 17:56:33.144872+00,100,0,1820,24.9,96,3,1,Warning (MODERATE),Raining
3504,2026-09-29 17:56:39.320688+00,88,0,1820,24.9,96,3,1,Warning (MODERATE),Raining
3505,2026-09-29 17:56:45.40938+00,96,0,1817,24.9,96,3,1,Warning (MODERATE),Raining
3506,2026-09-29 17:56:51.759945+00,95,0,1820,24.9,96,3,2,Flood Alert (HIGH),Raining
3507,2026-09-29 17:56:58.057083+00,99,0,1820,24.9,96,3,2,Flood Alert (HIGH),Raining
3508,2026-09-29 17:57:04.140606+00,90,0,1818,24.9,96,3,2,Flood Alert (HIGH),Raining
3509,2026-09-29 17:57:10.330757+00,97,0,1819,24.9,96,3,2,Flood Alert (HIGH),Raining
3510,2026-09-29 17:57:16.430583+00,100,0,1820,24.9,96,3,1,Warning (MODERATE),Raining
3511,2026-09-29 17:57:22.790417+00,97,0,1820,24.9,96,3,1,Warning (MODERATE),Raining
3512,2026-09-29 17:57:29.014321+00,94,0,1818,24.9,96,3,2,Flood Alert (HIGH),Raining
3513,2026-09-29 17:57:35.105661+00,100,0,1819,24.9,96,3,1,Warning (MODERATE),Raining
3514,2026-09-29 17:57:41.329272+00,94,0,1820,24.9,96,3,2,Flood Alert (HIGH),Raining
3515,2026-09-29 17:57:47.527517+00,91,0,1818,24.9,96,3,2,Flood Alert (HIGH),Raining
3516,2026-09-29 17:57:53.433984+00,95,0,1820,24.9,96,3,2,Flood Alert (HIGH),Raining
3517,2026-09-29 17:57:59.534876+00,88,0,1819,24.9,96,3,2,Flood Alert (HIGH),Raining
3518,2026-09-29 17:58:05.886879+00,86,0,1821,24.9,96,3,2,Flood Alert (HIGH),Raining
3519,2026-09-29 17:58:12.25251+00,95,0,1818,24.9,96,3,2,Flood Alert (HIGH),Raining
3520,2026-09-29 17:58:18.472198+00,94,0,1818,24.9,96,3,1,Warning (MODERATE),Raining
3521,2026-09-29 17:58:24.369261+00,99,0,1821,24.9,96,3,1,Warning (MODERATE),Raining
3522,2026-09-29 17:58:30.728881+00,88,0,1820,24.9,96,3,1,Warning (MODERATE),Raining
3523,2026-09-29 17:58:36.848444+00,99,0,1822,24.9,96,3,1,Warning (MODERATE),Raining
3524,2026-09-29 17:58:42.946387+00,100,0,1818,24.9,96,3,1,Warning (MODERATE),Raining
3525,2026-09-29 17:58:48.82827+00,97,0,1821,24.9,96,3,1,Warning (MODERATE),Raining
3526,2026-09-29 17:58:54.970331+00,95,0,1819,24.9,96,3,1,Warning (MODERATE),Raining
3527,2026-09-29 17:59:01.244167+00,100,0,1818,24.9,96,3,1,Warning (MODERATE),Raining
3528,2026-09-29 17:59:07.443468+00,90,0,1818,24.9,96,3,2,Flood Alert (HIGH),Raining
3529,2026-09-29 17:59:13.866883+00,95,0,1821,24.9,96,3,2,Flood Alert (HIGH),Raining
3530,2026-09-29 17:59:19.84013+00,87,0,1819,24.9,96,3,2,Flood Alert (HIGH),Raining
3531,2026-09-29 17:59:26.098446+00,92,0,1818,24.9,96,3,2,Flood Alert (HIGH),Raining
3532,2026-09-29 17:59:32.365286+00,96,0,1818,24.9,96,3,2,Flood Alert (HIGH),Raining
3533,2026-09-29 17:59:38.460467+00,97,0,1818,24.9,96,3,2,Flood Alert (HIGH),Raining
3534,2026-09-29 17:59:44.857761+00,97,0,1819,24.9,96,3,2,Flood Alert (HIGH),Raining
3535,2026-09-29 17:59:50.882205+00,97,0,1817,24.9,96,3,2,Flood Alert (HIGH),Raining
3536,2026-09-29 17:59:56.989186+00,92,0,1819,24.9,96,3,2,Flood Alert (HIGH),Raining
3537,2026-09-29 18:00:02.927196+00,92,0,1821,24.9,96,3,2,Flood Alert (HIGH),Raining
3538,2026-09-29 18:00:08.98832+00,99,0,1818,24.9,96,3,1,Warning (MODERATE),Raining
3539,2026-09-29 18:00:15.368485+00,86,0,1820,24.9,96,3,2,Flood Alert (HIGH),Raining
3540,2026-09-29 18:00:21.54504+00,100,0,1817,24.9,96,3,2,Flood Alert (HIGH),Raining
3541,2026-09-29 18:00:27.505986+00,95,0,1818,24.9,96,3,2,Flood Alert (HIGH),Raining
3542,2026-09-29 18:00:33.473775+00,100,0,1818,24.9,96,3,2,Flood Alert (HIGH),Raining
3543,2026-09-29 18:00:39.678859+00,100,0,1819,24.9,96,3,2,Flood Alert (HIGH),Raining
3544,2026-09-29 18:00:45.844444+00,100,0,1821,24.9,96,3,1,Warning (MODERATE),Raining
3545,2026-09-29 18:00:52.213279+00,91,0,1819,24.9,96,3,2,Flood Alert (HIGH),Raining
3546,2026-09-29 18:00:58.343263+00,100,0,1821,24.9,96,3,1,Warning (MODERATE),Raining
3547,2026-09-29 18:01:04.654105+00,89,0,1817,24.9,96,3,2,Flood Alert (HIGH),Raining
3548,2026-09-29 18:01:10.749606+00,94,0,1821,24.9,96,3,2,Flood Alert (HIGH),Raining
3549,2026-09-29 18:01:17.007223+00,86,0,1820,24.9,96,3,2,Flood Alert (HIGH),Raining
3550,2026-09-29 18:01:23.273418+00,88,0,1819,24.9,96,3,2,Flood Alert (HIGH),Raining
3551,2026-09-29 18:01:29.350245+00,90,0,1819,24.9,96,3,2,Flood Alert (HIGH),Raining
3552,2026-09-29 18:01:35.284221+00,89,0,1821,24.9,96,3,2,Flood Alert (HIGH),Raining
3553,2026-09-29 18:01:41.206085+00,86,0,1818,24.9,96,3,1,Warning (MODERATE),Raining
3554,2026-09-29 18:01:47.224932+00,95,0,1818,24.9,96,3,1,Warning (MODERATE),Raining
3555,2026-09-29 18:01:53.303478+00,87,0,1818,24.9,96,3,1,Warning (MODERATE),Raining
3556,2026-09-29 18:01:59.272019+00,100,0,1822,24.9,96,3,1,Warning (MODERATE),Raining
3557,2026-09-29 18:02:05.533741+00,98,0,1821,24.9,96,3,1,Warning (MODERATE),Raining
3558,2026-09-29 18:02:11.792984+00,92,0,1819,24.9,96,3,1,Warning (MODERATE),Raining
3559,2026-09-29 18:02:18.538358+00,95,0,1819,24.9,96,3,1,Warning (MODERATE),Raining
3560,2026-09-29 18:02:24.989302+00,96,0,1819,24.9,96,3,1,Warning (MODERATE),Raining
3561,2026-09-29 18:02:31.424484+00,94,0,1819,24.9,96,3,1,Warning (MODERATE),Raining
3562,2026-09-29 18:02:37.822804+00,95,0,1819,24.9,96,3,1,Warning (MODERATE),Raining
3563,2026-09-29 18:02:43.711491+00,97,0,1822,24.9,96,3,1,Warning (MODERATE),Raining
3564,2026-09-29 18:02:49.996704+00,94,0,1821,24.9,96,3,2,Flood Alert (HIGH),Raining
3565,2026-09-29 18:02:56.109786+00,95,0,1819,24.9,96,3,2,Flood Alert (HIGH),Raining
3566,2026-09-29 18:03:02.451633+00,89,0,1822,24.9,96,3,2,Flood Alert (HIGH),Raining
3567,2026-09-29 18:03:08.816305+00,86,0,1822,24.9,96,3,2,Flood Alert (HIGH),Raining
3568,2026-09-29 18:03:15.06346+00,100,0,1820,24.9,96,3,1,Warning (MODERATE),Raining
3569,2026-09-29 18:03:21.308891+00,100,0,1819,24.9,96,3,1,Warning (MODERATE),Raining
3570,2026-09-29 18:03:27.510278+00,100,0,1819,24.9,96,3,2,Flood Alert (HIGH),Raining
3571,2026-09-29 18:03:33.484385+00,100,0,1822,24.9,96,3,2,Flood Alert (HIGH),Raining
3572,2026-09-29 18:03:39.709833+00,95,0,1819,24.9,96,3,2,Flood Alert (HIGH),Raining
3573,2026-09-29 18:03:46.155918+00,100,0,1821,24.9,96,3,2,Flood Alert (HIGH),Raining
3574,2026-09-29 18:03:52.293603+00,97,0,1818,24.9,96,3,1,Warning (MODERATE),Raining
3575,2026-09-29 18:03:58.34194+00,98,0,1821,24.9,96,3,1,Warning (MODERATE),Raining
3576,2026-09-29 18:04:04.378147+00,94,0,1817,24.9,96,3,1,Warning (MODERATE),Raining
3577,2026-09-29 18:04:10.351117+00,89,0,1819,24.9,96,3,2,Flood Alert (HIGH),Raining
3578,2026-09-29 18:04:16.647929+00,87,0,1820,24.9,96,3,2,Flood Alert (HIGH),Raining
3579,2026-09-29 18:04:22.759205+00,89,0,1818,24.9,96,3,2,Flood Alert (HIGH),Raining
3580,2026-09-29 18:04:28.914409+00,88,0,1821,24.9,96,3,2,Flood Alert (HIGH),Raining
3581,2026-09-29 18:04:35.011318+00,97,0,1822,24.9,96,3,1,Warning (MODERATE),Raining
3582,2026-09-29 18:04:41.46689+00,96,0,1818,24.9,96,3,1,Warning (MODERATE),Raining
3583,2026-09-29 18:04:47.849134+00,92,0,1820,24.9,96,3,1,Warning (MODERATE),Raining
3584,2026-09-29 18:04:54.151833+00,100,0,1822,24.9,96,3,1,Warning (MODERATE),Raining
3585,2026-09-29 18:05:00.278485+00,97,0,1819,24.9,96,3,1,Warning (MODERATE),Raining
3586,2026-09-29 18:05:06.480899+00,88,0,1819,24.9,96,3,1,Warning (MODERATE),Raining
3587,2026-09-29 18:05:12.815293+00,97,0,1821,24.9,96,3,1,Warning (MODERATE),Raining
3588,2026-09-29 18:05:19.199862+00,94,0,1821,24.9,96,3,1,Warning (MODERATE),Raining
3589,2026-09-29 18:05:25.395332+00,100,0,1821,24.9,96,3,1,Warning (MODERATE),Raining
3590,2026-09-29 18:05:31.418239+00,98,0,1821,24.9,96,3,2,Flood Alert (HIGH),Raining
3591,2026-09-29 18:05:37.420896+00,92,0,1819,24.9,96,3,2,Flood Alert (HIGH),Raining
3592,2026-09-29 18:05:43.548293+00,88,0,1822,24.9,96,3,2,Flood Alert (HIGH),Raining
3593,2026-09-29 18:05:49.782079+00,100,0,1819,24.9,96,3,2,Flood Alert (HIGH),Raining
3594,2026-09-29 18:05:56.07581+00,90,0,1821,24.9,96,3,2,Flood Alert (HIGH),Raining
3595,2026-09-29 18:06:02.198038+00,90,0,1822,24.9,96,3,2,Flood Alert (HIGH),Raining
3596,2026-09-29 18:06:08.340185+00,87,0,1818,24.9,96,3,2,Flood Alert (HIGH),Raining
3597,2026-09-29 18:06:14.490841+00,88,0,1820,24.9,96,3,2,Flood Alert (HIGH),Raining
3598,2026-09-29 18:06:20.652487+00,95,0,1820,24.9,96,3,1,Warning (MODERATE),Raining
3599,2026-09-29 18:06:26.675826+00,100,0,1818,24.9,96,3,1,Warning (MODERATE),Raining
3600,2026-09-29 18:06:32.770169+00,98,0,1818,24.9,96,3,1,Warning (MODERATE),Raining
3601,2026-09-29 18:06:38.837546+00,98,0,1819,24.9,96,3,1,Warning (MODERATE),Raining
3602,2026-09-29 18:06:45.070069+00,93,0,1818,24.9,96,3,2,Flood Alert (HIGH),Raining
3603,2026-09-29 18:06:51.425805+00,87,0,1821,24.9,96,3,2,Flood Alert (HIGH),Raining
3604,2026-09-29 18:06:57.66033+00,100,0,1818,24.9,96,3,1,Warning (MODERATE),Raining
3605,2026-09-29 18:07:03.995451+00,97,0,1820,24.9,96,3,1,Warning (MODERATE),Raining
3606,2026-09-29 18:07:10.245962+00,92,0,1818,24.9,96,3,2,Flood Alert (HIGH),Raining
3607,2026-09-29 18:07:16.16818+00,90,0,1821,24.9,96,3,2,Flood Alert (HIGH),Raining
3608,2026-09-29 18:07:22.157508+00,91,0,1817,24.9,96,3,2,Flood Alert (HIGH),Raining
3609,2026-09-29 18:07:28.358359+00,88,0,1821,24.9,96,3,2,Flood Alert (HIGH),Raining
3610,2026-09-29 18:07:34.426518+00,89,0,1819,24.9,96,3,2,Flood Alert (HIGH),Raining
3611,2026-09-29 18:07:40.708699+00,99,0,1818,24.9,96,3,1,Warning (MODERATE),Raining
3612,2026-09-29 18:07:47.953642+00,94,0,1820,24.9,95,3,1,Warning (MODERATE),Raining
3613,2026-09-29 18:07:54.27407+00,93,0,1820,24.9,95,3,1,Warning (MODERATE),Raining
3614,2026-09-29 18:08:00.196453+00,87,0,1821,24.9,95,3,1,Warning (MODERATE),Raining
3615,2026-09-29 18:08:06.30369+00,94,0,1819,24.9,95,3,1,Warning (MODERATE),Raining
3616,2026-09-29 18:08:12.396594+00,88,0,1819,24.9,95,3,1,Warning (MODERATE),Raining
3617,2026-09-29 18:08:18.315624+00,92,0,1819,24.9,95,3,1,Warning (MODERATE),Raining
3618,2026-09-29 18:08:24.343602+00,87,0,1820,24.9,95,3,1,Warning (MODERATE),Raining
3619,2026-09-29 18:08:30.557163+00,87,0,1818,24.9,95,3,1,Warning (MODERATE),Raining
3620,2026-09-29 18:08:36.836901+00,87,0,1820,24.9,95,3,1,Warning (MODERATE),Raining
3621,2026-09-29 18:08:42.879359+00,100,0,1821,24.9,95,3,1,Warning (MODERATE),Raining
3622,2026-09-29 18:08:48.880973+00,88,0,1823,24.9,95,3,1,Warning (MODERATE),Raining
3623,2026-09-29 18:08:55.125966+00,97,0,1818,24.9,95,3,1,Warning (MODERATE),Raining
3624,2026-09-29 18:09:01.419079+00,88,0,1821,24.9,95,3,1,Warning (MODERATE),Raining
3625,2026-09-29 18:09:07.530891+00,89,0,1822,24.9,95,3,1,Warning (MODERATE),Raining
3626,2026-09-29 18:09:13.857162+00,95,0,1821,24.9,95,3,1,Warning (MODERATE),Raining
3627,2026-09-29 18:09:20.381245+00,86,0,1818,24.9,95,3,1,Warning (MODERATE),Raining
3628,2026-09-29 18:09:26.347373+00,94,0,1821,24.9,95,3,1,Warning (MODERATE),Raining
3629,2026-09-29 18:09:32.700634+00,94,0,1819,24.9,95,3,1,Warning (MODERATE),Raining
3630,2026-09-29 18:09:38.988731+00,100,0,1820,24.9,95,3,1,Warning (MODERATE),Raining
3631,2026-09-29 18:09:45.106253+00,86,0,1820,24.9,95,3,2,Flood Alert (HIGH),Raining
3632,2026-09-29 18:09:51.311623+00,97,0,1818,24.9,95,3,1,Warning (MODERATE),Raining
3633,2026-09-29 18:09:57.330669+00,94,0,1819,24.9,95,3,1,Warning (MODERATE),Raining
3634,2026-09-29 18:10:03.500693+00,94,0,1819,24.9,95,3,1,Warning (MODERATE),Raining
3635,2026-09-29 18:10:09.491374+00,97,0,1819,24.9,95,3,1,Warning (MODERATE),Raining
3636,2026-09-29 18:10:15.693195+00,94,0,1820,24.9,95,3,1,Warning (MODERATE),Raining
3637,2026-09-29 18:10:21.693428+00,89,0,1821,24.9,95,3,2,Flood Alert (HIGH),Raining
3638,2026-09-29 18:10:27.81314+00,92,0,1819,24.9,95,3,2,Flood Alert (HIGH),Raining
3639,2026-09-29 18:10:33.976394+00,100,0,1821,24.9,95,3,1,Warning (MODERATE),Raining
3640,2026-09-29 18:10:40.088509+00,86,0,1818,24.9,95,3,2,Flood Alert (HIGH),Raining
3641,2026-09-29 18:10:46.468324+00,86,0,1820,24.9,95,3,2,Flood Alert (HIGH),Raining
3642,2026-09-29 18:10:52.634461+00,89,0,1818,24.9,95,3,2,Flood Alert (HIGH),Raining
3643,2026-09-29 18:10:58.757425+00,93,0,1819,24.9,95,3,1,Warning (MODERATE),Raining
3644,2026-09-29 18:11:04.94462+00,87,0,1820,24.9,95,3,1,Warning (MODERATE),Raining
3645,2026-09-29 18:11:10.944485+00,100,0,1819,24.9,95,3,1,Warning (MODERATE),Raining
3646,2026-09-29 18:11:17.061819+00,94,0,1819,24.9,95,3,1,Warning (MODERATE),Raining
3647,2026-09-29 18:11:23.374245+00,92,0,1820,24.9,95,3,1,Warning (MODERATE),Raining
3648,2026-09-29 18:11:29.32693+00,93,0,1822,24.9,95,3,1,Warning (MODERATE),Raining
3649,2026-09-29 18:11:35.213902+00,98,0,1819,24.9,95,3,1,Warning (MODERATE),Raining
3650,2026-09-29 18:11:41.326266+00,90,0,1823,24.9,95,3,1,Warning (MODERATE),Raining
3651,2026-09-29 18:11:47.667034+00,98,0,1821,24.9,95,3,1,Warning (MODERATE),Raining
3652,2026-09-29 18:11:54.077607+00,92,0,1819,24.9,95,3,1,Warning (MODERATE),Raining
3653,2026-09-29 18:12:00.269669+00,95,0,1820,24.9,95,3,2,Flood Alert (HIGH),Raining
3654,2026-09-29 18:12:06.652939+00,100,0,1818,24.9,95,3,2,Flood Alert (HIGH),Raining
3655,2026-09-29 18:12:12.768511+00,99,0,1822,24.9,95,3,1,Warning (MODERATE),Raining
3656,2026-09-29 18:12:19.149024+00,90,0,1822,24.9,95,3,2,Flood Alert (HIGH),Raining
3657,2026-09-29 18:12:25.260202+00,100,0,1821,24.9,95,3,2,Flood Alert (HIGH),Raining
3658,2026-09-29 18:12:31.592854+00,92,0,1820,24.9,95,3,2,Flood Alert (HIGH),Raining
3659,2026-09-29 18:12:38.004592+00,89,0,1821,24.9,95,3,2,Flood Alert (HIGH),Raining
3660,2026-09-29 18:12:44.093721+00,100,0,1822,24.9,95,3,2,Flood Alert (HIGH),Raining
3661,2026-09-29 18:12:50.414066+00,99,0,1819,24.9,95,3,1,Warning (MODERATE),Raining
3662,2026-09-29 18:12:56.532874+00,92,0,1822,24.9,95,3,2,Flood Alert (HIGH),Raining
3663,2026-09-29 18:13:02.648423+00,88,0,1818,24.9,95,3,2,Flood Alert (HIGH),Raining
3664,2026-09-29 18:13:08.823977+00,97,0,1821,24.9,95,3,2,Flood Alert (HIGH),Raining
3665,2026-09-29 18:13:15.049899+00,98,0,1821,24.9,95,3,2,Flood Alert (HIGH),Raining
3666,2026-09-29 18:13:21.303272+00,88,0,1820,24.9,95,3,2,Flood Alert (HIGH),Raining
3667,2026-09-29 18:13:27.410971+00,92,0,1821,24.9,95,3,2,Flood Alert (HIGH),Raining
3668,2026-09-29 18:13:33.654373+00,89,0,1821,24.9,95,3,2,Flood Alert (HIGH),Raining
3669,2026-09-29 18:13:40.148881+00,100,0,1821,24.9,95,3,1,Warning (MODERATE),Raining
3670,2026-09-29 18:13:46.314263+00,100,0,1820,24.9,95,3,1,Warning (MODERATE),Raining
3671,2026-09-29 18:13:52.378487+00,100,0,1820,24.9,95,3,1,Warning (MODERATE),Raining
3672,2026-09-29 18:13:58.404897+00,98,0,1820,24.9,95,3,2,Flood Alert (HIGH),Raining
3673,2026-09-29 18:14:04.46144+00,100,0,1821,24.9,95,3,2,Flood Alert (HIGH),Raining
3674,2026-09-29 18:14:10.59528+00,100,0,1820,24.9,95,3,1,Warning (MODERATE),Raining
3675,2026-09-29 18:14:16.808604+00,86,0,1818,24.9,95,3,2,Flood Alert (HIGH),Raining
3676,2026-09-29 18:14:22.932434+00,94,0,1819,24.9,95,3,2,Flood Alert (HIGH),Raining
3677,2026-09-29 18:14:29.1006+00,98,0,1819,24.9,95,3,2,Flood Alert (HIGH),Raining
3678,2026-09-29 18:14:35.411072+00,93,0,1821,24.9,95,3,2,Flood Alert (HIGH),Raining
3679,2026-09-29 18:14:41.868892+00,100,0,1820,24.9,95,3,2,Flood Alert (HIGH),Raining
3680,2026-09-29 18:14:48.226433+00,89,0,1820,24.9,95,3,2,Flood Alert (HIGH),Raining
3681,2026-09-29 18:14:54.588898+00,96,0,1821,24.9,95,3,2,Flood Alert (HIGH),Raining
3682,2026-09-29 18:15:00.916231+00,92,0,1819,24.9,95,3,2,Flood Alert (HIGH),Raining
3683,2026-09-29 18:15:07.445672+00,87,0,1820,24.9,95,3,2,Flood Alert (HIGH),Raining
3684,2026-09-29 18:15:13.930715+00,86,0,1820,24.9,95,3,2,Flood Alert (HIGH),Raining
3685,2026-09-29 18:15:20.100717+00,95,0,1822,24.9,95,3,2,Flood Alert (HIGH),Raining
3686,2026-09-29 18:15:26.205227+00,100,0,1818,24.9,95,3,1,Warning (MODERATE),Raining
3687,2026-09-29 18:15:32.677462+00,97,0,1823,24.9,95,3,1,Warning (MODERATE),Raining
3688,2026-09-29 18:15:38.989402+00,100,0,1819,24.9,95,3,1,Warning (MODERATE),Raining
3689,2026-09-29 18:15:45.301769+00,91,0,1822,24.9,95,3,2,Flood Alert (HIGH),Raining
3690,2026-09-29 18:15:51.365865+00,88,0,1820,24.9,95,3,2,Flood Alert (HIGH),Raining
3691,2026-09-29 18:15:57.30218+00,93,0,1820,24.9,95,3,1,Warning (MODERATE),Raining
3692,2026-09-29 18:16:03.327368+00,100,0,1821,24.9,95,3,1,Warning (MODERATE),Raining
3693,2026-09-29 18:16:09.519386+00,100,0,1821,24.9,95,3,1,Warning (MODERATE),Raining
3694,2026-09-29 18:16:15.775881+00,87,0,1819,24.9,95,3,2,Flood Alert (HIGH),Raining
3695,2026-09-29 18:16:21.962857+00,88,0,1820,24.9,95,3,2,Flood Alert (HIGH),Raining
3696,2026-09-29 18:16:27.942463+00,89,0,1822,24.9,95,3,2,Flood Alert (HIGH),Raining
3697,2026-09-29 18:16:34.159308+00,100,0,1822,24.9,95,3,1,Warning (MODERATE),Raining
3698,2026-09-29 18:16:40.300381+00,96,0,1821,24.9,95,3,1,Warning (MODERATE),Raining
3699,2026-09-29 18:16:46.648838+00,100,0,1823,24.9,95,3,1,Warning (MODERATE),Raining
3700,2026-09-29 18:16:52.721524+00,98,0,1819,24.9,95,3,2,Flood Alert (HIGH),Raining
3701,2026-09-29 18:16:58.924471+00,100,0,1819,24.9,95,3,2,Flood Alert (HIGH),Raining
3702,2026-09-29 18:17:04.940321+00,100,0,1819,24.9,95,3,1,Warning (MODERATE),Raining
3703,2026-09-29 18:17:11.120092+00,100,0,1819,24.9,95,3,1,Warning (MODERATE),Raining
3704,2026-09-29 18:17:17.132758+00,100,0,1822,24.9,95,3,1,Warning (MODERATE),Raining
3705,2026-09-29 18:17:23.344283+00,96,0,1818,24.9,95,3,1,Warning (MODERATE),Raining
3706,2026-09-29 18:17:29.671753+00,99,0,1823,24.9,95,3,1,Warning (MODERATE),Raining
3707,2026-09-29 18:17:35.704996+00,91,0,1819,24.9,95,3,1,Warning (MODERATE),Raining
3708,2026-09-29 18:17:41.76854+00,91,0,1818,24.9,95,3,2,Flood Alert (HIGH),Raining
3709,2026-09-29 18:17:48.070744+00,90,0,1821,24.9,95,3,2,Flood Alert (HIGH),Raining
3710,2026-09-29 18:17:54.06012+00,96,0,1819,24.8,95,3,2,Flood Alert (HIGH),Raining
3711,2026-09-29 18:18:00.475113+00,96,0,1819,24.8,95,3,2,Flood Alert (HIGH),Raining
3712,2026-09-29 18:18:06.415259+00,92,0,1822,24.8,95,3,2,Flood Alert (HIGH),Raining
3713,2026-09-29 18:18:12.482879+00,100,0,1821,24.8,95,3,2,Flood Alert (HIGH),Raining
3714,2026-09-29 18:18:18.501601+00,100,0,1820,24.8,95,3,2,Flood Alert (HIGH),Raining
3715,2026-09-29 18:18:24.470915+00,99,0,1820,24.8,95,3,2,Flood Alert (HIGH),Raining
3716,2026-09-29 18:18:30.825104+00,89,0,1823,24.8,95,3,2,Flood Alert (HIGH),Raining
3717,2026-09-29 18:18:37.071443+00,92,0,1822,24.8,95,3,2,Flood Alert (HIGH),Raining
3718,2026-09-29 18:18:43.366933+00,90,0,1821,24.8,95,3,2,Flood Alert (HIGH),Raining
3719,2026-09-29 18:18:49.501234+00,91,0,1820,24.8,95,3,2,Flood Alert (HIGH),Raining
3720,2026-09-29 18:18:55.581581+00,97,0,1820,24.8,95,3,2,Flood Alert (HIGH),Raining
3721,2026-09-29 18:19:01.537164+00,92,0,1819,24.8,95,3,2,Flood Alert (HIGH),Raining
3722,2026-09-29 18:19:07.964587+00,100,0,1819,24.8,95,3,2,Flood Alert (HIGH),Raining
3723,2026-09-29 18:19:13.952446+00,95,0,1820,24.8,95,3,2,Flood Alert (HIGH),Raining
3724,2026-09-29 18:19:20.110361+00,87,0,1823,24.8,95,3,2,Flood Alert (HIGH),Raining
3725,2026-09-29 18:19:26.238903+00,95,0,1820,24.8,95,3,1,Warning (MODERATE),Raining
3726,2026-09-29 18:19:32.411019+00,89,0,1821,24.8,95,3,2,Flood Alert (HIGH),Raining
3727,2026-09-29 18:19:38.450095+00,96,0,1822,24.8,95,3,1,Warning (MODERATE),Raining
3728,2026-09-29 18:19:44.5264+00,94,0,1821,24.8,95,3,2,Flood Alert (HIGH),Raining
3729,2026-09-29 18:19:50.584192+00,94,0,1822,24.8,95,3,2,Flood Alert (HIGH),Raining
3730,2026-09-29 18:19:57.141319+00,97,0,1820,24.8,95,3,2,Flood Alert (HIGH),Raining
3731,2026-09-29 18:20:03.624162+00,96,0,1823,24.8,95,3,1,Warning (MODERATE),Raining
3732,2026-09-29 18:20:09.928621+00,97,0,1824,24.8,95,3,1,Warning (MODERATE),Raining
3733,2026-09-29 18:20:15.952654+00,88,0,1823,24.8,95,3,2,Flood Alert (HIGH),Raining
3734,2026-09-29 18:20:22.043709+00,97,0,1823,24.8,95,3,1,Warning (MODERATE),Raining
3735,2026-09-29 18:20:28.374971+00,100,0,1822,24.8,95,3,1,Warning (MODERATE),Raining
3736,2026-09-29 18:20:34.670202+00,88,0,1820,24.8,95,3,2,Flood Alert (HIGH),Raining
3737,2026-09-29 18:20:40.780013+00,93,0,1821,24.8,95,3,2,Flood Alert (HIGH),Raining
3738,2026-09-29 18:20:47.105922+00,100,0,1822,24.8,95,3,2,Flood Alert (HIGH),Raining
3739,2026-09-29 18:20:53.457968+00,93,0,1820,24.8,95,3,2,Flood Alert (HIGH),Raining
3740,2026-09-29 18:20:59.777584+00,100,0,1820,24.8,95,3,2,Flood Alert (HIGH),Raining
3741,2026-09-29 18:21:05.771295+00,97,0,1821,24.8,95,3,1,Warning (MODERATE),Raining
3742,2026-09-29 18:21:12.035682+00,95,0,1822,24.8,95,3,2,Flood Alert (HIGH),Raining
3743,2026-09-29 18:21:18.277026+00,100,0,1821,24.8,95,3,2,Flood Alert (HIGH),Raining
3744,2026-09-29 18:21:24.409112+00,100,0,1822,24.8,95,3,1,Warning (MODERATE),Raining
3745,2026-09-29 18:21:30.53918+00,92,0,1824,24.8,95,3,1,Warning (MODERATE),Raining
3746,2026-09-29 18:21:36.760349+00,89,0,1823,24.8,95,3,2,Flood Alert (HIGH),Raining
3747,2026-09-29 18:21:43.242625+00,99,0,1823,24.8,95,3,2,Flood Alert (HIGH),Raining
3748,2026-09-29 18:21:49.608166+00,96,0,1824,24.8,95,3,2,Flood Alert (HIGH),Raining
3749,2026-09-29 18:21:55.826996+00,87,0,1821,24.8,95,3,2,Flood Alert (HIGH),Raining
3750,2026-09-29 18:22:02.094721+00,98,0,1824,24.8,95,3,2,Flood Alert (HIGH),Raining
3751,2026-09-29 18:22:08.218265+00,87,0,1821,24.8,95,3,2,Flood Alert (HIGH),Raining
3752,2026-09-29 18:22:14.541506+00,100,0,1824,24.8,95,3,2,Flood Alert (HIGH),Raining
3753,2026-09-29 18:22:20.582305+00,99,0,1823,24.8,95,3,1,Warning (MODERATE),Raining
3754,2026-09-29 18:22:26.635035+00,97,0,1823,24.8,95,3,1,Warning (MODERATE),Raining
3755,2026-09-29 18:22:32.730846+00,91,0,1822,24.8,95,3,2,Flood Alert (HIGH),Raining
3756,2026-09-29 18:22:38.791383+00,94,0,1824,24.8,95,3,2,Flood Alert (HIGH),Raining
3757,2026-09-29 18:22:44.881599+00,89,0,1821,24.8,95,3,2,Flood Alert (HIGH),Raining
3758,2026-09-29 18:22:51.220707+00,97,0,1822,24.8,95,3,2,Flood Alert (HIGH),Raining
3759,2026-09-29 18:22:57.489154+00,100,0,1824,24.8,95,3,1,Warning (MODERATE),Raining
3760,2026-09-29 18:23:03.810239+00,100,0,1824,24.8,95,3,2,Flood Alert (HIGH),Raining
3761,2026-09-29 18:23:10.130143+00,100,0,1824,24.8,95,3,2,Flood Alert (HIGH),Raining
3762,2026-09-29 18:23:16.224173+00,97,0,1824,24.8,95,3,2,Flood Alert (HIGH),Raining
3763,2026-09-29 18:23:22.364503+00,96,0,1824,24.8,95,3,2,Flood Alert (HIGH),Raining
3764,2026-09-29 18:23:28.54744+00,88,0,1821,24.8,95,3,2,Flood Alert (HIGH),Raining
3765,2026-09-29 18:23:34.633532+00,100,0,1824,24.8,95,3,1,Warning (MODERATE),Raining
3766,2026-09-29 18:23:40.976094+00,89,0,1821,24.8,95,3,2,Flood Alert (HIGH),Raining
3767,2026-09-29 18:23:46.885196+00,100,0,1823,24.8,95,3,2,Flood Alert (HIGH),Raining
3768,2026-09-29 18:23:52.8831+00,100,0,1822,24.8,95,3,2,Flood Alert (HIGH),Raining
3769,2026-09-29 18:23:59.16061+00,94,0,1823,24.8,95,3,2,Flood Alert (HIGH),Raining
3770,2026-09-29 18:24:05.213793+00,100,0,1821,24.8,95,3,2,Flood Alert (HIGH),Raining
3771,2026-09-29 18:24:11.28595+00,98,0,1822,24.8,95,3,2,Flood Alert (HIGH),Raining
3772,2026-09-29 18:24:17.224975+00,93,0,1820,24.8,95,3,2,Flood Alert (HIGH),Raining
3773,2026-09-29 18:24:23.123597+00,96,0,1822,24.8,95,3,1,Warning (MODERATE),Raining
3774,2026-09-29 18:24:29.223494+00,100,0,1824,24.8,95,3,1,Warning (MODERATE),Raining
3775,2026-09-29 18:24:35.640338+00,89,0,1824,24.8,95,3,2,Flood Alert (HIGH),Raining
3776,2026-09-29 18:24:41.608828+00,89,0,1821,24.8,95,3,2,Flood Alert (HIGH),Raining
3777,2026-09-29 18:24:47.864177+00,87,0,1820,24.8,95,3,2,Flood Alert (HIGH),Raining
3778,2026-09-29 18:24:54.087339+00,100,0,1824,24.8,95,3,2,Flood Alert (HIGH),Raining
3779,2026-09-29 18:24:59.986519+00,99,0,1822,24.8,95,3,2,Flood Alert (HIGH),Raining
3780,2026-09-29 18:25:05.982082+00,96,0,1824,24.8,95,3,2,Flood Alert (HIGH),Raining
3781,2026-09-29 18:25:12.265614+00,93,0,1824,24.8,95,3,2,Flood Alert (HIGH),Raining
3782,2026-09-29 18:25:18.341865+00,100,0,1822,24.8,95,3,2,Flood Alert (HIGH),Raining
3783,2026-09-29 18:25:24.28137+00,88,0,1823,24.8,95,3,2,Flood Alert (HIGH),Raining
3784,2026-09-29 18:25:30.293976+00,97,0,1824,24.8,95,3,1,Warning (MODERATE),Raining
3785,2026-09-29 18:25:36.474797+00,87,0,1822,24.8,95,3,2,Flood Alert (HIGH),Raining
3786,2026-09-29 18:25:42.52868+00,94,0,1823,24.8,95,3,2,Flood Alert (HIGH),Raining
3787,2026-09-29 18:25:48.775333+00,100,0,1821,24.8,95,3,2,Flood Alert (HIGH),Raining
3788,2026-09-29 18:25:55.213917+00,90,0,1820,24.8,95,3,2,Flood Alert (HIGH),Raining
3789,2026-09-29 18:26:01.187039+00,92,0,1823,24.8,95,3,2,Flood Alert (HIGH),Raining
3790,2026-09-29 18:26:07.386603+00,88,0,1821,24.8,95,3,2,Flood Alert (HIGH),Raining
3791,2026-09-29 18:26:13.336183+00,87,0,1822,24.8,95,3,2,Flood Alert (HIGH),Raining
3792,2026-09-29 18:26:19.414153+00,90,0,1823,24.8,95,3,1,Warning (MODERATE),Raining
3793,2026-09-29 18:26:25.622512+00,92,0,1822,24.8,95,3,1,Warning (MODERATE),Raining
3794,2026-09-29 18:26:31.534887+00,89,0,1823,24.8,95,3,1,Warning (MODERATE),Raining
3795,2026-09-29 18:26:37.593907+00,87,0,1822,24.8,95,3,1,Warning (MODERATE),Raining
3796,2026-09-29 18:26:43.643704+00,90,0,1823,24.8,95,3,1,Warning (MODERATE),Raining
3797,2026-09-29 18:26:49.644372+00,90,0,1824,24.8,95,3,1,Warning (MODERATE),Raining
3798,2026-09-29 18:26:55.713337+00,87,0,1823,24.8,95,3,1,Warning (MODERATE),Raining
3799,2026-09-29 18:27:01.722294+00,90,0,1821,24.8,95,3,1,Warning (MODERATE),Raining
3800,2026-09-29 18:27:07.946901+00,100,0,1821,24.8,95,3,1,Warning (MODERATE),Raining
3801,2026-09-29 18:27:14.122354+00,89,0,1820,24.8,95,3,1,Warning (MODERATE),Raining
3802,2026-09-29 18:27:20.238446+00,91,0,1823,24.8,95,3,1,Warning (MODERATE),Raining
3803,2026-09-29 18:27:26.602858+00,87,0,1821,24.8,95,3,1,Warning (MODERATE),Raining
3804,2026-09-29 18:27:32.911369+00,100,0,1824,24.8,95,3,1,Warning (MODERATE),Raining
3805,2026-09-29 18:27:38.85599+00,91,0,1824,24.8,95,3,1,Warning (MODERATE),Raining
3806,2026-09-29 18:27:45.260476+00,100,0,1822,24.8,95,3,1,Warning (MODERATE),Raining
3807,2026-09-29 18:27:51.353935+00,100,0,1820,24.8,95,3,1,Warning (MODERATE),Raining
3808,2026-09-29 18:27:57.657971+00,89,0,1823,24.8,95,3,2,Flood Alert (HIGH),Raining
3809,2026-09-29 18:28:03.735278+00,93,0,1823,24.8,95,3,2,Flood Alert (HIGH),Raining
3810,2026-09-29 18:28:09.714354+00,96,0,1820,24.8,95,3,1,Warning (MODERATE),Raining
3811,2026-09-29 18:28:15.90398+00,94,0,1820,24.8,95,3,1,Warning (MODERATE),Raining
3812,2026-09-29 18:28:21.970963+00,91,0,1823,24.8,95,3,2,Flood Alert (HIGH),Raining
3813,2026-09-29 18:28:28.316845+00,94,0,1822,24.8,95,3,2,Flood Alert (HIGH),Raining
3814,2026-09-29 18:28:34.733435+00,100,0,1819,24.8,95,3,2,Flood Alert (HIGH),Raining
3815,2026-09-29 18:28:40.744401+00,95,0,1823,24.8,95,3,2,Flood Alert (HIGH),Raining
3816,2026-09-29 18:28:46.853196+00,92,0,1820,24.8,95,3,2,Flood Alert (HIGH),Raining
3817,2026-09-29 18:28:53.156252+00,89,0,1820,24.8,95,3,2,Flood Alert (HIGH),Raining
3818,2026-09-29 18:28:59.239514+00,87,0,1821,24.8,95,3,2,Flood Alert (HIGH),Raining
3819,2026-09-29 18:29:05.181526+00,88,0,1822,24.8,95,3,2,Flood Alert (HIGH),Raining
3820,2026-09-29 18:29:11.612398+00,92,0,1823,24.8,95,3,1,Warning (MODERATE),Raining
3821,2026-09-29 18:29:17.616474+00,94,0,1820,24.8,95,3,1,Warning (MODERATE),Raining
3822,2026-09-29 18:29:23.656901+00,100,0,1824,24.8,95,3,1,Warning (MODERATE),Raining
3823,2026-09-29 18:29:29.856883+00,100,0,1824,24.8,95,3,1,Warning (MODERATE),Raining
3824,2026-09-29 18:29:36.244827+00,90,0,1820,24.8,95,3,2,Flood Alert (HIGH),Raining
3825,2026-09-29 18:29:42.390904+00,100,0,1824,24.8,95,3,1,Warning (MODERATE),Raining
3826,2026-09-29 18:29:48.473478+00,90,0,1823,24.8,95,3,1,Warning (MODERATE),Raining
3827,2026-09-29 18:29:54.571633+00,94,0,1824,24.8,95,3,1,Warning (MODERATE),Raining
3828,2026-09-29 18:30:00.727043+00,94,0,1820,24.8,95,3,2,Flood Alert (HIGH),Raining
3829,2026-09-29 18:30:06.851327+00,100,0,1823,24.8,95,3,1,Warning (MODERATE),Raining
3830,2026-09-29 18:30:13.03761+00,89,0,1823,24.8,95,3,2,Flood Alert (HIGH),Raining
3831,2026-09-29 18:30:19.123321+00,100,0,1824,24.8,95,3,2,Flood Alert (HIGH),Raining
3832,2026-09-29 18:30:25.447218+00,94,0,1824,24.8,95,3,2,Flood Alert (HIGH),Raining
3833,2026-09-29 18:30:31.548236+00,99,0,1821,24.8,95,3,2,Flood Alert (HIGH),Raining
3834,2026-09-29 18:30:37.888369+00,100,0,1824,24.8,95,3,1,Warning (MODERATE),Raining
3835,2026-09-29 18:30:44.158263+00,95,0,1821,24.8,95,3,1,Warning (MODERATE),Raining
3836,2026-09-29 18:30:50.359912+00,100,0,1823,24.8,95,3,1,Warning (MODERATE),Raining
3837,2026-09-29 18:30:56.676451+00,91,0,1825,24.8,95,3,2,Flood Alert (HIGH),Raining
3838,2026-09-29 18:31:02.821863+00,88,0,1822,24.8,95,3,2,Flood Alert (HIGH),Raining
3839,2026-09-29 18:31:08.81486+00,94,0,1824,24.8,95,3,2,Flood Alert (HIGH),Raining
3840,2026-09-29 18:31:14.986713+00,88,0,1822,24.8,95,3,2,Flood Alert (HIGH),Raining
3841,2026-09-29 18:31:21.029747+00,87,0,1820,24.8,95,3,2,Flood Alert (HIGH),Raining
3842,2026-09-29 18:31:27.20807+00,95,0,1822,24.8,95,3,2,Flood Alert (HIGH),Raining
3843,2026-09-29 18:31:33.254811+00,100,0,1821,24.8,95,3,1,Warning (MODERATE),Raining
3844,2026-09-29 18:31:39.587801+00,88,0,1824,24.8,95,3,1,Warning (MODERATE),Raining
3845,2026-09-29 18:31:45.557027+00,92,0,1821,24.8,95,3,1,Warning (MODERATE),Raining
3846,2026-09-29 18:31:51.833944+00,92,0,1823,24.8,95,3,1,Warning (MODERATE),Raining
3847,2026-09-29 18:31:58.054351+00,89,0,1823,24.8,95,3,1,Warning (MODERATE),Raining
3848,2026-09-29 18:32:04.360904+00,99,0,1821,24.8,95,3,1,Warning (MODERATE),Raining
3849,2026-09-29 18:32:10.334978+00,89,0,1820,24.8,95,3,1,Warning (MODERATE),Raining
3850,2026-09-29 18:32:16.56048+00,97,0,1824,24.8,95,3,1,Warning (MODERATE),Raining
3851,2026-09-29 18:32:22.499393+00,97,0,1822,24.8,95,3,1,Warning (MODERATE),Raining
3852,2026-09-29 18:32:28.461925+00,88,0,1820,24.8,95,3,2,Flood Alert (HIGH),Raining
3853,2026-09-29 18:32:34.899923+00,89,0,1821,24.8,95,3,2,Flood Alert (HIGH),Raining
3854,2026-09-29 18:32:41.216505+00,98,0,1820,24.8,95,3,1,Warning (MODERATE),Raining
3855,2026-09-29 18:32:47.219636+00,100,0,1822,24.8,95,3,1,Warning (MODERATE),Raining
3856,2026-09-29 18:32:53.361157+00,91,0,1822,24.8,95,3,2,Flood Alert (HIGH),Raining
3857,2026-09-29 18:32:59.526539+00,92,0,1823,24.8,95,3,2,Flood Alert (HIGH),Raining
3858,2026-09-29 18:33:05.649397+00,100,0,1824,24.8,95,3,2,Flood Alert (HIGH),Raining
3859,2026-09-29 18:33:11.876752+00,87,0,1821,24.8,95,3,2,Flood Alert (HIGH),Raining
3860,2026-09-29 18:33:18.168343+00,98,0,1822,24.8,95,3,1,Warning (MODERATE),Raining
3861,2026-09-29 18:33:24.235802+00,91,0,1820,24.8,95,3,1,Warning (MODERATE),Raining
3862,2026-09-29 18:33:30.145881+00,100,0,1821,24.8,95,3,2,Flood Alert (HIGH),Raining
3863,2026-09-29 18:33:36.243602+00,100,0,1822,24.8,95,3,2,Flood Alert (HIGH),Raining
3864,2026-09-29 18:33:42.547245+00,100,0,1820,24.8,95,3,2,Flood Alert (HIGH),Raining
3865,2026-09-29 18:33:48.707507+00,100,0,1824,24.8,95,3,1,Warning (MODERATE),Raining
3866,2026-09-29 18:33:54.696706+00,99,0,1821,24.8,95,3,1,Warning (MODERATE),Raining
3867,2026-09-29 18:34:00.83934+00,100,0,1819,24.8,95,3,1,Warning (MODERATE),Raining
3868,2026-09-29 18:34:07.088109+00,100,0,1823,24.8,95,3,1,Warning (MODERATE),Raining
3869,2026-09-29 18:34:13.288087+00,99,0,1823,24.8,95,3,1,Warning (MODERATE),Raining
3870,2026-09-29 18:34:19.323901+00,87,0,1824,24.8,95,3,2,Flood Alert (HIGH),Raining
3871,2026-09-29 18:34:25.303438+00,97,0,1823,24.8,95,3,2,Flood Alert (HIGH),Raining
3872,2026-09-29 18:34:31.553918+00,87,0,1820,24.8,95,3,2,Flood Alert (HIGH),Raining
3873,2026-09-29 18:34:37.750752+00,99,0,1821,24.8,95,3,2,Flood Alert (HIGH),Raining
3874,2026-09-29 18:34:43.792979+00,96,0,1821,24.8,95,3,2,Flood Alert (HIGH),Raining
3875,2026-09-29 18:34:49.989968+00,100,0,1823,24.8,95,3,2,Flood Alert (HIGH),Raining
3876,2026-09-29 18:34:56.227334+00,93,0,1824,24.8,95,3,2,Flood Alert (HIGH),Raining
3877,2026-09-29 18:35:02.497598+00,87,0,1824,24.8,95,3,2,Flood Alert (HIGH),Raining
3878,2026-09-29 18:35:08.718214+00,100,0,1824,24.8,95,3,2,Flood Alert (HIGH),Raining
3879,2026-09-29 18:35:15.019648+00,100,0,1823,24.8,95,3,1,Warning (MODERATE),Raining
3880,2026-09-29 18:35:21.034247+00,100,0,1821,24.8,95,3,1,Warning (MODERATE),Raining
3881,2026-09-29 18:35:27.200663+00,88,0,1824,24.8,95,3,2,Flood Alert (HIGH),Raining
3882,2026-09-29 18:35:33.308774+00,99,0,1821,24.8,95,3,2,Flood Alert (HIGH),Raining
3883,2026-09-29 18:35:39.574401+00,98,0,1823,24.8,95,3,2,Flood Alert (HIGH),Raining
3884,2026-09-29 18:35:45.705074+00,95,0,1824,24.8,95,3,2,Flood Alert (HIGH),Raining
3885,2026-09-29 18:35:51.877395+00,93,0,1822,24.8,95,3,1,Warning (MODERATE),Raining
3886,2026-09-29 18:35:57.994716+00,100,0,1820,24.8,95,3,1,Warning (MODERATE),Raining
3887,2026-09-29 18:36:04.197884+00,86,0,1820,24.8,95,3,2,Flood Alert (HIGH),Raining
3888,2026-09-29 18:36:10.098132+00,87,0,1823,24.8,95,3,2,Flood Alert (HIGH),Raining
3889,2026-09-29 18:36:16.181335+00,92,0,1819,24.8,95,3,2,Flood Alert (HIGH),Raining
3890,2026-09-29 18:36:22.24063+00,92,0,1822,24.8,95,3,2,Flood Alert (HIGH),Raining
3891,2026-09-29 18:36:28.518753+00,88,0,1823,24.8,95,3,2,Flood Alert (HIGH),Raining
3892,2026-09-29 18:36:34.630169+00,89,0,1822,24.8,95,3,1,Warning (MODERATE),Raining
3893,2026-09-29 18:36:40.95646+00,89,0,1820,24.8,95,3,1,Warning (MODERATE),Raining
3894,2026-09-29 18:36:47.05939+00,99,0,1823,24.8,95,3,1,Warning (MODERATE),Raining
3895,2026-09-29 18:36:54.289307+00,87,0,1821,24.8,95,3,1,Warning (MODERATE),Raining
3896,2026-09-29 18:37:00.5715+00,90,0,1821,24.8,95,3,1,Warning (MODERATE),Raining
3897,2026-09-29 18:37:06.798336+00,89,0,1821,24.8,95,3,1,Warning (MODERATE),Raining
3898,2026-09-29 18:37:13.021424+00,100,0,1820,24.8,95,3,1,Warning (MODERATE),Raining
3899,2026-09-29 18:37:19.376306+00,94,0,1820,24.8,95,3,1,Warning (MODERATE),Raining
3900,2026-09-29 18:37:25.643385+00,100,0,1824,24.8,95,3,1,Warning (MODERATE),Raining
3901,2026-09-29 18:37:31.823497+00,94,0,1819,24.8,95,3,1,Warning (MODERATE),Raining
3902,2026-09-29 18:37:37.910024+00,93,0,1823,24.8,95,3,2,Flood Alert (HIGH),Raining
3903,2026-09-29 18:37:44.212615+00,99,0,1820,24.8,95,3,1,Warning (MODERATE),Raining
3904,2026-09-29 18:37:50.39552+00,93,0,1822,24.8,95,3,1,Warning (MODERATE),Raining
3905,2026-09-29 18:37:57.735391+00,88,0,1823,24.8,95,3,2,Flood Alert (HIGH),Raining
3906,2026-09-29 18:38:03.733964+00,98,0,1823,24.8,95,3,2,Flood Alert (HIGH),Raining
3907,2026-09-29 18:38:09.882055+00,100,0,1823,24.8,95,3,2,Flood Alert (HIGH),Raining
3908,2026-09-29 18:38:16.069067+00,100,0,1822,24.8,95,3,2,Flood Alert (HIGH),Raining
3909,2026-09-29 18:38:22.135481+00,100,0,1821,24.8,95,3,2,Flood Alert (HIGH),Raining
3910,2026-09-29 18:38:28.173914+00,91,0,1819,24.8,95,3,2,Flood Alert (HIGH),Raining
3911,2026-09-29 18:38:34.55518+00,92,0,1823,24.8,95,3,2,Flood Alert (HIGH),Raining
3912,2026-09-29 18:38:40.830865+00,93,0,1821,24.8,95,3,2,Flood Alert (HIGH),Raining
3913,2026-09-29 18:38:46.938462+00,87,0,1824,24.8,95,3,2,Flood Alert (HIGH),Raining
3914,2026-09-29 18:38:53.228096+00,94,0,1821,24.8,95,3,2,Flood Alert (HIGH),Raining
3915,2026-09-29 18:38:59.444474+00,96,0,1820,24.8,95,3,2,Flood Alert (HIGH),Raining
3916,2026-09-29 18:39:05.542465+00,97,0,1821,24.8,95,3,2,Flood Alert (HIGH),Raining
3917,2026-09-29 18:39:11.507125+00,91,0,1823,24.8,95,3,2,Flood Alert (HIGH),Raining
3918,2026-09-29 18:39:17.920445+00,95,0,1821,24.8,95,3,2,Flood Alert (HIGH),Raining
3919,2026-09-29 18:39:23.902437+00,100,0,1823,24.8,95,3,1,Warning (MODERATE),Raining
3920,2026-09-29 18:39:30.116827+00,90,0,1822,24.8,95,3,2,Flood Alert (HIGH),Raining
3921,2026-09-29 18:39:36.230425+00,96,0,1822,24.8,95,3,1,Warning (MODERATE),Raining
3922,2026-09-29 18:39:42.242494+00,87,0,1824,24.8,95,3,2,Flood Alert (HIGH),Raining
3923,2026-09-29 18:39:48.395388+00,92,0,1820,24.8,95,3,2,Flood Alert (HIGH),Raining
3924,2026-09-29 18:39:54.511782+00,95,0,1820,24.8,95,3,2,Flood Alert (HIGH),Raining
3925,2026-09-29 18:40:00.87449+00,99,0,1821,24.8,95,3,1,Warning (MODERATE),Raining
3926,2026-09-29 18:40:07.157101+00,98,0,1822,24.8,95,3,2,Flood Alert (HIGH),Raining
3927,2026-09-29 18:40:13.267016+00,90,0,1823,24.8,95,3,2,Flood Alert (HIGH),Raining
3928,2026-09-29 18:40:19.599733+00,89,0,1821,24.8,95,3,2,Flood Alert (HIGH),Raining
3929,2026-09-29 18:40:25.948857+00,93,0,1820,24.8,95,3,2,Flood Alert (HIGH),Raining
3930,2026-09-29 18:40:32.203535+00,99,0,1821,24.8,95,3,1,Warning (MODERATE),Raining
3931,2026-09-29 18:40:38.478373+00,89,0,1821,24.8,95,3,2,Flood Alert (HIGH),Raining
3932,2026-09-29 18:40:44.822914+00,100,0,1821,24.8,95,3,2,Flood Alert (HIGH),Raining
3933,2026-09-29 18:40:51.048583+00,99,0,1823,24.8,95,3,2,Flood Alert (HIGH),Raining
3934,2026-09-29 18:40:57.300744+00,100,0,1819,24.8,95,3,2,Flood Alert (HIGH),Raining
3935,2026-09-29 18:41:03.4996+00,96,0,1823,24.8,95,3,2,Flood Alert (HIGH),Raining
3936,2026-09-29 18:41:09.623257+00,86,0,1823,24.8,95,3,2,Flood Alert (HIGH),Raining
3937,2026-09-29 18:41:15.782359+00,89,0,1821,24.8,95,3,2,Flood Alert (HIGH),Raining
3938,2026-09-29 18:41:21.800593+00,90,0,1821,24.8,95,3,2,Flood Alert (HIGH),Raining
3939,2026-09-29 18:41:27.907853+00,87,0,1821,24.8,95,3,2,Flood Alert (HIGH),Raining
3940,2026-09-29 18:41:34.239602+00,92,0,1823,24.8,95,3,2,Flood Alert (HIGH),Raining
3941,2026-09-29 18:41:40.59596+00,95,0,1823,24.8,95,3,2,Flood Alert (HIGH),Raining
3942,2026-09-29 18:41:46.94618+00,92,0,1821,24.8,95,3,1,Warning (MODERATE),Raining
3943,2026-09-29 18:41:53.190534+00,100,0,1820,24.8,95,3,1,Warning (MODERATE),Raining
3944,2026-09-29 18:41:59.546709+00,88,0,1823,24.8,95,3,1,Warning (MODERATE),Raining
3945,2026-09-29 18:42:05.853483+00,97,0,1824,24.8,95,3,1,Warning (MODERATE),Raining
3946,2026-09-29 18:42:11.91596+00,89,0,1823,24.8,95,3,1,Warning (MODERATE),Raining
3947,2026-09-29 18:42:18.086085+00,100,0,1820,24.8,95,3,1,Warning (MODERATE),Raining
3948,2026-09-29 18:42:24.39636+00,90,0,1821,24.8,95,3,2,Flood Alert (HIGH),Raining
3949,2026-09-29 18:42:30.342929+00,97,0,1823,24.8,95,3,2,Flood Alert (HIGH),Raining
3950,2026-09-29 18:42:36.287776+00,100,0,1821,24.8,95,3,2,Flood Alert (HIGH),Raining
3951,2026-09-29 18:42:42.323773+00,95,0,1821,24.8,95,3,2,Flood Alert (HIGH),Raining
3952,2026-09-29 18:42:48.573206+00,89,0,1822,24.8,95,3,2,Flood Alert (HIGH),Raining
3953,2026-09-29 18:42:54.526965+00,100,0,1824,24.8,95,3,2,Flood Alert (HIGH),Raining
3954,2026-09-29 18:43:00.939025+00,99,0,1821,24.8,95,3,1,Warning (MODERATE),Raining
3955,2026-09-29 18:43:06.891925+00,98,0,1821,24.8,95,3,2,Flood Alert (HIGH),Raining
3956,2026-09-29 18:43:12.850509+00,96,0,1826,24.8,95,3,1,Warning (MODERATE),Raining
3957,2026-09-29 18:43:18.898452+00,100,0,1822,24.8,95,3,1,Warning (MODERATE),Raining
3958,2026-09-29 18:43:25.232221+00,87,0,1823,24.8,95,3,2,Flood Alert (HIGH),Raining
3959,2026-09-29 18:43:31.738032+00,88,0,1823,24.8,95,3,2,Flood Alert (HIGH),Raining
3960,2026-09-29 18:43:37.951496+00,98,0,1823,24.8,95,3,2,Flood Alert (HIGH),Raining
3961,2026-09-29 18:43:44.380363+00,100,0,1823,24.8,95,3,2,Flood Alert (HIGH),Raining
3962,2026-09-29 18:43:50.447438+00,92,0,1824,24.8,95,3,2,Flood Alert (HIGH),Raining
3963,2026-09-29 18:43:56.737337+00,91,0,1824,24.8,95,3,2,Flood Alert (HIGH),Raining
3964,2026-09-29 18:44:02.7222+00,93,0,1824,24.8,95,3,2,Flood Alert (HIGH),Raining
3965,2026-09-29 18:44:08.684094+00,94,0,1824,24.8,95,3,2,Flood Alert (HIGH),Raining
3966,2026-09-29 18:44:14.862489+00,95,0,1824,24.8,95,3,1,Warning (MODERATE),Raining
3967,2026-09-29 18:44:20.949142+00,100,0,1822,24.8,95,3,1,Warning (MODERATE),Raining
3968,2026-09-29 18:44:27.231343+00,100,0,1821,24.8,95,3,1,Warning (MODERATE),Raining
3969,2026-09-29 18:44:33.429967+00,87,0,1824,24.8,95,3,2,Flood Alert (HIGH),Raining
3970,2026-09-29 18:44:39.378633+00,100,0,1822,24.8,95,3,2,Flood Alert (HIGH),Raining
3971,2026-09-29 18:44:45.727533+00,96,0,1824,24.8,95,3,1,Warning (MODERATE),Raining
3972,2026-09-29 18:44:52.175429+00,95,0,1821,24.8,95,3,2,Flood Alert (HIGH),Raining
3973,2026-09-29 18:44:58.149205+00,92,0,1822,24.8,95,3,2,Flood Alert (HIGH),Raining
3974,2026-09-29 18:45:04.327349+00,92,0,1824,24.8,95,3,2,Flood Alert (HIGH),Raining
3975,2026-09-29 18:45:10.389597+00,95,0,1823,24.8,95,3,2,Flood Alert (HIGH),Raining
3976,2026-09-29 18:45:16.571739+00,87,0,1825,24.8,95,3,2,Flood Alert (HIGH),Raining
3977,2026-09-29 18:45:23.047514+00,94,0,1824,24.8,95,3,2,Flood Alert (HIGH),Raining
3978,2026-09-29 18:45:29.188204+00,89,0,1824,24.8,95,3,2,Flood Alert (HIGH),Raining
3979,2026-09-29 18:45:35.359201+00,92,0,1822,24.8,95,3,1,Warning (MODERATE),Raining
3980,2026-09-29 18:45:41.375338+00,100,0,1822,24.8,95,3,1,Warning (MODERATE),Raining
3981,2026-09-29 18:45:47.496244+00,92,0,1823,24.8,95,3,1,Warning (MODERATE),Raining
3982,2026-09-29 18:45:53.686733+00,89,0,1821,24.8,95,3,1,Warning (MODERATE),Raining
3983,2026-09-29 18:45:59.690499+00,93,0,1821,24.8,95,3,1,Warning (MODERATE),Raining
3984,2026-09-29 18:46:05.907979+00,95,0,1821,24.8,95,3,1,Warning (MODERATE),Raining
3985,2026-09-29 18:46:11.77958+00,89,0,1820,24.8,95,3,1,Warning (MODERATE),Raining
3986,2026-09-29 18:46:17.883207+00,96,0,1821,24.8,95,3,1,Warning (MODERATE),Raining
3987,2026-09-29 18:46:24.28224+00,86,0,1821,24.8,95,3,2,Flood Alert (HIGH),Raining
3988,2026-09-29 18:46:30.457847+00,96,0,1822,24.8,95,3,1,Warning (MODERATE),Raining
3989,2026-09-29 18:46:36.5651+00,89,0,1823,24.8,95,3,1,Warning (MODERATE),Raining
3990,2026-09-29 18:46:42.692375+00,100,0,1821,24.8,95,3,1,Warning (MODERATE),Raining
3991,2026-09-29 18:46:48.857201+00,100,0,1825,24.8,95,3,1,Warning (MODERATE),Raining
3992,2026-09-29 18:46:55.010608+00,94,0,1822,24.8,95,3,2,Flood Alert (HIGH),Raining
3993,2026-09-29 18:47:01.123058+00,100,0,1824,24.8,95,3,1,Warning (MODERATE),Raining
3994,2026-09-29 18:47:07.370242+00,95,0,1824,24.8,95,3,2,Flood Alert (HIGH),Raining
3995,2026-09-29 18:47:13.632042+00,88,0,1821,24.8,95,3,2,Flood Alert (HIGH),Raining
3996,2026-09-29 18:47:19.901939+00,95,0,1824,24.8,95,3,2,Flood Alert (HIGH),Raining
3997,2026-09-29 18:47:25.927461+00,96,0,1821,24.8,95,3,2,Flood Alert (HIGH),Raining
3998,2026-09-29 18:47:32.036013+00,93,0,1822,24.8,95,3,2,Flood Alert (HIGH),Raining
3999,2026-09-29 18:47:38.530495+00,100,0,1821,24.8,95,3,2,Flood Alert (HIGH),Raining
4000,2026-09-29 18:47:44.697474+00,95,0,1823,24.8,95,3,2,Flood Alert (HIGH),Raining
4001,2026-09-29 18:47:50.740919+00,93,0,1822,24.8,95,3,2,Flood Alert (HIGH),Raining
4002,2026-09-29 18:47:57.017747+00,100,0,1821,24.8,95,3,2,Flood Alert (HIGH),Raining
4003,2026-09-29 18:48:03.493904+00,97,0,1821,24.7,95,3,1,Warning (MODERATE),Raining
4004,2026-09-29 18:48:09.70027+00,97,0,1820,24.7,95,3,1,Warning (MODERATE),Raining
4005,2026-09-29 18:48:15.635207+00,96,0,1823,24.7,95,3,1,Warning (MODERATE),Raining
4006,2026-09-29 18:48:21.566678+00,96,0,1821,24.7,95,3,1,Warning (MODERATE),Raining
4007,2026-09-29 18:48:27.643192+00,87,0,1821,24.7,95,3,2,Flood Alert (HIGH),Raining
4008,2026-09-29 18:48:33.916293+00,95,0,1822,24.7,95,3,2,Flood Alert (HIGH),Raining
4009,2026-09-29 18:48:40.037136+00,97,0,1820,24.7,95,3,2,Flood Alert (HIGH),Raining
4010,2026-09-29 18:48:46.412797+00,100,0,1821,24.7,95,3,2,Flood Alert (HIGH),Raining
4011,2026-09-29 18:48:52.597502+00,90,0,1821,24.7,95,3,2,Flood Alert (HIGH),Raining
4012,2026-09-29 18:48:58.694201+00,88,0,1821,24.7,95,3,2,Flood Alert (HIGH),Raining
4013,2026-09-29 18:49:04.812171+00,100,0,1823,24.7,95,3,2,Flood Alert (HIGH),Raining
4014,2026-09-29 18:49:11.099892+00,96,0,1824,24.7,95,3,2,Flood Alert (HIGH),Raining
4015,2026-09-29 18:49:17.193399+00,88,0,1823,24.7,95,3,2,Flood Alert (HIGH),Raining
4016,2026-09-29 18:49:23.117539+00,94,0,1823,24.7,95,3,2,Flood Alert (HIGH),Raining
4017,2026-09-29 18:49:29.087745+00,94,0,1824,24.7,95,3,2,Flood Alert (HIGH),Raining
4018,2026-09-29 18:49:35.314431+00,86,0,1824,24.7,95,3,2,Flood Alert (HIGH),Raining
4019,2026-09-29 18:49:41.359167+00,86,0,1821,24.7,95,3,2,Flood Alert (HIGH),Raining
4020,2026-09-29 18:49:47.741245+00,89,0,1821,24.7,95,3,1,Warning (MODERATE),Raining
4021,2026-09-29 18:49:54.059737+00,100,0,1822,24.7,95,3,1,Warning (MODERATE),Raining
4022,2026-09-29 18:50:00.459188+00,100,0,1821,24.7,95,3,1,Warning (MODERATE),Raining
4023,2026-09-29 18:50:06.479109+00,93,0,1823,24.7,95,3,1,Warning (MODERATE),Raining
4024,2026-09-29 18:50:12.629655+00,95,0,1823,24.7,95,3,1,Warning (MODERATE),Raining
4025,2026-09-29 18:50:18.75699+00,99,0,1823,24.7,95,3,1,Warning (MODERATE),Raining
4026,2026-09-29 18:50:25.010325+00,94,0,1820,24.7,95,3,1,Warning (MODERATE),Raining
4027,2026-09-29 18:50:31.219926+00,91,0,1820,24.7,95,3,1,Warning (MODERATE),Raining
4028,2026-09-29 18:50:37.257973+00,95,0,1825,24.7,95,3,1,Warning (MODERATE),Raining
4029,2026-09-29 18:50:43.703935+00,100,0,1822,24.7,95,3,1,Warning (MODERATE),Raining
4030,2026-09-29 18:50:49.70616+00,100,0,1820,24.7,95,3,2,Flood Alert (HIGH),Raining
4031,2026-09-29 18:50:55.813994+00,95,0,1821,24.7,95,3,2,Flood Alert (HIGH),Raining
4032,2026-09-29 18:51:02.051698+00,100,0,1821,24.7,95,3,1,Warning (MODERATE),Raining
4033,2026-09-29 18:51:08.499897+00,97,0,1823,24.7,95,3,2,Flood Alert (HIGH),Raining
4034,2026-09-29 18:51:14.919602+00,97,0,1825,24.7,95,3,1,Warning (MODERATE),Raining
4035,2026-09-29 18:51:21.004201+00,87,0,1821,24.7,95,3,2,Flood Alert (HIGH),Raining
4036,2026-09-29 18:51:27.422234+00,86,0,1822,24.7,95,3,2,Flood Alert (HIGH),Raining
4037,2026-09-29 18:51:33.462505+00,95,0,1821,24.7,95,3,2,Flood Alert (HIGH),Raining
4038,2026-09-29 18:51:39.526344+00,92,0,1821,24.7,95,3,2,Flood Alert (HIGH),Raining
4039,2026-09-29 18:51:45.607115+00,88,0,1824,24.7,95,3,2,Flood Alert (HIGH),Raining
4040,2026-09-29 18:51:51.772111+00,98,0,1821,24.7,95,3,1,Warning (MODERATE),Raining
4041,2026-09-29 18:51:57.832481+00,90,0,1821,24.7,95,3,2,Flood Alert (HIGH),Raining
4042,2026-09-29 18:52:03.829051+00,100,0,1821,24.7,95,3,1,Warning (MODERATE),Raining
4043,2026-09-29 18:52:09.987981+00,90,0,1824,24.7,95,3,1,Warning (MODERATE),Raining
4044,2026-09-29 18:52:16.094067+00,90,0,1822,24.7,95,3,1,Warning (MODERATE),Raining
4045,2026-09-29 18:52:22.418044+00,100,0,1824,24.7,95,3,1,Warning (MODERATE),Raining
4046,2026-09-29 18:52:28.505036+00,91,0,1821,24.7,95,3,2,Flood Alert (HIGH),Raining
4047,2026-09-29 18:52:34.658888+00,89,0,1823,24.7,95,3,2,Flood Alert (HIGH),Raining
4048,2026-09-29 18:52:40.826911+00,100,0,1821,24.7,95,3,1,Warning (MODERATE),Raining
4049,2026-09-29 18:52:47.105223+00,97,0,1824,24.7,95,3,1,Warning (MODERATE),Raining
4050,2026-09-29 18:52:53.243386+00,88,0,1823,24.7,95,3,2,Flood Alert (HIGH),Raining
4051,2026-09-29 18:52:59.174502+00,98,0,1821,24.7,95,3,2,Flood Alert (HIGH),Raining
4052,2026-09-29 18:53:05.203965+00,96,0,1823,24.7,95,3,1,Warning (MODERATE),Raining
4053,2026-09-29 18:53:11.211128+00,90,0,1822,24.7,95,3,2,Flood Alert (HIGH),Raining
4054,2026-09-29 18:53:17.339746+00,96,0,1821,24.7,95,3,2,Flood Alert (HIGH),Raining
4055,2026-09-29 18:53:23.577283+00,97,0,1821,24.7,95,3,1,Warning (MODERATE),Raining
4056,2026-09-29 18:53:29.846832+00,93,0,1823,24.7,95,3,2,Flood Alert (HIGH),Raining
4057,2026-09-29 18:53:35.986322+00,99,0,1821,24.7,95,3,2,Flood Alert (HIGH),Raining
4058,2026-09-29 18:53:42.171186+00,90,0,1821,24.7,95,3,2,Flood Alert (HIGH),Raining
4059,2026-09-29 18:53:48.236942+00,94,0,1824,24.7,95,3,2,Flood Alert (HIGH),Raining
4060,2026-09-29 18:53:54.229067+00,92,0,1823,24.7,95,3,2,Flood Alert (HIGH),Raining
4061,2026-09-29 18:54:00.272635+00,88,0,1824,24.7,95,3,2,Flood Alert (HIGH),Raining
4062,2026-09-29 18:54:06.487172+00,93,0,1820,24.7,95,3,2,Flood Alert (HIGH),Raining
4063,2026-09-29 18:54:12.794674+00,100,0,1823,24.7,95,3,1,Warning (MODERATE),Raining
4064,2026-09-29 18:54:18.866229+00,97,0,1820,24.7,95,3,1,Warning (MODERATE),Raining
4065,2026-09-29 18:54:25.297781+00,94,0,1822,24.7,95,3,2,Flood Alert (HIGH),Raining
4066,2026-09-29 18:54:31.386618+00,89,0,1822,24.7,95,3,2,Flood Alert (HIGH),Raining
4067,2026-09-29 18:54:37.520728+00,93,0,1825,24.7,95,3,2,Flood Alert (HIGH),Raining
4068,2026-09-29 18:54:43.844942+00,91,0,1824,24.7,95,3,2,Flood Alert (HIGH),Raining
4069,2026-09-29 18:54:50.219496+00,94,0,1823,24.7,95,3,1,Warning (MODERATE),Raining
4070,2026-09-29 18:54:56.556316+00,88,0,1824,24.7,95,3,2,Flood Alert (HIGH),Raining
4071,2026-09-29 18:55:02.949876+00,96,0,1822,24.7,95,3,2,Flood Alert (HIGH),Raining
4072,2026-09-29 18:55:09.14191+00,92,0,1825,24.7,95,3,1,Warning (MODERATE),Raining
4073,2026-09-29 18:55:15.51442+00,90,0,1822,24.7,95,3,1,Warning (MODERATE),Raining
4074,2026-09-29 18:55:21.840483+00,86,0,1826,24.7,95,3,1,Warning (MODERATE),Raining
4075,2026-09-29 18:55:27.931315+00,98,0,1823,24.7,95,3,1,Warning (MODERATE),Raining
4076,2026-09-29 18:55:34.143942+00,87,0,1824,24.7,95,3,1,Warning (MODERATE),Raining
4077,2026-09-29 18:55:40.373691+00,96,0,1824,24.7,95,3,1,Warning (MODERATE),Raining
4078,2026-09-29 18:55:46.355484+00,100,0,1826,24.7,95,3,1,Warning (MODERATE),Raining
4079,2026-09-29 18:55:52.506637+00,90,0,1825,24.7,95,3,1,Warning (MODERATE),Raining
4080,2026-09-29 18:55:58.555678+00,89,0,1822,24.7,95,3,2,Flood Alert (HIGH),Raining
4081,2026-09-29 18:56:04.576584+00,91,0,1825,24.7,95,3,1,Warning (MODERATE),Raining
4082,2026-09-29 18:56:10.760368+00,89,0,1825,24.7,95,3,1,Warning (MODERATE),Raining
4083,2026-09-29 18:56:17.165406+00,87,0,1825,24.7,95,3,2,Flood Alert (HIGH),Raining
4084,2026-09-29 18:56:23.325468+00,100,0,1826,24.7,95,3,1,Warning (MODERATE),Raining
4085,2026-09-29 18:56:29.362486+00,94,0,1822,24.7,95,3,1,Warning (MODERATE),Raining
4086,2026-09-29 18:56:35.731585+00,100,0,1825,24.7,95,3,1,Warning (MODERATE),Raining
4087,2026-09-29 18:56:41.742632+00,100,0,1824,24.7,95,3,1,Warning (MODERATE),Raining
4088,2026-09-29 18:56:48.105382+00,99,0,1825,24.7,95,3,1,Warning (MODERATE),Raining
4089,2026-09-29 18:56:54.471629+00,100,0,1825,24.7,95,3,1,Warning (MODERATE),Raining
4090,2026-09-29 18:57:00.559803+00,92,0,1823,24.7,95,3,1,Warning (MODERATE),Raining
4091,2026-09-29 18:57:06.905397+00,100,0,1824,24.7,95,3,1,Warning (MODERATE),Raining
4092,2026-09-29 18:57:13.346077+00,88,0,1825,24.7,95,3,2,Flood Alert (HIGH),Raining
4093,2026-09-29 18:57:19.727279+00,99,0,1821,24.7,95,3,2,Flood Alert (HIGH),Raining
4094,2026-09-29 18:57:25.905451+00,96,0,1823,24.7,95,3,2,Flood Alert (HIGH),Raining
4095,2026-09-29 18:57:32.096721+00,96,0,1823,24.7,95,3,2,Flood Alert (HIGH),Raining
4096,2026-09-29 18:57:38.469042+00,91,0,1823,24.7,95,3,2,Flood Alert (HIGH),Raining
4097,2026-09-29 18:57:44.698188+00,93,0,1823,24.7,95,3,2,Flood Alert (HIGH),Raining
4098,2026-09-29 18:57:51.144164+00,100,0,1823,24.7,95,3,2,Flood Alert (HIGH),Raining
4099,2026-09-29 18:57:57.68636+00,87,0,1823,24.7,95,3,2,Flood Alert (HIGH),Raining
4100,2026-09-29 18:58:03.801464+00,92,0,1825,24.7,95,3,2,Flood Alert (HIGH),Raining
4101,2026-09-29 18:58:09.813525+00,95,0,1822,24.7,95,3,2,Flood Alert (HIGH),Raining
4102,2026-09-29 18:58:16.191448+00,93,0,1825,24.7,95,3,2,Flood Alert (HIGH),Raining
4103,2026-09-29 18:58:22.311317+00,100,0,1824,24.7,95,3,1,Warning (MODERATE),Raining
4104,2026-09-29 18:58:28.675259+00,95,0,1822,24.7,95,3,1,Warning (MODERATE),Raining
4105,2026-09-29 18:58:34.947493+00,91,0,1822,24.7,95,3,2,Flood Alert (HIGH),Raining
4106,2026-09-29 18:58:40.960439+00,92,0,1822,24.7,95,3,2,Flood Alert (HIGH),Raining
4107,2026-09-29 18:58:47.119446+00,92,0,1823,24.7,95,3,2,Flood Alert (HIGH),Raining
4108,2026-09-29 18:58:53.16599+00,87,0,1824,24.7,95,3,2,Flood Alert (HIGH),Raining
4109,2026-09-29 18:58:59.288621+00,87,0,1825,24.7,95,3,2,Flood Alert (HIGH),Raining
4110,2026-09-29 18:59:05.411983+00,92,0,1823,24.7,95,3,1,Warning (MODERATE),Raining
4111,2026-09-29 18:59:11.726752+00,91,0,1824,24.7,95,3,1,Warning (MODERATE),Raining
4112,2026-09-29 18:59:18.174915+00,95,0,1823,24.7,95,3,1,Warning (MODERATE),Raining
4113,2026-09-29 18:59:24.303031+00,95,0,1825,24.7,95,3,1,Warning (MODERATE),Raining
4114,2026-09-29 18:59:30.839413+00,100,0,1823,24.7,95,3,1,Warning (MODERATE),Raining
4115,2026-09-29 18:59:36.971971+00,99,0,1824,24.7,95,3,1,Warning (MODERATE),Raining
4116,2026-09-29 18:59:43.083298+00,94,0,1824,24.7,95,3,1,Warning (MODERATE),Raining
4117,2026-09-29 18:59:49.349876+00,88,0,1824,24.7,95,3,1,Warning (MODERATE),Raining
4118,2026-09-29 18:59:55.710666+00,91,0,1822,24.7,95,3,2,Flood Alert (HIGH),Raining
4119,2026-09-29 19:00:01.778891+00,91,0,1822,24.7,95,3,2,Flood Alert (HIGH),Raining
4120,2026-09-29 19:00:07.907394+00,87,0,1825,24.7,95,3,2,Flood Alert (HIGH),Raining
4121,2026-09-29 19:00:14.088423+00,95,0,1821,24.7,95,3,2,Flood Alert (HIGH),Raining
4122,2026-09-29 19:00:20.443919+00,88,0,1825,24.7,95,3,2,Flood Alert (HIGH),Raining
4123,2026-09-29 19:00:26.74266+00,97,0,1826,24.7,95,3,1,Warning (MODERATE),Raining
4124,2026-09-29 19:00:32.815137+00,100,0,1826,24.7,95,3,1,Warning (MODERATE),Raining
4125,2026-09-29 19:00:38.938383+00,93,0,1825,24.7,95,3,1,Warning (MODERATE),Raining
4126,2026-09-29 19:00:45.019236+00,92,0,1823,24.7,95,3,1,Warning (MODERATE),Raining
4127,2026-09-29 19:00:51.299015+00,87,0,1822,24.7,95,3,2,Flood Alert (HIGH),Raining
4128,2026-09-29 19:00:57.495998+00,100,0,1824,24.7,95,3,1,Warning (MODERATE),Raining
4129,2026-09-29 19:01:03.433057+00,90,0,1823,24.7,95,3,2,Flood Alert (HIGH),Raining
4130,2026-09-29 19:01:09.488048+00,100,0,1825,24.7,95,3,1,Warning (MODERATE),Raining
4131,2026-09-29 19:01:15.463241+00,98,0,1824,24.7,95,3,2,Flood Alert (HIGH),Raining
4132,2026-09-29 19:01:21.661945+00,98,0,1822,24.7,95,3,2,Flood Alert (HIGH),Raining
4133,2026-09-29 19:01:27.61243+00,95,0,1825,24.7,95,3,2,Flood Alert (HIGH),Raining
4134,2026-09-29 19:01:34.06198+00,100,0,1825,24.7,95,3,1,Warning (MODERATE),Raining
4135,2026-09-29 19:01:40.155242+00,92,0,1823,24.7,95,3,1,Warning (MODERATE),Raining
4136,2026-09-29 19:01:46.48265+00,100,0,1822,24.7,95,3,1,Warning (MODERATE),Raining
4137,2026-09-29 19:01:52.541406+00,100,0,1821,24.7,95,3,1,Warning (MODERATE),Raining
4138,2026-09-29 19:01:58.641527+00,87,0,1823,24.7,95,3,2,Flood Alert (HIGH),Raining
4139,2026-09-29 19:02:04.595516+00,89,0,1824,24.7,95,3,2,Flood Alert (HIGH),Raining
4140,2026-09-29 19:02:10.78778+00,94,0,1821,24.7,95,3,2,Flood Alert (HIGH),Raining
4141,2026-09-29 19:02:16.870258+00,99,0,1822,24.7,95,3,2,Flood Alert (HIGH),Raining
4142,2026-09-29 19:02:23.225159+00,97,0,1824,24.7,95,3,2,Flood Alert (HIGH),Raining
4143,2026-09-29 19:02:29.537178+00,90,0,1824,24.7,95,3,2,Flood Alert (HIGH),Raining
4144,2026-09-29 19:02:35.556095+00,89,0,1822,24.7,95,3,2,Flood Alert (HIGH),Raining
4145,2026-09-29 19:02:41.763275+00,89,0,1821,24.7,95,3,2,Flood Alert (HIGH),Raining
4146,2026-09-29 19:02:48.111026+00,95,0,1821,24.7,95,3,1,Warning (MODERATE),Raining
4147,2026-09-29 19:02:54.37383+00,100,0,1825,24.7,95,3,1,Warning (MODERATE),Raining
4148,2026-09-29 19:03:00.621525+00,100,0,1824,24.7,95,3,1,Warning (MODERATE),Raining
4149,2026-09-29 19:03:06.947015+00,94,0,1823,24.7,95,3,2,Flood Alert (HIGH),Raining
4150,2026-09-29 19:03:13.337729+00,99,0,1824,24.7,95,3,2,Flood Alert (HIGH),Raining
4151,2026-09-29 19:03:19.516539+00,99,0,1823,24.7,95,3,1,Warning (MODERATE),Raining
4152,2026-09-29 19:03:25.568373+00,94,0,1823,24.7,95,3,1,Warning (MODERATE),Raining
4153,2026-09-29 19:03:31.710745+00,91,0,1825,24.7,95,3,1,Warning (MODERATE),Raining
4154,2026-09-29 19:03:37.687094+00,88,0,1822,24.7,95,3,2,Flood Alert (HIGH),Raining
4155,2026-09-29 19:03:43.952964+00,93,0,1825,24.7,95,3,2,Flood Alert (HIGH),Raining
4156,2026-09-29 19:03:50.06785+00,100,0,1825,24.7,95,3,2,Flood Alert (HIGH),Raining
4157,2026-09-29 19:03:56.370201+00,95,0,1825,24.7,95,3,2,Flood Alert (HIGH),Raining
4158,2026-09-29 19:04:02.399847+00,89,0,1824,24.7,95,3,2,Flood Alert (HIGH),Raining
4159,2026-09-29 19:04:08.560134+00,100,0,1822,24.7,95,3,2,Flood Alert (HIGH),Raining
4160,2026-09-29 19:04:14.651215+00,86,0,1821,24.7,95,3,2,Flood Alert (HIGH),Raining
4161,2026-09-29 19:04:20.983467+00,94,0,1824,24.7,95,3,2,Flood Alert (HIGH),Raining
4162,2026-09-29 19:04:27.306994+00,94,0,1823,24.7,95,3,1,Warning (MODERATE),Raining
4163,2026-09-29 19:04:33.438791+00,97,0,1824,24.7,95,3,1,Warning (MODERATE),Raining
4164,2026-09-29 19:04:39.519697+00,87,0,1824,24.7,95,3,2,Flood Alert (HIGH),Raining
4165,2026-09-29 19:04:45.828738+00,92,0,1825,24.7,95,3,2,Flood Alert (HIGH),Raining
4166,2026-09-29 19:04:52.161286+00,98,0,1825,24.7,95,3,1,Warning (MODERATE),Raining
4167,2026-09-29 19:04:58.273445+00,91,0,1825,24.7,95,3,1,Warning (MODERATE),Raining
4168,2026-09-29 19:05:04.627385+00,100,0,1823,24.7,95,3,1,Warning (MODERATE),Raining
4169,2026-09-29 19:05:10.724793+00,98,0,1822,24.7,95,3,1,Warning (MODERATE),Raining
4170,2026-09-29 19:05:16.813026+00,93,0,1825,24.7,95,3,2,Flood Alert (HIGH),Raining
4171,2026-09-29 19:05:23.038911+00,99,0,1824,24.7,95,3,2,Flood Alert (HIGH),Raining
4172,2026-09-29 19:05:29.395842+00,100,0,1824,24.7,95,3,1,Warning (MODERATE),Raining
4173,2026-09-29 19:05:35.729739+00,98,0,1823,24.7,95,3,1,Warning (MODERATE),Raining
4174,2026-09-29 19:05:41.798498+00,100,0,1825,24.7,95,3,1,Warning (MODERATE),Raining
4175,2026-09-29 19:05:48.010307+00,91,0,1822,24.7,95,3,2,Flood Alert (HIGH),Raining
4176,2026-09-29 19:05:54.462192+00,100,0,1823,24.7,95,3,1,Warning (MODERATE),Raining
4177,2026-09-29 19:06:00.522521+00,91,0,1823,24.7,95,3,2,Flood Alert (HIGH),Raining
4178,2026-09-29 19:06:06.852506+00,86,0,1825,24.7,95,3,2,Flood Alert (HIGH),Raining
4179,2026-09-29 19:06:12.864443+00,95,0,1825,24.7,95,3,2,Flood Alert (HIGH),Raining
4180,2026-09-29 19:06:18.904395+00,89,0,1826,24.7,95,3,2,Flood Alert (HIGH),Raining
4181,2026-09-29 19:06:24.908483+00,87,0,1823,24.7,95,3,2,Flood Alert (HIGH),Raining
4182,2026-09-29 19:06:31.12963+00,93,0,1822,24.7,95,3,2,Flood Alert (HIGH),Raining
4183,2026-09-29 19:06:37.468167+00,100,0,1825,24.7,95,3,1,Warning (MODERATE),Raining
4184,2026-09-29 19:06:43.623605+00,93,0,1826,24.7,95,3,1,Warning (MODERATE),Raining
4185,2026-09-29 19:06:49.93737+00,93,0,1823,24.7,95,3,1,Warning (MODERATE),Raining
4186,2026-09-29 19:06:56.022593+00,90,0,1826,24.7,95,3,1,Warning (MODERATE),Raining
4187,2026-09-29 19:07:02.443635+00,92,0,1823,24.7,95,3,1,Warning (MODERATE),Raining
4188,2026-09-29 19:07:08.658849+00,87,0,1825,24.7,95,3,1,Warning (MODERATE),Raining
4189,2026-09-29 19:07:14.777608+00,100,0,1825,24.7,95,3,1,Warning (MODERATE),Raining
4190,2026-09-29 19:07:20.991544+00,100,0,1824,24.7,95,3,1,Warning (MODERATE),Raining
4191,2026-09-29 19:07:26.981607+00,98,0,1823,24.7,95,3,2,Flood Alert (HIGH),Raining
4192,2026-09-29 19:07:33.104452+00,90,0,1823,24.7,95,3,2,Flood Alert (HIGH),Raining
4193,2026-09-29 19:07:39.327801+00,90,0,1824,24.7,95,3,2,Flood Alert (HIGH),Raining
4194,2026-09-29 19:07:45.576215+00,93,0,1824,24.7,95,3,2,Flood Alert (HIGH),Raining
4195,2026-09-29 19:07:51.8831+00,94,0,1822,24.7,95,3,1,Warning (MODERATE),Raining
4196,2026-09-29 19:07:57.977897+00,88,0,1824,24.7,95,3,2,Flood Alert (HIGH),Raining
4197,2026-09-29 19:08:06.301021+00,93,0,1825,25.7,96,3,2,Flood Alert (HIGH),Raining
4198,2026-09-29 19:08:12.591088+00,92,0,1822,25.7,96,3,2,Flood Alert (HIGH),Raining
4199,2026-09-29 19:08:18.843214+00,97,0,1823,25.7,96,3,1,Warning (MODERATE),Raining
4200,2026-09-29 19:08:24.841185+00,88,0,1822,25.7,96,3,1,Warning (MODERATE),Raining
4201,2026-09-29 19:08:31.026851+00,100,0,1826,25.7,96,3,1,Warning (MODERATE),Raining
4202,2026-09-29 19:08:37.180081+00,88,0,1823,25.7,96,3,1,Warning (MODERATE),Raining
4203,2026-09-29 19:08:43.191473+00,92,0,1824,25.7,96,3,1,Warning (MODERATE),Raining
4204,2026-09-29 19:08:49.218449+00,92,0,1825,25.7,96,3,1,Warning (MODERATE),Raining
4205,2026-09-29 19:08:55.316979+00,100,0,1823,25.7,96,3,1,Warning (MODERATE),Raining
4206,2026-09-29 19:09:01.689819+00,97,0,1825,25.7,96,3,1,Warning (MODERATE),Raining
4207,2026-09-29 19:09:08.044616+00,87,0,1824,25.7,96,3,2,Flood Alert (HIGH),Raining
4208,2026-09-29 19:09:14.23532+00,88,0,1823,25.7,96,3,2,Flood Alert (HIGH),Raining
4209,2026-09-29 19:09:20.378968+00,100,0,1823,25.7,96,3,1,Warning (MODERATE),Raining
4210,2026-09-29 19:09:26.393178+00,89,0,1823,25.7,96,3,2,Flood Alert (HIGH),Raining
4211,2026-09-29 19:09:32.488532+00,93,0,1825,25.7,96,3,1,Warning (MODERATE),Raining
4212,2026-09-29 19:09:38.823536+00,94,0,1823,25.7,96,3,1,Warning (MODERATE),Raining
4213,2026-09-29 19:09:44.838947+00,89,0,1823,25.7,96,3,2,Flood Alert (HIGH),Raining
4214,2026-09-29 19:09:50.938378+00,88,0,1825,25.7,96,3,2,Flood Alert (HIGH),Raining
4215,2026-09-29 19:09:57.325499+00,100,0,1823,25.7,96,3,1,Warning (MODERATE),Raining
4216,2026-09-29 19:10:03.445189+00,96,0,1822,25.7,96,3,1,Warning (MODERATE),Raining
4217,2026-09-29 19:10:09.685938+00,92,0,1825,25.7,96,3,1,Warning (MODERATE),Raining
4218,2026-09-29 19:10:15.959526+00,100,0,1825,25.7,96,3,1,Warning (MODERATE),Raining
4219,2026-09-29 19:10:22.410784+00,96,0,1823,25.7,96,3,1,Warning (MODERATE),Raining
4220,2026-09-29 19:10:28.58635+00,87,0,1823,25.7,96,3,2,Flood Alert (HIGH),Raining
4221,2026-09-29 19:10:34.928276+00,90,0,1821,25.7,96,3,2,Flood Alert (HIGH),Raining
4222,2026-09-29 19:10:41.020884+00,88,0,1823,25.7,96,3,2,Flood Alert (HIGH),Raining
4223,2026-09-29 19:10:47.200876+00,92,0,1823,25.7,96,3,2,Flood Alert (HIGH),Raining
4224,2026-09-29 19:10:53.410594+00,87,0,1825,25.7,96,3,2,Flood Alert (HIGH),Raining
4225,2026-09-29 19:10:59.856007+00,98,0,1824,25.7,96,3,1,Warning (MODERATE),Raining
4226,2026-09-29 19:11:06.166908+00,91,0,1825,25.7,96,3,1,Warning (MODERATE),Raining
4227,2026-09-29 19:11:12.734239+00,88,0,1826,25.7,96,3,1,Warning (MODERATE),Raining
4228,2026-09-29 19:11:19.248932+00,94,0,1826,25.7,96,3,1,Warning (MODERATE),Raining
4229,2026-09-29 19:11:25.373594+00,96,0,1823,25.7,96,3,1,Warning (MODERATE),Raining
4230,2026-09-29 19:11:31.474327+00,100,0,1822,25.7,96,3,1,Warning (MODERATE),Raining
4231,2026-09-29 19:11:37.775162+00,96,0,1823,25.7,96,3,1,Warning (MODERATE),Raining
4232,2026-09-29 19:11:43.987478+00,97,0,1823,25.7,96,3,1,Warning (MODERATE),Raining
4233,2026-09-29 19:11:50.356825+00,100,0,1825,25.7,96,3,1,Warning (MODERATE),Raining
4234,2026-09-29 19:11:56.407583+00,94,0,1821,25.7,96,3,2,Flood Alert (HIGH),Raining
4235,2026-09-29 19:12:02.42291+00,92,0,1823,25.7,96,3,1,Warning (MODERATE),Raining
4236,2026-09-29 19:12:08.731833+00,96,0,1823,25.7,96,3,1,Warning (MODERATE),Raining
4237,2026-09-29 19:12:14.719001+00,98,0,1824,25.7,96,3,1,Warning (MODERATE),Raining
4238,2026-09-29 19:12:21.002767+00,100,0,1822,25.7,96,3,1,Warning (MODERATE),Raining
4239,2026-09-29 19:12:27.110971+00,100,0,1824,25.7,96,3,1,Warning (MODERATE),Raining
4240,2026-09-29 19:12:33.254084+00,100,0,1825,25.7,96,3,1,Warning (MODERATE),Raining
4241,2026-09-29 19:12:39.509308+00,90,0,1825,25.7,96,3,2,Flood Alert (HIGH),Raining
4242,2026-09-29 19:12:45.448443+00,94,0,1823,25.7,96,3,2,Flood Alert (HIGH),Raining
4243,2026-09-29 19:12:51.588812+00,97,0,1822,25.7,96,3,1,Warning (MODERATE),Raining
4244,2026-09-29 19:12:57.73627+00,89,0,1825,25.7,96,3,2,Flood Alert (HIGH),Raining
4245,2026-09-29 19:13:03.860477+00,97,0,1822,25.7,96,3,2,Flood Alert (HIGH),Raining
4246,2026-09-29 19:13:10.161375+00,100,0,1824,25.7,96,3,2,Flood Alert (HIGH),Raining
4247,2026-09-29 19:13:16.287795+00,100,0,1824,25.7,96,3,2,Flood Alert (HIGH),Raining
4248,2026-09-29 19:13:22.403237+00,88,0,1825,25.7,96,3,2,Flood Alert (HIGH),Raining
4249,2026-09-29 19:13:28.635319+00,90,0,1823,25.7,96,3,2,Flood Alert (HIGH),Raining
4250,2026-09-29 19:13:34.886893+00,94,0,1822,25.7,96,3,2,Flood Alert (HIGH),Raining
4251,2026-09-29 19:13:41.236726+00,96,0,1826,25.7,96,3,2,Flood Alert (HIGH),Raining
4252,2026-09-29 19:13:47.558089+00,92,0,1823,25.7,96,3,2,Flood Alert (HIGH),Raining
4253,2026-09-29 19:13:53.529729+00,100,0,1825,25.7,96,3,1,Warning (MODERATE),Raining
4254,2026-09-29 19:13:59.74596+00,90,0,1823,25.7,96,3,2,Flood Alert (HIGH),Raining
4255,2026-09-29 19:14:06.17176+00,89,0,1826,25.7,96,3,2,Flood Alert (HIGH),Raining
4256,2026-09-29 19:14:12.256728+00,89,0,1825,25.7,96,3,2,Flood Alert (HIGH),Raining
4257,2026-09-29 19:14:18.612148+00,100,0,1824,25.7,96,3,1,Warning (MODERATE),Raining
4258,2026-09-29 19:14:24.889121+00,99,0,1821,25.7,96,3,1,Warning (MODERATE),Raining
4259,2026-09-29 19:14:31.058619+00,87,0,1822,25.7,96,3,2,Flood Alert (HIGH),Raining
4260,2026-09-29 19:14:37.149364+00,100,0,1825,25.7,96,3,2,Flood Alert (HIGH),Raining
4261,2026-09-29 19:14:43.406302+00,99,0,1826,25.7,96,3,2,Flood Alert (HIGH),Raining
4262,2026-09-29 19:14:49.511411+00,88,0,1826,25.7,96,3,2,Flood Alert (HIGH),Raining
4263,2026-09-29 19:14:55.457+00,94,0,1824,25.7,96,3,1,Warning (MODERATE),Raining
4264,2026-09-29 19:15:01.729176+00,100,0,1823,25.7,96,3,1,Warning (MODERATE),Raining
4265,2026-09-29 19:15:07.887644+00,89,0,1823,25.7,96,3,2,Flood Alert (HIGH),Raining
4266,2026-09-29 19:15:14.119111+00,87,0,1823,25.7,96,3,2,Flood Alert (HIGH),Raining
4267,2026-09-29 19:15:20.544868+00,99,0,1822,25.7,96,3,1,Warning (MODERATE),Raining
4268,2026-09-29 19:15:27.014998+00,100,0,1826,25.7,96,3,1,Warning (MODERATE),Raining
4269,2026-09-29 19:15:33.318417+00,87,0,1825,25.7,96,3,2,Flood Alert (HIGH),Raining
4270,2026-09-29 19:15:39.496544+00,98,0,1825,25.7,96,3,1,Warning (MODERATE),Raining
4271,2026-09-29 19:15:45.856251+00,89,0,1825,25.7,96,3,2,Flood Alert (HIGH),Raining
4272,2026-09-29 19:15:52.16511+00,100,0,1824,25.7,96,3,2,Flood Alert (HIGH),Raining
4273,2026-09-29 19:15:58.264249+00,97,0,1823,25.7,96,3,1,Warning (MODERATE),Raining
4274,2026-09-29 19:16:04.565985+00,87,0,1826,25.7,96,3,2,Flood Alert (HIGH),Raining
4275,2026-09-29 19:16:10.535431+00,89,0,1825,25.7,96,3,2,Flood Alert (HIGH),Raining
4276,2026-09-29 19:16:16.8446+00,95,0,1825,25.7,96,3,2,Flood Alert (HIGH),Raining
4277,2026-09-29 19:16:22.933981+00,100,0,1822,25.7,96,3,1,Warning (MODERATE),Raining
4278,2026-09-29 19:16:29.129625+00,97,0,1822,25.7,96,3,1,Warning (MODERATE),Raining
4279,2026-09-29 19:16:35.159935+00,95,0,1825,25.7,96,3,2,Flood Alert (HIGH),Raining
4280,2026-09-29 19:16:41.253767+00,86,0,1823,25.7,96,3,2,Flood Alert (HIGH),Raining
4281,2026-09-29 19:16:47.717711+00,95,0,1821,25.7,96,3,2,Flood Alert (HIGH),Raining
4282,2026-09-29 19:16:53.974248+00,100,0,1823,25.7,96,3,1,Warning (MODERATE),Raining
4283,2026-09-29 19:17:00.190741+00,90,0,1824,25.7,96,3,1,Warning (MODERATE),Raining
4284,2026-09-29 19:17:06.484811+00,88,0,1826,25.7,96,3,2,Flood Alert (HIGH),Raining
4285,2026-09-29 19:17:12.639748+00,95,0,1824,25.7,96,3,2,Flood Alert (HIGH),Raining
4286,2026-09-29 19:17:18.752934+00,89,0,1826,25.7,96,3,2,Flood Alert (HIGH),Raining
4287,2026-09-29 19:17:24.884674+00,100,0,1825,25.7,96,3,1,Warning (MODERATE),Raining
4288,2026-09-29 19:17:31.197697+00,86,0,1826,25.7,96,3,1,Warning (MODERATE),Raining
4289,2026-09-29 19:17:37.187133+00,93,0,1825,25.7,96,3,1,Warning (MODERATE),Raining
4290,2026-09-29 19:17:43.392884+00,93,0,1826,25.7,96,3,1,Warning (MODERATE),Raining
4291,2026-09-29 19:17:49.726705+00,92,0,1823,25.7,96,3,1,Warning (MODERATE),Raining
4292,2026-09-29 19:17:55.886786+00,100,0,1825,25.7,96,3,1,Warning (MODERATE),Raining
4293,2026-09-29 19:18:02.182828+00,92,0,1823,25.7,96,3,1,Warning (MODERATE),Raining
4294,2026-09-29 19:18:08.816854+00,97,0,1823,25.7,96,3,1,Warning (MODERATE),Raining
4295,2026-09-29 19:18:14.933498+00,87,0,1824,25.7,96,3,2,Flood Alert (HIGH),Raining
4296,2026-09-29 19:18:21.46939+00,89,0,1825,25.7,96,3,2,Flood Alert (HIGH),Raining
4297,2026-09-29 19:18:27.632144+00,97,0,1822,25.7,96,3,1,Warning (MODERATE),Raining
4298,2026-09-29 19:18:34.031375+00,93,0,1824,25.7,96,3,1,Warning (MODERATE),Raining
4299,2026-09-29 19:18:40.214985+00,90,0,1823,25.7,96,3,2,Flood Alert (HIGH),Raining
4300,2026-09-29 19:18:46.248456+00,93,0,1825,25.7,96,3,1,Warning (MODERATE),Raining
4301,2026-09-29 19:18:52.318491+00,86,0,1825,25.7,96,3,2,Flood Alert (HIGH),Raining
4302,2026-09-29 19:18:58.634525+00,100,0,1821,25.7,96,3,1,Warning (MODERATE),Raining
4303,2026-09-29 19:19:04.595185+00,89,0,1822,25.7,96,3,1,Warning (MODERATE),Raining
4304,2026-09-29 19:19:11.05462+00,92,0,1825,25.7,96,3,1,Warning (MODERATE),Raining
4305,2026-09-29 19:19:17.42159+00,87,0,1823,25.7,96,3,2,Flood Alert (HIGH),Raining
4306,2026-09-29 19:19:23.732858+00,92,0,1822,25.7,96,3,1,Warning (MODERATE),Raining
4307,2026-09-29 19:19:29.928898+00,91,0,1823,25.7,96,3,1,Warning (MODERATE),Raining
4308,2026-09-29 19:19:36.284443+00,100,0,1823,25.7,96,3,1,Warning (MODERATE),Raining
4309,2026-09-29 19:19:42.444151+00,92,0,1824,25.7,96,3,1,Warning (MODERATE),Raining
4310,2026-09-29 19:19:48.532704+00,97,0,1825,25.7,96,3,1,Warning (MODERATE),Raining
4311,2026-09-29 19:19:54.895416+00,99,0,1824,25.7,96,3,1,Warning (MODERATE),Raining
4312,2026-09-29 19:20:01.087969+00,95,0,1822,25.7,96,3,1,Warning (MODERATE),Raining
4313,2026-09-29 19:20:07.146173+00,100,0,1824,25.7,96,3,1,Warning (MODERATE),Raining
4314,2026-09-29 19:20:13.136506+00,98,0,1823,25.7,96,3,1,Warning (MODERATE),Raining
4315,2026-09-29 19:20:19.336225+00,98,0,1825,25.7,96,3,1,Warning (MODERATE),Raining
4316,2026-09-29 19:20:25.40984+00,95,0,1826,25.7,96,3,1,Warning (MODERATE),Raining
4317,2026-09-29 19:20:31.629871+00,100,0,1824,25.7,96,3,1,Warning (MODERATE),Raining
4318,2026-09-29 19:20:38.070367+00,99,0,1822,25.7,96,3,1,Warning (MODERATE),Raining
4319,2026-09-29 19:20:44.04301+00,99,0,1825,25.7,96,3,1,Warning (MODERATE),Raining
4320,2026-09-29 19:20:50.24992+00,95,0,1826,25.7,96,3,1,Warning (MODERATE),Raining
4321,2026-09-29 19:20:56.195487+00,99,0,1822,25.7,96,3,1,Warning (MODERATE),Raining
4322,2026-09-29 19:21:02.269258+00,100,0,1826,25.7,96,3,1,Warning (MODERATE),Raining
4323,2026-09-29 19:21:08.580887+00,100,0,1825,25.7,96,3,1,Warning (MODERATE),Raining
4324,2026-09-29 19:21:14.669987+00,95,0,1823,25.7,96,3,1,Warning (MODERATE),Raining
4325,2026-09-29 19:21:21.064368+00,93,0,1824,25.7,96,3,1,Warning (MODERATE),Raining
4326,2026-09-29 19:21:27.153713+00,100,0,1826,25.7,96,3,1,Warning (MODERATE),Raining
4327,2026-09-29 19:21:33.488251+00,98,0,1824,25.7,96,3,1,Warning (MODERATE),Raining
4328,2026-09-29 19:21:39.853139+00,94,0,1825,25.7,96,3,1,Warning (MODERATE),Raining
4329,2026-09-29 19:21:46.183724+00,94,0,1824,25.7,96,3,2,Flood Alert (HIGH),Raining
4330,2026-09-29 19:21:52.14694+00,100,0,1826,25.7,96,3,1,Warning (MODERATE),Raining
4331,2026-09-29 19:21:58.438075+00,88,0,1823,25.7,96,3,2,Flood Alert (HIGH),Raining
4332,2026-09-29 19:22:04.406632+00,100,0,1826,25.7,96,3,2,Flood Alert (HIGH),Raining
4333,2026-09-29 19:22:10.542334+00,94,0,1825,25.7,96,3,2,Flood Alert (HIGH),Raining
4334,2026-09-29 19:22:16.478811+00,98,0,1825,25.7,96,3,2,Flood Alert (HIGH),Raining
4335,2026-09-29 19:22:22.364038+00,90,0,1824,25.7,96,3,2,Flood Alert (HIGH),Raining
4336,2026-09-29 19:22:28.478431+00,87,0,1823,25.7,96,3,2,Flood Alert (HIGH),Raining
4337,2026-09-29 19:22:34.860471+00,86,0,1826,25.7,96,3,2,Flood Alert (HIGH),Raining
4338,2026-09-29 19:22:41.029637+00,94,0,1826,25.7,96,3,2,Flood Alert (HIGH),Raining
4339,2026-09-29 19:22:47.107112+00,89,0,1826,25.7,96,3,1,Warning (MODERATE),Raining
4340,2026-09-29 19:22:53.488264+00,91,0,1824,25.7,96,3,1,Warning (MODERATE),Raining
4341,2026-09-29 19:22:59.76152+00,95,0,1826,25.7,96,3,1,Warning (MODERATE),Raining
4342,2026-09-29 19:23:05.857205+00,90,0,1826,25.7,96,3,1,Warning (MODERATE),Raining
4343,2026-09-29 19:23:12.315164+00,95,0,1826,25.7,96,3,1,Warning (MODERATE),Raining
4344,2026-09-29 19:23:18.672877+00,100,0,1825,25.7,96,3,1,Warning (MODERATE),Raining
4345,2026-09-29 19:23:24.939942+00,98,0,1825,25.7,96,3,1,Warning (MODERATE),Raining
4346,2026-09-29 19:23:31.101005+00,93,0,1824,25.7,96,3,1,Warning (MODERATE),Raining
4347,2026-09-29 19:23:37.268928+00,97,0,1826,25.7,96,3,1,Warning (MODERATE),Raining
4348,2026-09-29 19:23:43.440709+00,95,0,1826,25.7,96,3,1,Warning (MODERATE),Raining
4349,2026-09-29 19:23:49.728479+00,88,0,1823,25.7,96,3,2,Flood Alert (HIGH),Raining
4350,2026-09-29 19:23:55.848878+00,97,0,1826,25.7,96,3,1,Warning (MODERATE),Raining
4351,2026-09-29 19:24:02.084875+00,99,0,1826,25.7,96,3,1,Warning (MODERATE),Raining
4352,2026-09-29 19:24:08.511597+00,92,0,1824,25.7,96,3,2,Flood Alert (HIGH),Raining
4353,2026-09-29 19:24:14.553743+00,100,0,1826,25.7,96,3,2,Flood Alert (HIGH),Raining
4354,2026-09-29 19:24:20.828762+00,93,0,1825,25.7,96,3,2,Flood Alert (HIGH),Raining
4355,2026-09-29 19:24:27.039083+00,98,0,1825,25.7,96,3,2,Flood Alert (HIGH),Raining
4356,2026-09-29 19:24:33.527459+00,100,0,1824,25.7,96,3,1,Warning (MODERATE),Raining
4357,2026-09-29 19:24:39.76424+00,95,0,1823,25.7,96,3,1,Warning (MODERATE),Raining
4358,2026-09-29 19:24:46.211105+00,100,0,1826,25.7,96,3,1,Warning (MODERATE),Raining
4359,2026-09-29 19:24:52.384382+00,91,0,1826,25.7,96,3,2,Flood Alert (HIGH),Raining
4360,2026-09-29 19:24:58.569493+00,91,0,1824,25.7,96,3,2,Flood Alert (HIGH),Raining
4361,2026-09-29 19:25:04.514687+00,93,0,1824,25.7,96,3,2,Flood Alert (HIGH),Raining
4362,2026-09-29 19:25:10.502248+00,90,0,1823,25.7,96,3,2,Flood Alert (HIGH),Raining
4363,2026-09-29 19:25:16.784611+00,99,0,1825,25.7,96,3,2,Flood Alert (HIGH),Raining
4364,2026-09-29 19:25:22.85198+00,91,0,1826,25.7,96,3,2,Flood Alert (HIGH),Raining
4365,2026-09-29 19:25:28.843927+00,92,0,1823,25.7,96,3,2,Flood Alert (HIGH),Raining
4366,2026-09-29 19:25:35.156854+00,90,0,1824,25.7,96,3,2,Flood Alert (HIGH),Raining
4367,2026-09-29 19:25:41.187794+00,87,0,1827,25.7,96,3,2,Flood Alert (HIGH),Raining
4368,2026-09-29 19:25:47.244462+00,100,0,1824,25.7,96,3,1,Warning (MODERATE),Raining
4369,2026-09-29 19:25:53.452479+00,92,0,1823,25.7,96,3,1,Warning (MODERATE),Raining
4370,2026-09-29 19:25:59.414142+00,87,0,1826,25.7,96,3,1,Warning (MODERATE),Raining
4371,2026-09-29 19:26:05.335853+00,100,0,1825,25.7,96,3,1,Warning (MODERATE),Raining
4372,2026-09-29 19:26:11.365301+00,87,0,1822,25.7,96,3,2,Flood Alert (HIGH),Raining
4373,2026-09-29 19:26:17.434303+00,89,0,1823,25.7,96,3,1,Warning (MODERATE),Raining
4374,2026-09-29 19:26:23.49392+00,95,0,1823,25.7,96,3,1,Warning (MODERATE),Raining
4375,2026-09-29 19:26:29.745199+00,100,0,1822,25.7,96,3,1,Warning (MODERATE),Raining
4376,2026-09-29 19:26:36.105985+00,89,0,1823,25.7,96,3,2,Flood Alert (HIGH),Raining
4377,2026-09-29 19:26:42.267612+00,96,0,1825,25.7,96,3,1,Warning (MODERATE),Raining
4378,2026-09-29 19:26:48.443409+00,97,0,1826,25.7,96,3,1,Warning (MODERATE),Raining
4379,2026-09-29 19:26:54.530949+00,99,0,1824,25.7,96,3,1,Warning (MODERATE),Raining
4380,2026-09-29 19:27:00.813308+00,93,0,1824,25.7,96,3,1,Warning (MODERATE),Raining
4381,2026-09-29 19:27:07.002799+00,99,0,1826,25.7,96,3,1,Warning (MODERATE),Raining
4382,2026-09-29 19:27:12.922835+00,92,0,1827,25.7,96,3,2,Flood Alert (HIGH),Raining
4383,2026-09-29 19:27:18.989173+00,99,0,1823,25.7,96,3,2,Flood Alert (HIGH),Raining
4384,2026-09-29 19:27:25.397897+00,94,0,1825,25.7,96,3,1,Warning (MODERATE),Raining
4385,2026-09-29 19:27:31.404873+00,89,0,1825,25.7,96,3,2,Flood Alert (HIGH),Raining
4386,2026-09-29 19:27:37.663934+00,100,0,1827,25.7,96,3,2,Flood Alert (HIGH),Raining
4387,2026-09-29 19:27:43.940975+00,87,0,1827,25.7,96,3,2,Flood Alert (HIGH),Raining
4388,2026-09-29 19:27:49.907769+00,100,0,1824,25.7,96,3,2,Flood Alert (HIGH),Raining
4389,2026-09-29 19:27:55.8559+00,100,0,1826,25.7,96,3,2,Flood Alert (HIGH),Raining
4390,2026-09-29 19:28:02.155676+00,87,0,1826,25.7,96,3,2,Flood Alert (HIGH),Raining
4391,2026-09-29 19:28:08.232849+00,94,0,1823,25.7,96,3,2,Flood Alert (HIGH),Raining
4392,2026-09-29 19:28:14.683055+00,88,0,1825,25.7,96,3,2,Flood Alert (HIGH),Raining
4393,2026-09-29 19:28:20.58563+00,88,0,1823,25.7,96,3,2,Flood Alert (HIGH),Raining
4394,2026-09-29 19:28:26.654662+00,97,0,1825,25.7,96,3,1,Warning (MODERATE),Raining
4395,2026-09-29 19:28:32.813709+00,100,0,1826,25.7,96,3,1,Warning (MODERATE),Raining
4396,2026-09-29 19:28:38.720697+00,87,0,1827,25.7,96,3,2,Flood Alert (HIGH),Raining
4397,2026-09-29 19:28:44.789238+00,88,0,1826,25.7,96,3,2,Flood Alert (HIGH),Raining
4398,2026-09-29 19:28:50.748674+00,99,0,1823,25.7,96,3,1,Warning (MODERATE),Raining
4399,2026-09-29 19:28:56.967634+00,90,0,1824,25.7,96,3,1,Warning (MODERATE),Raining
4400,2026-09-29 19:29:03.028778+00,87,0,1824,25.7,96,3,1,Warning (MODERATE),Raining
4401,2026-09-29 19:29:09.284352+00,87,0,1827,25.7,96,3,1,Warning (MODERATE),Raining
4402,2026-09-29 19:29:15.684131+00,90,0,1824,25.7,96,3,1,Warning (MODERATE),Raining
4403,2026-09-29 19:29:22.07976+00,98,0,1824,25.7,96,3,1,Warning (MODERATE),Raining
4404,2026-09-29 19:29:28.509624+00,88,0,1824,25.7,96,3,1,Warning (MODERATE),Raining
4405,2026-09-29 19:29:34.536856+00,100,0,1826,25.7,96,3,1,Warning (MODERATE),Raining
4406,2026-09-29 19:29:40.499437+00,97,0,1827,25.7,96,3,1,Warning (MODERATE),Raining
4407,2026-09-29 19:29:46.926505+00,100,0,1825,25.7,96,3,1,Warning (MODERATE),Raining
4408,2026-09-29 19:29:52.903621+00,88,0,1822,25.7,96,3,1,Warning (MODERATE),Raining
4409,2026-09-29 19:29:59.105451+00,90,0,1825,25.7,96,3,1,Warning (MODERATE),Raining
4410,2026-09-29 19:30:05.286107+00,94,0,1825,25.7,96,3,1,Warning (MODERATE),Raining
4411,2026-09-29 19:30:11.380804+00,91,0,1823,25.7,96,3,2,Flood Alert (HIGH),Raining
4412,2026-09-29 19:30:17.516213+00,96,0,1824,25.7,96,3,1,Warning (MODERATE),Raining
4413,2026-09-29 19:30:23.632789+00,87,0,1824,25.7,96,3,2,Flood Alert (HIGH),Raining
4414,2026-09-29 19:30:29.895056+00,99,0,1824,25.7,96,3,2,Flood Alert (HIGH),Raining
4415,2026-09-29 19:30:36.227962+00,88,0,1823,25.7,96,3,2,Flood Alert (HIGH),Raining
4416,2026-09-29 19:30:42.459916+00,87,0,1826,25.7,96,3,1,Warning (MODERATE),Raining
4417,2026-09-29 19:30:48.693067+00,88,0,1825,25.7,96,3,1,Warning (MODERATE),Raining
4418,2026-09-29 19:30:54.602435+00,100,0,1826,25.7,96,3,1,Warning (MODERATE),Raining
4419,2026-09-29 19:31:00.607802+00,88,0,1826,25.7,96,3,1,Warning (MODERATE),Raining
4420,2026-09-29 19:31:06.802828+00,100,0,1824,25.7,96,3,1,Warning (MODERATE),Raining
4421,2026-09-29 19:31:12.970693+00,97,0,1824,25.7,96,3,1,Warning (MODERATE),Raining
4422,2026-09-29 19:31:19.254256+00,90,0,1824,25.7,96,3,2,Flood Alert (HIGH),Raining
4423,2026-09-29 19:31:25.351612+00,94,0,1823,25.7,96,3,1,Warning (MODERATE),Raining
4424,2026-09-29 19:31:31.280327+00,98,0,1823,25.7,96,3,1,Warning (MODERATE),Raining
4425,2026-09-29 19:31:37.362152+00,97,0,1825,25.7,96,3,1,Warning (MODERATE),Raining
4426,2026-09-29 19:31:43.660016+00,96,0,1826,25.7,96,3,2,Flood Alert (HIGH),Raining
4427,2026-09-29 19:31:49.762224+00,100,0,1824,25.7,96,3,1,Warning (MODERATE),Raining
4428,2026-09-29 19:31:55.956784+00,88,0,1822,25.7,96,3,2,Flood Alert (HIGH),Raining
4429,2026-09-29 19:32:01.903237+00,99,0,1823,25.7,96,3,2,Flood Alert (HIGH),Raining
4430,2026-09-29 19:32:07.902161+00,97,0,1821,25.7,96,3,1,Warning (MODERATE),Raining
4431,2026-09-29 19:32:14.020636+00,90,0,1826,25.7,96,3,2,Flood Alert (HIGH),Raining
4432,2026-09-29 19:32:20.255452+00,97,0,1825,25.7,96,3,2,Flood Alert (HIGH),Raining
4433,2026-09-29 19:32:26.503666+00,98,0,1826,25.7,96,3,2,Flood Alert (HIGH),Raining
4434,2026-09-29 19:32:32.829529+00,94,0,1826,25.7,96,3,2,Flood Alert (HIGH),Raining
4435,2026-09-29 19:32:38.827722+00,94,0,1825,25.7,96,3,2,Flood Alert (HIGH),Raining
4436,2026-09-29 19:32:46.064206+00,100,0,1826,25.7,96,3,1,Warning (MODERATE),Raining
4437,2026-09-29 19:32:52.372045+00,89,0,1822,25.7,96,3,2,Flood Alert (HIGH),Raining
4438,2026-09-29 19:32:58.420402+00,100,0,1825,25.7,96,3,2,Flood Alert (HIGH),Raining
4439,2026-09-29 19:33:04.511612+00,87,0,1823,25.7,96,3,2,Flood Alert (HIGH),Raining
4440,2026-09-29 19:33:10.71992+00,96,0,1826,25.7,96,3,2,Flood Alert (HIGH),Raining
4441,2026-09-29 19:33:16.764167+00,90,0,1825,25.7,96,3,2,Flood Alert (HIGH),Raining
4442,2026-09-29 19:33:22.706757+00,90,0,1824,25.7,96,3,2,Flood Alert (HIGH),Raining
4443,2026-09-29 19:33:29.169396+00,89,0,1822,25.7,96,3,2,Flood Alert (HIGH),Raining
4444,2026-09-29 19:33:35.634664+00,96,0,1823,25.7,96,3,1,Warning (MODERATE),Raining
4445,2026-09-29 19:33:41.904618+00,98,0,1823,25.7,96,3,1,Warning (MODERATE),Raining
4446,2026-09-29 19:33:47.944438+00,88,0,1826,25.7,96,3,1,Warning (MODERATE),Raining
4447,2026-09-29 19:33:54.042879+00,88,0,1827,25.7,96,3,1,Warning (MODERATE),Raining
4448,2026-09-29 19:34:00.412722+00,89,0,1824,25.7,96,3,1,Warning (MODERATE),Raining
4449,2026-09-29 19:34:06.570702+00,100,0,1822,25.7,96,3,1,Warning (MODERATE),Raining
4450,2026-09-29 19:34:12.702216+00,100,0,1825,25.7,96,3,1,Warning (MODERATE),Raining
4451,2026-09-29 19:34:18.94725+00,88,0,1826,25.7,96,3,1,Warning (MODERATE),Raining
4452,2026-09-29 19:34:25.188958+00,95,0,1825,25.7,96,3,2,Flood Alert (HIGH),Raining
4453,2026-09-29 19:34:31.54773+00,91,0,1825,25.7,96,3,2,Flood Alert (HIGH),Raining
4454,2026-09-29 19:34:37.802964+00,100,0,1824,25.7,96,3,1,Warning (MODERATE),Raining
4455,2026-09-29 19:34:43.957906+00,99,0,1825,25.7,96,3,1,Warning (MODERATE),Raining
4456,2026-09-29 19:34:50.107127+00,92,0,1823,25.7,96,3,1,Warning (MODERATE),Raining
4457,2026-09-29 19:34:56.218634+00,92,0,1826,25.7,96,3,2,Flood Alert (HIGH),Raining
4458,2026-09-29 19:35:02.476475+00,100,0,1826,25.7,96,3,2,Flood Alert (HIGH),Raining
4459,2026-09-29 19:35:08.749024+00,100,0,1825,25.7,96,3,1,Warning (MODERATE),Raining
4460,2026-09-29 19:35:14.854758+00,100,0,1825,25.7,96,3,1,Warning (MODERATE),Raining
4461,2026-09-29 19:35:21.101935+00,86,0,1823,25.7,96,3,2,Flood Alert (HIGH),Raining
4462,2026-09-29 19:35:27.375282+00,90,0,1824,25.7,96,3,2,Flood Alert (HIGH),Raining
4463,2026-09-29 19:35:33.565013+00,87,0,1822,25.7,96,3,2,Flood Alert (HIGH),Raining
4464,2026-09-29 19:35:39.628258+00,90,0,1824,25.7,96,3,2,Flood Alert (HIGH),Raining
4465,2026-09-29 19:35:45.943763+00,93,0,1824,25.7,96,3,2,Flood Alert (HIGH),Raining
4466,2026-09-29 19:35:52.00114+00,95,0,1823,25.7,96,3,2,Flood Alert (HIGH),Raining
4467,2026-09-29 19:35:58.070504+00,95,0,1826,25.7,96,3,1,Warning (MODERATE),Raining
4468,2026-09-29 19:36:04.300991+00,94,0,1824,25.7,96,3,1,Warning (MODERATE),Raining
4469,2026-09-29 19:36:10.68046+00,98,0,1822,25.7,96,3,1,Warning (MODERATE),Raining
4470,2026-09-29 19:36:16.983324+00,92,0,1825,25.7,96,3,1,Warning (MODERATE),Raining
4471,2026-09-29 19:36:22.964009+00,100,0,1822,25.7,96,3,1,Warning (MODERATE),Raining
4472,2026-09-29 19:36:29.242775+00,88,0,1826,25.7,96,3,1,Warning (MODERATE),Raining
4473,2026-09-29 19:36:35.650034+00,100,0,1822,25.7,96,3,1,Warning (MODERATE),Raining
4474,2026-09-29 19:36:41.948895+00,89,0,1825,25.7,96,3,2,Flood Alert (HIGH),Raining
4475,2026-09-29 19:36:48.018069+00,93,0,1823,25.7,96,3,2,Flood Alert (HIGH),Raining
4476,2026-09-29 19:36:53.943404+00,90,0,1822,25.7,96,3,2,Flood Alert (HIGH),Raining
4477,2026-09-29 19:36:59.99383+00,95,0,1826,25.7,96,3,2,Flood Alert (HIGH),Raining
4478,2026-09-29 19:37:06.194258+00,93,0,1827,25.7,96,3,2,Flood Alert (HIGH),Raining
4479,2026-09-29 19:37:12.361602+00,100,0,1823,25.7,96,3,1,Warning (MODERATE),Raining
4480,2026-09-29 19:37:18.349975+00,91,0,1826,25.7,96,3,2,Flood Alert (HIGH),Raining
4481,2026-09-29 19:37:24.64778+00,100,0,1826,25.7,96,3,1,Warning (MODERATE),Raining
4482,2026-09-29 19:37:30.740622+00,97,0,1826,25.7,96,3,1,Warning (MODERATE),Raining
4483,2026-09-29 19:37:36.956063+00,98,0,1826,25.7,96,3,1,Warning (MODERATE),Raining
4484,2026-09-29 19:37:42.907007+00,95,0,1826,25.7,96,3,1,Warning (MODERATE),Raining
4485,2026-09-29 19:37:49.38437+00,86,0,1826,25.7,96,3,2,Flood Alert (HIGH),Raining
4486,2026-09-29 19:37:55.582787+00,88,0,1827,25.7,96,3,2,Flood Alert (HIGH),Raining
4487,2026-09-29 19:38:01.676943+00,97,0,1825,25.7,96,3,2,Flood Alert (HIGH),Raining
4488,2026-09-29 19:38:07.937542+00,100,0,1823,25.7,96,3,1,Warning (MODERATE),Raining
4489,2026-09-29 19:38:14.939786+00,87,0,1823,25.6,96,3,2,Flood Alert (HIGH),Raining
4490,2026-09-29 19:38:20.91739+00,100,0,1823,25.6,96,3,2,Flood Alert (HIGH),Raining
4491,2026-09-29 19:38:27.116103+00,89,0,1825,25.6,96,3,2,Flood Alert (HIGH),Raining
4492,2026-09-29 19:38:33.209381+00,90,0,1825,25.6,96,3,2,Flood Alert (HIGH),Raining
4493,2026-09-29 19:38:39.548953+00,87,0,1827,25.6,96,3,1,Warning (MODERATE),Raining
4494,2026-09-29 19:38:45.90979+00,98,0,1826,25.6,96,3,1,Warning (MODERATE),Raining
4495,2026-09-29 19:38:52.234036+00,100,0,1826,25.6,96,3,1,Warning (MODERATE),Raining
4496,2026-09-29 19:38:58.68006+00,87,0,1826,25.6,96,3,2,Flood Alert (HIGH),Raining
4497,2026-09-29 19:39:04.608069+00,94,0,1825,25.6,96,3,2,Flood Alert (HIGH),Raining
4498,2026-09-29 19:39:10.8282+00,94,0,1827,25.6,96,3,1,Warning (MODERATE),Raining
4499,2026-09-29 19:39:16.812673+00,93,0,1825,25.6,96,3,1,Warning (MODERATE),Raining
4500,2026-09-29 19:39:23.124269+00,89,0,1826,25.6,96,3,1,Warning (MODERATE),Raining
4501,2026-09-29 19:39:29.110325+00,94,0,1823,25.6,96,3,1,Warning (MODERATE),Raining
4502,2026-09-29 19:39:35.381941+00,87,0,1822,25.6,96,3,2,Flood Alert (HIGH),Raining
4503,2026-09-29 19:39:41.681854+00,97,0,1823,25.6,96,3,1,Warning (MODERATE),Raining
4504,2026-09-29 19:39:47.949135+00,89,0,1824,25.6,96,3,1,Warning (MODERATE),Raining
4505,2026-09-29 19:39:54.238392+00,89,0,1823,25.6,96,3,1,Warning (MODERATE),Raining
4506,2026-09-29 19:40:00.416524+00,87,0,1823,25.6,96,3,1,Warning (MODERATE),Raining
4507,2026-09-29 19:40:06.400821+00,88,0,1826,25.6,96,3,1,Warning (MODERATE),Raining
4508,2026-09-29 19:40:12.664435+00,94,0,1825,25.6,96,3,1,Warning (MODERATE),Raining
4509,2026-09-29 19:40:18.832075+00,95,0,1826,25.6,96,3,1,Warning (MODERATE),Raining
4510,2026-09-29 19:40:24.839634+00,87,0,1825,25.6,96,3,1,Warning (MODERATE),Raining
4511,2026-09-29 19:40:30.978642+00,95,0,1823,25.6,96,3,1,Warning (MODERATE),Raining
4512,2026-09-29 19:40:37.151969+00,90,0,1826,25.6,96,3,1,Warning (MODERATE),Raining
4513,2026-09-29 19:40:43.21472+00,97,0,1824,25.6,96,3,1,Warning (MODERATE),Raining
4514,2026-09-29 19:40:49.571082+00,92,0,1823,25.6,96,3,1,Warning (MODERATE),Raining
4515,2026-09-29 19:40:55.544248+00,90,0,1825,25.6,96,3,1,Warning (MODERATE),Raining
4516,2026-09-29 19:41:01.851992+00,89,0,1825,25.6,96,3,1,Warning (MODERATE),Raining
4517,2026-09-29 19:41:07.909517+00,89,0,1824,25.6,96,3,1,Warning (MODERATE),Raining
4518,2026-09-29 19:41:13.948044+00,91,0,1824,25.6,96,3,1,Warning (MODERATE),Raining
4519,2026-09-29 19:41:20.073684+00,86,0,1825,25.6,96,3,1,Warning (MODERATE),Raining
4520,2026-09-29 19:41:26.132008+00,100,0,1822,25.6,96,3,1,Warning (MODERATE),Raining
4521,2026-09-29 19:41:32.1648+00,100,0,1823,25.6,96,3,1,Warning (MODERATE),Raining
4522,2026-09-29 19:41:38.14707+00,100,0,1825,25.6,96,3,1,Warning (MODERATE),Raining
4523,2026-09-29 19:41:44.331848+00,100,0,1826,25.6,96,3,1,Warning (MODERATE),Raining
4524,2026-09-29 19:41:50.391896+00,93,0,1825,25.6,96,3,1,Warning (MODERATE),Raining
4525,2026-09-29 19:41:56.366134+00,87,0,1826,25.6,96,3,2,Flood Alert (HIGH),Raining
4526,2026-09-29 19:42:02.567489+00,90,0,1825,25.6,96,3,2,Flood Alert (HIGH),Raining
4527,2026-09-29 19:42:08.598017+00,90,0,1823,25.6,96,3,2,Flood Alert (HIGH),Raining
4528,2026-09-29 19:42:14.802113+00,96,0,1824,25.6,96,3,2,Flood Alert (HIGH),Raining
4529,2026-09-29 19:42:20.993086+00,100,0,1827,25.6,96,3,2,Flood Alert (HIGH),Raining
4530,2026-09-29 19:42:27.00142+00,100,0,1825,25.6,96,3,2,Flood Alert (HIGH),Raining
4531,2026-09-29 19:42:33.459897+00,94,0,1823,25.6,96,3,2,Flood Alert (HIGH),Raining
4532,2026-09-29 19:42:39.634686+00,89,0,1823,25.6,96,3,2,Flood Alert (HIGH),Raining
4533,2026-09-29 19:42:45.724455+00,87,0,1824,25.6,96,3,2,Flood Alert (HIGH),Raining
4534,2026-09-29 19:42:52.091839+00,89,0,1823,25.6,96,3,2,Flood Alert (HIGH),Raining
4535,2026-09-29 19:42:58.356041+00,88,0,1826,25.6,96,3,2,Flood Alert (HIGH),Raining
4536,2026-09-29 19:43:04.474276+00,98,0,1826,25.6,96,3,1,Warning (MODERATE),Raining
4537,2026-09-29 19:43:10.715162+00,100,0,1827,25.6,96,3,1,Warning (MODERATE),Raining
4538,2026-09-29 19:43:16.968444+00,87,0,1824,25.6,96,3,2,Flood Alert (HIGH),Raining
4539,2026-09-29 19:43:23.180228+00,94,0,1823,25.6,96,3,1,Warning (MODERATE),Raining
4540,2026-09-29 19:43:29.336954+00,98,0,1825,25.6,96,3,1,Warning (MODERATE),Raining
4541,2026-09-29 19:43:35.677042+00,95,0,1823,25.6,96,3,1,Warning (MODERATE),Raining
4542,2026-09-29 19:43:41.587546+00,86,0,1824,25.6,96,3,1,Warning (MODERATE),Raining
4543,2026-09-29 19:43:47.655832+00,100,0,1823,25.6,96,3,1,Warning (MODERATE),Raining
4544,2026-09-29 19:43:53.763117+00,99,0,1825,25.6,96,3,1,Warning (MODERATE),Raining
4545,2026-09-29 19:43:59.971046+00,97,0,1822,25.6,96,3,2,Flood Alert (HIGH),Raining
4546,2026-09-29 19:44:06.219848+00,95,0,1823,25.6,96,3,1,Warning (MODERATE),Raining
4547,2026-09-29 19:44:12.464181+00,99,0,1826,25.6,96,3,1,Warning (MODERATE),Raining
4548,2026-09-29 19:44:18.767938+00,99,0,1825,25.6,96,3,2,Flood Alert (HIGH),Raining
4549,2026-09-29 19:44:24.791181+00,90,0,1822,25.6,96,3,2,Flood Alert (HIGH),Raining
4550,2026-09-29 19:44:30.881206+00,95,0,1826,25.6,96,3,1,Warning (MODERATE),Raining
4551,2026-09-29 19:44:37.206529+00,92,0,1824,25.6,96,3,2,Flood Alert (HIGH),Raining
4552,2026-09-29 19:44:43.229372+00,90,0,1824,25.6,96,3,2,Flood Alert (HIGH),Raining
4553,2026-09-29 19:44:49.324094+00,93,0,1825,25.6,96,3,2,Flood Alert (HIGH),Raining
4554,2026-09-29 19:44:55.60534+00,100,0,1824,25.6,96,3,1,Warning (MODERATE),Raining
4555,2026-09-29 19:45:01.713471+00,98,0,1824,25.6,96,3,2,Flood Alert (HIGH),Raining
4556,2026-09-29 19:45:08.134936+00,94,0,1827,25.6,96,3,2,Flood Alert (HIGH),Raining
4557,2026-09-29 19:45:14.12226+00,100,0,1826,25.6,96,3,1,Warning (MODERATE),Raining
4558,2026-09-29 19:45:20.489482+00,100,0,1826,25.6,96,3,1,Warning (MODERATE),Raining
4559,2026-09-29 19:45:26.643869+00,94,0,1824,25.6,96,3,1,Warning (MODERATE),Raining
4560,2026-09-29 19:45:32.749221+00,100,0,1826,25.6,96,3,1,Warning (MODERATE),Raining
4561,2026-09-29 19:45:39.000628+00,95,0,1824,25.6,96,3,1,Warning (MODERATE),Raining
4562,2026-09-29 19:45:45.223367+00,88,0,1825,25.6,96,3,2,Flood Alert (HIGH),Raining
4563,2026-09-29 19:45:51.583944+00,93,0,1826,25.6,96,3,2,Flood Alert (HIGH),Raining
4564,2026-09-29 19:45:57.995933+00,89,0,1826,25.6,96,3,2,Flood Alert (HIGH),Raining
4565,2026-09-29 19:46:04.12204+00,95,0,1826,25.6,96,3,2,Flood Alert (HIGH),Raining
4566,2026-09-29 19:46:10.1607+00,92,0,1826,25.6,96,3,2,Flood Alert (HIGH),Raining
4567,2026-09-29 19:46:16.246631+00,87,0,1823,25.6,96,3,2,Flood Alert (HIGH),Raining
4568,2026-09-29 19:46:22.684345+00,92,0,1826,25.6,96,3,1,Warning (MODERATE),Raining
4569,2026-09-29 19:46:28.633819+00,96,0,1823,25.6,96,3,1,Warning (MODERATE),Raining
4570,2026-09-29 19:46:34.907969+00,87,0,1825,25.6,96,3,1,Warning (MODERATE),Raining
4571,2026-09-29 19:46:41.136772+00,97,0,1825,25.6,96,3,1,Warning (MODERATE),Raining
4572,2026-09-29 19:46:47.47532+00,100,0,1827,25.6,96,3,1,Warning (MODERATE),Raining
4573,2026-09-29 19:46:53.553869+00,97,0,1826,25.6,96,3,1,Warning (MODERATE),Raining
4574,2026-09-29 19:46:59.734627+00,88,0,1824,25.6,96,3,2,Flood Alert (HIGH),Raining
4575,2026-09-29 19:47:05.84107+00,95,0,1826,25.6,96,3,1,Warning (MODERATE),Raining
4576,2026-09-29 19:47:12.024834+00,100,0,1823,25.6,96,3,1,Warning (MODERATE),Raining
4577,2026-09-29 19:47:18.059869+00,95,0,1824,25.6,96,3,2,Flood Alert (HIGH),Raining
4578,2026-09-29 19:47:24.134969+00,100,0,1826,25.6,96,3,1,Warning (MODERATE),Raining
4579,2026-09-29 19:47:30.137515+00,99,0,1825,25.6,96,3,1,Warning (MODERATE),Raining
4580,2026-09-29 19:47:36.302491+00,92,0,1827,25.6,96,3,2,Flood Alert (HIGH),Raining
4581,2026-09-29 19:47:42.430965+00,93,0,1826,25.6,96,3,2,Flood Alert (HIGH),Raining
4582,2026-09-29 19:47:48.52235+00,90,0,1826,25.6,96,3,2,Flood Alert (HIGH),Raining
4583,2026-09-29 19:47:54.894988+00,95,0,1824,25.6,96,3,2,Flood Alert (HIGH),Raining
4584,2026-09-29 19:48:01.040073+00,90,0,1823,25.6,96,3,2,Flood Alert (HIGH),Raining
4585,2026-09-29 19:48:07.179215+00,95,0,1826,25.6,96,3,2,Flood Alert (HIGH),Raining
4586,2026-09-29 19:48:13.428617+00,87,0,1824,25.6,96,3,2,Flood Alert (HIGH),Raining
4587,2026-09-29 19:48:19.539133+00,86,0,1826,25.5,95,3,2,Flood Alert (HIGH),Raining
4588,2026-09-29 19:48:25.800965+00,100,0,1824,25.5,95,3,1,Warning (MODERATE),Raining
4589,2026-09-29 19:48:32.02762+00,97,0,1823,25.5,95,3,1,Warning (MODERATE),Raining
4590,2026-09-29 19:48:37.949676+00,94,0,1824,25.5,95,3,1,Warning (MODERATE),Raining
4591,2026-09-29 19:48:44.03754+00,97,0,1824,25.5,95,3,1,Warning (MODERATE),Raining
4592,2026-09-29 19:48:50.362786+00,92,0,1825,25.5,95,3,2,Flood Alert (HIGH),Raining
4593,2026-09-29 19:48:56.670726+00,100,0,1828,25.5,95,3,1,Warning (MODERATE),Raining
4594,2026-09-29 19:49:02.701706+00,92,0,1823,25.5,95,3,1,Warning (MODERATE),Raining
4595,2026-09-29 19:49:08.815443+00,99,0,1826,25.5,95,3,1,Warning (MODERATE),Raining
4596,2026-09-29 19:49:15.069909+00,98,0,1823,25.5,95,3,1,Warning (MODERATE),Raining
4597,2026-09-29 19:49:21.277545+00,87,0,1826,25.5,95,3,2,Flood Alert (HIGH),Raining
4598,2026-09-29 19:49:27.74406+00,88,0,1826,25.5,95,3,2,Flood Alert (HIGH),Raining
4599,2026-09-29 19:49:34.140195+00,99,0,1825,25.5,95,3,2,Flood Alert (HIGH),Raining
4600,2026-09-29 19:49:40.234067+00,92,0,1824,25.5,95,3,2,Flood Alert (HIGH),Raining
4601,2026-09-29 19:49:46.604461+00,87,0,1827,25.5,95,3,2,Flood Alert (HIGH),Raining
4602,2026-09-29 19:49:52.899392+00,95,0,1827,25.5,95,3,2,Flood Alert (HIGH),Raining
4603,2026-09-29 19:49:58.860067+00,94,0,1826,25.5,95,3,2,Flood Alert (HIGH),Raining
4604,2026-09-29 19:50:05.232387+00,99,0,1827,25.5,95,3,1,Warning (MODERATE),Raining
4605,2026-09-29 19:50:11.607337+00,95,0,1826,25.5,95,3,1,Warning (MODERATE),Raining
4606,2026-09-29 19:50:17.710518+00,100,0,1824,25.5,95,3,1,Warning (MODERATE),Raining
4607,2026-09-29 19:50:24.044779+00,100,0,1824,25.5,95,3,2,Flood Alert (HIGH),Raining
4608,2026-09-29 19:50:30.615399+00,87,0,1823,25.5,95,3,2,Flood Alert (HIGH),Raining
4609,2026-09-29 19:50:37.122886+00,95,0,1825,25.5,95,3,1,Warning (MODERATE),Raining
4610,2026-09-29 19:50:43.230028+00,100,0,1824,25.5,95,3,1,Warning (MODERATE),Raining
4611,2026-09-29 19:50:49.634183+00,89,0,1824,25.5,95,3,2,Flood Alert (HIGH),Raining
4612,2026-09-29 19:50:55.860001+00,96,0,1826,25.5,95,3,2,Flood Alert (HIGH),Raining
4613,2026-09-29 19:51:02.074819+00,100,0,1824,25.5,95,3,2,Flood Alert (HIGH),Raining
4614,2026-09-29 19:51:08.301504+00,87,0,1826,25.5,95,3,2,Flood Alert (HIGH),Raining
4615,2026-09-29 19:51:14.629034+00,91,0,1826,25.5,95,3,2,Flood Alert (HIGH),Raining
4616,2026-09-29 19:51:20.624404+00,91,0,1827,25.5,95,3,2,Flood Alert (HIGH),Raining
4617,2026-09-29 19:51:26.765733+00,88,0,1824,25.5,95,3,2,Flood Alert (HIGH),Raining
4618,2026-09-29 19:51:32.890189+00,88,0,1825,25.5,95,3,2,Flood Alert (HIGH),Raining
4619,2026-09-29 19:51:39.039268+00,92,0,1824,25.5,95,3,1,Warning (MODERATE),Raining
4620,2026-09-29 19:51:45.316898+00,92,0,1828,25.5,95,3,1,Warning (MODERATE),Raining
4621,2026-09-29 19:51:51.50892+00,91,0,1825,25.5,95,3,1,Warning (MODERATE),Raining
4622,2026-09-29 19:51:57.884034+00,100,0,1825,25.5,95,3,1,Warning (MODERATE),Raining
4623,2026-09-29 19:52:04.232785+00,89,0,1825,25.5,95,3,1,Warning (MODERATE),Raining
4624,2026-09-29 19:52:10.495697+00,100,0,1824,25.5,95,3,1,Warning (MODERATE),Raining
4625,2026-09-29 19:52:16.642788+00,100,0,1824,25.5,95,3,1,Warning (MODERATE),Raining
4626,2026-09-29 19:52:22.757866+00,92,0,1826,25.5,95,3,1,Warning (MODERATE),Raining
4627,2026-09-29 19:52:28.925921+00,87,0,1825,25.5,95,3,2,Flood Alert (HIGH),Raining
4628,2026-09-29 19:52:35.014876+00,98,0,1824,25.5,95,3,2,Flood Alert (HIGH),Raining
4629,2026-09-29 19:52:41.006726+00,100,0,1825,25.5,95,3,1,Warning (MODERATE),Raining
4630,2026-09-29 19:52:47.17507+00,88,0,1824,25.5,95,3,2,Flood Alert (HIGH),Raining
4631,2026-09-29 19:52:53.259147+00,98,0,1826,25.5,95,3,2,Flood Alert (HIGH),Raining
4632,2026-09-29 19:52:59.703715+00,89,0,1824,25.5,95,3,2,Flood Alert (HIGH),Raining
4633,2026-09-29 19:53:06.003106+00,87,0,1827,25.5,95,3,2,Flood Alert (HIGH),Raining
4634,2026-09-29 19:53:12.055755+00,100,0,1826,25.5,95,3,1,Warning (MODERATE),Raining
4635,2026-09-29 19:53:18.117055+00,86,0,1825,25.5,95,3,2,Flood Alert (HIGH),Raining
4636,2026-09-29 19:53:24.201318+00,100,0,1827,25.5,95,3,2,Flood Alert (HIGH),Raining
4637,2026-09-29 19:53:30.576187+00,98,0,1826,25.5,95,3,1,Warning (MODERATE),Raining
4638,2026-09-29 19:53:36.806506+00,92,0,1825,25.5,95,3,2,Flood Alert (HIGH),Raining
4639,2026-09-29 19:53:43.082868+00,100,0,1825,25.5,95,3,2,Flood Alert (HIGH),Raining
4640,2026-09-29 19:53:49.251527+00,87,0,1826,25.5,95,3,2,Flood Alert (HIGH),Raining
4641,2026-09-29 19:53:55.415655+00,100,0,1827,25.5,95,3,1,Warning (MODERATE),Raining
4642,2026-09-29 19:54:01.819212+00,100,0,1828,25.5,95,3,1,Warning (MODERATE),Raining
4643,2026-09-29 19:54:08.027346+00,93,0,1824,25.5,95,3,2,Flood Alert (HIGH),Raining
4644,2026-09-29 19:54:14.052474+00,93,0,1824,25.5,95,3,2,Flood Alert (HIGH),Raining
4645,2026-09-29 19:54:20.543169+00,100,0,1827,25.5,95,3,2,Flood Alert (HIGH),Raining
4646,2026-09-29 19:54:26.83775+00,90,0,1827,25.5,95,3,2,Flood Alert (HIGH),Raining
4647,2026-09-29 19:54:32.920952+00,96,0,1823,25.5,95,3,2,Flood Alert (HIGH),Raining
4648,2026-09-29 19:54:39.137513+00,95,0,1825,25.5,95,3,2,Flood Alert (HIGH),Raining
4649,2026-09-29 19:54:45.669974+00,100,0,1826,25.5,95,3,1,Warning (MODERATE),Raining
4650,2026-09-29 19:54:51.811465+00,91,0,1825,25.5,95,3,2,Flood Alert (HIGH),Raining
4651,2026-09-29 19:54:57.985319+00,92,0,1824,25.5,95,3,2,Flood Alert (HIGH),Raining
4652,2026-09-29 19:55:04.441097+00,99,0,1827,25.5,95,3,1,Warning (MODERATE),Raining
4653,2026-09-29 19:55:10.76014+00,97,0,1827,25.5,95,3,2,Flood Alert (HIGH),Raining
4654,2026-09-29 19:55:16.820627+00,88,0,1824,25.5,95,3,2,Flood Alert (HIGH),Raining
4655,2026-09-29 19:55:23.194433+00,100,0,1827,25.5,95,3,2,Flood Alert (HIGH),Raining
4656,2026-09-29 19:55:29.49162+00,97,0,1826,25.5,95,3,2,Flood Alert (HIGH),Raining
4657,2026-09-29 19:55:35.680857+00,96,0,1825,25.5,95,3,2,Flood Alert (HIGH),Raining
4658,2026-09-29 19:55:42.180865+00,98,0,1827,25.5,95,3,1,Warning (MODERATE),Raining
4659,2026-09-29 19:55:48.478943+00,97,0,1826,25.5,95,3,1,Warning (MODERATE),Raining
4660,2026-09-29 19:55:54.74949+00,94,0,1828,25.5,95,3,2,Flood Alert (HIGH),Raining
4661,2026-09-29 19:56:00.952693+00,96,0,1824,25.5,95,3,2,Flood Alert (HIGH),Raining
4662,2026-09-29 19:56:07.339849+00,94,0,1825,25.5,95,3,1,Warning (MODERATE),Raining
4663,2026-09-29 19:56:13.579636+00,100,0,1827,25.5,95,3,1,Warning (MODERATE),Raining
4664,2026-09-29 19:56:19.792548+00,94,0,1825,25.5,95,3,2,Flood Alert (HIGH),Raining
4665,2026-09-29 19:56:26.22961+00,95,0,1828,25.5,95,3,2,Flood Alert (HIGH),Raining
4666,2026-09-29 19:56:32.230755+00,86,0,1826,25.5,95,3,2,Flood Alert (HIGH),Raining
4667,2026-09-29 19:56:38.447883+00,95,0,1827,25.5,95,3,2,Flood Alert (HIGH),Raining
4668,2026-09-29 19:56:44.814171+00,97,0,1827,25.5,95,3,2,Flood Alert (HIGH),Raining
4669,2026-09-29 19:56:51.113618+00,94,0,1826,25.5,95,3,2,Flood Alert (HIGH),Raining
4670,2026-09-29 19:56:57.221714+00,94,0,1827,25.5,95,3,2,Flood Alert (HIGH),Raining
4671,2026-09-29 19:57:03.324279+00,99,0,1828,25.5,95,3,2,Flood Alert (HIGH),Raining
4672,2026-09-29 19:57:09.776247+00,100,0,1827,25.5,95,3,2,Flood Alert (HIGH),Raining
4673,2026-09-29 19:57:16.243963+00,91,0,1825,25.5,95,3,2,Flood Alert (HIGH),Raining
4674,2026-09-29 19:57:22.570334+00,86,0,1827,25.5,95,3,2,Flood Alert (HIGH),Raining
4675,2026-09-29 19:57:29.080252+00,95,0,1827,25.5,95,3,2,Flood Alert (HIGH),Raining
4676,2026-09-29 19:57:35.230917+00,96,0,1826,25.5,95,3,2,Flood Alert (HIGH),Raining
4677,2026-09-29 19:57:41.420154+00,91,0,1826,25.5,95,3,2,Flood Alert (HIGH),Raining
4678,2026-09-29 19:57:47.806825+00,100,0,1826,25.5,95,3,2,Flood Alert (HIGH),Raining
4679,2026-09-29 19:57:54.026655+00,98,0,1825,25.5,95,3,2,Flood Alert (HIGH),Raining
4680,2026-09-29 19:58:00.307285+00,100,0,1828,25.5,95,3,2,Flood Alert (HIGH),Raining
4681,2026-09-29 19:58:06.428263+00,89,0,1826,25.5,95,3,2,Flood Alert (HIGH),Raining
4682,2026-09-29 19:58:12.567289+00,97,0,1826,25.5,95,3,1,Warning (MODERATE),Raining
4683,2026-09-29 19:58:20.769401+00,96,0,1828,25.5,95,3,1,Warning (MODERATE),Raining
4684,2026-09-29 19:58:26.87729+00,92,0,1827,25.5,95,3,2,Flood Alert (HIGH),Raining
4685,2026-09-29 19:58:33.315404+00,99,0,1826,25.5,95,3,1,Warning (MODERATE),Raining
4686,2026-09-29 19:58:39.296679+00,100,0,1825,25.5,95,3,1,Warning (MODERATE),Raining
4687,2026-09-29 19:58:45.506496+00,88,0,1828,25.5,95,3,2,Flood Alert (HIGH),Raining
4688,2026-09-29 19:58:51.836368+00,94,0,1828,25.5,95,3,2,Flood Alert (HIGH),Raining
4689,2026-09-29 19:58:57.87926+00,87,0,1825,25.5,95,3,2,Flood Alert (HIGH),Raining
4690,2026-09-29 19:59:03.982366+00,100,0,1828,25.5,95,3,2,Flood Alert (HIGH),Raining
4691,2026-09-29 19:59:10.296262+00,96,0,1826,25.5,95,3,2,Flood Alert (HIGH),Raining
4692,2026-09-29 19:59:16.664697+00,90,0,1825,25.5,95,3,2,Flood Alert (HIGH),Raining
4693,2026-09-29 19:59:22.959936+00,97,0,1826,25.5,95,3,2,Flood Alert (HIGH),Raining
4694,2026-09-29 19:59:29.027521+00,100,0,1829,25.5,95,3,2,Flood Alert (HIGH),Raining
4695,2026-09-29 19:59:35.095196+00,91,0,1828,25.5,95,3,2,Flood Alert (HIGH),Raining
4696,2026-09-29 19:59:41.481464+00,99,0,1826,25.5,95,3,1,Warning (MODERATE),Raining
4697,2026-09-29 19:59:47.612728+00,91,0,1830,25.5,95,3,2,Flood Alert (HIGH),Raining
4698,2026-09-29 19:59:53.761923+00,97,0,1826,25.5,95,3,2,Flood Alert (HIGH),Raining
4699,2026-09-29 19:59:59.842283+00,97,0,1829,25.5,95,3,2,Flood Alert (HIGH),Raining
4700,2026-09-29 20:00:05.852191+00,91,0,1829,25.5,95,3,2,Flood Alert (HIGH),Raining
4701,2026-09-29 20:00:12.132311+00,96,0,1829,25.5,95,3,2,Flood Alert (HIGH),Raining
4702,2026-09-29 20:00:18.310698+00,93,0,1829,25.5,95,3,2,Flood Alert (HIGH),Raining
4703,2026-09-29 20:00:24.683051+00,92,0,1828,25.5,95,3,2,Flood Alert (HIGH),Raining
4704,2026-09-29 20:00:31.012927+00,88,0,1827,25.5,95,3,2,Flood Alert (HIGH),Raining
4705,2026-09-29 20:00:37.332387+00,96,0,1827,25.5,95,3,2,Flood Alert (HIGH),Raining
4706,2026-09-29 20:00:43.417216+00,95,0,1827,25.5,95,3,1,Warning (MODERATE),Raining
4707,2026-09-29 20:00:49.765274+00,100,0,1827,25.5,95,3,1,Warning (MODERATE),Raining
4708,2026-09-29 20:00:55.95549+00,98,0,1827,25.5,95,3,1,Warning (MODERATE),Raining
4709,2026-09-29 20:01:01.886972+00,99,0,1824,25.5,95,3,2,Flood Alert (HIGH),Raining
4710,2026-09-29 20:01:07.870345+00,95,0,1826,25.5,95,3,2,Flood Alert (HIGH),Raining
4711,2026-09-29 20:01:14.107456+00,94,0,1825,25.5,95,3,2,Flood Alert (HIGH),Raining
4712,2026-09-29 20:01:20.538977+00,88,0,1826,25.5,95,3,2,Flood Alert (HIGH),Raining
4713,2026-09-29 20:01:26.71026+00,100,0,1826,25.5,95,3,1,Warning (MODERATE),Raining
4714,2026-09-29 20:01:32.772764+00,98,0,1824,25.5,95,3,2,Flood Alert (HIGH),Raining
4715,2026-09-29 20:01:38.974503+00,94,0,1826,25.5,95,3,2,Flood Alert (HIGH),Raining
4716,2026-09-29 20:01:44.911919+00,93,0,1825,25.5,95,3,2,Flood Alert (HIGH),Raining
4717,2026-09-29 20:01:50.941768+00,92,0,1827,25.5,95,3,2,Flood Alert (HIGH),Raining
4718,2026-09-29 20:01:57.137136+00,95,0,1825,25.5,95,3,2,Flood Alert (HIGH),Raining
4719,2026-09-29 20:02:03.335715+00,91,0,1827,25.5,95,3,2,Flood Alert (HIGH),Raining
4720,2026-09-29 20:02:09.340756+00,89,0,1825,25.5,95,3,2,Flood Alert (HIGH),Raining
4721,2026-09-29 20:02:15.471504+00,87,0,1828,25.5,95,3,2,Flood Alert (HIGH),Raining
4722,2026-09-29 20:02:21.707655+00,95,0,1826,25.5,95,3,1,Warning (MODERATE),Raining
4723,2026-09-29 20:02:27.969878+00,100,0,1826,25.5,95,3,1,Warning (MODERATE),Raining
4724,2026-09-29 20:02:34.088202+00,98,0,1826,25.5,95,3,1,Warning (MODERATE),Raining
4725,2026-09-29 20:02:40.426218+00,88,0,1827,25.5,95,3,2,Flood Alert (HIGH),Raining
4726,2026-09-29 20:02:46.742349+00,100,0,1828,25.5,95,3,2,Flood Alert (HIGH),Raining
4727,2026-09-29 20:02:52.861505+00,88,0,1825,25.5,95,3,2,Flood Alert (HIGH),Raining
4728,2026-09-29 20:02:59.231378+00,95,0,1828,25.5,95,3,1,Warning (MODERATE),Raining
4729,2026-09-29 20:03:05.372631+00,87,0,1827,25.5,95,3,2,Flood Alert (HIGH),Raining
4730,2026-09-29 20:03:11.432652+00,87,0,1827,25.5,95,3,2,Flood Alert (HIGH),Raining
4731,2026-09-29 20:03:17.401332+00,89,0,1825,25.5,95,3,2,Flood Alert (HIGH),Raining
4732,2026-09-29 20:03:23.844664+00,100,0,1825,25.5,95,3,1,Warning (MODERATE),Raining
4733,2026-09-29 20:03:30.239906+00,89,0,1828,25.5,95,3,1,Warning (MODERATE),Raining
4734,2026-09-29 20:03:36.377154+00,96,0,1825,25.5,95,3,1,Warning (MODERATE),Raining
4735,2026-09-29 20:03:42.599718+00,100,0,1825,25.5,95,3,1,Warning (MODERATE),Raining
4736,2026-09-29 20:03:48.880464+00,99,0,1828,25.5,95,3,1,Warning (MODERATE),Raining
4737,2026-09-29 20:03:54.99698+00,89,0,1827,25.5,95,3,1,Warning (MODERATE),Raining
4738,2026-09-29 20:04:01.150945+00,100,0,1826,25.5,95,3,1,Warning (MODERATE),Raining
4739,2026-09-29 20:04:07.516985+00,100,0,1828,25.5,95,3,1,Warning (MODERATE),Raining
4740,2026-09-29 20:04:13.656288+00,100,0,1828,25.5,95,3,1,Warning (MODERATE),Raining
4741,2026-09-29 20:04:19.873629+00,87,0,1828,25.5,95,3,2,Flood Alert (HIGH),Raining
4742,2026-09-29 20:04:26.186851+00,90,0,1826,25.5,95,3,2,Flood Alert (HIGH),Raining
4743,2026-09-29 20:04:32.154477+00,87,0,1828,25.5,95,3,2,Flood Alert (HIGH),Raining
4744,2026-09-29 20:04:38.400793+00,98,0,1828,25.5,95,3,2,Flood Alert (HIGH),Raining
4745,2026-09-29 20:04:44.872163+00,92,0,1827,25.5,95,3,2,Flood Alert (HIGH),Raining
4746,2026-09-29 20:04:51.33143+00,94,0,1828,25.5,95,3,2,Flood Alert (HIGH),Raining
4747,2026-09-29 20:04:57.611046+00,100,0,1827,25.5,95,3,2,Flood Alert (HIGH),Raining
4748,2026-09-29 20:05:03.683342+00,100,0,1825,25.5,95,3,1,Warning (MODERATE),Raining
4749,2026-09-29 20:05:10.051696+00,96,0,1827,25.5,95,3,1,Warning (MODERATE),Raining
4750,2026-09-29 20:05:16.467042+00,100,0,1826,25.5,95,3,1,Warning (MODERATE),Raining
4751,2026-09-29 20:05:22.545409+00,99,0,1828,25.5,95,3,1,Warning (MODERATE),Raining
4752,2026-09-29 20:05:28.936619+00,96,0,1828,25.5,95,3,1,Warning (MODERATE),Raining
4753,2026-09-29 20:05:35.030872+00,100,0,1828,25.5,95,3,1,Warning (MODERATE),Raining
4754,2026-09-29 20:05:41.346123+00,100,0,1827,25.5,95,3,1,Warning (MODERATE),Raining
4755,2026-09-29 20:05:47.491384+00,94,0,1827,25.5,95,3,1,Warning (MODERATE),Raining
4756,2026-09-29 20:05:53.464272+00,94,0,1826,25.5,95,3,1,Warning (MODERATE),Raining
4757,2026-09-29 20:05:59.718289+00,96,0,1825,25.5,95,3,1,Warning (MODERATE),Raining
4758,2026-09-29 20:06:06.00093+00,91,0,1828,25.5,95,3,2,Flood Alert (HIGH),Raining
4759,2026-09-29 20:06:12.122713+00,89,0,1826,25.5,95,3,2,Flood Alert (HIGH),Raining
4760,2026-09-29 20:06:18.238644+00,100,0,1828,25.5,95,3,2,Flood Alert (HIGH),Raining
4761,2026-09-29 20:06:24.504956+00,87,0,1828,25.5,95,3,2,Flood Alert (HIGH),Raining
4762,2026-09-29 20:06:30.78728+00,100,0,1825,25.5,95,3,2,Flood Alert (HIGH),Raining
4763,2026-09-29 20:06:36.963721+00,97,0,1827,25.5,95,3,2,Flood Alert (HIGH),Raining
4764,2026-09-29 20:06:43.37169+00,100,0,1826,25.5,95,3,2,Flood Alert (HIGH),Raining
4765,2026-09-29 20:06:49.512186+00,87,0,1828,25.5,95,3,2,Flood Alert (HIGH),Raining
4766,2026-09-29 20:06:55.624536+00,91,0,1828,25.5,95,3,2,Flood Alert (HIGH),Raining
4767,2026-09-29 20:07:01.843661+00,100,0,1827,25.5,95,3,1,Warning (MODERATE),Raining
4768,2026-09-29 20:07:08.210466+00,95,0,1825,25.5,95,3,2,Flood Alert (HIGH),Raining
4769,2026-09-29 20:07:14.530973+00,92,0,1826,25.5,95,3,2,Flood Alert (HIGH),Raining
4770,2026-09-29 20:07:20.76322+00,100,0,1828,25.5,95,3,2,Flood Alert (HIGH),Raining
4771,2026-09-29 20:07:26.82891+00,100,0,1826,25.5,95,3,2,Flood Alert (HIGH),Raining
4772,2026-09-29 20:07:33.330436+00,88,0,1826,25.5,95,3,2,Flood Alert (HIGH),Raining
4773,2026-09-29 20:07:39.63262+00,98,0,1827,25.5,95,3,2,Flood Alert (HIGH),Raining
4774,2026-09-29 20:07:46.081295+00,100,0,1826,25.5,95,3,1,Warning (MODERATE),Raining
4775,2026-09-29 20:07:52.561795+00,89,0,1828,25.5,95,3,2,Flood Alert (HIGH),Raining
4776,2026-09-29 20:07:58.920396+00,100,0,1827,25.5,95,3,2,Flood Alert (HIGH),Raining
4777,2026-09-29 20:08:05.084849+00,100,0,1826,25.5,95,3,1,Warning (MODERATE),Raining
4778,2026-09-29 20:08:11.203231+00,96,0,1829,25.5,95,3,2,Flood Alert (HIGH),Raining
4779,2026-09-29 20:08:17.507763+00,89,0,1828,25.5,95,3,2,Flood Alert (HIGH),Raining
4780,2026-09-29 20:08:23.572291+00,89,0,1828,25.4,95,3,2,Flood Alert (HIGH),Raining
4781,2026-09-29 20:08:29.82793+00,88,0,1829,25.4,95,3,2,Flood Alert (HIGH),Raining
4782,2026-09-29 20:08:36.000015+00,100,0,1829,25.4,95,3,2,Flood Alert (HIGH),Raining
4783,2026-09-29 20:08:42.032744+00,87,0,1826,25.4,95,3,2,Flood Alert (HIGH),Raining
4784,2026-09-29 20:08:48.360519+00,100,0,1828,25.4,95,3,2,Flood Alert (HIGH),Raining
4785,2026-09-29 20:08:54.516569+00,95,0,1828,25.4,95,3,2,Flood Alert (HIGH),Raining
4786,2026-09-29 20:09:00.798116+00,90,0,1829,25.4,95,3,2,Flood Alert (HIGH),Raining
4787,2026-09-29 20:09:06.928084+00,88,0,1825,25.4,95,3,2,Flood Alert (HIGH),Raining
4788,2026-09-29 20:09:13.148341+00,94,0,1827,25.4,95,3,1,Warning (MODERATE),Raining
4789,2026-09-29 20:09:19.423215+00,90,0,1828,25.4,95,3,1,Warning (MODERATE),Raining
4790,2026-09-29 20:09:25.627258+00,99,0,1827,25.4,95,3,1,Warning (MODERATE),Raining
4791,2026-09-29 20:09:31.970638+00,91,0,1828,25.4,95,3,1,Warning (MODERATE),Raining
4792,2026-09-29 20:09:38.268404+00,87,0,1826,25.4,95,3,2,Flood Alert (HIGH),Raining
4793,2026-09-29 20:09:44.44951+00,97,0,1828,25.4,95,3,1,Warning (MODERATE),Raining
4794,2026-09-29 20:09:50.581213+00,92,0,1828,25.4,95,3,1,Warning (MODERATE),Raining
4795,2026-09-29 20:09:56.662045+00,100,0,1826,25.4,95,3,1,Warning (MODERATE),Raining
4796,2026-09-29 20:10:03.007211+00,97,0,1825,25.4,95,3,1,Warning (MODERATE),Raining
4797,2026-09-29 20:10:09.516586+00,98,0,1829,25.4,95,3,1,Warning (MODERATE),Raining
4798,2026-09-29 20:10:15.936637+00,100,0,1829,25.4,95,3,2,Flood Alert (HIGH),Raining
4799,2026-09-29 20:10:22.167851+00,91,0,1826,25.4,95,3,2,Flood Alert (HIGH),Raining
4800,2026-09-29 20:10:28.633785+00,99,0,1826,25.4,95,3,1,Warning (MODERATE),Raining
4801,2026-09-29 20:10:34.834836+00,89,0,1829,25.4,95,3,2,Flood Alert (HIGH),Raining
4802,2026-09-29 20:10:41.29289+00,90,0,1826,25.4,95,3,2,Flood Alert (HIGH),Raining
4803,2026-09-29 20:10:47.783515+00,87,0,1826,25.4,95,3,2,Flood Alert (HIGH),Raining
4804,2026-09-29 20:10:53.996906+00,93,0,1827,25.4,95,3,2,Flood Alert (HIGH),Raining
4805,2026-09-29 20:11:00.442788+00,95,0,1827,25.4,95,3,2,Flood Alert (HIGH),Raining
4806,2026-09-29 20:11:06.895981+00,91,0,1825,25.4,95,3,2,Flood Alert (HIGH),Raining
4807,2026-09-29 20:11:13.281582+00,100,0,1826,25.4,95,3,1,Warning (MODERATE),Raining
4808,2026-09-29 20:11:19.513545+00,94,0,1828,25.4,95,3,1,Warning (MODERATE),Raining
4809,2026-09-29 20:11:25.675956+00,89,0,1829,25.4,95,3,2,Flood Alert (HIGH),Raining
4810,2026-09-29 20:11:31.803945+00,94,0,1826,25.4,95,3,1,Warning (MODERATE),Raining
4811,2026-09-29 20:11:38.022342+00,90,0,1828,25.4,95,3,1,Warning (MODERATE),Raining
4812,2026-09-29 20:11:44.398155+00,95,0,1827,25.4,95,3,1,Warning (MODERATE),Raining
4813,2026-09-29 20:11:50.627446+00,88,0,1826,25.4,95,3,2,Flood Alert (HIGH),Raining
4814,2026-09-29 20:11:56.910619+00,99,0,1826,25.4,95,3,1,Warning (MODERATE),Raining
4815,2026-09-29 20:12:03.104308+00,89,0,1825,25.4,95,3,2,Flood Alert (HIGH),Raining
4816,2026-09-29 20:12:09.674152+00,100,0,1828,25.4,95,3,1,Warning (MODERATE),Raining
4817,2026-09-29 20:12:16.108376+00,90,0,1826,25.4,95,3,1,Warning (MODERATE),Raining
4818,2026-09-29 20:12:22.0606+00,90,0,1826,25.4,95,3,2,Flood Alert (HIGH),Raining
4819,2026-09-29 20:12:28.458954+00,95,0,1827,25.4,95,3,1,Warning (MODERATE),Raining
4820,2026-09-29 20:12:34.569537+00,87,0,1827,25.4,95,3,2,Flood Alert (HIGH),Raining
4821,2026-09-29 20:12:40.852749+00,90,0,1827,25.4,95,3,1,Warning (MODERATE),Raining
4822,2026-09-29 20:12:46.971994+00,92,0,1828,25.4,95,3,1,Warning (MODERATE),Raining
4823,2026-09-29 20:12:53.183539+00,94,0,1826,25.4,95,3,1,Warning (MODERATE),Raining
4824,2026-09-29 20:12:59.575253+00,99,0,1828,25.4,95,3,1,Warning (MODERATE),Raining
4825,2026-09-29 20:13:05.742594+00,87,0,1828,25.4,95,3,1,Warning (MODERATE),Raining
4826,2026-09-29 20:13:11.873046+00,91,0,1829,25.4,95,3,1,Warning (MODERATE),Raining
4827,2026-09-29 20:13:18.03787+00,91,0,1826,25.4,95,3,1,Warning (MODERATE),Raining
4828,2026-09-29 20:13:24.059608+00,100,0,1826,25.4,95,3,1,Warning (MODERATE),Raining
4829,2026-09-29 20:13:30.291479+00,96,0,1826,25.4,95,3,1,Warning (MODERATE),Raining
4830,2026-09-29 20:13:36.478653+00,100,0,1826,25.4,95,3,1,Warning (MODERATE),Raining
4831,2026-09-29 20:13:42.651546+00,88,0,1828,25.4,95,3,2,Flood Alert (HIGH),Raining
4832,2026-09-29 20:13:49.105097+00,95,0,1827,25.4,95,3,2,Flood Alert (HIGH),Raining
4833,2026-09-29 20:13:55.484592+00,99,0,1829,25.4,95,3,1,Warning (MODERATE),Raining
4834,2026-09-29 20:14:01.609767+00,91,0,1826,25.4,95,3,2,Flood Alert (HIGH),Raining
4835,2026-09-29 20:14:07.956545+00,100,0,1826,25.4,95,3,1,Warning (MODERATE),Raining
4836,2026-09-29 20:14:14.37182+00,88,0,1828,25.4,95,3,2,Flood Alert (HIGH),Raining
4837,2026-09-29 20:14:20.349621+00,95,0,1828,25.4,95,3,2,Flood Alert (HIGH),Raining
4838,2026-09-29 20:14:26.695538+00,92,0,1827,25.4,95,3,2,Flood Alert (HIGH),Raining
4839,2026-09-29 20:14:33.165526+00,90,0,1826,25.4,95,3,2,Flood Alert (HIGH),Raining
4840,2026-09-29 20:14:39.428627+00,100,0,1827,25.4,95,3,1,Warning (MODERATE),Raining
4841,2026-09-29 20:14:45.630205+00,96,0,1826,25.4,95,3,2,Flood Alert (HIGH),Raining
4842,2026-09-29 20:14:52.057852+00,97,0,1826,25.4,95,3,2,Flood Alert (HIGH),Raining
4843,2026-09-29 20:14:58.07749+00,90,0,1829,25.4,95,3,2,Flood Alert (HIGH),Raining
4844,2026-09-29 20:15:04.160256+00,96,0,1829,25.4,95,3,2,Flood Alert (HIGH),Raining
4845,2026-09-29 20:15:10.60073+00,90,0,1827,25.4,95,3,2,Flood Alert (HIGH),Raining
4846,2026-09-29 20:15:16.684187+00,93,0,1827,25.4,95,3,2,Flood Alert (HIGH),Raining
4847,2026-09-29 20:15:22.889238+00,86,0,1827,25.4,95,3,2,Flood Alert (HIGH),Raining
4848,2026-09-29 20:15:29.346005+00,87,0,1826,25.4,95,3,2,Flood Alert (HIGH),Raining
4849,2026-09-29 20:15:35.710282+00,88,0,1828,25.4,95,3,2,Flood Alert (HIGH),Raining
4850,2026-09-29 20:15:42.022608+00,92,0,1827,25.4,95,3,1,Warning (MODERATE),Raining
4851,2026-09-29 20:15:48.118326+00,95,0,1829,25.4,95,3,1,Warning (MODERATE),Raining
4852,2026-09-29 20:15:54.332174+00,100,0,1826,25.4,95,3,1,Warning (MODERATE),Raining
4853,2026-09-29 20:16:00.775474+00,99,0,1826,25.4,95,3,1,Warning (MODERATE),Raining
4854,2026-09-29 20:16:06.873149+00,100,0,1827,25.4,95,3,1,Warning (MODERATE),Raining
4855,2026-09-29 20:16:13.137205+00,86,0,1825,25.4,95,3,1,Warning (MODERATE),Raining
4856,2026-09-29 20:16:19.423126+00,96,0,1828,25.4,95,3,1,Warning (MODERATE),Raining
4857,2026-09-29 20:16:25.812314+00,100,0,1826,25.4,95,3,1,Warning (MODERATE),Raining
4858,2026-09-29 20:16:32.212502+00,88,0,1828,25.4,95,3,2,Flood Alert (HIGH),Raining
4859,2026-09-29 20:16:38.263651+00,94,0,1829,25.4,95,3,2,Flood Alert (HIGH),Raining
4860,2026-09-29 20:16:44.79103+00,93,0,1828,25.4,95,3,2,Flood Alert (HIGH),Raining
4861,2026-09-29 20:16:51.066159+00,92,0,1827,25.4,95,3,2,Flood Alert (HIGH),Raining
4862,2026-09-29 20:16:57.146914+00,97,0,1828,25.4,95,3,1,Warning (MODERATE),Raining
4863,2026-09-29 20:17:03.512205+00,88,0,1827,25.4,95,3,2,Flood Alert (HIGH),Raining
4864,2026-09-29 20:17:09.70297+00,100,0,1826,25.4,95,3,1,Warning (MODERATE),Raining
4865,2026-09-29 20:17:16.267414+00,96,0,1829,25.4,95,3,1,Warning (MODERATE),Raining
4866,2026-09-29 20:17:22.675026+00,100,0,1828,25.4,95,3,1,Warning (MODERATE),Raining
4867,2026-09-29 20:17:28.838976+00,89,0,1828,25.4,95,3,2,Flood Alert (HIGH),Raining
4868,2026-09-29 20:17:35.434443+00,87,0,1829,25.4,95,3,2,Flood Alert (HIGH),Raining
4869,2026-09-29 20:17:41.787193+00,100,0,1829,25.4,95,3,2,Flood Alert (HIGH),Raining
4870,2026-09-29 20:17:48.13973+00,100,0,1826,25.4,95,3,2,Flood Alert (HIGH),Raining
4871,2026-09-29 20:17:54.551611+00,99,0,1829,25.4,95,3,1,Warning (MODERATE),Raining
4872,2026-09-29 20:18:01.130623+00,100,0,1829,25.4,95,3,2,Flood Alert (HIGH),Raining
4873,2026-09-29 20:18:07.558998+00,88,0,1829,25.4,95,3,2,Flood Alert (HIGH),Raining
4874,2026-09-29 20:18:13.615807+00,97,0,1828,25.4,95,3,2,Flood Alert (HIGH),Raining
4875,2026-09-29 20:18:20.160761+00,95,0,1827,25.4,95,3,2,Flood Alert (HIGH),Raining
4876,2026-09-29 20:18:26.653471+00,88,0,1827,25.4,95,3,2,Flood Alert (HIGH),Raining
4877,2026-09-29 20:18:32.960494+00,100,0,1829,25.4,95,3,2,Flood Alert (HIGH),Raining
4878,2026-09-29 20:18:39.423339+00,100,0,1826,25.4,95,3,2,Flood Alert (HIGH),Raining
4879,2026-09-29 20:18:45.76694+00,90,0,1828,25.4,95,3,2,Flood Alert (HIGH),Raining
4880,2026-09-29 20:18:52.274662+00,99,0,1828,25.4,95,3,2,Flood Alert (HIGH),Raining
4881,2026-09-29 20:18:58.590216+00,88,0,1827,25.4,95,3,2,Flood Alert (HIGH),Raining
4882,2026-09-29 20:19:04.899897+00,100,0,1827,25.4,95,3,2,Flood Alert (HIGH),Raining
4883,2026-09-29 20:19:11.371498+00,94,0,1827,25.4,95,3,2,Flood Alert (HIGH),Raining
4884,2026-09-29 20:19:17.817961+00,90,0,1829,25.4,95,3,2,Flood Alert (HIGH),Raining
4885,2026-09-29 20:19:23.839385+00,95,0,1829,25.4,95,3,2,Flood Alert (HIGH),Raining
4886,2026-09-29 20:19:30.387001+00,89,0,1827,25.4,95,3,2,Flood Alert (HIGH),Raining
4887,2026-09-29 20:19:36.595636+00,91,0,1828,25.4,95,3,2,Flood Alert (HIGH),Raining
4888,2026-09-29 20:19:42.771651+00,87,0,1828,25.4,95,3,2,Flood Alert (HIGH),Raining
4889,2026-09-29 20:19:48.884366+00,94,0,1826,25.4,95,3,1,Warning (MODERATE),Raining
4890,2026-09-29 20:19:55.224623+00,90,0,1829,25.4,95,3,1,Warning (MODERATE),Raining
4891,2026-09-29 20:20:01.288404+00,100,0,1828,25.4,95,3,1,Warning (MODERATE),Raining
4892,2026-09-29 20:20:07.267348+00,89,0,1828,25.4,95,3,1,Warning (MODERATE),Raining
4893,2026-09-29 20:20:13.600711+00,89,0,1828,25.4,95,3,1,Warning (MODERATE),Raining
4894,2026-09-29 20:20:19.564348+00,94,0,1825,25.4,95,3,1,Warning (MODERATE),Raining
4895,2026-09-29 20:20:25.884809+00,88,0,1826,25.4,95,3,1,Warning (MODERATE),Raining
4896,2026-09-29 20:20:32.426455+00,93,0,1829,25.4,95,3,1,Warning (MODERATE),Raining
4897,2026-09-29 20:20:38.582399+00,97,0,1828,25.4,95,3,1,Warning (MODERATE),Raining
4898,2026-09-29 20:20:44.674889+00,88,0,1825,25.4,95,3,1,Warning (MODERATE),Raining
4899,2026-09-29 20:20:51.038395+00,94,0,1826,25.4,95,3,1,Warning (MODERATE),Raining
4900,2026-09-29 20:20:57.22422+00,88,0,1826,25.4,95,3,1,Warning (MODERATE),Raining
4901,2026-09-29 20:21:03.285241+00,100,0,1829,25.4,95,3,1,Warning (MODERATE),Raining
4902,2026-09-29 20:21:09.665432+00,98,0,1826,25.4,95,3,1,Warning (MODERATE),Raining
4903,2026-09-29 20:21:16.020776+00,100,0,1829,25.4,95,3,1,Warning (MODERATE),Raining
4904,2026-09-29 20:21:22.227687+00,87,0,1828,25.4,95,3,2,Flood Alert (HIGH),Raining
4905,2026-09-29 20:21:28.739086+00,100,0,1830,25.4,95,3,2,Flood Alert (HIGH),Raining
4906,2026-09-29 20:21:34.971241+00,91,0,1828,25.4,95,3,2,Flood Alert (HIGH),Raining
4907,2026-09-29 20:21:41.173385+00,95,0,1830,25.4,95,3,2,Flood Alert (HIGH),Raining
4908,2026-09-29 20:21:47.604254+00,99,0,1827,25.4,95,3,1,Warning (MODERATE),Raining
4909,2026-09-29 20:21:53.692727+00,100,0,1827,25.4,95,3,2,Flood Alert (HIGH),Raining
4910,2026-09-29 20:21:59.944101+00,96,0,1828,25.4,95,3,2,Flood Alert (HIGH),Raining
4911,2026-09-29 20:22:06.056738+00,94,0,1828,25.4,95,3,2,Flood Alert (HIGH),Raining
4912,2026-09-29 20:22:12.514333+00,98,0,1829,25.4,95,3,1,Warning (MODERATE),Raining
4913,2026-09-29 20:22:19.120787+00,100,0,1826,25.4,95,3,1,Warning (MODERATE),Raining
4914,2026-09-29 20:22:25.618924+00,96,0,1829,25.4,95,3,1,Warning (MODERATE),Raining
4915,2026-09-29 20:22:32.175607+00,100,0,1827,25.4,95,3,1,Warning (MODERATE),Raining
4916,2026-09-29 20:22:38.643487+00,96,0,1829,25.4,95,3,1,Warning (MODERATE),Raining
4917,2026-09-29 20:22:45.018382+00,92,0,1827,25.4,95,3,2,Flood Alert (HIGH),Raining
4918,2026-09-29 20:22:51.350744+00,95,0,1827,25.4,95,3,2,Flood Alert (HIGH),Raining
4919,2026-09-29 20:22:57.746888+00,86,0,1827,25.4,95,3,2,Flood Alert (HIGH),Raining
4920,2026-09-29 20:23:03.810481+00,97,0,1828,25.4,95,3,2,Flood Alert (HIGH),Raining
4921,2026-09-29 20:23:09.853783+00,99,0,1827,25.4,95,3,2,Flood Alert (HIGH),Raining
4922,2026-09-29 20:23:16.353413+00,91,0,1829,25.4,95,3,2,Flood Alert (HIGH),Raining
4923,2026-09-29 20:23:22.545981+00,87,0,1829,25.4,95,3,2,Flood Alert (HIGH),Raining
4924,2026-09-29 20:23:28.795601+00,87,0,1827,25.4,95,3,2,Flood Alert (HIGH),Raining
4925,2026-09-29 20:23:35.044258+00,100,0,1828,25.4,95,3,1,Warning (MODERATE),Raining
4926,2026-09-29 20:23:41.391524+00,100,0,1827,25.4,95,3,1,Warning (MODERATE),Raining
4927,2026-09-29 20:23:47.721434+00,94,0,1829,25.4,95,3,1,Warning (MODERATE),Raining
4928,2026-09-29 20:23:54.191348+00,100,0,1828,25.4,95,3,2,Flood Alert (HIGH),Raining
4929,2026-09-29 20:24:00.621107+00,100,0,1827,25.4,95,3,2,Flood Alert (HIGH),Raining
4930,2026-09-29 20:24:06.542959+00,93,0,1829,25.4,95,3,2,Flood Alert (HIGH),Raining
4931,2026-09-29 20:24:12.544697+00,92,0,1827,25.4,95,3,1,Warning (MODERATE),Raining
4932,2026-09-29 20:24:18.716523+00,95,0,1828,25.4,95,3,1,Warning (MODERATE),Raining
4933,2026-09-29 20:24:24.794493+00,94,0,1829,25.4,95,3,2,Flood Alert (HIGH),Raining
4934,2026-09-29 20:24:31.22978+00,88,0,1830,25.4,95,3,2,Flood Alert (HIGH),Raining
4935,2026-09-29 20:24:37.194132+00,90,0,1831,25.4,95,3,2,Flood Alert (HIGH),Raining
4936,2026-09-29 20:24:43.513339+00,99,0,1830,25.4,95,3,2,Flood Alert (HIGH),Raining
4937,2026-09-29 20:24:49.621099+00,93,0,1829,25.4,95,3,2,Flood Alert (HIGH),Raining
4938,2026-09-29 20:24:55.814345+00,88,0,1829,25.4,95,3,2,Flood Alert (HIGH),Raining
4939,2026-09-29 20:25:01.815462+00,97,0,1830,25.4,95,3,1,Warning (MODERATE),Raining
4940,2026-09-29 20:25:08.084752+00,100,0,1830,25.4,95,3,1,Warning (MODERATE),Raining
4941,2026-09-29 20:25:14.154034+00,92,0,1830,25.4,95,3,2,Flood Alert (HIGH),Raining
4942,2026-09-29 20:25:20.56952+00,90,0,1827,25.4,95,3,2,Flood Alert (HIGH),Raining
4943,2026-09-29 20:25:26.63113+00,94,0,1827,25.4,95,3,1,Warning (MODERATE),Raining
4944,2026-09-29 20:25:32.68036+00,96,0,1828,25.4,95,3,2,Flood Alert (HIGH),Raining
4945,2026-09-29 20:25:39.08344+00,87,0,1830,25.4,95,3,2,Flood Alert (HIGH),Raining
4946,2026-09-29 20:25:45.296344+00,89,0,1828,25.4,95,3,2,Flood Alert (HIGH),Raining
4947,2026-09-29 20:25:51.651158+00,91,0,1830,25.4,95,3,2,Flood Alert (HIGH),Raining
4948,2026-09-29 20:25:57.978833+00,86,0,1827,25.4,95,3,2,Flood Alert (HIGH),Raining
4949,2026-09-29 20:26:04.389422+00,88,0,1831,25.4,95,3,1,Warning (MODERATE),Raining
4950,2026-09-29 20:26:10.480499+00,96,0,1830,25.4,95,3,1,Warning (MODERATE),Raining
4951,2026-09-29 20:26:16.795729+00,97,0,1827,25.4,95,3,1,Warning (MODERATE),Raining
4952,2026-09-29 20:26:22.796898+00,93,0,1830,25.4,95,3,1,Warning (MODERATE),Raining
4953,2026-09-29 20:26:29.248369+00,92,0,1830,25.4,95,3,1,Warning (MODERATE),Raining
4954,2026-09-29 20:26:35.557+00,99,0,1826,25.4,95,3,1,Warning (MODERATE),Raining
4955,2026-09-29 20:26:41.518627+00,87,0,1828,25.4,95,3,1,Warning (MODERATE),Raining
4956,2026-09-29 20:26:47.791909+00,88,0,1829,25.4,95,3,1,Warning (MODERATE),Raining
4957,2026-09-29 20:26:53.922678+00,90,0,1829,25.4,95,3,1,Warning (MODERATE),Raining
4958,2026-09-29 20:27:00.165791+00,90,0,1828,25.4,95,3,1,Warning (MODERATE),Raining
4959,2026-09-29 20:27:06.522239+00,100,0,1829,25.4,95,3,1,Warning (MODERATE),Raining
4960,2026-09-29 20:27:12.716522+00,88,0,1830,25.4,95,3,1,Warning (MODERATE),Raining
4961,2026-09-29 20:27:18.77158+00,87,0,1829,25.4,95,3,2,Flood Alert (HIGH),Raining
4962,2026-09-29 20:27:25.146299+00,87,0,1830,25.4,95,3,1,Warning (MODERATE),Raining
4963,2026-09-29 20:27:31.398499+00,95,0,1828,25.4,95,3,1,Warning (MODERATE),Raining
4964,2026-09-29 20:27:37.614232+00,98,0,1829,25.4,95,3,1,Warning (MODERATE),Raining
4965,2026-09-29 20:27:44.006345+00,97,0,1828,25.4,95,3,1,Warning (MODERATE),Raining
4966,2026-09-29 20:27:50.145632+00,90,0,1827,25.4,95,3,1,Warning (MODERATE),Raining
4967,2026-09-29 20:27:56.436613+00,91,0,1829,25.4,95,3,2,Flood Alert (HIGH),Raining
4968,2026-09-29 20:28:02.5827+00,91,0,1828,25.4,95,3,1,Warning (MODERATE),Raining
4969,2026-09-29 20:28:08.688188+00,90,0,1830,25.4,95,3,1,Warning (MODERATE),Raining
4970,2026-09-29 20:28:14.832351+00,100,0,1828,25.4,95,3,1,Warning (MODERATE),Raining
4971,2026-09-29 20:28:20.965447+00,92,0,1827,25.4,95,3,1,Warning (MODERATE),Raining
4972,2026-09-29 20:28:27.712622+00,86,0,1828,25.4,95,3,2,Flood Alert (HIGH),Raining
4973,2026-09-29 20:28:33.792933+00,100,0,1830,25.4,95,3,1,Warning (MODERATE),Raining
4974,2026-09-29 20:28:39.88659+00,95,0,1828,25.4,95,3,1,Warning (MODERATE),Raining
4975,2026-09-29 20:28:46.290805+00,97,0,1830,25.4,95,3,1,Warning (MODERATE),Raining
4976,2026-09-29 20:28:52.461411+00,92,0,1830,25.4,95,3,1,Warning (MODERATE),Raining
4977,2026-09-29 20:28:58.519279+00,99,0,1827,25.4,95,3,1,Warning (MODERATE),Raining
4978,2026-09-29 20:29:04.870672+00,93,0,1830,25.4,95,3,2,Flood Alert (HIGH),Raining
4979,2026-09-29 20:29:11.259259+00,87,0,1830,25.4,95,3,2,Flood Alert (HIGH),Raining
4980,2026-09-29 20:29:17.398233+00,89,0,1828,25.4,95,3,2,Flood Alert (HIGH),Raining
4981,2026-09-29 20:29:23.544212+00,92,0,1828,25.4,95,3,2,Flood Alert (HIGH),Raining
4982,2026-09-29 20:29:29.719381+00,88,0,1827,25.4,95,3,2,Flood Alert (HIGH),Raining
4983,2026-09-29 20:29:35.79874+00,92,0,1828,25.4,95,3,1,Warning (MODERATE),Raining
4984,2026-09-29 20:29:42.054817+00,98,0,1829,25.4,95,3,1,Warning (MODERATE),Raining
4985,2026-09-29 20:29:48.336299+00,96,0,1827,25.4,95,3,1,Warning (MODERATE),Raining
4986,2026-09-29 20:29:54.464723+00,96,0,1828,25.4,95,3,1,Warning (MODERATE),Raining
4987,2026-09-29 20:30:00.578711+00,92,0,1828,25.4,95,3,1,Warning (MODERATE),Raining
4988,2026-09-29 20:30:06.865175+00,90,0,1827,25.4,95,3,1,Warning (MODERATE),Raining
4989,2026-09-29 20:30:12.992055+00,88,0,1829,25.4,95,3,2,Flood Alert (HIGH),Raining
4990,2026-09-29 20:30:19.127263+00,87,0,1828,25.4,95,3,2,Flood Alert (HIGH),Raining
4991,2026-09-29 20:30:25.407804+00,94,0,1830,25.4,95,3,1,Warning (MODERATE),Raining
4992,2026-09-29 20:30:31.573747+00,92,0,1829,25.4,95,3,1,Warning (MODERATE),Raining
4993,2026-09-29 20:30:37.705867+00,89,0,1828,25.4,95,3,1,Warning (MODERATE),Raining
4994,2026-09-29 20:30:43.862498+00,97,0,1828,25.4,95,3,1,Warning (MODERATE),Raining
4995,2026-09-29 20:30:50.005982+00,100,0,1830,25.4,95,3,1,Warning (MODERATE),Raining
4996,2026-09-29 20:30:55.994006+00,94,0,1828,25.4,95,3,1,Warning (MODERATE),Raining
4997,2026-09-29 20:31:02.232096+00,92,0,1830,25.4,95,3,1,Warning (MODERATE),Raining
4998,2026-09-29 20:31:08.596833+00,93,0,1828,25.4,95,3,1,Warning (MODERATE),Raining
4999,2026-09-29 20:31:14.857039+00,87,0,1829,25.4,95,3,2,Flood Alert (HIGH),Raining
5000,2026-09-29 20:31:20.978229+00,100,0,1830,25.4,95,3,1,Warning (MODERATE),Raining
5001,2026-09-29 20:31:27.21026+00,89,0,1830,25.4,95,3,2,Flood Alert (HIGH),Raining
5002,2026-09-29 20:31:33.573916+00,100,0,1830,25.4,95,3,2,Flood Alert (HIGH),Raining
5003,2026-09-29 20:31:39.856322+00,87,0,1828,25.4,95,3,2,Flood Alert (HIGH),Raining
5004,2026-09-29 20:31:46.07485+00,99,0,1828,25.4,95,3,2,Flood Alert (HIGH),Raining
5005,2026-09-29 20:31:52.448472+00,86,0,1829,25.4,95,3,2,Flood Alert (HIGH),Raining
5006,2026-09-29 20:31:58.552217+00,91,0,1830,25.4,95,3,2,Flood Alert (HIGH),Raining
5007,2026-09-29 20:32:04.800975+00,100,0,1831,25.4,95,3,1,Warning (MODERATE),Raining
5008,2026-09-29 20:32:11.15185+00,91,0,1830,25.4,95,3,2,Flood Alert (HIGH),Raining
5009,2026-09-29 20:32:17.502317+00,91,0,1829,25.4,95,3,2,Flood Alert (HIGH),Raining
5010,2026-09-29 20:32:23.770146+00,100,0,1831,25.4,95,3,1,Warning (MODERATE),Raining
5011,2026-09-29 20:32:29.999689+00,96,0,1827,25.4,95,3,1,Warning (MODERATE),Raining
5012,2026-09-29 20:32:36.112681+00,93,0,1830,25.4,95,3,2,Flood Alert (HIGH),Raining
5013,2026-09-29 20:32:42.042108+00,93,0,1829,25.4,95,3,1,Warning (MODERATE),Raining
5014,2026-09-29 20:32:48.011543+00,93,0,1827,25.4,95,3,1,Warning (MODERATE),Raining
5015,2026-09-29 20:32:54.342123+00,91,0,1826,25.4,95,3,2,Flood Alert (HIGH),Raining
5016,2026-09-29 20:33:00.658022+00,94,0,1828,25.4,95,3,2,Flood Alert (HIGH),Raining
5017,2026-09-29 20:33:06.666468+00,98,0,1828,25.4,95,3,1,Warning (MODERATE),Raining
5018,2026-09-29 20:33:12.805044+00,90,0,1828,25.4,95,3,2,Flood Alert (HIGH),Raining
5019,2026-09-29 20:33:19.046707+00,95,0,1828,25.4,95,3,2,Flood Alert (HIGH),Raining
5020,2026-09-29 20:33:25.910119+00,97,0,1829,25.4,95,3,1,Warning (MODERATE),Raining
5021,2026-09-29 20:33:32.136355+00,97,0,1829,25.4,95,3,1,Warning (MODERATE),Raining
5022,2026-09-29 20:33:38.461235+00,100,0,1828,25.4,95,3,1,Warning (MODERATE),Raining
5023,2026-09-29 20:33:44.503762+00,94,0,1830,25.4,95,3,1,Warning (MODERATE),Raining
5024,2026-09-29 20:33:50.530507+00,90,0,1830,25.4,95,3,2,Flood Alert (HIGH),Raining
5025,2026-09-29 20:33:56.810267+00,99,0,1827,25.4,95,3,2,Flood Alert (HIGH),Raining
5026,2026-09-29 20:34:03.35728+00,99,0,1826,25.4,95,3,1,Warning (MODERATE),Raining
5027,2026-09-29 20:34:09.379207+00,88,0,1827,25.4,95,3,2,Flood Alert (HIGH),Raining
5028,2026-09-29 20:34:15.414568+00,98,0,1828,25.4,95,3,2,Flood Alert (HIGH),Raining
5029,2026-09-29 20:34:21.477912+00,94,0,1828,25.4,95,3,2,Flood Alert (HIGH),Raining
5030,2026-09-29 20:34:27.521094+00,87,0,1829,25.4,95,3,2,Flood Alert (HIGH),Raining
5031,2026-09-29 20:34:33.946235+00,93,0,1831,25.4,95,3,2,Flood Alert (HIGH),Raining
5032,2026-09-29 20:34:39.960148+00,95,0,1830,25.4,95,3,1,Warning (MODERATE),Raining
5033,2026-09-29 20:34:46.090264+00,92,0,1829,25.4,95,3,2,Flood Alert (HIGH),Raining
5034,2026-09-29 20:34:52.294051+00,89,0,1830,25.4,95,3,2,Flood Alert (HIGH),Raining
5035,2026-09-29 20:34:58.391628+00,94,0,1829,25.4,95,3,1,Warning (MODERATE),Raining
5036,2026-09-29 20:35:04.556376+00,87,0,1828,25.4,95,3,1,Warning (MODERATE),Raining
5037,2026-09-29 20:35:10.660511+00,100,0,1830,25.4,95,3,1,Warning (MODERATE),Raining
5038,2026-09-29 20:35:16.925983+00,96,0,1830,25.4,95,3,1,Warning (MODERATE),Raining
5039,2026-09-29 20:35:23.106042+00,100,0,1827,25.4,95,3,1,Warning (MODERATE),Raining
5040,2026-09-29 20:35:29.162427+00,98,0,1830,25.4,95,3,2,Flood Alert (HIGH),Raining
5041,2026-09-29 20:35:35.57896+00,94,0,1827,25.4,95,3,2,Flood Alert (HIGH),Raining
5042,2026-09-29 20:35:41.660447+00,100,0,1830,25.4,95,3,1,Warning (MODERATE),Raining
5043,2026-09-29 20:35:48.096612+00,88,0,1829,25.4,95,3,2,Flood Alert (HIGH),Raining
5044,2026-09-29 20:35:54.056854+00,87,0,1830,25.4,95,3,2,Flood Alert (HIGH),Raining
5045,2026-09-29 20:36:00.361822+00,87,0,1827,25.4,95,3,2,Flood Alert (HIGH),Raining
5046,2026-09-29 20:36:06.433984+00,100,0,1829,25.4,95,3,2,Flood Alert (HIGH),Raining
5047,2026-09-29 20:36:12.768112+00,98,0,1830,25.4,95,3,2,Flood Alert (HIGH),Raining
5048,2026-09-29 20:36:18.732411+00,87,0,1828,25.4,95,3,2,Flood Alert (HIGH),Raining
5049,2026-09-29 20:36:25.057326+00,92,0,1829,25.4,95,3,2,Flood Alert (HIGH),Raining
5050,2026-09-29 20:36:31.136846+00,93,0,1828,25.4,95,3,2,Flood Alert (HIGH),Raining
5051,2026-09-29 20:36:37.479919+00,94,0,1826,25.4,95,3,1,Warning (MODERATE),Raining
5052,2026-09-29 20:36:43.66791+00,98,0,1828,25.4,95,3,1,Warning (MODERATE),Raining
5053,2026-09-29 20:36:49.769694+00,90,0,1828,25.4,95,3,1,Warning (MODERATE),Raining
5054,2026-09-29 20:36:56.124788+00,100,0,1828,25.4,95,3,2,Flood Alert (HIGH),Raining
5055,2026-09-29 20:37:02.477932+00,87,0,1828,25.4,95,3,2,Flood Alert (HIGH),Raining
5056,2026-09-29 20:37:08.799646+00,98,0,1829,25.4,95,3,1,Warning (MODERATE),Raining
5057,2026-09-29 20:37:15.169019+00,89,0,1828,25.4,95,3,2,Flood Alert (HIGH),Raining
5058,2026-09-29 20:37:21.550975+00,94,0,1828,25.4,95,3,2,Flood Alert (HIGH),Raining
5059,2026-09-29 20:37:27.672148+00,98,0,1831,25.4,95,3,2,Flood Alert (HIGH),Raining
5060,2026-09-29 20:37:33.899783+00,89,0,1831,25.4,95,3,2,Flood Alert (HIGH),Raining
5061,2026-09-29 20:37:40.150891+00,100,0,1829,25.4,95,3,2,Flood Alert (HIGH),Raining
5062,2026-09-29 20:37:46.385874+00,100,0,1828,25.4,95,3,1,Warning (MODERATE),Raining
5063,2026-09-29 20:37:52.732964+00,100,0,1829,25.4,95,3,1,Warning (MODERATE),Raining
5064,2026-09-29 20:37:59.128951+00,94,0,1828,25.4,95,3,2,Flood Alert (HIGH),Raining
5065,2026-09-29 20:38:05.268722+00,94,0,1830,25.4,95,3,2,Flood Alert (HIGH),Raining
5066,2026-09-29 20:38:11.432899+00,88,0,1830,25.4,95,3,2,Flood Alert (HIGH),Raining
5067,2026-09-29 20:38:17.583359+00,90,0,1831,25.4,95,3,2,Flood Alert (HIGH),Raining
5068,2026-09-29 20:38:23.612638+00,88,0,1830,25.4,95,3,2,Flood Alert (HIGH),Raining
5069,2026-09-29 20:38:30.703314+00,87,0,1830,25.3,95,3,2,Flood Alert (HIGH),Raining
5070,2026-09-29 20:38:37.20242+00,90,0,1828,25.3,95,3,2,Flood Alert (HIGH),Raining
5071,2026-09-29 20:38:43.377301+00,100,0,1830,25.3,95,3,1,Warning (MODERATE),Raining
5072,2026-09-29 20:38:49.471342+00,86,0,1828,25.3,95,3,1,Warning (MODERATE),Raining
5073,2026-09-29 20:38:55.733113+00,88,0,1827,25.3,95,3,1,Warning (MODERATE),Raining
5074,2026-09-29 20:39:01.955443+00,87,0,1831,25.3,95,3,1,Warning (MODERATE),Raining
5075,2026-09-29 20:39:08.235007+00,87,0,1829,25.3,95,3,1,Warning (MODERATE),Raining
5076,2026-09-29 20:39:14.406807+00,95,0,1828,25.3,95,3,1,Warning (MODERATE),Raining
5077,2026-09-29 20:39:20.480033+00,97,0,1830,25.3,95,3,1,Warning (MODERATE),Raining
5078,2026-09-29 20:39:26.85396+00,87,0,1830,25.3,95,3,1,Warning (MODERATE),Raining
5079,2026-09-29 20:39:33.126482+00,88,0,1830,25.3,95,3,1,Warning (MODERATE),Raining
5080,2026-09-29 20:39:39.346632+00,93,0,1831,25.3,95,3,1,Warning (MODERATE),Raining
5081,2026-09-29 20:39:45.672434+00,100,0,1828,25.3,95,3,1,Warning (MODERATE),Raining
5082,2026-09-29 20:39:52.165492+00,89,0,1831,25.3,95,3,1,Warning (MODERATE),Raining
5083,2026-09-29 20:39:58.43113+00,97,0,1831,25.3,95,3,1,Warning (MODERATE),Raining
5084,2026-09-29 20:40:04.876535+00,87,0,1829,25.3,95,3,2,Flood Alert (HIGH),Raining
5085,2026-09-29 20:40:11.030507+00,98,0,1830,25.3,95,3,1,Warning (MODERATE),Raining
5086,2026-09-29 20:40:17.068975+00,91,0,1831,25.3,95,3,1,Warning (MODERATE),Raining
5087,2026-09-29 20:40:23.237973+00,97,0,1830,25.3,95,3,1,Warning (MODERATE),Raining
5088,2026-09-29 20:40:29.319153+00,100,0,1830,25.3,95,3,1,Warning (MODERATE),Raining
5089,2026-09-29 20:40:35.586465+00,89,0,1828,25.3,95,3,2,Flood Alert (HIGH),Raining
5090,2026-09-29 20:40:41.787839+00,100,0,1829,25.3,95,3,2,Flood Alert (HIGH),Raining
5091,2026-09-29 20:40:48.15911+00,90,0,1830,25.3,95,3,2,Flood Alert (HIGH),Raining
5092,2026-09-29 20:40:54.605371+00,100,0,1828,25.3,95,3,1,Warning (MODERATE),Raining
5093,2026-09-29 20:41:00.603871+00,100,0,1829,25.3,95,3,1,Warning (MODERATE),Raining
5094,2026-09-29 20:41:06.671413+00,92,0,1830,25.3,95,3,2,Flood Alert (HIGH),Raining
5095,2026-09-29 20:41:12.694522+00,100,0,1830,25.3,95,3,2,Flood Alert (HIGH),Raining
5096,2026-09-29 20:41:18.851591+00,96,0,1828,25.3,95,3,2,Flood Alert (HIGH),Raining
5097,2026-09-29 20:41:25.301102+00,87,0,1828,25.3,95,3,2,Flood Alert (HIGH),Raining
5098,2026-09-29 20:41:31.847081+00,89,0,1830,25.3,95,3,2,Flood Alert (HIGH),Raining
5099,2026-09-29 20:41:37.856413+00,96,0,1828,25.3,95,3,2,Flood Alert (HIGH),Raining
5100,2026-09-29 20:41:43.999636+00,95,0,1828,25.3,95,3,2,Flood Alert (HIGH),Raining
5101,2026-09-29 20:41:50.278463+00,100,0,1830,25.3,95,3,2,Flood Alert (HIGH),Raining
5102,2026-09-29 20:41:56.758184+00,97,0,1831,25.3,95,3,2,Flood Alert (HIGH),Raining
5103,2026-09-29 20:42:03.266254+00,88,0,1830,25.3,95,3,2,Flood Alert (HIGH),Raining
5104,2026-09-29 20:42:09.341027+00,100,0,1829,25.3,95,3,2,Flood Alert (HIGH),Raining
5105,2026-09-29 20:42:15.342271+00,91,0,1828,25.3,95,3,2,Flood Alert (HIGH),Raining
5106,2026-09-29 20:42:21.498944+00,92,0,1827,25.3,95,3,2,Flood Alert (HIGH),Raining
5107,2026-09-29 20:42:27.593584+00,90,0,1829,25.3,95,3,2,Flood Alert (HIGH),Raining
5108,2026-09-29 20:42:33.712884+00,93,0,1830,25.3,95,3,2,Flood Alert (HIGH),Raining
5109,2026-09-29 20:42:40.06148+00,99,0,1831,25.3,95,3,2,Flood Alert (HIGH),Raining
5110,2026-09-29 20:42:46.421786+00,100,0,1828,25.3,95,3,1,Warning (MODERATE),Raining
5111,2026-09-29 20:42:52.623303+00,87,0,1830,25.3,95,3,2,Flood Alert (HIGH),Raining
5112,2026-09-29 20:42:58.780345+00,92,0,1827,25.3,95,3,2,Flood Alert (HIGH),Raining
5113,2026-09-29 20:43:05.233772+00,89,0,1830,25.3,95,3,2,Flood Alert (HIGH),Raining
5114,2026-09-29 20:43:11.694837+00,100,0,1830,25.3,95,3,1,Warning (MODERATE),Raining
5115,2026-09-29 20:43:18.044324+00,89,0,1828,25.3,95,3,2,Flood Alert (HIGH),Raining
5116,2026-09-29 20:43:24.049194+00,100,0,1829,25.3,95,3,2,Flood Alert (HIGH),Raining
5117,2026-09-29 20:43:30.107068+00,89,0,1830,25.3,95,3,2,Flood Alert (HIGH),Raining
5118,2026-09-29 20:43:36.580754+00,100,0,1827,25.3,95,3,2,Flood Alert (HIGH),Raining
5119,2026-09-29 20:43:43.072582+00,87,0,1829,25.3,95,3,2,Flood Alert (HIGH),Raining
5120,2026-09-29 20:43:49.190369+00,97,0,1828,25.3,95,3,1,Warning (MODERATE),Raining
5121,2026-09-29 20:43:55.506003+00,100,0,1830,25.3,95,3,1,Warning (MODERATE),Raining
5122,2026-09-29 20:44:01.917422+00,96,0,1828,25.3,95,3,2,Flood Alert (HIGH),Raining
5123,2026-09-29 20:44:08.083202+00,88,0,1829,25.3,95,3,2,Flood Alert (HIGH),Raining
5124,2026-09-29 20:44:14.171673+00,87,0,1831,25.3,95,3,2,Flood Alert (HIGH),Raining
5125,2026-09-29 20:44:20.623754+00,100,0,1829,25.3,95,3,2,Flood Alert (HIGH),Raining
5126,2026-09-29 20:44:27.108441+00,92,0,1831,25.3,95,3,2,Flood Alert (HIGH),Raining
5127,2026-09-29 20:44:33.262147+00,94,0,1829,25.3,95,3,2,Flood Alert (HIGH),Raining
5128,2026-09-29 20:44:39.326332+00,89,0,1828,25.3,95,3,2,Flood Alert (HIGH),Raining
5129,2026-09-29 20:44:45.471881+00,100,0,1829,25.3,95,3,2,Flood Alert (HIGH),Raining
5130,2026-09-29 20:44:51.468648+00,94,0,1830,25.3,95,3,2,Flood Alert (HIGH),Raining
5131,2026-09-29 20:44:57.671461+00,100,0,1831,25.3,95,3,1,Warning (MODERATE),Raining
5132,2026-09-29 20:45:04.041717+00,92,0,1831,25.3,95,3,1,Warning (MODERATE),Raining
5133,2026-09-29 20:45:10.262432+00,89,0,1830,25.3,95,3,2,Flood Alert (HIGH),Raining
5134,2026-09-29 20:45:16.722323+00,89,0,1830,25.3,95,3,2,Flood Alert (HIGH),Raining
5135,2026-09-29 20:45:23.124483+00,100,0,1828,25.3,95,3,1,Warning (MODERATE),Raining
5136,2026-09-29 20:45:29.389944+00,88,0,1831,25.3,95,3,2,Flood Alert (HIGH),Raining
5137,2026-09-29 20:45:35.584301+00,88,0,1831,25.3,95,3,2,Flood Alert (HIGH),Raining
5138,2026-09-29 20:45:41.823148+00,87,0,1829,25.3,95,3,2,Flood Alert (HIGH),Raining
5139,2026-09-29 20:45:48.088423+00,96,0,1828,25.3,95,3,1,Warning (MODERATE),Raining
5140,2026-09-29 20:45:54.314045+00,100,0,1830,25.3,95,3,1,Warning (MODERATE),Raining
5141,2026-09-29 20:46:00.677823+00,89,0,1830,25.3,95,3,1,Warning (MODERATE),Raining
5142,2026-09-29 20:46:06.874028+00,99,0,1829,25.3,95,3,1,Warning (MODERATE),Raining
5143,2026-09-29 20:46:13.039506+00,100,0,1829,25.3,95,3,1,Warning (MODERATE),Raining
5144,2026-09-29 20:46:19.579905+00,88,0,1829,25.3,95,3,2,Flood Alert (HIGH),Raining
5145,2026-09-29 20:46:25.631412+00,93,0,1831,25.3,95,3,1,Warning (MODERATE),Raining
5146,2026-09-29 20:46:31.640837+00,100,0,1832,25.3,95,3,1,Warning (MODERATE),Raining
5147,2026-09-29 20:46:37.861122+00,88,0,1831,25.3,95,3,2,Flood Alert (HIGH),Raining
5148,2026-09-29 20:46:44.366492+00,90,0,1831,25.3,95,3,2,Flood Alert (HIGH),Raining
5149,2026-09-29 20:46:50.873905+00,92,0,1828,25.3,95,3,2,Flood Alert (HIGH),Raining
5150,2026-09-29 20:46:57.129993+00,99,0,1828,25.3,95,3,1,Warning (MODERATE),Raining
5151,2026-09-29 20:47:03.39946+00,93,0,1829,25.3,95,3,2,Flood Alert (HIGH),Raining
5152,2026-09-29 20:47:09.538296+00,87,0,1832,25.3,95,3,2,Flood Alert (HIGH),Raining
5153,2026-09-29 20:47:15.553115+00,89,0,1828,25.3,95,3,2,Flood Alert (HIGH),Raining
5154,2026-09-29 20:47:21.734999+00,88,0,1829,25.3,95,3,2,Flood Alert (HIGH),Raining
5155,2026-09-29 20:47:27.816088+00,100,0,1828,25.3,95,3,1,Warning (MODERATE),Raining
5156,2026-09-29 20:47:34.217248+00,100,0,1830,25.3,95,3,1,Warning (MODERATE),Raining
5157,2026-09-29 20:47:40.428095+00,92,0,1831,25.3,95,3,1,Warning (MODERATE),Raining
5158,2026-09-29 20:47:46.531962+00,100,0,1829,25.3,95,3,2,Flood Alert (HIGH),Raining
5159,2026-09-29 20:47:52.892183+00,96,0,1828,25.3,95,3,2,Flood Alert (HIGH),Raining
5160,2026-09-29 20:47:59.080201+00,94,0,1831,25.3,95,3,1,Warning (MODERATE),Raining
5161,2026-09-29 20:48:05.180305+00,94,0,1830,25.3,95,3,1,Warning (MODERATE),Raining
5162,2026-09-29 20:48:11.682675+00,96,0,1830,25.3,95,3,1,Warning (MODERATE),Raining
5163,2026-09-29 20:48:18.008305+00,97,0,1830,25.3,95,3,2,Flood Alert (HIGH),Raining
5164,2026-09-29 20:48:24.157408+00,92,0,1829,25.3,95,3,2,Flood Alert (HIGH),Raining
5165,2026-09-29 20:48:30.367991+00,89,0,1828,25.3,95,3,2,Flood Alert (HIGH),Raining
5166,2026-09-29 20:48:36.702607+00,100,0,1829,25.2,95,3,2,Flood Alert (HIGH),Raining
5167,2026-09-29 20:48:42.953497+00,93,0,1830,25.2,95,3,2,Flood Alert (HIGH),Raining
5168,2026-09-29 20:48:49.354799+00,92,0,1830,25.2,95,3,2,Flood Alert (HIGH),Raining
5169,2026-09-29 20:48:55.489916+00,100,0,1829,25.2,95,3,1,Warning (MODERATE),Raining
5170,2026-09-29 20:49:01.554411+00,90,0,1830,25.2,95,3,2,Flood Alert (HIGH),Raining
5171,2026-09-29 20:49:07.731883+00,94,0,1831,25.2,95,3,2,Flood Alert (HIGH),Raining
5172,2026-09-29 20:49:14.216589+00,99,0,1830,25.2,95,3,1,Warning (MODERATE),Raining
5173,2026-09-29 20:49:20.52345+00,90,0,1829,25.2,95,3,2,Flood Alert (HIGH),Raining
5174,2026-09-29 20:49:27.100619+00,100,0,1831,25.2,95,3,2,Flood Alert (HIGH),Raining
5175,2026-09-29 20:49:33.168025+00,88,0,1829,25.2,95,3,2,Flood Alert (HIGH),Raining
5176,2026-09-29 20:49:39.408094+00,99,0,1830,25.2,95,3,2,Flood Alert (HIGH),Raining
5177,2026-09-29 20:49:45.535073+00,94,0,1828,25.2,95,3,2,Flood Alert (HIGH),Raining
5178,2026-09-29 20:49:51.995346+00,94,0,1830,25.2,95,3,2,Flood Alert (HIGH),Raining
5179,2026-09-29 20:49:58.233776+00,89,0,1830,25.2,95,3,2,Flood Alert (HIGH),Raining
5180,2026-09-29 20:50:04.80726+00,100,0,1827,25.2,95,3,2,Flood Alert (HIGH),Raining
5181,2026-09-29 20:50:11.220392+00,100,0,1830,25.2,95,3,1,Warning (MODERATE),Raining
5182,2026-09-29 20:50:17.569541+00,94,0,1828,25.2,95,3,2,Flood Alert (HIGH),Raining
5183,2026-09-29 20:50:23.954608+00,95,0,1829,25.2,95,3,2,Flood Alert (HIGH),Raining
5184,2026-09-29 20:50:30.119205+00,89,0,1827,25.2,95,3,2,Flood Alert (HIGH),Raining
5185,2026-09-29 20:50:36.21242+00,90,0,1828,25.2,95,3,2,Flood Alert (HIGH),Raining
5186,2026-09-29 20:50:42.541814+00,90,0,1829,25.2,95,3,2,Flood Alert (HIGH),Raining
5187,2026-09-29 20:50:49.072993+00,86,0,1831,25.2,95,3,2,Flood Alert (HIGH),Raining
5188,2026-09-29 20:50:55.212769+00,100,0,1830,25.2,95,3,1,Warning (MODERATE),Raining
5189,2026-09-29 20:51:01.280438+00,93,0,1830,25.2,95,3,1,Warning (MODERATE),Raining
5190,2026-09-29 20:51:07.902958+00,99,0,1831,25.2,95,3,1,Warning (MODERATE),Raining
5191,2026-09-29 20:51:14.34652+00,96,0,1829,25.2,95,3,1,Warning (MODERATE),Raining
5192,2026-09-29 20:51:20.512924+00,90,0,1828,25.2,95,3,2,Flood Alert (HIGH),Raining
5193,2026-09-29 20:51:26.706625+00,89,0,1831,25.2,95,3,2,Flood Alert (HIGH),Raining
5194,2026-09-29 20:51:33.00501+00,87,0,1831,25.2,95,3,2,Flood Alert (HIGH),Raining
5195,2026-09-29 20:51:38.993359+00,88,0,1828,25.2,95,3,1,Warning (MODERATE),Raining
5196,2026-09-29 20:51:45.339642+00,100,0,1831,25.2,95,3,1,Warning (MODERATE),Raining
5197,2026-09-29 20:51:51.756171+00,89,0,1831,25.2,95,3,2,Flood Alert (HIGH),Raining
5198,2026-09-29 20:51:57.748072+00,94,0,1830,25.2,95,3,1,Warning (MODERATE),Raining
5199,2026-09-29 20:52:03.946583+00,97,0,1831,25.2,95,3,1,Warning (MODERATE),Raining
5200,2026-09-29 20:52:09.902917+00,87,0,1831,25.2,95,3,1,Warning (MODERATE),Raining
5201,2026-09-29 20:52:16.186789+00,89,0,1829,25.2,95,3,1,Warning (MODERATE),Raining
5202,2026-09-29 20:52:22.385529+00,96,0,1828,25.2,95,3,1,Warning (MODERATE),Raining
5203,2026-09-29 20:52:28.846625+00,94,0,1831,25.2,95,3,1,Warning (MODERATE),Raining
5204,2026-09-29 20:52:35.207051+00,99,0,1830,25.2,95,3,1,Warning (MODERATE),Raining
5205,2026-09-29 20:52:41.629982+00,96,0,1831,25.2,95,3,1,Warning (MODERATE),Raining
5206,2026-09-29 20:52:47.743695+00,91,0,1830,25.2,95,3,2,Flood Alert (HIGH),Raining
5207,2026-09-29 20:52:54.016048+00,88,0,1830,25.2,95,3,2,Flood Alert (HIGH),Raining
5208,2026-09-29 20:53:00.122356+00,100,0,1830,25.2,95,3,1,Warning (MODERATE),Raining
5209,2026-09-29 20:53:06.559936+00,89,0,1831,25.2,95,3,1,Warning (MODERATE),Raining
5210,2026-09-29 20:53:13.322589+00,91,0,1830,25.2,95,3,2,Flood Alert (HIGH),Raining
5211,2026-09-29 20:53:19.686906+00,97,0,1831,25.2,95,3,2,Flood Alert (HIGH),Raining
5212,2026-09-29 20:53:26.1982+00,100,0,1832,25.2,95,3,1,Warning (MODERATE),Raining
5213,2026-09-29 20:53:32.677887+00,100,0,1830,25.2,95,3,2,Flood Alert (HIGH),Raining
5214,2026-09-29 20:53:39.014294+00,98,0,1830,25.2,95,3,2,Flood Alert (HIGH),Raining
5215,2026-09-29 20:53:45.541593+00,93,0,1831,25.2,95,3,2,Flood Alert (HIGH),Raining
5216,2026-09-29 20:53:51.580637+00,92,0,1829,25.2,95,3,2,Flood Alert (HIGH),Raining
5217,2026-09-29 20:53:58.171069+00,96,0,1829,25.2,95,3,2,Flood Alert (HIGH),Raining
5218,2026-09-29 20:54:04.655619+00,89,0,1828,25.2,95,3,2,Flood Alert (HIGH),Raining
5219,2026-09-29 20:54:10.85493+00,99,0,1828,25.2,95,3,2,Flood Alert (HIGH),Raining
5220,2026-09-29 20:54:17.266795+00,100,0,1829,25.2,95,3,2,Flood Alert (HIGH),Raining
5221,2026-09-29 20:54:23.348291+00,100,0,1830,25.2,95,3,2,Flood Alert (HIGH),Raining
5222,2026-09-29 20:54:29.902545+00,94,0,1829,25.2,95,3,2,Flood Alert (HIGH),Raining
5223,2026-09-29 20:54:36.437635+00,99,0,1831,25.2,95,3,2,Flood Alert (HIGH),Raining
5224,2026-09-29 20:54:42.907782+00,93,0,1828,25.2,95,3,2,Flood Alert (HIGH),Raining
5225,2026-09-29 20:54:49.251788+00,98,0,1831,25.2,95,3,1,Warning (MODERATE),Raining
5226,2026-09-29 20:54:55.668822+00,90,0,1831,25.2,95,3,2,Flood Alert (HIGH),Raining
5227,2026-09-29 20:55:01.72945+00,92,0,1830,25.2,95,3,2,Flood Alert (HIGH),Raining
5228,2026-09-29 20:55:08.243947+00,97,0,1830,25.2,95,3,2,Flood Alert (HIGH),Raining
5229,2026-09-29 20:55:14.508161+00,100,0,1831,25.2,95,3,2,Flood Alert (HIGH),Raining
5230,2026-09-29 20:55:20.617248+00,100,0,1828,25.2,95,3,2,Flood Alert (HIGH),Raining
5231,2026-09-29 20:55:27.01748+00,89,0,1831,25.2,95,3,2,Flood Alert (HIGH),Raining
5232,2026-09-29 20:55:33.570918+00,89,0,1831,25.2,95,3,2,Flood Alert (HIGH),Raining
5233,2026-09-29 20:55:40.169153+00,94,0,1829,25.2,95,3,2,Flood Alert (HIGH),Raining
5234,2026-09-29 20:55:46.573455+00,92,0,1829,25.2,95,3,2,Flood Alert (HIGH),Raining
5235,2026-09-29 20:55:53.142826+00,93,0,1830,25.2,95,3,2,Flood Alert (HIGH),Raining
5236,2026-09-29 20:55:59.243239+00,91,0,1830,25.2,95,3,2,Flood Alert (HIGH),Raining
5237,2026-09-29 20:56:05.621534+00,100,0,1831,25.2,95,3,2,Flood Alert (HIGH),Raining
5238,2026-09-29 20:56:12.030957+00,87,0,1831,25.2,95,3,2,Flood Alert (HIGH),Raining
5239,2026-09-29 20:56:18.267413+00,92,0,1831,25.2,95,3,1,Warning (MODERATE),Raining
5240,2026-09-29 20:56:24.47813+00,95,0,1829,25.2,95,3,1,Warning (MODERATE),Raining
5241,2026-09-29 20:56:30.776255+00,92,0,1830,25.2,95,3,1,Warning (MODERATE),Raining
5242,2026-09-29 20:56:37.071986+00,87,0,1831,25.2,95,3,2,Flood Alert (HIGH),Raining
5243,2026-09-29 20:56:43.48288+00,96,0,1829,25.2,95,3,1,Warning (MODERATE),Raining
5244,2026-09-29 20:56:49.745739+00,100,0,1832,25.2,95,3,1,Warning (MODERATE),Raining
5245,2026-09-29 20:56:56.319082+00,91,0,1829,25.2,95,3,1,Warning (MODERATE),Raining
5246,2026-09-29 20:57:02.821287+00,100,0,1832,25.2,95,3,1,Warning (MODERATE),Raining
5247,2026-09-29 20:57:08.976427+00,96,0,1830,25.2,95,3,1,Warning (MODERATE),Raining
5248,2026-09-29 20:57:15.263908+00,99,0,1831,25.2,95,3,2,Flood Alert (HIGH),Raining
5249,2026-09-29 20:57:21.573855+00,89,0,1831,25.2,95,3,2,Flood Alert (HIGH),Raining
5250,2026-09-29 20:57:27.646286+00,92,0,1832,25.2,95,3,2,Flood Alert (HIGH),Raining
5251,2026-09-29 20:57:34.115979+00,100,0,1831,25.2,95,3,1,Warning (MODERATE),Raining
5252,2026-09-29 20:57:40.53781+00,94,0,1831,25.2,95,3,2,Flood Alert (HIGH),Raining
5253,2026-09-29 20:57:46.953099+00,97,0,1831,25.2,95,3,2,Flood Alert (HIGH),Raining
5254,2026-09-29 20:57:53.213907+00,90,0,1829,25.2,95,3,2,Flood Alert (HIGH),Raining
5255,2026-09-29 20:57:59.295244+00,89,0,1829,25.2,95,3,2,Flood Alert (HIGH),Raining
5256,2026-09-29 20:58:05.686614+00,100,0,1829,25.2,95,3,2,Flood Alert (HIGH),Raining
5257,2026-09-29 20:58:11.899834+00,100,0,1832,25.2,95,3,1,Warning (MODERATE),Raining
5258,2026-09-29 20:58:18.319908+00,87,0,1829,25.2,95,3,2,Flood Alert (HIGH),Raining
5259,2026-09-29 20:58:24.905321+00,87,0,1828,25.2,95,3,2,Flood Alert (HIGH),Raining
5260,2026-09-29 20:58:31.314828+00,99,0,1829,25.2,95,3,2,Flood Alert (HIGH),Raining
5261,2026-09-29 20:58:37.22988+00,92,0,1829,25.2,95,3,2,Flood Alert (HIGH),Raining
5262,2026-09-29 20:58:43.199337+00,96,0,1829,25.2,95,3,2,Flood Alert (HIGH),Raining
5263,2026-09-29 20:58:49.116774+00,87,0,1829,25.2,95,3,2,Flood Alert (HIGH),Raining
5264,2026-09-29 20:58:55.175448+00,91,0,1829,25.2,95,3,2,Flood Alert (HIGH),Raining
5265,2026-09-29 20:59:01.751385+00,88,0,1831,25.2,95,3,2,Flood Alert (HIGH),Raining
5266,2026-09-29 20:59:08.270203+00,87,0,1829,25.2,95,3,1,Warning (MODERATE),Raining
5267,2026-09-29 20:59:14.421122+00,87,0,1829,25.2,95,3,1,Warning (MODERATE),Raining
5268,2026-09-29 20:59:20.581837+00,91,0,1829,25.2,95,3,1,Warning (MODERATE),Raining
5269,2026-09-29 20:59:27.152811+00,95,0,1829,25.2,95,3,1,Warning (MODERATE),Raining
5270,2026-09-29 20:59:33.59143+00,94,0,1829,25.2,95,3,1,Warning (MODERATE),Raining
5271,2026-09-29 20:59:40.07577+00,89,0,1828,25.2,95,3,1,Warning (MODERATE),Raining
5272,2026-09-29 20:59:46.288355+00,89,0,1829,25.2,95,3,1,Warning (MODERATE),Raining
5273,2026-09-29 20:59:52.742014+00,91,0,1830,25.2,95,3,1,Warning (MODERATE),Raining
5274,2026-09-29 20:59:59.102843+00,100,0,1828,25.2,95,3,1,Warning (MODERATE),Raining
5275,2026-09-29 21:00:05.862871+00,100,0,1828,25.2,95,3,1,Warning (MODERATE),Raining
5276,2026-09-29 21:00:12.195534+00,92,0,1830,25.2,95,3,1,Warning (MODERATE),Raining
5277,2026-09-29 21:00:18.735171+00,100,0,1829,25.2,95,3,2,Flood Alert (HIGH),Raining
5278,2026-09-29 21:00:24.727461+00,93,0,1829,25.2,95,3,2,Flood Alert (HIGH),Raining
5279,2026-09-29 21:00:31.099674+00,90,0,1831,25.2,95,3,2,Flood Alert (HIGH),Raining
5280,2026-09-29 21:00:37.335299+00,94,0,1830,25.2,95,3,1,Warning (MODERATE),Raining
5281,2026-09-29 21:00:43.673959+00,89,0,1830,25.2,95,3,2,Flood Alert (HIGH),Raining
5282,2026-09-29 21:00:49.691177+00,94,0,1831,25.2,95,3,2,Flood Alert (HIGH),Raining
5283,2026-09-29 21:00:56.053243+00,99,0,1832,25.2,95,3,1,Warning (MODERATE),Raining
5284,2026-09-29 21:01:02.354089+00,90,0,1830,25.2,95,3,2,Flood Alert (HIGH),Raining
5285,2026-09-29 21:01:08.907792+00,93,0,1829,25.2,95,3,2,Flood Alert (HIGH),Raining
5286,2026-09-29 21:01:14.984827+00,94,0,1830,25.2,95,3,1,Warning (MODERATE),Raining
5287,2026-09-29 21:01:21.405434+00,100,0,1832,25.2,95,3,1,Warning (MODERATE),Raining
5288,2026-09-29 21:01:27.406358+00,88,0,1831,25.2,95,3,2,Flood Alert (HIGH),Raining
5289,2026-09-29 21:01:33.585094+00,88,0,1832,25.2,95,3,2,Flood Alert (HIGH),Raining
5290,2026-09-29 21:01:39.89263+00,100,0,1831,25.2,95,3,1,Warning (MODERATE),Raining
5291,2026-09-29 21:01:45.993967+00,95,0,1829,25.2,95,3,2,Flood Alert (HIGH),Raining
5292,2026-09-29 21:01:52.263938+00,97,0,1829,25.2,95,3,2,Flood Alert (HIGH),Raining
5293,2026-09-29 21:01:58.538586+00,87,0,1831,25.2,95,3,2,Flood Alert (HIGH),Raining
5294,2026-09-29 21:02:04.954624+00,86,0,1831,25.2,95,3,2,Flood Alert (HIGH),Raining
5295,2026-09-29 21:02:11.440394+00,92,0,1831,25.2,95,3,2,Flood Alert (HIGH),Raining
5296,2026-09-29 21:02:17.510919+00,87,0,1828,25.2,95,3,2,Flood Alert (HIGH),Raining
5297,2026-09-29 21:02:23.473983+00,89,0,1828,25.2,95,3,1,Warning (MODERATE),Raining
5298,2026-09-29 21:02:29.905625+00,88,0,1829,25.2,95,3,1,Warning (MODERATE),Raining
5299,2026-09-29 21:02:36.139994+00,99,0,1831,25.2,95,3,1,Warning (MODERATE),Raining
5300,2026-09-29 21:02:42.390916+00,99,0,1831,25.2,95,3,1,Warning (MODERATE),Raining
5301,2026-09-29 21:02:48.462708+00,100,0,1829,25.2,95,3,1,Warning (MODERATE),Raining
5302,2026-09-29 21:02:54.829141+00,90,0,1828,25.2,95,3,1,Warning (MODERATE),Raining
5303,2026-09-29 21:03:01.116775+00,94,0,1829,25.2,95,3,1,Warning (MODERATE),Raining
5304,2026-09-29 21:03:07.308652+00,97,0,1830,25.2,95,3,1,Warning (MODERATE),Raining
5305,2026-09-29 21:03:13.655866+00,100,0,1831,25.2,95,3,1,Warning (MODERATE),Raining
5306,2026-09-29 21:03:20.024957+00,100,0,1829,25.2,95,3,1,Warning (MODERATE),Raining
5307,2026-09-29 21:03:26.369323+00,99,0,1827,25.2,95,3,1,Warning (MODERATE),Raining
5308,2026-09-29 21:03:32.780296+00,98,0,1829,25.2,95,3,1,Warning (MODERATE),Raining
5309,2026-09-29 21:03:39.242622+00,96,0,1829,25.2,95,3,2,Flood Alert (HIGH),Raining
5310,2026-09-29 21:03:45.724245+00,100,0,1830,25.2,95,3,1,Warning (MODERATE),Raining
5311,2026-09-29 21:03:52.047651+00,90,0,1828,25.2,95,3,1,Warning (MODERATE),Raining
5312,2026-09-29 21:03:58.517067+00,100,0,1830,25.2,95,3,1,Warning (MODERATE),Raining
5313,2026-09-29 21:04:04.69247+00,99,0,1829,25.2,95,3,1,Warning (MODERATE),Raining
5314,2026-09-29 21:04:11.076782+00,93,0,1830,25.2,95,3,2,Flood Alert (HIGH),Raining
5315,2026-09-29 21:04:17.308861+00,93,0,1831,25.2,95,3,2,Flood Alert (HIGH),Raining
5316,2026-09-29 21:04:23.448971+00,87,0,1828,25.2,95,3,2,Flood Alert (HIGH),Raining
5317,2026-09-29 21:04:29.501269+00,100,0,1828,25.2,95,3,2,Flood Alert (HIGH),Raining
5318,2026-09-29 21:04:35.462133+00,94,0,1828,25.2,95,3,2,Flood Alert (HIGH),Raining
5319,2026-09-29 21:04:41.909952+00,100,0,1830,25.2,95,3,2,Flood Alert (HIGH),Raining
5320,2026-09-29 21:04:48.255936+00,90,0,1831,25.2,95,3,2,Flood Alert (HIGH),Raining
5321,2026-09-29 21:04:54.723072+00,91,0,1829,25.2,95,3,2,Flood Alert (HIGH),Raining
5322,2026-09-29 21:05:01.146172+00,94,0,1830,25.2,95,3,2,Flood Alert (HIGH),Raining
5323,2026-09-29 21:05:07.23997+00,100,0,1831,25.2,95,3,1,Warning (MODERATE),Raining
5324,2026-09-29 21:05:13.63441+00,96,0,1828,25.2,95,3,1,Warning (MODERATE),Raining
5325,2026-09-29 21:05:19.696304+00,90,0,1829,25.2,95,3,2,Flood Alert (HIGH),Raining
5326,2026-09-29 21:05:26.110237+00,100,0,1829,25.2,95,3,2,Flood Alert (HIGH),Raining
5327,2026-09-29 21:05:32.198733+00,88,0,1828,25.2,95,3,2,Flood Alert (HIGH),Raining
5328,2026-09-29 21:05:38.504839+00,86,0,1827,25.2,95,3,2,Flood Alert (HIGH),Raining
5329,2026-09-29 21:05:44.612526+00,92,0,1832,25.2,95,3,2,Flood Alert (HIGH),Raining
5330,2026-09-29 21:05:50.951166+00,90,0,1830,25.2,95,3,2,Flood Alert (HIGH),Raining
5331,2026-09-29 21:05:57.194079+00,100,0,1831,25.2,95,3,1,Warning (MODERATE),Raining
5332,2026-09-29 21:06:03.537314+00,100,0,1830,25.2,95,3,1,Warning (MODERATE),Raining
5333,2026-09-29 21:06:09.875038+00,97,0,1830,25.2,95,3,2,Flood Alert (HIGH),Raining
5334,2026-09-29 21:06:16.312089+00,91,0,1828,25.2,95,3,2,Flood Alert (HIGH),Raining
5335,2026-09-29 21:06:22.554976+00,100,0,1831,25.2,95,3,1,Warning (MODERATE),Raining
5336,2026-09-29 21:06:29.045426+00,100,0,1829,25.2,95,3,1,Warning (MODERATE),Raining
5337,2026-09-29 21:06:35.487448+00,89,0,1829,25.2,95,3,2,Flood Alert (HIGH),Raining
5338,2026-09-29 21:06:41.932982+00,100,0,1832,25.2,95,3,1,Warning (MODERATE),Raining
5339,2026-09-29 21:06:48.207835+00,88,0,1830,25.2,95,3,2,Flood Alert (HIGH),Raining
5340,2026-09-29 21:06:54.525577+00,88,0,1831,25.2,95,3,2,Flood Alert (HIGH),Raining
5341,2026-09-29 21:07:01.105284+00,93,0,1830,25.2,95,3,2,Flood Alert (HIGH),Raining
5342,2026-09-29 21:07:07.143931+00,100,0,1831,25.2,95,3,1,Warning (MODERATE),Raining
5343,2026-09-29 21:07:13.360761+00,87,0,1829,25.2,95,3,2,Flood Alert (HIGH),Raining
5344,2026-09-29 21:07:19.689784+00,92,0,1831,25.2,95,3,2,Flood Alert (HIGH),Raining
5345,2026-09-29 21:07:25.842407+00,96,0,1831,25.2,95,3,1,Warning (MODERATE),Raining
5346,2026-09-29 21:07:32.177624+00,100,0,1830,25.2,95,3,1,Warning (MODERATE),Raining
5347,2026-09-29 21:07:38.270325+00,97,0,1829,25.2,95,3,1,Warning (MODERATE),Raining
5348,2026-09-29 21:07:44.690426+00,100,0,1829,25.2,95,3,1,Warning (MODERATE),Raining
5349,2026-09-29 21:07:51.080922+00,87,0,1829,25.2,95,3,2,Flood Alert (HIGH),Raining
5350,2026-09-29 21:07:57.328175+00,98,0,1829,25.2,95,3,2,Flood Alert (HIGH),Raining
5351,2026-09-29 21:08:03.586426+00,94,0,1831,25.2,95,3,2,Flood Alert (HIGH),Raining
5352,2026-09-29 21:08:09.571401+00,100,0,1830,25.2,95,3,1,Warning (MODERATE),Raining
5353,2026-09-29 21:08:15.609469+00,96,0,1829,25.2,95,3,2,Flood Alert (HIGH),Raining
5354,2026-09-29 21:08:21.591497+00,100,0,1830,25.2,95,3,2,Flood Alert (HIGH),Raining
5355,2026-09-29 21:08:27.994941+00,100,0,1828,25.2,95,3,2,Flood Alert (HIGH),Raining
5356,2026-09-29 21:08:34.161841+00,100,0,1830,25.2,95,3,1,Warning (MODERATE),Raining
5357,2026-09-29 21:08:40.468697+00,96,0,1828,25.2,95,3,1,Warning (MODERATE),Raining
5358,2026-09-29 21:08:46.551852+00,97,0,1829,25.2,95,3,1,Warning (MODERATE),Raining
5359,2026-09-29 21:08:52.894929+00,90,0,1828,25.2,95,3,2,Flood Alert (HIGH),Raining
5360,2026-09-29 21:08:59.265132+00,100,0,1830,25.2,95,3,1,Warning (MODERATE),Raining
5361,2026-09-29 21:09:05.573929+00,100,0,1830,25.2,95,3,1,Warning (MODERATE),Raining
5362,2026-09-29 21:09:11.691073+00,87,0,1829,25.2,95,3,2,Flood Alert (HIGH),Raining
5363,2026-09-29 21:09:17.889468+00,99,0,1829,25.2,95,3,2,Flood Alert (HIGH),Raining
5364,2026-09-29 21:09:24.290351+00,88,0,1829,25.2,95,3,2,Flood Alert (HIGH),Raining
5365,2026-09-29 21:09:30.507318+00,88,0,1831,25.2,95,3,2,Flood Alert (HIGH),Raining
5366,2026-09-29 21:09:36.991521+00,87,0,1829,25.2,95,3,2,Flood Alert (HIGH),Raining
5367,2026-09-29 21:09:43.137353+00,87,0,1831,25.2,95,3,2,Flood Alert (HIGH),Raining
5368,2026-09-29 21:09:49.27981+00,87,0,1829,25.2,95,3,2,Flood Alert (HIGH),Raining
5369,2026-09-29 21:09:55.479547+00,92,0,1831,25.2,95,3,1,Warning (MODERATE),Raining
5370,2026-09-29 21:10:02.186549+00,94,0,1829,25.2,95,3,1,Warning (MODERATE),Raining
5371,2026-09-29 21:10:08.213273+00,93,0,1830,25.2,95,3,1,Warning (MODERATE),Raining
5372,2026-09-29 21:10:14.347602+00,93,0,1831,25.2,95,3,1,Warning (MODERATE),Raining
5373,2026-09-29 21:10:20.586493+00,100,0,1830,25.2,95,3,1,Warning (MODERATE),Raining
5374,2026-09-29 21:10:26.825811+00,97,0,1831,25.2,95,3,1,Warning (MODERATE),Raining
5375,2026-09-29 21:10:33.600185+00,100,0,1830,25.2,95,3,1,Warning (MODERATE),Raining
5376,2026-09-29 21:10:39.756706+00,94,0,1829,25.2,95,3,1,Warning (MODERATE),Raining
5377,2026-09-29 21:10:45.867079+00,92,0,1829,25.2,95,3,2,Flood Alert (HIGH),Raining
5378,2026-09-29 21:10:52.324145+00,100,0,1830,25.2,95,3,1,Warning (MODERATE),Raining
5379,2026-09-29 21:10:58.535174+00,100,0,1831,25.2,95,3,1,Warning (MODERATE),Raining
5380,2026-09-29 21:11:04.521097+00,98,0,1832,25.2,95,3,1,Warning (MODERATE),Raining
5381,2026-09-29 21:11:10.901347+00,92,0,1831,25.2,95,3,2,Flood Alert (HIGH),Raining
5382,2026-09-29 21:11:16.982976+00,94,0,1828,25.2,95,3,2,Flood Alert (HIGH),Raining
5383,2026-09-29 21:11:23.318927+00,95,0,1832,25.2,95,3,2,Flood Alert (HIGH),Raining
5384,2026-09-29 21:11:29.785001+00,100,0,1830,25.2,95,3,1,Warning (MODERATE),Raining
5385,2026-09-29 21:11:36.075096+00,90,0,1830,25.2,95,3,2,Flood Alert (HIGH),Raining
5386,2026-09-29 21:11:42.329532+00,91,0,1830,25.2,95,3,2,Flood Alert (HIGH),Raining
5387,2026-09-29 21:11:48.80473+00,100,0,1831,25.2,95,3,2,Flood Alert (HIGH),Raining
5388,2026-09-29 21:11:55.055713+00,88,0,1830,25.2,95,3,2,Flood Alert (HIGH),Raining
5389,2026-09-29 21:12:01.127668+00,100,0,1829,25.2,95,3,2,Flood Alert (HIGH),Raining
5390,2026-09-29 21:12:07.595538+00,100,0,1828,25.2,95,3,1,Warning (MODERATE),Raining
5391,2026-09-29 21:12:14.020744+00,88,0,1831,25.2,95,3,2,Flood Alert (HIGH),Raining
5392,2026-09-29 21:12:20.689488+00,96,0,1830,25.2,95,3,2,Flood Alert (HIGH),Raining
5393,2026-09-29 21:12:27.005237+00,100,0,1830,25.2,95,3,1,Warning (MODERATE),Raining
5394,2026-09-29 21:12:33.068782+00,88,0,1828,25.2,95,3,2,Flood Alert (HIGH),Raining
5395,2026-09-29 21:12:39.397504+00,100,0,1831,25.2,95,3,2,Flood Alert (HIGH),Raining
5396,2026-09-29 21:12:45.5835+00,95,0,1831,25.2,95,3,2,Flood Alert (HIGH),Raining
5397,2026-09-29 21:12:52.040927+00,89,0,1830,25.2,95,3,2,Flood Alert (HIGH),Raining
5398,2026-09-29 21:12:58.225993+00,100,0,1831,25.2,95,3,2,Flood Alert (HIGH),Raining
5399,2026-09-29 21:13:04.479108+00,95,0,1829,25.2,95,3,2,Flood Alert (HIGH),Raining
5400,2026-09-29 21:13:10.765611+00,94,0,1829,25.2,95,3,2,Flood Alert (HIGH),Raining
5401,2026-09-29 21:13:17.095364+00,90,0,1831,25.2,95,3,2,Flood Alert (HIGH),Raining
5402,2026-09-29 21:13:23.10963+00,100,0,1831,25.2,95,3,1,Warning (MODERATE),Raining
5403,2026-09-29 21:13:29.145221+00,93,0,1831,25.2,95,3,2,Flood Alert (HIGH),Raining
5404,2026-09-29 21:13:35.319672+00,97,0,1830,25.2,95,3,2,Flood Alert (HIGH),Raining
5405,2026-09-29 21:13:41.734209+00,95,0,1829,25.2,95,3,1,Warning (MODERATE),Raining
5406,2026-09-29 21:13:47.817404+00,98,0,1830,25.2,95,3,2,Flood Alert (HIGH),Raining
5407,2026-09-29 21:13:54.116122+00,92,0,1829,25.2,95,3,2,Flood Alert (HIGH),Raining
5408,2026-09-29 21:14:00.241224+00,95,0,1830,25.2,95,3,2,Flood Alert (HIGH),Raining
5409,2026-09-29 21:14:06.469412+00,100,0,1829,25.2,95,3,1,Warning (MODERATE),Raining
5410,2026-09-29 21:14:12.766394+00,99,0,1832,25.2,95,3,1,Warning (MODERATE),Raining
5411,2026-09-29 21:14:18.96936+00,99,0,1832,25.2,95,3,1,Warning (MODERATE),Raining
5412,2026-09-29 21:14:25.286532+00,88,0,1830,25.2,95,3,2,Flood Alert (HIGH),Raining
5413,2026-09-29 21:14:31.762199+00,95,0,1829,25.2,95,3,2,Flood Alert (HIGH),Raining
5414,2026-09-29 21:14:38.270374+00,89,0,1830,25.2,95,3,2,Flood Alert (HIGH),Raining
5415,2026-09-29 21:14:44.433376+00,99,0,1831,25.2,95,3,2,Flood Alert (HIGH),Raining
5416,2026-09-29 21:14:50.965989+00,94,0,1832,25.2,95,3,2,Flood Alert (HIGH),Raining
5417,2026-09-29 21:14:57.16476+00,90,0,1831,25.2,95,3,2,Flood Alert (HIGH),Raining
5418,2026-09-29 21:15:03.673158+00,96,0,1829,25.2,95,3,2,Flood Alert (HIGH),Raining
5419,2026-09-29 21:15:10.034628+00,89,0,1830,25.2,95,3,2,Flood Alert (HIGH),Raining
5420,2026-09-29 21:15:16.184501+00,92,0,1831,25.2,95,3,2,Flood Alert (HIGH),Raining
5421,2026-09-29 21:15:22.2276+00,100,0,1831,25.2,95,3,1,Warning (MODERATE),Raining
5422,2026-09-29 21:15:28.784842+00,95,0,1829,25.2,95,3,1,Warning (MODERATE),Raining
5423,2026-09-29 21:15:35.338338+00,94,0,1828,25.2,95,3,2,Flood Alert (HIGH),Raining
5424,2026-09-29 21:15:41.899496+00,91,0,1831,25.2,95,3,2,Flood Alert (HIGH),Raining
5425,2026-09-29 21:15:48.367613+00,89,0,1830,25.2,95,3,2,Flood Alert (HIGH),Raining
5426,2026-09-29 21:15:54.774+00,87,0,1829,25.2,95,3,2,Flood Alert (HIGH),Raining
5427,2026-09-29 21:16:00.856439+00,100,0,1831,25.2,95,3,1,Warning (MODERATE),Raining
5428,2026-09-29 21:16:07.416898+00,95,0,1829,25.2,95,3,1,Warning (MODERATE),Raining
5429,2026-09-29 21:16:13.944801+00,99,0,1829,25.2,95,3,2,Flood Alert (HIGH),Raining
5430,2026-09-29 21:16:20.418886+00,100,0,1829,25.2,95,3,2,Flood Alert (HIGH),Raining
5431,2026-09-29 21:16:26.821165+00,89,0,1829,25.2,95,3,2,Flood Alert (HIGH),Raining
5432,2026-09-29 21:16:32.992053+00,96,0,1830,25.2,95,3,2,Flood Alert (HIGH),Raining
5433,2026-09-29 21:16:39.507499+00,92,0,1829,25.2,95,3,2,Flood Alert (HIGH),Raining
5434,2026-09-29 21:16:45.633469+00,89,0,1829,25.2,95,3,2,Flood Alert (HIGH),Raining
5435,2026-09-29 21:16:51.987394+00,98,0,1831,25.2,95,3,2,Flood Alert (HIGH),Raining
5436,2026-09-29 21:16:58.185376+00,87,0,1829,25.2,95,3,2,Flood Alert (HIGH),Raining
5437,2026-09-29 21:17:04.744952+00,100,0,1831,25.2,95,3,2,Flood Alert (HIGH),Raining
5438,2026-09-29 21:17:10.787607+00,92,0,1829,25.2,95,3,2,Flood Alert (HIGH),Raining
5439,2026-09-29 21:17:17.36565+00,87,0,1829,25.2,95,3,2,Flood Alert (HIGH),Raining
5440,2026-09-29 21:17:23.830353+00,92,0,1830,25.2,95,3,2,Flood Alert (HIGH),Raining
5441,2026-09-29 21:17:30.253673+00,87,0,1830,25.2,95,3,2,Flood Alert (HIGH),Raining
5442,2026-09-29 21:17:36.716271+00,100,0,1831,25.2,95,3,1,Warning (MODERATE),Raining
5443,2026-09-29 21:17:43.095955+00,100,0,1829,25.2,95,3,1,Warning (MODERATE),Raining
5444,2026-09-29 21:17:49.729441+00,99,0,1829,25.2,95,3,1,Warning (MODERATE),Raining
5445,2026-09-29 21:17:55.869034+00,88,0,1831,25.2,95,3,2,Flood Alert (HIGH),Raining
5446,2026-09-29 21:18:02.374262+00,97,0,1832,25.2,95,3,2,Flood Alert (HIGH),Raining
5447,2026-09-29 21:18:08.811375+00,100,0,1828,25.2,95,3,1,Warning (MODERATE),Raining
5448,2026-09-29 21:18:14.799158+00,100,0,1831,25.2,95,3,1,Warning (MODERATE),Raining
5449,2026-09-29 21:18:21.291612+00,100,0,1829,25.2,95,3,1,Warning (MODERATE),Raining
5450,2026-09-29 21:18:28.17982+00,87,0,1829,25.2,95,3,2,Flood Alert (HIGH),Raining
5451,2026-09-29 21:18:35.110125+00,97,0,1830,25.2,95,3,2,Flood Alert (HIGH),Raining
5452,2026-09-29 21:18:42.755165+00,100,0,1831,25.1,96,3,2,Flood Alert (HIGH),Raining
5453,2026-09-29 21:18:49.099305+00,98,0,1829,25.1,96,3,1,Warning (MODERATE),Raining
5454,2026-09-29 21:18:55.672521+00,98,0,1831,25.1,96,3,1,Warning (MODERATE),Raining
5455,2026-09-29 21:19:02.209093+00,100,0,1830,25.1,96,3,1,Warning (MODERATE),Raining
5456,2026-09-29 21:19:08.735025+00,88,0,1830,25.1,96,3,2,Flood Alert (HIGH),Raining
5457,2026-09-29 21:19:14.867398+00,88,0,1829,25.1,96,3,2,Flood Alert (HIGH),Raining
5458,2026-09-29 21:19:21.113848+00,97,0,1831,25.1,96,3,2,Flood Alert (HIGH),Raining
5459,2026-09-29 21:19:27.335368+00,96,0,1829,25.1,96,3,2,Flood Alert (HIGH),Raining
5460,2026-09-29 21:19:33.636951+00,87,0,1831,25.1,96,3,2,Flood Alert (HIGH),Raining
5461,2026-09-29 21:19:40.189803+00,99,0,1829,25.1,96,3,2,Flood Alert (HIGH),Raining
5462,2026-09-29 21:19:47.251051+00,90,0,1831,25.1,96,3,2,Flood Alert (HIGH),Raining
5463,2026-09-29 21:19:53.289191+00,93,0,1831,25.1,96,3,2,Flood Alert (HIGH),Raining
5464,2026-09-29 21:19:59.835176+00,87,0,1828,25.1,96,3,1,Warning (MODERATE),Raining
5465,2026-09-29 21:20:05.990946+00,90,0,1831,25.1,96,3,1,Warning (MODERATE),Raining
5466,2026-09-29 21:20:12.049155+00,91,0,1831,25.1,96,3,1,Warning (MODERATE),Raining
5467,2026-09-29 21:20:18.489097+00,87,0,1829,25.1,96,3,1,Warning (MODERATE),Raining
5468,2026-09-29 21:20:25.262182+00,100,0,1831,25.1,96,3,1,Warning (MODERATE),Raining
5469,2026-09-29 21:20:31.582294+00,93,0,1831,25.1,96,3,1,Warning (MODERATE),Raining
5470,2026-09-29 21:20:37.638248+00,90,0,1829,25.1,96,3,1,Warning (MODERATE),Raining
5471,2026-09-29 21:20:44.224665+00,94,0,1829,25.1,96,3,1,Warning (MODERATE),Raining
5472,2026-09-29 21:20:50.571599+00,93,0,1831,25.1,96,3,1,Warning (MODERATE),Raining
5473,2026-09-29 21:20:56.899215+00,93,0,1831,25.1,96,3,1,Warning (MODERATE),Raining
5474,2026-09-29 21:21:03.307913+00,94,0,1832,25.1,96,3,1,Warning (MODERATE),Raining
5475,2026-09-29 21:21:09.511229+00,100,0,1831,25.1,96,3,1,Warning (MODERATE),Raining
5476,2026-09-29 21:21:15.578144+00,97,0,1831,25.1,96,3,1,Warning (MODERATE),Raining
5477,2026-09-29 21:21:21.86532+00,100,0,1832,25.1,96,3,1,Warning (MODERATE),Raining
5478,2026-09-29 21:21:27.924848+00,100,0,1829,25.1,96,3,1,Warning (MODERATE),Raining
5479,2026-09-29 21:21:34.459899+00,89,0,1831,25.1,96,3,2,Flood Alert (HIGH),Raining
5480,2026-09-29 21:21:40.571266+00,93,0,1830,25.1,96,3,2,Flood Alert (HIGH),Raining
5481,2026-09-29 21:21:46.879753+00,90,0,1829,25.1,96,3,2,Flood Alert (HIGH),Raining
5482,2026-09-29 21:21:53.277455+00,98,0,1830,25.1,96,3,2,Flood Alert (HIGH),Raining
5483,2026-09-29 21:21:59.481141+00,92,0,1831,25.1,96,3,2,Flood Alert (HIGH),Raining
5484,2026-09-29 21:22:05.853107+00,100,0,1832,25.1,96,3,2,Flood Alert (HIGH),Raining
5485,2026-09-29 21:22:12.172041+00,99,0,1831,25.1,96,3,2,Flood Alert (HIGH),Raining
5486,2026-09-29 21:22:18.551107+00,100,0,1831,25.1,96,3,2,Flood Alert (HIGH),Raining
5487,2026-09-29 21:22:24.901315+00,92,0,1830,25.1,96,3,2,Flood Alert (HIGH),Raining
5488,2026-09-29 21:22:31.200328+00,100,0,1831,25.1,96,3,1,Warning (MODERATE),Raining
5489,2026-09-29 21:22:37.755775+00,87,0,1831,25.1,96,3,2,Flood Alert (HIGH),Raining
5490,2026-09-29 21:22:44.363518+00,88,0,1832,25.1,96,3,2,Flood Alert (HIGH),Raining
5491,2026-09-29 21:22:50.786474+00,91,0,1831,25.1,96,3,2,Flood Alert (HIGH),Raining
5492,2026-09-29 21:22:57.612405+00,97,0,1831,25.1,96,3,2,Flood Alert (HIGH),Raining
5493,2026-09-29 21:23:04.139891+00,100,0,1829,25.1,96,3,2,Flood Alert (HIGH),Raining
5494,2026-09-29 21:23:10.563151+00,99,0,1830,25.1,96,3,2,Flood Alert (HIGH),Raining
5495,2026-09-29 21:23:17.078506+00,94,0,1831,25.1,96,3,2,Flood Alert (HIGH),Raining
5496,2026-09-29 21:23:23.403397+00,91,0,1832,25.1,96,3,2,Flood Alert (HIGH),Raining
5497,2026-09-29 21:23:29.518218+00,95,0,1829,25.1,96,3,1,Warning (MODERATE),Raining
5498,2026-09-29 21:23:35.810389+00,100,0,1831,25.1,96,3,1,Warning (MODERATE),Raining
5499,2026-09-29 21:23:41.923516+00,93,0,1831,25.1,96,3,1,Warning (MODERATE),Raining
5500,2026-09-29 21:23:48.291353+00,92,0,1830,25.1,96,3,2,Flood Alert (HIGH),Raining
5501,2026-09-29 21:23:54.77928+00,100,0,1830,25.1,96,3,2,Flood Alert (HIGH),Raining
5502,2026-09-29 21:24:01.022452+00,94,0,1830,25.1,96,3,2,Flood Alert (HIGH),Raining
5503,2026-09-29 21:24:07.080713+00,92,0,1831,25.1,96,3,2,Flood Alert (HIGH),Raining
5504,2026-09-29 21:24:13.509776+00,91,0,1832,25.1,96,3,2,Flood Alert (HIGH),Raining
5505,2026-09-29 21:24:20.047418+00,92,0,1829,25.1,96,3,2,Flood Alert (HIGH),Raining
5506,2026-09-29 21:24:26.535074+00,94,0,1831,25.1,96,3,2,Flood Alert (HIGH),Raining
5507,2026-09-29 21:24:32.889282+00,100,0,1829,25.1,96,3,1,Warning (MODERATE),Raining
5508,2026-09-29 21:24:39.267269+00,95,0,1829,25.1,96,3,1,Warning (MODERATE),Raining
5509,2026-09-29 21:24:45.649198+00,95,0,1832,25.1,96,3,2,Flood Alert (HIGH),Raining
5510,2026-09-29 21:24:52.221439+00,97,0,1830,25.1,96,3,2,Flood Alert (HIGH),Raining
5511,2026-09-29 21:24:58.823295+00,97,0,1830,25.1,96,3,1,Warning (MODERATE),Raining
5512,2026-09-29 21:25:04.826267+00,100,0,1832,25.1,96,3,1,Warning (MODERATE),Raining
5513,2026-09-29 21:25:11.404352+00,90,0,1830,25.1,96,3,2,Flood Alert (HIGH),Raining
5514,2026-09-29 21:25:17.638472+00,94,0,1830,25.1,96,3,2,Flood Alert (HIGH),Raining
5515,2026-09-29 21:25:23.949182+00,95,0,1830,25.1,96,3,2,Flood Alert (HIGH),Raining
5516,2026-09-29 21:25:30.360601+00,89,0,1831,25.1,96,3,2,Flood Alert (HIGH),Raining
5517,2026-09-29 21:25:36.783669+00,94,0,1830,25.1,96,3,2,Flood Alert (HIGH),Raining
5518,2026-09-29 21:25:43.203615+00,94,0,1831,25.1,96,3,2,Flood Alert (HIGH),Raining
5519,2026-09-29 21:25:49.525794+00,93,0,1830,25.1,96,3,2,Flood Alert (HIGH),Raining
5520,2026-09-29 21:25:55.740853+00,100,0,1830,25.1,96,3,1,Warning (MODERATE),Raining
5521,2026-09-29 21:26:02.272593+00,86,0,1829,25.1,96,3,2,Flood Alert (HIGH),Raining
5522,2026-09-29 21:26:08.733716+00,97,0,1829,25.1,96,3,1,Warning (MODERATE),Raining
5523,2026-09-29 21:26:15.060989+00,90,0,1831,25.1,96,3,2,Flood Alert (HIGH),Raining
5524,2026-09-29 21:26:21.599081+00,89,0,1832,25.1,96,3,2,Flood Alert (HIGH),Raining
5525,2026-09-29 21:26:28.126962+00,98,0,1831,25.1,96,3,1,Warning (MODERATE),Raining
5526,2026-09-29 21:26:34.29552+00,93,0,1830,25.1,96,3,1,Warning (MODERATE),Raining
5527,2026-09-29 21:26:40.76692+00,87,0,1830,25.1,96,3,2,Flood Alert (HIGH),Raining
5528,2026-09-29 21:26:47.236721+00,100,0,1831,25.1,96,3,1,Warning (MODERATE),Raining
5529,2026-09-29 21:26:53.598267+00,88,0,1832,25.1,96,3,1,Warning (MODERATE),Raining
5530,2026-09-29 21:26:59.946482+00,98,0,1830,25.1,96,3,1,Warning (MODERATE),Raining
5531,2026-09-29 21:27:06.196019+00,98,0,1830,25.1,96,3,1,Warning (MODERATE),Raining
5532,2026-09-29 21:27:12.512617+00,97,0,1830,25.1,96,3,1,Warning (MODERATE),Raining
5533,2026-09-29 21:27:18.983072+00,100,0,1832,25.1,96,3,2,Flood Alert (HIGH),Raining
5534,2026-09-29 21:27:25.2825+00,91,0,1831,25.1,96,3,2,Flood Alert (HIGH),Raining
5535,2026-09-29 21:27:31.359118+00,92,0,1830,25.1,96,3,2,Flood Alert (HIGH),Raining
5536,2026-09-29 21:27:37.70828+00,87,0,1833,25.1,96,3,2,Flood Alert (HIGH),Raining
5537,2026-09-29 21:27:44.040713+00,99,0,1832,25.1,96,3,2,Flood Alert (HIGH),Raining
5538,2026-09-29 21:27:50.492915+00,88,0,1832,25.1,96,3,2,Flood Alert (HIGH),Raining
5539,2026-09-29 21:27:56.920371+00,100,0,1833,25.1,96,3,2,Flood Alert (HIGH),Raining
5540,2026-09-29 21:28:03.043366+00,87,0,1831,25.1,96,3,2,Flood Alert (HIGH),Raining
5541,2026-09-29 21:28:09.366963+00,91,0,1833,25.1,96,3,2,Flood Alert (HIGH),Raining
5542,2026-09-29 21:28:15.352983+00,96,0,1832,25.1,96,3,1,Warning (MODERATE),Raining
5543,2026-09-29 21:28:21.444526+00,96,0,1829,25.1,96,3,1,Warning (MODERATE),Raining
5544,2026-09-29 21:28:27.661543+00,100,0,1828,25.1,96,3,1,Warning (MODERATE),Raining
5545,2026-09-29 21:28:34.11221+00,87,0,1831,25.1,96,3,2,Flood Alert (HIGH),Raining
5546,2026-09-29 21:28:40.663957+00,100,0,1832,25.1,96,3,2,Flood Alert (HIGH),Raining
5547,2026-09-29 21:28:47.31709+00,97,0,1831,25.1,96,3,2,Flood Alert (HIGH),Raining
5548,2026-09-29 21:28:53.565969+00,87,0,1832,25.1,96,3,2,Flood Alert (HIGH),Raining
5549,2026-09-29 21:29:00.023153+00,98,0,1832,25.1,96,3,1,Warning (MODERATE),Raining
5550,2026-09-29 21:29:06.379159+00,100,0,1832,25.1,96,3,1,Warning (MODERATE),Raining
5551,2026-09-29 21:29:12.751596+00,99,0,1830,25.1,96,3,2,Flood Alert (HIGH),Raining
5552,2026-09-29 21:29:19.114439+00,89,0,1831,25.1,96,3,2,Flood Alert (HIGH),Raining
5553,2026-09-29 21:29:25.110266+00,90,0,1832,25.1,96,3,2,Flood Alert (HIGH),Raining
5554,2026-09-29 21:29:31.577749+00,87,0,1831,25.1,96,3,2,Flood Alert (HIGH),Raining
5555,2026-09-29 21:29:37.988051+00,87,0,1832,25.1,96,3,2,Flood Alert (HIGH),Raining
5556,2026-09-29 21:29:44.438742+00,93,0,1829,25.1,96,3,1,Warning (MODERATE),Raining
5557,2026-09-29 21:29:50.637253+00,87,0,1832,25.1,96,3,2,Flood Alert (HIGH),Raining
5558,2026-09-29 21:29:57.131528+00,98,0,1832,25.1,96,3,1,Warning (MODERATE),Raining
5559,2026-09-29 21:30:03.633383+00,98,0,1830,25.1,96,3,1,Warning (MODERATE),Raining
5560,2026-09-29 21:30:10.051384+00,94,0,1831,25.1,96,3,1,Warning (MODERATE),Raining
5561,2026-09-29 21:30:16.442342+00,99,0,1832,25.1,96,3,1,Warning (MODERATE),Raining
5562,2026-09-29 21:30:22.637893+00,97,0,1831,25.1,96,3,1,Warning (MODERATE),Raining
5563,2026-09-29 21:30:28.558268+00,99,0,1831,25.1,96,3,1,Warning (MODERATE),Raining
5564,2026-09-29 21:30:34.489916+00,88,0,1831,25.1,96,3,2,Flood Alert (HIGH),Raining
5565,2026-09-29 21:30:40.457172+00,88,0,1830,25.1,96,3,2,Flood Alert (HIGH),Raining
5566,2026-09-29 21:30:46.450976+00,87,0,1831,25.1,96,3,2,Flood Alert (HIGH),Raining
5567,2026-09-29 21:30:52.634619+00,95,0,1831,25.1,96,3,2,Flood Alert (HIGH),Raining
5568,2026-09-29 21:30:58.670778+00,88,0,1830,25.1,96,3,2,Flood Alert (HIGH),Raining
5569,2026-09-29 21:31:04.698064+00,98,0,1832,25.1,96,3,1,Warning (MODERATE),Raining
5570,2026-09-29 21:31:10.889153+00,95,0,1832,25.1,96,3,1,Warning (MODERATE),Raining
5571,2026-09-29 21:31:17.165421+00,94,0,1832,25.1,96,3,1,Warning (MODERATE),Raining
5572,2026-09-29 21:31:23.34547+00,88,0,1831,25.1,96,3,1,Warning (MODERATE),Raining
5573,2026-09-29 21:31:29.326642+00,87,0,1832,25.1,96,3,1,Warning (MODERATE),Raining
5574,2026-09-29 21:31:35.52746+00,96,0,1830,25.1,96,3,1,Warning (MODERATE),Raining
5575,2026-09-29 21:31:41.489778+00,90,0,1832,25.1,96,3,1,Warning (MODERATE),Raining
5576,2026-09-29 21:31:47.968316+00,87,0,1830,25.1,96,3,1,Warning (MODERATE),Raining
5577,2026-09-29 21:31:54.22667+00,100,0,1832,25.1,96,3,1,Warning (MODERATE),Raining
5578,2026-09-29 21:32:00.460267+00,100,0,1832,25.1,96,3,1,Warning (MODERATE),Raining
5579,2026-09-29 21:32:06.674323+00,94,0,1832,25.1,96,3,1,Warning (MODERATE),Raining
5580,2026-09-29 21:32:12.689145+00,86,0,1834,25.1,96,3,1,Warning (MODERATE),Raining
5581,2026-09-29 21:32:18.862032+00,92,0,1830,25.1,96,3,1,Warning (MODERATE),Raining
5582,2026-09-29 21:32:24.927165+00,100,0,1832,25.1,96,3,1,Warning (MODERATE),Raining
5583,2026-09-29 21:32:31.239372+00,92,0,1831,25.1,96,3,1,Warning (MODERATE),Raining
5584,2026-09-29 21:32:37.510543+00,100,0,1830,25.1,96,3,1,Warning (MODERATE),Raining
5585,2026-09-29 21:32:43.676542+00,100,0,1832,25.1,96,3,2,Flood Alert (HIGH),Raining
5586,2026-09-29 21:32:50.072835+00,96,0,1832,25.1,96,3,2,Flood Alert (HIGH),Raining
5587,2026-09-29 21:32:56.296523+00,97,0,1829,25.1,96,3,2,Flood Alert (HIGH),Raining
5588,2026-09-29 21:33:02.618106+00,95,0,1832,25.1,96,3,1,Warning (MODERATE),Raining
5589,2026-09-29 21:33:08.87736+00,96,0,1830,25.1,96,3,1,Warning (MODERATE),Raining
5590,2026-09-29 21:33:15.063203+00,91,0,1832,25.1,96,3,2,Flood Alert (HIGH),Raining
5591,2026-09-29 21:33:21.14604+00,100,0,1830,25.1,96,3,1,Warning (MODERATE),Raining
5592,2026-09-29 21:33:27.48967+00,100,0,1831,25.1,96,3,1,Warning (MODERATE),Raining
5593,2026-09-29 21:33:33.765577+00,88,0,1830,25.1,96,3,2,Flood Alert (HIGH),Raining
5594,2026-09-29 21:33:39.884572+00,98,0,1832,25.1,96,3,2,Flood Alert (HIGH),Raining
5595,2026-09-29 21:33:46.235354+00,87,0,1831,25.1,96,3,2,Flood Alert (HIGH),Raining
5596,2026-09-29 21:33:52.562021+00,100,0,1832,25.1,96,3,2,Flood Alert (HIGH),Raining
5597,2026-09-29 21:33:58.489419+00,100,0,1831,25.1,96,3,2,Flood Alert (HIGH),Raining
5598,2026-09-29 21:34:04.522122+00,89,0,1832,25.1,96,3,2,Flood Alert (HIGH),Raining
5599,2026-09-29 21:34:10.522194+00,94,0,1831,25.1,96,3,2,Flood Alert (HIGH),Raining
5600,2026-09-29 21:34:16.8287+00,97,0,1832,25.1,96,3,2,Flood Alert (HIGH),Raining
5601,2026-09-29 21:34:22.765006+00,94,0,1831,25.1,96,3,2,Flood Alert (HIGH),Raining
5602,2026-09-29 21:34:29.884018+00,96,0,1832,25.1,96,3,1,Warning (MODERATE),Raining
5603,2026-09-29 21:34:35.827515+00,87,0,1829,25.1,96,3,2,Flood Alert (HIGH),Raining
5604,2026-09-29 21:34:41.92523+00,100,0,1831,25.1,96,3,2,Flood Alert (HIGH),Raining
5605,2026-09-29 21:34:48.375513+00,95,0,1832,25.1,96,3,2,Flood Alert (HIGH),Raining
5606,2026-09-29 21:34:54.834484+00,89,0,1832,25.1,96,3,2,Flood Alert (HIGH),Raining
5607,2026-09-29 21:35:01.221027+00,94,0,1830,25.1,96,3,2,Flood Alert (HIGH),Raining
5608,2026-09-29 21:35:07.434178+00,88,0,1830,25.1,96,3,2,Flood Alert (HIGH),Raining
5609,2026-09-29 21:35:13.734547+00,94,0,1830,25.1,96,3,2,Flood Alert (HIGH),Raining
5610,2026-09-29 21:35:19.824349+00,92,0,1832,25.1,96,3,1,Warning (MODERATE),Raining
5611,2026-09-29 21:35:26.147096+00,92,0,1832,25.1,96,3,1,Warning (MODERATE),Raining
5612,2026-09-29 21:35:32.196334+00,87,0,1838,25.1,96,3,1,Warning (MODERATE),Raining
5613,2026-09-29 21:35:38.699536+00,91,0,1836,25.1,96,3,1,Warning (MODERATE),Raining
5614,2026-09-29 21:35:44.942695+00,99,0,1834,25.1,96,3,1,Warning (MODERATE),Raining
5615,2026-09-29 21:35:51.06061+00,89,0,1839,25.1,96,3,1,Warning (MODERATE),Raining
5616,2026-09-29 21:35:57.358017+00,86,0,1836,25.1,96,3,1,Warning (MODERATE),Raining
5617,2026-09-29 21:36:03.405757+00,89,0,1837,25.1,96,3,1,Warning (MODERATE),Raining
5618,2026-09-29 21:36:09.488286+00,88,0,1841,25.1,96,3,1,Warning (MODERATE),Raining
5619,2026-09-29 21:36:16.350577+00,88,0,1839,25.1,96,3,1,Warning (MODERATE),Raining
5620,2026-09-29 21:36:22.46338+00,99,0,1839,25.1,96,3,1,Warning (MODERATE),Raining
5621,2026-09-29 21:36:28.501038+00,89,0,1839,25.1,96,3,1,Warning (MODERATE),Raining
5622,2026-09-29 21:36:34.530181+00,92,0,1841,25.1,96,3,1,Warning (MODERATE),Raining
5623,2026-09-29 21:36:41.002974+00,99,0,1838,25.1,96,3,1,Warning (MODERATE),Raining
5624,2026-09-29 21:36:47.162702+00,91,0,1839,25.1,96,3,1,Warning (MODERATE),Raining
5625,2026-09-29 21:36:53.495225+00,95,0,1841,25.1,96,3,1,Warning (MODERATE),Raining
5626,2026-09-29 21:36:59.427025+00,92,0,1838,25.1,96,3,1,Warning (MODERATE),Raining
5627,2026-09-29 21:37:05.419304+00,98,0,1840,25.1,96,3,1,Warning (MODERATE),Raining
5628,2026-09-29 21:37:11.673055+00,95,0,1840,25.1,96,3,1,Warning (MODERATE),Raining
5629,2026-09-29 21:37:18.01895+00,99,0,1840,25.1,96,3,1,Warning (MODERATE),Raining
5630,2026-09-29 21:37:24.381146+00,93,0,1839,25.1,96,3,1,Warning (MODERATE),Raining
5631,2026-09-29 21:37:30.515183+00,91,0,1841,25.1,96,3,2,Flood Alert (HIGH),Raining
5632,2026-09-29 21:37:36.625504+00,88,0,1841,25.1,96,3,2,Flood Alert (HIGH),Raining
5633,2026-09-29 21:37:42.932802+00,95,0,1840,25.1,96,3,2,Flood Alert (HIGH),Raining
5634,2026-09-29 21:37:49.113437+00,96,0,1841,25.1,96,3,1,Warning (MODERATE),Raining
5635,2026-09-29 21:37:55.473015+00,89,0,1844,25.1,96,3,2,Flood Alert (HIGH),Raining
5636,2026-09-29 21:38:01.735979+00,100,0,1842,25.1,96,3,1,Warning (MODERATE),Raining
5637,2026-09-29 21:38:08.06823+00,87,0,1843,25.1,96,3,2,Flood Alert (HIGH),Raining
5638,2026-09-29 21:38:14.425316+00,95,0,1841,25.1,96,3,1,Warning (MODERATE),Raining
5639,2026-09-29 21:38:20.640831+00,94,0,1842,25.1,96,3,1,Warning (MODERATE),Raining
5640,2026-09-29 21:38:26.616401+00,99,0,1841,25.1,96,3,1,Warning (MODERATE),Raining
5641,2026-09-29 21:38:33.020869+00,100,0,1841,25.1,96,3,1,Warning (MODERATE),Raining
5642,2026-09-29 21:38:39.059536+00,99,0,1849,25.1,96,3,2,Flood Alert (HIGH),Raining
5643,2026-09-29 21:38:48.125961+00,97,0,1846,25,96,3,1,Warning (MODERATE),Raining
5644,2026-09-29 21:38:54.294486+00,98,0,1847,25,96,3,1,Warning (MODERATE),Raining
5645,2026-09-29 21:39:00.426124+00,90,0,1846,25,96,3,2,Flood Alert (HIGH),Raining
5646,2026-09-29 21:39:06.607509+00,90,0,1846,25,96,3,2,Flood Alert (HIGH),Raining
5647,2026-09-29 21:39:12.631734+00,100,0,1846,25,96,3,1,Warning (MODERATE),Raining
5648,2026-09-29 21:39:18.840645+00,87,0,1848,25,96,3,2,Flood Alert (HIGH),Raining
5649,2026-09-29 21:39:25.240954+00,100,0,1846,25,96,3,2,Flood Alert (HIGH),Raining
5650,2026-09-29 21:39:31.232792+00,89,0,1846,25,96,3,2,Flood Alert (HIGH),Raining
5651,2026-09-29 21:39:37.482908+00,96,0,1846,25,96,3,2,Flood Alert (HIGH),Raining
5652,2026-09-29 21:39:43.675473+00,94,0,1848,25,96,3,2,Flood Alert (HIGH),Raining
5653,2026-09-29 21:39:49.752481+00,95,0,1847,25,96,3,1,Warning (MODERATE),Raining
5654,2026-09-29 21:39:55.964031+00,89,0,1847,25,96,3,2,Flood Alert (HIGH),Raining
5655,2026-09-29 21:40:01.962832+00,97,0,1848,25,96,3,1,Warning (MODERATE),Raining
5656,2026-09-29 21:40:08.376462+00,88,0,1846,25,96,3,2,Flood Alert (HIGH),Raining
5657,2026-09-29 21:40:14.4202+00,94,0,1847,25,96,3,1,Warning (MODERATE),Raining
5658,2026-09-29 21:40:20.779451+00,96,0,1846,25,96,3,1,Warning (MODERATE),Raining
5659,2026-09-29 21:40:27.097244+00,88,0,1846,25,96,3,1,Warning (MODERATE),Raining
5660,2026-09-29 21:40:33.668841+00,94,0,1846,25,96,3,1,Warning (MODERATE),Raining
5661,2026-09-29 21:40:40.243865+00,94,0,1848,25,96,3,1,Warning (MODERATE),Raining
5662,2026-09-29 21:40:46.694903+00,100,0,1847,25,96,3,1,Warning (MODERATE),Raining
5663,2026-09-29 21:40:53.080223+00,97,0,1849,25,96,3,1,Warning (MODERATE),Raining
5664,2026-09-29 21:40:59.224718+00,87,0,1847,25,96,3,2,Flood Alert (HIGH),Raining
5665,2026-09-29 21:41:05.412736+00,100,0,1847,25,96,3,1,Warning (MODERATE),Raining
5666,2026-09-29 21:41:11.816295+00,94,0,1849,25,96,3,2,Flood Alert (HIGH),Raining
5667,2026-09-29 21:41:17.899395+00,100,0,1847,25,96,3,1,Warning (MODERATE),Raining
5668,2026-09-29 21:41:23.931751+00,86,0,1849,25,96,3,2,Flood Alert (HIGH),Raining
5669,2026-09-29 21:41:30.051645+00,100,0,1847,25,96,3,2,Flood Alert (HIGH),Raining
5670,2026-09-29 21:41:36.075889+00,86,0,1849,25,96,3,2,Flood Alert (HIGH),Raining
5671,2026-09-29 21:41:42.277213+00,88,0,1847,25,96,3,2,Flood Alert (HIGH),Raining
5672,2026-09-29 21:41:48.706372+00,100,0,1847,25,96,3,1,Warning (MODERATE),Raining
5673,2026-09-29 21:41:54.776424+00,93,0,1847,25,96,3,2,Flood Alert (HIGH),Raining
5674,2026-09-29 21:42:01.084915+00,100,0,1848,25,96,3,2,Flood Alert (HIGH),Raining
5675,2026-09-29 21:42:07.159699+00,94,0,1847,25,96,3,2,Flood Alert (HIGH),Raining
5676,2026-09-29 21:42:13.654568+00,94,0,1847,25,96,3,2,Flood Alert (HIGH),Raining
5677,2026-09-29 21:42:19.838169+00,89,0,1849,25,96,3,2,Flood Alert (HIGH),Raining
5678,2026-09-29 21:42:25.902942+00,90,0,1846,25,96,3,2,Flood Alert (HIGH),Raining
5679,2026-09-29 21:42:32.236228+00,93,0,1848,25,96,3,1,Warning (MODERATE),Raining
5680,2026-09-29 21:42:38.202232+00,87,0,1849,25,96,3,2,Flood Alert (HIGH),Raining
5681,2026-09-29 21:42:44.514713+00,95,0,1848,25,96,3,1,Warning (MODERATE),Raining
5682,2026-09-29 21:42:50.506034+00,100,0,1847,25,96,3,1,Warning (MODERATE),Raining
5683,2026-09-29 21:42:56.703012+00,85,0,1847,25,96,3,2,Flood Alert (HIGH),Raining
5684,2026-09-29 21:43:02.803197+00,100,0,1847,25,96,3,1,Warning (MODERATE),Raining
5685,2026-09-29 21:43:08.988959+00,87,0,1848,25,96,3,1,Warning (MODERATE),Raining
5686,2026-09-29 21:43:14.963216+00,100,0,1848,25,96,3,1,Warning (MODERATE),Raining
5687,2026-09-29 21:43:21.208883+00,99,0,1847,25,96,3,1,Warning (MODERATE),Raining
5688,2026-09-29 21:43:27.446259+00,100,0,1850,25,96,3,1,Warning (MODERATE),Raining
5689,2026-09-29 21:43:33.461855+00,97,0,1849,25,96,3,2,Flood Alert (HIGH),Raining
5690,2026-09-29 21:43:39.415756+00,94,0,1849,25,96,3,2,Flood Alert (HIGH),Raining
5691,2026-09-29 21:43:45.453284+00,100,0,1849,25,96,3,1,Warning (MODERATE),Raining
5692,2026-09-29 21:43:51.483308+00,87,0,1848,25,96,3,2,Flood Alert (HIGH),Raining
5693,2026-09-29 21:43:57.464413+00,100,0,1847,25,96,3,1,Warning (MODERATE),Raining
5694,2026-09-29 21:44:03.713777+00,100,0,1848,25,96,3,1,Warning (MODERATE),Raining
5695,2026-09-29 21:44:09.975949+00,99,0,1849,25,96,3,1,Warning (MODERATE),Raining
5696,2026-09-29 21:44:16.126353+00,88,0,1847,25,96,3,2,Flood Alert (HIGH),Raining
5697,2026-09-29 21:44:22.266457+00,93,0,1847,25,96,3,2,Flood Alert (HIGH),Raining
5698,2026-09-29 21:44:28.520473+00,99,0,1849,25,96,3,2,Flood Alert (HIGH),Raining
5699,2026-09-29 21:44:34.580466+00,100,0,1850,25,96,3,1,Warning (MODERATE),Raining
5700,2026-09-29 21:44:40.970351+00,100,0,1848,25,96,3,1,Warning (MODERATE),Raining
5701,2026-09-29 21:44:47.398609+00,91,0,1848,25,96,3,2,Flood Alert (HIGH),Raining
5702,2026-09-29 21:44:53.614693+00,95,0,1848,25,96,3,2,Flood Alert (HIGH),Raining
5703,2026-09-29 21:44:59.773088+00,100,0,1847,25,96,3,2,Flood Alert (HIGH),Raining
5704,2026-09-29 21:45:05.923026+00,94,0,1847,25,96,3,1,Warning (MODERATE),Raining
5705,2026-09-29 21:45:12.086578+00,88,0,1849,25,96,3,2,Flood Alert (HIGH),Raining
5706,2026-09-29 21:45:18.056249+00,100,0,1847,25,96,3,2,Flood Alert (HIGH),Raining
5707,2026-09-29 21:45:24.39411+00,99,0,1848,25,96,3,2,Flood Alert (HIGH),Raining
5708,2026-09-29 21:45:30.922222+00,87,0,1850,25,96,3,2,Flood Alert (HIGH),Raining
5709,2026-09-29 21:45:36.986511+00,87,0,1850,25,96,3,2,Flood Alert (HIGH),Raining
5710,2026-09-29 21:45:43.447543+00,96,0,1847,25,96,3,2,Flood Alert (HIGH),Raining
5711,2026-09-29 21:45:49.790901+00,90,0,1849,25,96,3,2,Flood Alert (HIGH),Raining
5712,2026-09-29 21:45:55.715258+00,100,0,1849,25,96,3,1,Warning (MODERATE),Raining
5713,2026-09-29 21:46:01.698529+00,100,0,1847,25,96,3,1,Warning (MODERATE),Raining
5714,2026-09-29 21:46:07.943006+00,98,0,1848,25,96,3,2,Flood Alert (HIGH),Raining
5715,2026-09-29 21:46:14.385407+00,95,0,1848,25,96,3,2,Flood Alert (HIGH),Raining
5716,2026-09-29 21:46:20.659202+00,88,0,1849,25,96,3,2,Flood Alert (HIGH),Raining
5717,2026-09-29 21:46:26.843182+00,97,0,1849,25,96,3,1,Warning (MODERATE),Raining
5718,2026-09-29 21:46:32.888222+00,94,0,1849,25,96,3,2,Flood Alert (HIGH),Raining
5719,2026-09-29 21:46:38.945734+00,87,0,1849,25,96,3,2,Flood Alert (HIGH),Raining
5720,2026-09-29 21:46:45.345367+00,96,0,1847,25,96,3,2,Flood Alert (HIGH),Raining
5721,2026-09-29 21:46:51.500013+00,90,0,1850,25,96,3,2,Flood Alert (HIGH),Raining
5722,2026-09-29 21:46:57.562062+00,95,0,1847,25,96,3,1,Warning (MODERATE),Raining
5723,2026-09-29 21:47:03.562204+00,90,0,1848,25,96,3,1,Warning (MODERATE),Raining
5724,2026-09-29 21:47:09.861481+00,95,0,1848,25,96,3,1,Warning (MODERATE),Raining
5725,2026-09-29 21:47:16.010004+00,100,0,1849,25,96,3,1,Warning (MODERATE),Raining
5726,2026-09-29 21:47:22.040392+00,98,0,1848,25,96,3,1,Warning (MODERATE),Raining
5727,2026-09-29 21:47:28.098159+00,100,0,1850,25,96,3,1,Warning (MODERATE),Raining
5728,2026-09-29 21:47:34.631714+00,94,0,1848,25,96,3,1,Warning (MODERATE),Raining
5729,2026-09-29 21:47:40.782219+00,88,0,1849,25,96,3,2,Flood Alert (HIGH),Raining
5730,2026-09-29 21:47:47.059105+00,99,0,1848,25,96,3,1,Warning (MODERATE),Raining
5731,2026-09-29 21:47:53.597805+00,96,0,1850,25,96,3,1,Warning (MODERATE),Raining
5732,2026-09-29 21:47:59.691316+00,95,0,1849,25,96,3,2,Flood Alert (HIGH),Raining
5733,2026-09-29 21:48:05.893843+00,97,0,1849,25,96,3,2,Flood Alert (HIGH),Raining
5734,2026-09-29 21:48:12.44632+00,87,0,1848,25,96,3,2,Flood Alert (HIGH),Raining
5735,2026-09-29 21:48:18.825926+00,86,0,1850,25,96,3,2,Flood Alert (HIGH),Raining
5736,2026-09-29 21:48:25.227967+00,92,0,1849,25,96,3,2,Flood Alert (HIGH),Raining
5737,2026-09-29 21:48:31.472714+00,100,0,1848,25,96,3,1,Warning (MODERATE),Raining
5738,2026-09-29 21:48:37.510911+00,88,0,1850,25,96,3,2,Flood Alert (HIGH),Raining
5739,2026-09-29 21:48:43.506765+00,90,0,1847,25,96,3,2,Flood Alert (HIGH),Raining
5740,2026-09-29 21:48:50.036108+00,88,0,1849,25,96,3,2,Flood Alert (HIGH),Raining
5741,2026-09-29 21:48:56.294399+00,100,0,1849,25,96,3,1,Warning (MODERATE),Raining
5742,2026-09-29 21:49:02.578441+00,95,0,1850,25,96,3,1,Warning (MODERATE),Raining
5743,2026-09-29 21:49:08.658687+00,100,0,1848,25,96,3,1,Warning (MODERATE),Raining
5744,2026-09-29 21:49:14.724832+00,99,0,1849,25,96,3,1,Warning (MODERATE),Raining
5745,2026-09-29 21:49:21.196045+00,99,0,1847,25,96,3,2,Flood Alert (HIGH),Raining
5746,2026-09-29 21:49:27.618508+00,99,0,1849,25,96,3,1,Warning (MODERATE),Raining
5747,2026-09-29 21:49:34.115604+00,97,0,1850,25,96,3,1,Warning (MODERATE),Raining
5748,2026-09-29 21:49:40.437214+00,100,0,1850,25,96,3,1,Warning (MODERATE),Raining
5749,2026-09-29 21:49:46.753215+00,90,0,1848,25,96,3,1,Warning (MODERATE),Raining
5750,2026-09-29 21:49:52.804854+00,97,0,1849,25,96,3,1,Warning (MODERATE),Raining
5751,2026-09-29 21:49:59.329238+00,87,0,1849,25,96,3,2,Flood Alert (HIGH),Raining
5752,2026-09-29 21:50:05.581885+00,94,0,1849,25,96,3,2,Flood Alert (HIGH),Raining
5753,2026-09-29 21:50:11.750627+00,100,0,1849,25,96,3,2,Flood Alert (HIGH),Raining
5754,2026-09-29 21:50:17.922841+00,96,0,1849,25,96,3,2,Flood Alert (HIGH),Raining
5755,2026-09-29 21:50:23.951223+00,91,0,1848,25,96,3,2,Flood Alert (HIGH),Raining
5756,2026-09-29 21:50:30.39498+00,100,0,1848,25,96,3,2,Flood Alert (HIGH),Raining
5757,2026-09-29 21:50:36.868231+00,95,0,1847,25,96,3,2,Flood Alert (HIGH),Raining
5758,2026-09-29 21:50:43.319451+00,94,0,1848,25,96,3,2,Flood Alert (HIGH),Raining
5759,2026-09-29 21:50:49.805704+00,96,0,1850,25,96,3,1,Warning (MODERATE),Raining
5760,2026-09-29 21:50:56.255942+00,94,0,1850,25,96,3,1,Warning (MODERATE),Raining
5761,2026-09-29 21:51:02.329494+00,87,0,1848,25,96,3,2,Flood Alert (HIGH),Raining
5762,2026-09-29 21:51:08.785153+00,92,0,1849,25,96,3,2,Flood Alert (HIGH),Raining
5763,2026-09-29 21:51:14.822928+00,90,0,1851,25,96,3,2,Flood Alert (HIGH),Raining
5764,2026-09-29 21:51:21.186717+00,89,0,1849,25,96,3,2,Flood Alert (HIGH),Raining
5765,2026-09-29 21:51:27.749184+00,94,0,1850,25,96,3,1,Warning (MODERATE),Raining
5766,2026-09-29 21:51:34.280942+00,97,0,1851,25,96,3,1,Warning (MODERATE),Raining
5767,2026-09-29 21:51:40.315923+00,100,0,1852,25,96,3,1,Warning (MODERATE),Raining
5768,2026-09-29 21:51:46.309911+00,100,0,1851,25,96,3,1,Warning (MODERATE),Raining
5769,2026-09-29 21:51:52.66064+00,94,0,1850,25,96,3,1,Warning (MODERATE),Raining
5770,2026-09-29 21:51:59.051875+00,89,0,1850,25,96,3,2,Flood Alert (HIGH),Raining
5771,2026-09-29 21:52:05.528443+00,87,0,1851,25,96,3,2,Flood Alert (HIGH),Raining
5772,2026-09-29 21:52:11.556303+00,100,0,1851,25,96,3,1,Warning (MODERATE),Raining
5773,2026-09-29 21:52:17.543746+00,99,0,1850,25,96,3,1,Warning (MODERATE),Raining
5774,2026-09-29 21:52:23.751086+00,100,0,1850,25,96,3,2,Flood Alert (HIGH),Raining
5775,2026-09-29 21:52:30.206075+00,100,0,1849,25,96,3,2,Flood Alert (HIGH),Raining
5776,2026-09-29 21:52:36.235059+00,89,0,1848,25,96,3,2,Flood Alert (HIGH),Raining
5777,2026-09-29 21:52:42.73265+00,99,0,1850,25,96,3,2,Flood Alert (HIGH),Raining
5778,2026-09-29 21:52:49.011922+00,96,0,1849,25,96,3,1,Warning (MODERATE),Raining
5779,2026-09-29 21:52:55.085387+00,96,0,1851,25,96,3,1,Warning (MODERATE),Raining
5780,2026-09-29 21:53:01.124322+00,100,0,1849,25,96,3,1,Warning (MODERATE),Raining
5781,2026-09-29 21:53:07.704765+00,95,0,1850,25,96,3,2,Flood Alert (HIGH),Raining
5782,2026-09-29 21:53:14.170336+00,98,0,1850,25,96,3,2,Flood Alert (HIGH),Raining
5783,2026-09-29 21:53:20.572175+00,89,0,1851,25,96,3,2,Flood Alert (HIGH),Raining
5784,2026-09-29 21:53:26.775822+00,86,0,1848,25,96,3,2,Flood Alert (HIGH),Raining
5785,2026-09-29 21:53:32.944479+00,90,0,1851,25,96,3,2,Flood Alert (HIGH),Raining
5786,2026-09-29 21:53:39.284071+00,87,0,1850,25,96,3,2,Flood Alert (HIGH),Raining
5787,2026-09-29 21:53:45.726157+00,90,0,1849,25,96,3,2,Flood Alert (HIGH),Raining
5788,2026-09-29 21:53:52.222835+00,97,0,1850,25,96,3,1,Warning (MODERATE),Raining
5789,2026-09-29 21:53:58.288977+00,97,0,1850,25,96,3,1,Warning (MODERATE),Raining
5790,2026-09-29 21:54:04.870626+00,95,0,1850,25,96,3,1,Warning (MODERATE),Raining
5791,2026-09-29 21:54:10.830826+00,95,0,1851,25,96,3,1,Warning (MODERATE),Raining
5792,2026-09-29 21:54:17.274425+00,100,0,1851,25,96,3,1,Warning (MODERATE),Raining
5793,2026-09-29 21:54:24.295235+00,100,0,1849,25,96,3,1,Warning (MODERATE),Raining
5794,2026-09-29 21:54:30.661454+00,100,0,1851,25,96,3,1,Warning (MODERATE),Raining
5795,2026-09-29 21:54:36.797353+00,96,0,1849,25,96,3,1,Warning (MODERATE),Raining
5796,2026-09-29 21:54:42.897092+00,94,0,1850,25,96,3,1,Warning (MODERATE),Raining
5797,2026-09-29 21:54:49.142939+00,89,0,1851,25,96,3,2,Flood Alert (HIGH),Raining
5798,2026-09-29 21:54:55.39797+00,91,0,1851,25,96,3,2,Flood Alert (HIGH),Raining
5799,2026-09-29 21:55:01.618355+00,100,0,1849,25,96,3,2,Flood Alert (HIGH),Raining
5800,2026-09-29 21:55:07.628343+00,98,0,1850,25,96,3,2,Flood Alert (HIGH),Raining
5801,2026-09-29 21:55:13.879978+00,87,0,1850,25,96,3,2,Flood Alert (HIGH),Raining
5802,2026-09-29 21:55:20.165748+00,89,0,1849,25,96,3,2,Flood Alert (HIGH),Raining
5803,2026-09-29 21:55:26.323511+00,99,0,1850,25,96,3,1,Warning (MODERATE),Raining
5804,2026-09-29 21:55:32.337001+00,89,0,1849,25,96,3,2,Flood Alert (HIGH),Raining
5805,2026-09-29 21:55:38.424133+00,90,0,1849,25,96,3,1,Warning (MODERATE),Raining
5806,2026-09-29 21:55:44.883251+00,96,0,1849,25,96,3,1,Warning (MODERATE),Raining
5807,2026-09-29 21:55:51.33486+00,100,0,1848,25,96,3,1,Warning (MODERATE),Raining
5808,2026-09-29 21:55:58.7159+00,89,0,1849,25,96,3,2,Flood Alert (HIGH),Raining
5809,2026-09-29 21:56:04.747884+00,100,0,1850,25,96,3,1,Warning (MODERATE),Raining
5810,2026-09-29 21:56:11.277073+00,87,0,1851,25,96,3,1,Warning (MODERATE),Raining
5811,2026-09-29 21:56:17.547533+00,94,0,1851,25,96,3,2,Flood Alert (HIGH),Raining
5812,2026-09-29 21:56:24.267728+00,100,0,1851,25,96,3,1,Warning (MODERATE),Raining
5813,2026-09-29 21:56:30.548174+00,88,0,1849,25,96,3,2,Flood Alert (HIGH),Raining
5814,2026-09-29 21:56:37.018863+00,99,0,1849,25,96,3,2,Flood Alert (HIGH),Raining
5815,2026-09-29 21:56:43.451101+00,87,0,1849,25,96,3,2,Flood Alert (HIGH),Raining
5816,2026-09-29 21:56:49.92745+00,93,0,1849,25,96,3,2,Flood Alert (HIGH),Raining
5817,2026-09-29 21:56:56.398925+00,88,0,1849,25,96,3,2,Flood Alert (HIGH),Raining
5818,2026-09-29 21:57:02.74061+00,91,0,1850,25,96,3,1,Warning (MODERATE),Raining
5819,2026-09-29 21:57:09.113116+00,87,0,1848,25,96,3,1,Warning (MODERATE),Raining
5820,2026-09-29 21:57:15.313153+00,88,0,1849,25,96,3,1,Warning (MODERATE),Raining
5821,2026-09-29 21:57:21.799522+00,95,0,1850,25,96,3,1,Warning (MODERATE),Raining
5822,2026-09-29 21:57:28.071886+00,88,0,1851,25,96,3,1,Warning (MODERATE),Raining
5823,2026-09-29 21:57:34.080581+00,100,0,1851,25,96,3,1,Warning (MODERATE),Raining
5824,2026-09-29 21:57:40.269075+00,92,0,1849,25,96,3,1,Warning (MODERATE),Raining
5825,2026-09-29 21:57:46.331829+00,99,0,1851,25,96,3,1,Warning (MODERATE),Raining
5826,2026-09-29 21:57:52.662628+00,94,0,1852,25,96,3,1,Warning (MODERATE),Raining
5827,2026-09-29 21:57:59.182771+00,88,0,1849,25,96,3,1,Warning (MODERATE),Raining
5828,2026-09-29 21:58:05.444245+00,99,0,1850,25,96,3,1,Warning (MODERATE),Raining
5829,2026-09-29 21:58:11.593886+00,87,0,1849,25,96,3,2,Flood Alert (HIGH),Raining
5830,2026-09-29 21:58:17.698037+00,89,0,1848,25,96,3,2,Flood Alert (HIGH),Raining
5831,2026-09-29 21:58:24.144022+00,90,0,1848,25,96,3,2,Flood Alert (HIGH),Raining
5832,2026-09-29 21:58:30.513002+00,96,0,1849,25,96,3,1,Warning (MODERATE),Raining
5833,2026-09-29 21:58:36.783435+00,89,0,1849,25,96,3,1,Warning (MODERATE),Raining
5834,2026-09-29 21:58:42.861041+00,97,0,1851,25,96,3,1,Warning (MODERATE),Raining
5835,2026-09-29 21:58:49.215456+00,87,0,1851,25,96,3,1,Warning (MODERATE),Raining
5836,2026-09-29 21:58:55.596959+00,95,0,1851,25,96,3,1,Warning (MODERATE),Raining
5837,2026-09-29 21:59:01.545143+00,94,0,1851,25,96,3,1,Warning (MODERATE),Raining
5838,2026-09-29 21:59:07.813217+00,93,0,1850,25,96,3,1,Warning (MODERATE),Raining
5839,2026-09-29 21:59:13.912194+00,88,0,1850,25,96,3,1,Warning (MODERATE),Raining
5840,2026-09-29 21:59:20.208359+00,100,0,1850,25,96,3,1,Warning (MODERATE),Raining
5841,2026-09-29 21:59:26.53058+00,100,0,1851,25,96,3,1,Warning (MODERATE),Raining
5842,2026-09-29 21:59:32.7451+00,88,0,1852,25,96,3,2,Flood Alert (HIGH),Raining
5843,2026-09-29 21:59:39.155949+00,100,0,1851,25,96,3,1,Warning (MODERATE),Raining
5844,2026-09-29 21:59:45.640832+00,94,0,1851,25,96,3,1,Warning (MODERATE),Raining
5845,2026-09-29 21:59:51.993307+00,93,0,1851,25,96,3,2,Flood Alert (HIGH),Raining
5846,2026-09-29 21:59:58.442177+00,86,0,1851,25,96,3,2,Flood Alert (HIGH),Raining
5847,2026-09-29 22:00:04.904917+00,90,0,1849,25,96,3,2,Flood Alert (HIGH),Raining
5848,2026-09-29 22:00:11.321449+00,88,0,1850,25,96,3,2,Flood Alert (HIGH),Raining
5849,2026-09-29 22:00:17.431698+00,100,0,1852,25,96,3,1,Warning (MODERATE),Raining
5850,2026-09-29 22:00:23.843495+00,87,0,1849,25,96,3,1,Warning (MODERATE),Raining
5851,2026-09-29 22:00:30.34434+00,96,0,1848,25,96,3,1,Warning (MODERATE),Raining
5852,2026-09-29 22:00:36.630209+00,92,0,1848,25,96,3,1,Warning (MODERATE),Raining
5853,2026-09-29 22:00:43.137451+00,87,0,1849,25,96,3,1,Warning (MODERATE),Raining
5854,2026-09-29 22:00:49.348319+00,95,0,1850,25,96,3,1,Warning (MODERATE),Raining
5855,2026-09-29 22:00:55.785691+00,89,0,1850,25,96,3,1,Warning (MODERATE),Raining
5856,2026-09-29 22:01:02.269755+00,96,0,1849,25,96,3,1,Warning (MODERATE),Raining
5857,2026-09-29 22:01:08.518943+00,90,0,1852,25,96,3,1,Warning (MODERATE),Raining
5858,2026-09-29 22:01:14.78747+00,96,0,1852,25,96,3,1,Warning (MODERATE),Raining
5859,2026-09-29 22:01:20.944924+00,100,0,1849,25,96,3,1,Warning (MODERATE),Raining
5860,2026-09-29 22:01:27.01022+00,88,0,1850,25,96,3,1,Warning (MODERATE),Raining
5861,2026-09-29 22:01:33.41398+00,98,0,1849,25,96,3,1,Warning (MODERATE),Raining
5862,2026-09-29 22:01:39.735584+00,98,0,1851,25,96,3,1,Warning (MODERATE),Raining
5863,2026-09-29 22:01:45.719153+00,88,0,1849,25,96,3,2,Flood Alert (HIGH),Raining
5864,2026-09-29 22:01:51.877275+00,88,0,1850,25,96,3,2,Flood Alert (HIGH),Raining
5865,2026-09-29 22:01:57.908176+00,94,0,1852,25,96,3,1,Warning (MODERATE),Raining
5866,2026-09-29 22:02:04.018868+00,96,0,1852,25,96,3,1,Warning (MODERATE),Raining
5867,2026-09-29 22:02:10.20942+00,87,0,1851,25,96,3,2,Flood Alert (HIGH),Raining
5868,2026-09-29 22:02:16.693161+00,100,0,1852,25,96,3,1,Warning (MODERATE),Raining
5869,2026-09-29 22:02:23.039831+00,97,0,1850,25,96,3,1,Warning (MODERATE),Raining
5870,2026-09-29 22:02:29.430917+00,88,0,1850,25,96,3,2,Flood Alert (HIGH),Raining
5871,2026-09-29 22:02:35.63182+00,96,0,1850,25,96,3,1,Warning (MODERATE),Raining
5872,2026-09-29 22:02:41.962077+00,99,0,1849,25,96,3,1,Warning (MODERATE),Raining
5873,2026-09-29 22:02:48.255188+00,100,0,1849,25,96,3,1,Warning (MODERATE),Raining
5874,2026-09-29 22:02:54.550311+00,95,0,1851,25,96,3,2,Flood Alert (HIGH),Raining
5875,2026-09-29 22:03:00.906619+00,94,0,1852,25,96,3,1,Warning (MODERATE),Raining
5876,2026-09-29 22:03:07.267456+00,92,0,1851,25,96,3,2,Flood Alert (HIGH),Raining
5877,2026-09-29 22:03:13.520815+00,100,0,1851,25,96,3,2,Flood Alert (HIGH),Raining
5878,2026-09-29 22:03:19.727718+00,86,0,1851,25,96,3,2,Flood Alert (HIGH),Raining
5879,2026-09-29 22:03:25.712468+00,90,0,1850,25,96,3,2,Flood Alert (HIGH),Raining
5880,2026-09-29 22:03:31.942428+00,98,0,1849,25,96,3,2,Flood Alert (HIGH),Raining
5881,2026-09-29 22:03:38.369681+00,96,0,1849,25,96,3,2,Flood Alert (HIGH),Raining
5882,2026-09-29 22:03:44.706531+00,87,0,1850,25,96,3,2,Flood Alert (HIGH),Raining
5883,2026-09-29 22:03:50.99958+00,87,0,1849,25,96,3,2,Flood Alert (HIGH),Raining
5884,2026-09-29 22:03:57.21817+00,97,0,1850,25,96,3,1,Warning (MODERATE),Raining
5885,2026-09-29 22:04:03.583434+00,99,0,1851,25,96,3,1,Warning (MODERATE),Raining
5886,2026-09-29 22:04:09.884928+00,100,0,1849,25,96,3,1,Warning (MODERATE),Raining
5887,2026-09-29 22:04:16.142299+00,99,0,1849,25,96,3,1,Warning (MODERATE),Raining
5888,2026-09-29 22:04:22.341605+00,90,0,1852,25,96,3,2,Flood Alert (HIGH),Raining
5889,2026-09-29 22:04:28.586305+00,91,0,1851,25,96,3,2,Flood Alert (HIGH),Raining
5890,2026-09-29 22:04:34.889668+00,96,0,1851,25,96,3,1,Warning (MODERATE),Raining
5891,2026-09-29 22:04:40.973434+00,93,0,1851,25,96,3,1,Warning (MODERATE),Raining
5892,2026-09-29 22:04:47.302025+00,88,0,1849,25,96,3,2,Flood Alert (HIGH),Raining
5893,2026-09-29 22:04:53.732922+00,100,0,1851,25,96,3,2,Flood Alert (HIGH),Raining
5894,2026-09-29 22:04:59.761983+00,100,0,1852,25,96,3,2,Flood Alert (HIGH),Raining
5895,2026-09-29 22:05:05.780699+00,87,0,1849,25,96,3,2,Flood Alert (HIGH),Raining
5896,2026-09-29 22:05:11.938527+00,99,0,1849,25,96,3,1,Warning (MODERATE),Raining
5897,2026-09-29 22:05:18.142345+00,88,0,1850,25,96,3,2,Flood Alert (HIGH),Raining
5898,2026-09-29 22:05:24.574255+00,88,0,1851,25,96,3,2,Flood Alert (HIGH),Raining
5899,2026-09-29 22:05:31.050273+00,86,0,1848,25,96,3,2,Flood Alert (HIGH),Raining
5900,2026-09-29 22:05:37.309031+00,93,0,1851,25,96,3,1,Warning (MODERATE),Raining
5901,2026-09-29 22:05:43.574743+00,99,0,1852,25,96,3,1,Warning (MODERATE),Raining
5902,2026-09-29 22:05:49.703942+00,86,0,1851,25,96,3,1,Warning (MODERATE),Raining
5903,2026-09-29 22:05:55.931752+00,88,0,1852,25,96,3,1,Warning (MODERATE),Raining
5904,2026-09-29 22:06:02.432941+00,100,0,1849,25,96,3,1,Warning (MODERATE),Raining
5905,2026-09-29 22:06:08.557421+00,92,0,1849,25,96,3,1,Warning (MODERATE),Raining
5906,2026-09-29 22:06:14.722351+00,97,0,1850,25,96,3,1,Warning (MODERATE),Raining
5907,2026-09-29 22:06:20.814301+00,89,0,1850,25,96,3,1,Warning (MODERATE),Raining
5908,2026-09-29 22:06:27.126147+00,90,0,1849,25,96,3,1,Warning (MODERATE),Raining
5909,2026-09-29 22:06:33.434398+00,94,0,1850,25,96,3,1,Warning (MODERATE),Raining
5910,2026-09-29 22:06:39.750473+00,94,0,1850,25,96,3,1,Warning (MODERATE),Raining
5911,2026-09-29 22:06:46.07573+00,100,0,1851,25,96,3,1,Warning (MODERATE),Raining
5912,2026-09-29 22:06:52.014916+00,100,0,1849,25,96,3,1,Warning (MODERATE),Raining
5913,2026-09-29 22:06:58.473466+00,99,0,1851,25,96,3,2,Flood Alert (HIGH),Raining
5914,2026-09-29 22:07:04.943481+00,95,0,1850,25,96,3,2,Flood Alert (HIGH),Raining
5915,2026-09-29 22:07:11.318132+00,92,0,1851,25,96,3,2,Flood Alert (HIGH),Raining
5916,2026-09-29 22:07:17.508123+00,92,0,1851,25,96,3,1,Warning (MODERATE),Raining
5917,2026-09-29 22:07:23.575632+00,93,0,1849,25,96,3,2,Flood Alert (HIGH),Raining
5918,2026-09-29 22:07:29.889463+00,89,0,1851,25,96,3,2,Flood Alert (HIGH),Raining
5919,2026-09-29 22:07:35.956624+00,96,0,1851,25,96,3,2,Flood Alert (HIGH),Raining
5920,2026-09-29 22:07:42.396816+00,90,0,1852,25,96,3,2,Flood Alert (HIGH),Raining
5921,2026-09-29 22:07:48.58893+00,100,0,1851,25,96,3,1,Warning (MODERATE),Raining
5922,2026-09-29 22:07:54.642402+00,86,0,1849,25,96,3,2,Flood Alert (HIGH),Raining
5923,2026-09-29 22:08:00.82829+00,98,0,1851,25,96,3,1,Warning (MODERATE),Raining
5924,2026-09-29 22:08:07.305129+00,87,0,1852,25,96,3,2,Flood Alert (HIGH),Raining
5925,2026-09-29 22:08:13.6593+00,98,0,1848,25,96,3,1,Warning (MODERATE),Raining
5926,2026-09-29 22:08:20.286089+00,92,0,1849,25,96,3,1,Warning (MODERATE),Raining
5927,2026-09-29 22:08:26.325801+00,91,0,1851,25,96,3,2,Flood Alert (HIGH),Raining
5928,2026-09-29 22:08:32.448546+00,96,0,1849,25,96,3,1,Warning (MODERATE),Raining
5929,2026-09-29 22:08:38.571257+00,87,0,1849,25,96,3,2,Flood Alert (HIGH),Raining
5930,2026-09-29 22:08:44.78775+00,99,0,1851,25,96,3,1,Warning (MODERATE),Raining
5931,2026-09-29 22:08:51.367982+00,92,0,1851,25,96,3,1,Warning (MODERATE),Raining
5932,2026-09-29 22:08:57.673251+00,86,0,1849,25,96,3,2,Flood Alert (HIGH),Raining
5933,2026-09-29 22:09:04.079067+00,93,0,1850,25,96,3,1,Warning (MODERATE),Raining
5934,2026-09-29 22:09:10.168991+00,95,0,1851,25,96,3,1,Warning (MODERATE),Raining
5935,2026-09-29 22:09:16.662082+00,96,0,1849,25,96,3,1,Warning (MODERATE),Raining
5936,2026-09-29 22:09:22.971707+00,91,0,1851,25,96,3,1,Warning (MODERATE),Raining
5937,2026-09-29 22:09:29.336342+00,94,0,1851,25,96,3,1,Warning (MODERATE),Raining
5938,2026-09-29 22:09:35.611335+00,95,0,1851,25,96,3,1,Warning (MODERATE),Raining
5939,2026-09-29 22:09:41.789843+00,98,0,1851,25,96,3,1,Warning (MODERATE),Raining
5940,2026-09-29 22:09:47.827826+00,98,0,1851,25,96,3,1,Warning (MODERATE),Raining
5941,2026-09-29 22:09:53.839075+00,90,0,1849,25,96,3,1,Warning (MODERATE),Raining
5942,2026-09-29 22:10:00.020436+00,96,0,1849,25,96,3,2,Flood Alert (HIGH),Raining
5943,2026-09-29 22:10:05.977153+00,91,0,1850,25,96,3,2,Flood Alert (HIGH),Raining
5944,2026-09-29 22:10:12.254761+00,92,0,1849,25,96,3,2,Flood Alert (HIGH),Raining
5945,2026-09-29 22:10:18.537339+00,100,0,1850,25,96,3,1,Warning (MODERATE),Raining
5946,2026-09-29 22:10:24.73221+00,97,0,1850,25,96,3,1,Warning (MODERATE),Raining
5947,2026-09-29 22:10:30.975508+00,92,0,1851,25,96,3,2,Flood Alert (HIGH),Raining
5948,2026-09-29 22:10:37.300781+00,96,0,1851,25,96,3,2,Flood Alert (HIGH),Raining
5949,2026-09-29 22:10:43.614593+00,100,0,1849,25,96,3,1,Warning (MODERATE),Raining
5950,2026-09-29 22:10:49.769758+00,97,0,1852,25,96,3,1,Warning (MODERATE),Raining
5951,2026-09-29 22:10:56.183956+00,98,0,1849,25,96,3,1,Warning (MODERATE),Raining
5952,2026-09-29 22:11:02.181313+00,100,0,1850,25,96,3,1,Warning (MODERATE),Raining
5953,2026-09-29 22:11:08.669605+00,100,0,1852,25,96,3,1,Warning (MODERATE),Raining
5954,2026-09-29 22:11:14.984171+00,95,0,1852,25,96,3,1,Warning (MODERATE),Raining
5955,2026-09-29 22:11:21.35068+00,95,0,1851,25,96,3,1,Warning (MODERATE),Raining
5956,2026-09-29 22:11:27.641624+00,88,0,1849,25,96,3,2,Flood Alert (HIGH),Raining
5957,2026-09-29 22:11:33.74868+00,87,0,1852,25,96,3,2,Flood Alert (HIGH),Raining
5958,2026-09-29 22:11:40.060638+00,96,0,1850,25,96,3,2,Flood Alert (HIGH),Raining
5959,2026-09-29 22:11:46.548436+00,98,0,1851,25,96,3,2,Flood Alert (HIGH),Raining
5960,2026-09-29 22:11:52.817694+00,98,0,1850,25,96,3,2,Flood Alert (HIGH),Raining
5961,2026-09-29 22:11:58.964376+00,93,0,1851,25,96,3,2,Flood Alert (HIGH),Raining
5962,2026-09-29 22:12:05.054994+00,95,0,1852,25,96,3,2,Flood Alert (HIGH),Raining
5963,2026-09-29 22:12:11.05899+00,100,0,1850,25,96,3,1,Warning (MODERATE),Raining
5964,2026-09-29 22:12:17.262161+00,90,0,1851,25,96,3,1,Warning (MODERATE),Raining
5965,2026-09-29 22:12:23.675454+00,100,0,1852,25,96,3,1,Warning (MODERATE),Raining
5966,2026-09-29 22:12:29.781064+00,91,0,1850,25,96,3,2,Flood Alert (HIGH),Raining
5967,2026-09-29 22:12:36.261188+00,97,0,1849,25,96,3,2,Flood Alert (HIGH),Raining
5968,2026-09-29 22:12:42.390735+00,95,0,1850,25,96,3,2,Flood Alert (HIGH),Raining
5969,2026-09-29 22:12:48.645651+00,90,0,1852,25,96,3,2,Flood Alert (HIGH),Raining
5970,2026-09-29 22:12:54.714599+00,88,0,1850,25,96,3,2,Flood Alert (HIGH),Raining
5971,2026-09-29 22:13:00.660183+00,98,0,1851,25,96,3,1,Warning (MODERATE),Raining
5972,2026-09-29 22:13:07.11079+00,90,0,1851,25,96,3,2,Flood Alert (HIGH),Raining
5973,2026-09-29 22:13:13.493016+00,95,0,1851,25,96,3,1,Warning (MODERATE),Raining
5974,2026-09-29 22:13:19.576114+00,96,0,1851,25,96,3,1,Warning (MODERATE),Raining
5975,2026-09-29 22:13:25.583181+00,100,0,1851,25,96,3,1,Warning (MODERATE),Raining
5976,2026-09-29 22:13:31.790449+00,90,0,1852,25,96,3,2,Flood Alert (HIGH),Raining
5977,2026-09-29 22:13:38.240842+00,100,0,1850,25,96,3,1,Warning (MODERATE),Raining
5978,2026-09-29 22:13:44.720446+00,99,0,1849,25,96,3,1,Warning (MODERATE),Raining
5979,2026-09-29 22:13:51.139163+00,97,0,1850,25,96,3,1,Warning (MODERATE),Raining
5980,2026-09-29 22:13:57.35033+00,89,0,1850,25,96,3,2,Flood Alert (HIGH),Raining
5981,2026-09-29 22:14:03.598739+00,98,0,1851,25,96,3,1,Warning (MODERATE),Raining
5982,2026-09-29 22:14:09.762987+00,96,0,1852,25,96,3,2,Flood Alert (HIGH),Raining
5983,2026-09-29 22:14:15.909895+00,94,0,1851,25,96,3,2,Flood Alert (HIGH),Raining
5984,2026-09-29 22:14:22.072149+00,94,0,1850,25,96,3,2,Flood Alert (HIGH),Raining
5985,2026-09-29 22:14:28.588711+00,100,0,1850,25,96,3,1,Warning (MODERATE),Raining
5986,2026-09-29 22:14:34.72021+00,87,0,1849,25,96,3,2,Flood Alert (HIGH),Raining
5987,2026-09-29 22:14:41.032983+00,87,0,1852,25,96,3,2,Flood Alert (HIGH),Raining
5988,2026-09-29 22:14:47.400919+00,93,0,1851,25,96,3,2,Flood Alert (HIGH),Raining
5989,2026-09-29 22:14:53.732742+00,100,0,1851,25,96,3,1,Warning (MODERATE),Raining
5990,2026-09-29 22:15:00.124602+00,89,0,1852,25,96,3,2,Flood Alert (HIGH),Raining
5991,2026-09-29 22:15:06.423497+00,87,0,1850,25,96,3,2,Flood Alert (HIGH),Raining
5992,2026-09-29 22:15:12.89236+00,100,0,1851,25,96,3,1,Warning (MODERATE),Raining
5993,2026-09-29 22:15:19.255788+00,91,0,1852,25,96,3,1,Warning (MODERATE),Raining
5994,2026-09-29 22:15:25.589968+00,88,0,1853,25,96,3,1,Warning (MODERATE),Raining
5995,2026-09-29 22:15:31.939358+00,88,0,1851,25,96,3,1,Warning (MODERATE),Raining
5996,2026-09-29 22:15:38.329895+00,89,0,1852,25,96,3,1,Warning (MODERATE),Raining
5997,2026-09-29 22:15:44.476446+00,100,0,1850,25,96,3,1,Warning (MODERATE),Raining
5998,2026-09-29 22:15:50.673155+00,89,0,1852,25,96,3,1,Warning (MODERATE),Raining
5999,2026-09-29 22:15:57.09507+00,92,0,1852,25,96,3,1,Warning (MODERATE),Raining
6000,2026-09-29 22:16:03.638469+00,87,0,1851,25,96,3,1,Warning (MODERATE),Raining
6001,2026-09-29 22:16:09.80834+00,100,0,1851,25,96,3,1,Warning (MODERATE),Raining
6002,2026-09-29 22:16:16.340459+00,90,0,1853,25,96,3,1,Warning (MODERATE),Raining
6003,2026-09-29 22:16:22.453795+00,95,0,1852,25,96,3,1,Warning (MODERATE),Raining
6004,2026-09-29 22:16:28.724937+00,100,0,1853,25,96,3,1,Warning (MODERATE),Raining
6005,2026-09-29 22:16:34.961973+00,100,0,1852,25,96,3,1,Warning (MODERATE),Raining
6006,2026-09-29 22:16:40.998145+00,89,0,1851,25,96,3,2,Flood Alert (HIGH),Raining
6007,2026-09-29 22:16:47.188338+00,87,0,1852,25,96,3,2,Flood Alert (HIGH),Raining
6008,2026-09-29 22:16:53.601394+00,89,0,1852,25,96,3,2,Flood Alert (HIGH),Raining
6009,2026-09-29 22:16:59.727955+00,91,0,1851,25,96,3,2,Flood Alert (HIGH),Raining
6010,2026-09-29 22:17:06.027126+00,92,0,1852,25,96,3,1,Warning (MODERATE),Raining
6011,2026-09-29 22:17:12.352939+00,100,0,1853,25,96,3,1,Warning (MODERATE),Raining
6012,2026-09-29 22:17:18.341628+00,100,0,1853,25,96,3,1,Warning (MODERATE),Raining
6013,2026-09-29 22:17:24.567976+00,88,0,1852,25,96,3,2,Flood Alert (HIGH),Raining
6014,2026-09-29 22:17:31.139508+00,92,0,1850,25,96,3,1,Warning (MODERATE),Raining
6015,2026-09-29 22:17:37.890065+00,88,0,1852,25,96,3,1,Warning (MODERATE),Raining
6016,2026-09-29 22:17:44.763231+00,87,0,1851,25,96,3,1,Warning (MODERATE),Raining
6017,2026-09-29 22:17:51.300725+00,88,0,1851,25,96,3,1,Warning (MODERATE),Raining
6018,2026-09-29 22:17:57.584092+00,94,0,1851,25,96,3,1,Warning (MODERATE),Raining
6019,2026-09-29 22:18:03.857993+00,87,0,1852,25,96,3,1,Warning (MODERATE),Raining
6020,2026-09-29 22:18:10.130333+00,100,0,1853,25,96,3,1,Warning (MODERATE),Raining
6021,2026-09-29 22:18:16.321959+00,100,0,1852,25,96,3,1,Warning (MODERATE),Raining
6022,2026-09-29 22:18:22.591646+00,96,0,1853,25,96,3,1,Warning (MODERATE),Raining
6023,2026-09-29 22:18:29.168079+00,95,0,1852,25,96,3,1,Warning (MODERATE),Raining
6024,2026-09-29 22:18:35.622581+00,100,0,1851,25,96,3,1,Warning (MODERATE),Raining
6025,2026-09-29 22:18:41.823417+00,96,0,1853,25,96,3,1,Warning (MODERATE),Raining
6026,2026-09-29 22:18:48.128176+00,98,0,1852,25,96,3,1,Warning (MODERATE),Raining
6027,2026-09-29 22:18:54.33749+00,96,0,1852,25,96,3,1,Warning (MODERATE),Raining
6028,2026-09-29 22:19:00.326582+00,90,0,1853,25.1,95,3,2,Flood Alert (HIGH),Raining
6029,2026-09-29 22:19:06.64246+00,93,0,1853,25.1,95,3,2,Flood Alert (HIGH),Raining
6030,2026-09-29 22:19:13.127001+00,95,0,1850,25.1,95,3,2,Flood Alert (HIGH),Raining
6031,2026-09-29 22:19:19.512345+00,89,0,1851,25.1,95,3,2,Flood Alert (HIGH),Raining
6032,2026-09-29 22:19:25.727901+00,95,0,1851,25.1,95,3,2,Flood Alert (HIGH),Raining
6033,2026-09-29 22:19:31.720331+00,88,0,1851,25.1,95,3,2,Flood Alert (HIGH),Raining
6034,2026-09-29 22:19:38.243062+00,91,0,1852,25.1,95,3,2,Flood Alert (HIGH),Raining
6035,2026-09-29 22:19:44.504343+00,99,0,1853,25.1,95,3,1,Warning (MODERATE),Raining
6036,2026-09-29 22:19:50.768516+00,89,0,1853,25.1,95,3,1,Warning (MODERATE),Raining
6037,2026-09-29 22:19:57.315491+00,89,0,1853,25.1,95,3,1,Warning (MODERATE),Raining
6038,2026-09-29 22:20:03.823251+00,97,0,1854,25.1,95,3,1,Warning (MODERATE),Raining
6039,2026-09-29 22:20:10.024952+00,95,0,1853,25.1,95,3,1,Warning (MODERATE),Raining
6040,2026-09-29 22:20:16.396847+00,94,0,1852,25.1,95,3,1,Warning (MODERATE),Raining
6041,2026-09-29 22:20:22.727895+00,97,0,1853,25.1,95,3,1,Warning (MODERATE),Raining
6042,2026-09-29 22:20:29.159834+00,88,0,1854,25.1,95,3,2,Flood Alert (HIGH),Raining
6043,2026-09-29 22:20:35.706392+00,87,0,1852,25.1,95,3,2,Flood Alert (HIGH),Raining
6044,2026-09-29 22:20:41.780802+00,89,0,1852,25.1,95,3,2,Flood Alert (HIGH),Raining
6045,2026-09-29 22:20:48.114925+00,98,0,1851,25.1,95,3,1,Warning (MODERATE),Raining
6046,2026-09-29 22:20:54.544347+00,93,0,1853,25.1,95,3,1,Warning (MODERATE),Raining
6047,2026-09-29 22:21:00.966789+00,92,0,1851,25.1,95,3,1,Warning (MODERATE),Raining
6048,2026-09-29 22:21:07.10986+00,93,0,1853,25.1,95,3,1,Warning (MODERATE),Raining
6049,2026-09-29 22:21:13.296445+00,87,0,1852,25.1,95,3,2,Flood Alert (HIGH),Raining
6050,2026-09-29 22:21:19.845456+00,97,0,1854,25.1,95,3,1,Warning (MODERATE),Raining
6051,2026-09-29 22:21:26.098273+00,100,0,1852,25.1,95,3,1,Warning (MODERATE),Raining
6052,2026-09-29 22:21:32.617758+00,93,0,1853,25.1,95,3,1,Warning (MODERATE),Raining
6053,2026-09-29 22:21:38.798629+00,90,0,1854,25.1,95,3,2,Flood Alert (HIGH),Raining
6054,2026-09-29 22:21:45.190465+00,90,0,1854,25.1,95,3,2,Flood Alert (HIGH),Raining
6055,2026-09-29 22:21:51.39958+00,94,0,1855,25.1,95,3,1,Warning (MODERATE),Raining
6056,2026-09-29 22:21:57.896692+00,96,0,1855,25.1,95,3,1,Warning (MODERATE),Raining
6057,2026-09-29 22:22:04.116138+00,100,0,1854,25.1,95,3,1,Warning (MODERATE),Raining
6058,2026-09-29 22:22:10.544941+00,92,0,1853,25.1,95,3,2,Flood Alert (HIGH),Raining
6059,2026-09-29 22:22:17.032474+00,91,0,1853,25.1,95,3,2,Flood Alert (HIGH),Raining
6060,2026-09-29 22:22:23.211505+00,87,0,1852,25.1,95,3,2,Flood Alert (HIGH),Raining
6061,2026-09-29 22:22:29.567656+00,93,0,1853,25.1,95,3,1,Warning (MODERATE),Raining
6062,2026-09-29 22:22:35.507016+00,100,0,1853,25.1,95,3,1,Warning (MODERATE),Raining
6063,2026-09-29 22:22:41.585811+00,88,0,1855,25.1,95,3,2,Flood Alert (HIGH),Raining
6064,2026-09-29 22:22:48.030297+00,91,0,1853,25.1,95,3,2,Flood Alert (HIGH),Raining
6065,2026-09-29 22:22:54.325461+00,94,0,1853,25.1,95,3,1,Warning (MODERATE),Raining
6066,2026-09-29 22:23:00.439397+00,99,0,1854,25.1,95,3,1,Warning (MODERATE),Raining
6067,2026-09-29 22:23:06.711695+00,90,0,1853,25.1,95,3,1,Warning (MODERATE),Raining
6068,2026-09-29 22:23:12.927532+00,95,0,1854,25.1,95,3,1,Warning (MODERATE),Raining
6069,2026-09-29 22:23:19.476525+00,100,0,1853,25.1,95,3,1,Warning (MODERATE),Raining
6070,2026-09-29 22:23:25.887179+00,88,0,1854,25.1,95,3,2,Flood Alert (HIGH),Raining
6071,2026-09-29 22:23:32.178253+00,99,0,1853,25.1,95,3,1,Warning (MODERATE),Raining
6072,2026-09-29 22:23:38.491896+00,100,0,1853,25.1,95,3,1,Warning (MODERATE),Raining
6073,2026-09-29 22:23:45.011734+00,88,0,1853,25.1,95,3,2,Flood Alert (HIGH),Raining
6074,2026-09-29 22:23:51.228171+00,88,0,1853,25.1,95,3,2,Flood Alert (HIGH),Raining
6075,2026-09-29 22:23:57.540272+00,98,0,1853,25.1,95,3,2,Flood Alert (HIGH),Raining
6076,2026-09-29 22:24:03.577541+00,93,0,1853,25.1,95,3,2,Flood Alert (HIGH),Raining
6077,2026-09-29 22:24:09.98417+00,92,0,1853,25.1,95,3,2,Flood Alert (HIGH),Raining
6078,2026-09-29 22:24:16.049637+00,100,0,1854,25.1,95,3,1,Warning (MODERATE),Raining
6079,2026-09-29 22:24:22.208225+00,94,0,1855,25.1,95,3,2,Flood Alert (HIGH),Raining
6080,2026-09-29 22:24:28.243664+00,99,0,1854,25.1,95,3,2,Flood Alert (HIGH),Raining
6081,2026-09-29 22:24:34.411141+00,100,0,1853,25.1,95,3,1,Warning (MODERATE),Raining
6082,2026-09-29 22:24:40.711165+00,87,0,1853,25.1,95,3,2,Flood Alert (HIGH),Raining
6083,2026-09-29 22:24:46.894548+00,96,0,1855,25.1,95,3,2,Flood Alert (HIGH),Raining
6084,2026-09-29 22:24:53.346812+00,100,0,1855,25.1,95,3,1,Warning (MODERATE),Raining
6085,2026-09-29 22:24:59.783779+00,100,0,1855,25.1,95,3,1,Warning (MODERATE),Raining
6086,2026-09-29 22:25:06.13846+00,91,0,1853,25.1,95,3,2,Flood Alert (HIGH),Raining
6087,2026-09-29 22:25:12.51644+00,100,0,1855,25.1,95,3,2,Flood Alert (HIGH),Raining
6088,2026-09-29 22:25:18.745102+00,95,0,1855,25.1,95,3,2,Flood Alert (HIGH),Raining
6089,2026-09-29 22:25:25.313865+00,100,0,1854,25.1,95,3,2,Flood Alert (HIGH),Raining
6090,2026-09-29 22:25:31.772968+00,100,0,1855,25.1,95,3,1,Warning (MODERATE),Raining
6091,2026-09-29 22:25:38.067444+00,96,0,1853,25.1,95,3,1,Warning (MODERATE),Raining
6092,2026-09-29 22:25:44.180835+00,99,0,1854,25.1,95,3,1,Warning (MODERATE),Raining
6093,2026-09-29 22:25:50.497168+00,100,0,1855,25.1,95,3,1,Warning (MODERATE),Raining
6094,2026-09-29 22:25:56.757014+00,96,0,1853,25.1,95,3,1,Warning (MODERATE),Raining
6095,2026-09-29 22:26:03.081833+00,89,0,1852,25.1,95,3,2,Flood Alert (HIGH),Raining
6096,2026-09-29 22:26:09.426874+00,93,0,1855,25.1,95,3,2,Flood Alert (HIGH),Raining
6097,2026-09-29 22:26:15.822193+00,88,0,1855,25.1,95,3,2,Flood Alert (HIGH),Raining
6098,2026-09-29 22:26:22.219366+00,90,0,1853,25.1,95,3,2,Flood Alert (HIGH),Raining
6099,2026-09-29 22:26:28.604884+00,94,0,1852,25.1,95,3,2,Flood Alert (HIGH),Raining
6100,2026-09-29 22:26:34.894971+00,100,0,1853,25.1,95,3,1,Warning (MODERATE),Raining
6101,2026-09-29 22:26:40.980154+00,100,0,1853,25.1,95,3,1,Warning (MODERATE),Raining
6102,2026-09-29 22:26:47.265835+00,92,0,1855,25.1,95,3,2,Flood Alert (HIGH),Raining
6103,2026-09-29 22:26:53.657626+00,91,0,1855,25.1,95,3,2,Flood Alert (HIGH),Raining
6104,2026-09-29 22:26:59.777231+00,100,0,1854,25.1,95,3,1,Warning (MODERATE),Raining
6105,2026-09-29 22:27:05.895089+00,88,0,1854,25.1,95,3,2,Flood Alert (HIGH),Raining
6106,2026-09-29 22:27:12.164021+00,92,0,1854,25.1,95,3,2,Flood Alert (HIGH),Raining
6107,2026-09-29 22:27:18.288267+00,100,0,1855,25.1,95,3,1,Warning (MODERATE),Raining
6108,2026-09-29 22:27:24.27692+00,99,0,1853,25.1,95,3,2,Flood Alert (HIGH),Raining
6109,2026-09-29 22:27:30.395032+00,97,0,1853,25.1,95,3,2,Flood Alert (HIGH),Raining
6110,2026-09-29 22:27:36.460788+00,100,0,1854,25.1,95,3,2,Flood Alert (HIGH),Raining
6111,2026-09-29 22:27:42.453838+00,91,0,1855,25.1,95,3,2,Flood Alert (HIGH),Raining
6112,2026-09-29 22:27:48.665333+00,94,0,1854,25.1,95,3,2,Flood Alert (HIGH),Raining
6113,2026-09-29 22:27:55.082803+00,89,0,1853,25.1,95,3,2,Flood Alert (HIGH),Raining
6114,2026-09-29 22:28:01.259589+00,87,0,1852,25.1,95,3,2,Flood Alert (HIGH),Raining
6115,2026-09-29 22:28:07.640363+00,87,0,1853,25.1,95,3,2,Flood Alert (HIGH),Raining
6116,2026-09-29 22:28:13.846805+00,94,0,1855,25.1,95,3,2,Flood Alert (HIGH),Raining
6117,2026-09-29 22:28:20.155749+00,98,0,1854,25.1,95,3,1,Warning (MODERATE),Raining
6118,2026-09-29 22:28:26.2798+00,93,0,1856,25.1,95,3,1,Warning (MODERATE),Raining
6119,2026-09-29 22:28:32.608127+00,96,0,1853,25.1,95,3,1,Warning (MODERATE),Raining
6120,2026-09-29 22:28:38.819587+00,91,0,1854,25.1,95,3,1,Warning (MODERATE),Raining
6121,2026-09-29 22:28:45.191746+00,87,0,1853,25.1,95,3,1,Warning (MODERATE),Raining
6122,2026-09-29 22:28:51.483535+00,93,0,1854,25.1,95,3,1,Warning (MODERATE),Raining
6123,2026-09-29 22:28:57.635012+00,98,0,1856,25.1,95,3,1,Warning (MODERATE),Raining
6124,2026-09-29 22:29:03.716428+00,100,0,1855,25.1,95,3,1,Warning (MODERATE),Raining
6125,2026-09-29 22:29:10.128614+00,96,0,1855,25.1,95,3,2,Flood Alert (HIGH),Raining
6126,2026-09-29 22:29:16.221805+00,89,0,1855,25.1,95,3,2,Flood Alert (HIGH),Raining
6127,2026-09-29 22:29:22.58217+00,94,0,1855,25.1,95,3,2,Flood Alert (HIGH),Raining
6128,2026-09-29 22:29:28.878687+00,99,0,1853,25.1,95,3,1,Warning (MODERATE),Raining
6129,2026-09-29 22:29:35.26783+00,89,0,1853,25.1,95,3,1,Warning (MODERATE),Raining
6130,2026-09-29 22:29:41.689168+00,96,0,1854,25.1,95,3,1,Warning (MODERATE),Raining
6131,2026-09-29 22:29:48.213392+00,100,0,1853,25.1,95,3,2,Flood Alert (HIGH),Raining
6132,2026-09-29 22:29:54.32439+00,100,0,1854,25.1,95,3,2,Flood Alert (HIGH),Raining
6133,2026-09-29 22:30:00.651119+00,94,0,1853,25.1,95,3,2,Flood Alert (HIGH),Raining
6134,2026-09-29 22:30:07.094+00,90,0,1852,25.1,95,3,2,Flood Alert (HIGH),Raining
6135,2026-09-29 22:30:13.636833+00,98,0,1856,25.1,95,3,1,Warning (MODERATE),Raining
6136,2026-09-29 22:30:19.714938+00,100,0,1853,25.1,95,3,1,Warning (MODERATE),Raining
6137,2026-09-29 22:30:26.055123+00,99,0,1855,25.1,95,3,1,Warning (MODERATE),Raining
6138,2026-09-29 22:30:32.434848+00,99,0,1854,25.1,95,3,1,Warning (MODERATE),Raining
6139,2026-09-29 22:30:38.763973+00,98,0,1854,25.1,95,3,1,Warning (MODERATE),Raining
6140,2026-09-29 22:30:45.20536+00,98,0,1855,25.1,95,3,1,Warning (MODERATE),Raining
6141,2026-09-29 22:30:51.573791+00,95,0,1855,25.1,95,3,1,Warning (MODERATE),Raining
6142,2026-09-29 22:30:57.730124+00,100,0,1855,25.1,95,3,1,Warning (MODERATE),Raining
6143,2026-09-29 22:31:03.981241+00,100,0,1854,25.1,95,3,1,Warning (MODERATE),Raining
6144,2026-09-29 22:31:09.930497+00,90,0,1855,25.1,95,3,2,Flood Alert (HIGH),Raining
6145,2026-09-29 22:31:16.044977+00,89,0,1856,25.1,95,3,2,Flood Alert (HIGH),Raining
6146,2026-09-29 22:31:22.241708+00,93,0,1854,25.1,95,3,2,Flood Alert (HIGH),Raining
6147,2026-09-29 22:31:28.333641+00,92,0,1853,25.1,95,3,2,Flood Alert (HIGH),Raining
6148,2026-09-29 22:31:34.810919+00,99,0,1855,25.1,95,3,2,Flood Alert (HIGH),Raining
6149,2026-09-29 22:31:40.886245+00,95,0,1854,25.1,95,3,2,Flood Alert (HIGH),Raining
6150,2026-09-29 22:31:46.893799+00,94,0,1856,25.1,95,3,2,Flood Alert (HIGH),Raining
6151,2026-09-29 22:31:53.09695+00,100,0,1853,25.1,95,3,2,Flood Alert (HIGH),Raining
6152,2026-09-29 22:31:59.790393+00,100,0,1855,25.1,95,3,1,Warning (MODERATE),Raining
6153,2026-09-29 22:32:05.999606+00,100,0,1854,25.1,95,3,1,Warning (MODERATE),Raining
6154,2026-09-29 22:32:12.311622+00,92,0,1855,25.1,95,3,1,Warning (MODERATE),Raining
6155,2026-09-29 22:32:18.321097+00,88,0,1853,25.1,95,3,2,Flood Alert (HIGH),Raining
6156,2026-09-29 22:32:24.567708+00,100,0,1854,25.1,95,3,2,Flood Alert (HIGH),Raining
6157,2026-09-29 22:32:30.709837+00,100,0,1853,25.1,95,3,1,Warning (MODERATE),Raining
6158,2026-09-29 22:32:36.967123+00,88,0,1854,25.1,95,3,2,Flood Alert (HIGH),Raining
6159,2026-09-29 22:32:43.157245+00,92,0,1854,25.1,95,3,2,Flood Alert (HIGH),Raining
6160,2026-09-29 22:32:49.222601+00,94,0,1854,25.1,95,3,2,Flood Alert (HIGH),Raining
6161,2026-09-29 22:32:55.476263+00,88,0,1857,25.1,95,3,2,Flood Alert (HIGH),Raining
6162,2026-09-29 22:33:01.738604+00,100,0,1854,25.1,95,3,1,Warning (MODERATE),Raining
6163,2026-09-29 22:33:07.987493+00,97,0,1857,25.1,95,3,1,Warning (MODERATE),Raining
6164,2026-09-29 22:33:14.147064+00,96,0,1853,25.1,95,3,2,Flood Alert (HIGH),Raining
6165,2026-09-29 22:33:20.338178+00,88,0,1854,25.1,95,3,2,Flood Alert (HIGH),Raining
6166,2026-09-29 22:33:26.763307+00,96,0,1857,25.1,95,3,2,Flood Alert (HIGH),Raining
6167,2026-09-29 22:33:32.794589+00,93,0,1854,25.1,95,3,1,Warning (MODERATE),Raining
6168,2026-09-29 22:33:39.154861+00,91,0,1854,25.1,95,3,2,Flood Alert (HIGH),Raining
6169,2026-09-29 22:33:45.556057+00,95,0,1857,25.1,95,3,1,Warning (MODERATE),Raining
6170,2026-09-29 22:33:51.707539+00,90,0,1854,25.1,95,3,2,Flood Alert (HIGH),Raining
6171,2026-09-29 22:33:57.9212+00,94,0,1856,25.1,95,3,2,Flood Alert (HIGH),Raining
6172,2026-09-29 22:34:04.380842+00,89,0,1855,25.1,95,3,1,Warning (MODERATE),Raining
6173,2026-09-29 22:34:10.386004+00,87,0,1857,25.1,95,3,1,Warning (MODERATE),Raining
6174,2026-09-29 22:34:16.537216+00,93,0,1856,25.1,95,3,1,Warning (MODERATE),Raining
6175,2026-09-29 22:34:23.043633+00,94,0,1856,25.1,95,3,1,Warning (MODERATE),Raining
6176,2026-09-29 22:34:29.259297+00,89,0,1857,25.1,95,3,1,Warning (MODERATE),Raining
6177,2026-09-29 22:34:35.59636+00,97,0,1856,25.1,95,3,1,Warning (MODERATE),Raining
6178,2026-09-29 22:34:41.971834+00,93,0,1857,25.1,95,3,1,Warning (MODERATE),Raining
6179,2026-09-29 22:34:48.21039+00,89,0,1857,25.1,95,3,1,Warning (MODERATE),Raining
6180,2026-09-29 22:34:54.59363+00,96,0,1854,25.1,95,3,1,Warning (MODERATE),Raining
6181,2026-09-29 22:35:00.807342+00,100,0,1857,25.1,95,3,1,Warning (MODERATE),Raining
6182,2026-09-29 22:35:07.04847+00,88,0,1859,25.1,95,3,1,Warning (MODERATE),Raining
6183,2026-09-29 22:35:13.514763+00,88,0,1854,25.1,95,3,2,Flood Alert (HIGH),Raining
6184,2026-09-29 22:35:19.73493+00,100,0,1857,25.1,95,3,1,Warning (MODERATE),Raining
6185,2026-09-29 22:35:26.117823+00,98,0,1856,25.1,95,3,1,Warning (MODERATE),Raining
6186,2026-09-29 22:35:32.476317+00,90,0,1855,25.1,95,3,2,Flood Alert (HIGH),Raining
6187,2026-09-29 22:35:38.749445+00,96,0,1857,25.1,95,3,1,Warning (MODERATE),Raining
6188,2026-09-29 22:35:45.290231+00,100,0,1853,25.1,95,3,1,Warning (MODERATE),Raining
6189,2026-09-29 22:35:51.570511+00,94,0,1857,25.1,95,3,2,Flood Alert (HIGH),Raining
6190,2026-09-29 22:35:57.927226+00,88,0,1858,25.1,95,3,2,Flood Alert (HIGH),Raining
6191,2026-09-29 22:36:04.307296+00,98,0,1854,25.1,95,3,1,Warning (MODERATE),Raining
6192,2026-09-29 22:36:11.194989+00,91,0,1855,25.1,95,3,2,Flood Alert (HIGH),Raining
6193,2026-09-29 22:36:17.67272+00,89,0,1856,25.1,95,3,2,Flood Alert (HIGH),Raining
6194,2026-09-29 22:36:23.773087+00,98,0,1857,25.1,95,3,1,Warning (MODERATE),Raining
6195,2026-09-29 22:36:30.146889+00,90,0,1856,25.1,95,3,2,Flood Alert (HIGH),Raining
6196,2026-09-29 22:36:36.220059+00,100,0,1856,25.1,95,3,1,Warning (MODERATE),Raining
6197,2026-09-29 22:36:42.676035+00,100,0,1855,25.1,95,3,1,Warning (MODERATE),Raining
6198,2026-09-29 22:36:49.146487+00,100,0,1855,25.1,95,3,1,Warning (MODERATE),Raining
6199,2026-09-29 22:36:55.639485+00,95,0,1855,25.1,95,3,2,Flood Alert (HIGH),Raining
6200,2026-09-29 22:37:01.824615+00,100,0,1857,25.1,95,3,1,Warning (MODERATE),Raining
6201,2026-09-29 22:37:08.180642+00,100,0,1857,25.1,95,3,1,Warning (MODERATE),Raining
6202,2026-09-29 22:37:14.613281+00,96,0,1857,25.1,95,3,1,Warning (MODERATE),Raining
6203,2026-09-29 22:37:21.0504+00,100,0,1858,25.1,95,3,1,Warning (MODERATE),Raining
6204,2026-09-29 22:37:27.191233+00,89,0,1855,25.1,95,3,2,Flood Alert (HIGH),Raining
6205,2026-09-29 22:37:33.670118+00,88,0,1855,25.1,95,3,2,Flood Alert (HIGH),Raining
6206,2026-09-29 22:37:40.090348+00,96,0,1857,25.1,95,3,2,Flood Alert (HIGH),Raining
6207,2026-09-29 22:37:46.169239+00,90,0,1857,25.1,95,3,2,Flood Alert (HIGH),Raining
6208,2026-09-29 22:37:52.577915+00,96,0,1857,25.1,95,3,2,Flood Alert (HIGH),Raining
6209,2026-09-29 22:37:58.896718+00,100,0,1857,25.1,95,3,2,Flood Alert (HIGH),Raining
6210,2026-09-29 22:38:05.260476+00,97,0,1856,25.1,95,3,2,Flood Alert (HIGH),Raining
6211,2026-09-29 22:38:11.27514+00,92,0,1856,25.1,95,3,2,Flood Alert (HIGH),Raining
6212,2026-09-29 22:38:17.643402+00,92,0,1855,25.1,95,3,2,Flood Alert (HIGH),Raining
6213,2026-09-29 22:38:23.923013+00,89,0,1855,25.1,95,3,2,Flood Alert (HIGH),Raining
6214,2026-09-29 22:38:30.147149+00,95,0,1856,25.1,95,3,2,Flood Alert (HIGH),Raining
6215,2026-09-29 22:38:36.366301+00,98,0,1857,25.1,95,3,1,Warning (MODERATE),Raining
6216,2026-09-29 22:38:42.709766+00,100,0,1857,25.1,95,3,1,Warning (MODERATE),Raining
6217,2026-09-29 22:38:49.027664+00,99,0,1857,25.1,95,3,2,Flood Alert (HIGH),Raining
6218,2026-09-29 22:38:55.468983+00,98,0,1857,25.1,95,3,2,Flood Alert (HIGH),Raining
6219,2026-09-29 22:39:01.600449+00,94,0,1855,25.1,95,3,2,Flood Alert (HIGH),Raining
6220,2026-09-29 22:39:07.692692+00,100,0,1855,25.2,94,3,1,Warning (MODERATE),Raining
6221,2026-09-29 22:39:13.943134+00,100,0,1855,25.2,94,3,1,Warning (MODERATE),Raining
6222,2026-09-29 22:39:20.079601+00,93,0,1856,25.2,94,3,1,Warning (MODERATE),Raining
6223,2026-09-29 22:39:26.257642+00,90,0,1856,25.2,94,3,2,Flood Alert (HIGH),Raining
6224,2026-09-29 22:39:32.298492+00,97,0,1855,25.2,94,3,2,Flood Alert (HIGH),Raining
6225,2026-09-29 22:39:38.321028+00,88,0,1855,25.2,94,3,2,Flood Alert (HIGH),Raining
6226,2026-09-29 22:39:44.436998+00,90,0,1856,25.2,94,3,2,Flood Alert (HIGH),Raining
6227,2026-09-29 22:39:50.714336+00,93,0,1856,25.2,94,3,2,Flood Alert (HIGH),Raining
6228,2026-09-29 22:39:56.879676+00,94,0,1857,25.2,94,3,2,Flood Alert (HIGH),Raining
6229,2026-09-29 22:40:03.164956+00,96,0,1857,25.2,94,3,1,Warning (MODERATE),Raining
6230,2026-09-29 22:40:09.579158+00,98,0,1856,25.2,94,3,1,Warning (MODERATE),Raining
6231,2026-09-29 22:40:15.594449+00,97,0,1856,25.2,94,3,1,Warning (MODERATE),Raining
6232,2026-09-29 22:40:21.807306+00,88,0,1856,25.2,94,3,2,Flood Alert (HIGH),Raining
6233,2026-09-29 22:40:28.052039+00,95,0,1858,25.2,94,3,2,Flood Alert (HIGH),Raining
6234,2026-09-29 22:40:34.421701+00,96,0,1858,25.2,94,3,1,Warning (MODERATE),Raining
6235,2026-09-29 22:40:40.681449+00,96,0,1858,25.2,94,3,1,Warning (MODERATE),Raining
6236,2026-09-29 22:40:46.919627+00,97,0,1858,25.2,94,3,2,Flood Alert (HIGH),Raining
6237,2026-09-29 22:40:53.187009+00,91,0,1856,25.2,94,3,2,Flood Alert (HIGH),Raining
6238,2026-09-29 22:40:59.433156+00,99,0,1856,25.2,94,3,2,Flood Alert (HIGH),Raining
6239,2026-09-29 22:41:05.7152+00,100,0,1859,25.2,94,3,2,Flood Alert (HIGH),Raining
6240,2026-09-29 22:41:12.244383+00,94,0,1857,25.2,94,3,1,Warning (MODERATE),Raining
6241,2026-09-29 22:41:18.336113+00,94,0,1856,25.2,94,3,2,Flood Alert (HIGH),Raining
6242,2026-09-29 22:41:24.762452+00,88,0,1859,25.2,94,3,2,Flood Alert (HIGH),Raining
6243,2026-09-29 22:41:30.856729+00,94,0,1858,25.2,94,3,2,Flood Alert (HIGH),Raining
6244,2026-09-29 22:41:37.033301+00,89,0,1856,25.2,94,3,2,Flood Alert (HIGH),Raining
6245,2026-09-29 22:41:42.994621+00,100,0,1856,25.2,94,3,2,Flood Alert (HIGH),Raining
6246,2026-09-29 22:41:49.365396+00,88,0,1856,25.2,94,3,2,Flood Alert (HIGH),Raining
6247,2026-09-29 22:41:55.647489+00,95,0,1858,25.2,94,3,2,Flood Alert (HIGH),Raining
6248,2026-09-29 22:42:01.811225+00,100,0,1856,25.2,94,3,1,Warning (MODERATE),Raining
6249,2026-09-29 22:42:07.995624+00,89,0,1857,25.2,94,3,2,Flood Alert (HIGH),Raining
6250,2026-09-29 22:42:14.309232+00,95,0,1857,25.2,94,3,1,Warning (MODERATE),Raining
6251,2026-09-29 22:42:20.314433+00,88,0,1858,25.2,94,3,2,Flood Alert (HIGH),Raining
6252,2026-09-29 22:42:26.429425+00,99,0,1857,25.2,94,3,1,Warning (MODERATE),Raining
6253,2026-09-29 22:42:32.7076+00,88,0,1858,25.2,94,3,2,Flood Alert (HIGH),Raining
6254,2026-09-29 22:42:38.956084+00,100,0,1856,25.2,94,3,2,Flood Alert (HIGH),Raining
6255,2026-09-29 22:42:45.184674+00,100,0,1858,25.2,94,3,1,Warning (MODERATE),Raining
6256,2026-09-29 22:42:51.419642+00,100,0,1855,25.2,94,3,2,Flood Alert (HIGH),Raining
6257,2026-09-29 22:42:57.44604+00,89,0,1858,25.2,94,3,2,Flood Alert (HIGH),Raining
6258,2026-09-29 22:43:03.877233+00,100,0,1859,25.2,94,3,2,Flood Alert (HIGH),Raining
6259,2026-09-29 22:43:09.874918+00,98,0,1857,25.2,94,3,1,Warning (MODERATE),Raining
6260,2026-09-29 22:43:16.080349+00,100,0,1856,25.2,94,3,1,Warning (MODERATE),Raining
6261,2026-09-29 22:43:22.538358+00,90,0,1855,25.2,94,3,2,Flood Alert (HIGH),Raining
6262,2026-09-29 22:43:28.946847+00,100,0,1856,25.2,94,3,1,Warning (MODERATE),Raining
6263,2026-09-29 22:43:35.107082+00,100,0,1858,25.2,94,3,2,Flood Alert (HIGH),Raining
6264,2026-09-29 22:43:41.231882+00,89,0,1858,25.2,94,3,2,Flood Alert (HIGH),Raining
6265,2026-09-29 22:43:47.318854+00,89,0,1858,25.2,94,3,2,Flood Alert (HIGH),Raining
6266,2026-09-29 22:43:53.59886+00,99,0,1857,25.2,94,3,2,Flood Alert (HIGH),Raining
6267,2026-09-29 22:43:59.819064+00,97,0,1858,25.2,94,3,2,Flood Alert (HIGH),Raining
6268,2026-09-29 22:44:06.146667+00,94,0,1856,25.2,94,3,2,Flood Alert (HIGH),Raining
6269,2026-09-29 22:44:12.181997+00,90,0,1857,25.2,94,3,2,Flood Alert (HIGH),Raining
6270,2026-09-29 22:44:18.501773+00,94,0,1858,25.2,94,3,2,Flood Alert (HIGH),Raining
6271,2026-09-29 22:44:24.661918+00,89,0,1859,25.2,94,3,2,Flood Alert (HIGH),Raining
6272,2026-09-29 22:44:30.750855+00,100,0,1858,25.2,94,3,1,Warning (MODERATE),Raining
6273,2026-09-29 22:44:36.997366+00,91,0,1858,25.2,94,3,1,Warning (MODERATE),Raining
6274,2026-09-29 22:44:43.268632+00,92,0,1857,25.2,94,3,2,Flood Alert (HIGH),Raining
6275,2026-09-29 22:44:49.373149+00,90,0,1857,25.2,94,3,2,Flood Alert (HIGH),Raining
6276,2026-09-29 22:44:55.732917+00,100,0,1858,25.2,94,3,1,Warning (MODERATE),Raining
6277,2026-09-29 22:45:02.041465+00,93,0,1859,25.2,94,3,1,Warning (MODERATE),Raining
6278,2026-09-29 22:45:08.049154+00,97,0,1859,25.2,94,3,1,Warning (MODERATE),Raining
6279,2026-09-29 22:45:14.270541+00,97,0,1858,25.2,94,3,1,Warning (MODERATE),Raining
6280,2026-09-29 22:45:20.668097+00,89,0,1858,25.2,94,3,2,Flood Alert (HIGH),Raining
6281,2026-09-29 22:45:26.793634+00,100,0,1857,25.2,94,3,2,Flood Alert (HIGH),Raining
6282,2026-09-29 22:45:32.93617+00,97,0,1860,25.2,94,3,1,Warning (MODERATE),Raining
6283,2026-09-29 22:45:39.008439+00,95,0,1857,25.2,94,3,1,Warning (MODERATE),Raining
6284,2026-09-29 22:45:45.529697+00,100,0,1859,25.2,94,3,1,Warning (MODERATE),Raining
6285,2026-09-29 22:45:51.737221+00,95,0,1859,25.2,94,3,2,Flood Alert (HIGH),Raining
6286,2026-09-29 22:45:58.147349+00,100,0,1857,25.2,94,3,1,Warning (MODERATE),Raining
6287,2026-09-29 22:46:04.20652+00,100,0,1859,25.2,94,3,1,Warning (MODERATE),Raining
6288,2026-09-29 22:46:10.206187+00,99,0,1857,25.2,94,3,1,Warning (MODERATE),Raining
6289,2026-09-29 22:46:16.378042+00,88,0,1859,25.2,94,3,2,Flood Alert (HIGH),Raining
6290,2026-09-29 22:46:22.474256+00,100,0,1859,25.2,94,3,1,Warning (MODERATE),Raining
6291,2026-09-29 22:46:28.730377+00,100,0,1858,25.2,94,3,1,Warning (MODERATE),Raining
6292,2026-09-29 22:46:34.947396+00,100,0,1859,25.2,94,3,1,Warning (MODERATE),Raining
6293,2026-09-29 22:46:41.210528+00,89,0,1860,25.2,94,3,2,Flood Alert (HIGH),Raining
6294,2026-09-29 22:46:47.349223+00,91,0,1859,25.2,94,3,2,Flood Alert (HIGH),Raining
6295,2026-09-29 22:46:53.585907+00,98,0,1860,25.2,94,3,2,Flood Alert (HIGH),Raining
6296,2026-09-29 22:46:59.919103+00,95,0,1859,25.2,94,3,2,Flood Alert (HIGH),Raining
6297,2026-09-29 22:47:05.882927+00,89,0,1858,25.2,94,3,2,Flood Alert (HIGH),Raining
6298,2026-09-29 22:47:12.078716+00,92,0,1857,25.2,94,3,2,Flood Alert (HIGH),Raining
6299,2026-09-29 22:47:18.139717+00,99,0,1859,25.2,94,3,2,Flood Alert (HIGH),Raining
6300,2026-09-29 22:47:24.227543+00,100,0,1859,25.2,94,3,1,Warning (MODERATE),Raining
6301,2026-09-29 22:47:30.381491+00,93,0,1860,25.2,94,3,2,Flood Alert (HIGH),Raining
6302,2026-09-29 22:47:36.543805+00,100,0,1860,25.2,94,3,1,Warning (MODERATE),Raining
6303,2026-09-29 22:47:42.476282+00,88,0,1860,25.2,94,3,2,Flood Alert (HIGH),Raining
6304,2026-09-29 22:47:48.454937+00,96,0,1858,25.2,94,3,2,Flood Alert (HIGH),Raining
6305,2026-09-29 22:47:54.472919+00,100,0,1860,25.2,94,3,1,Warning (MODERATE),Raining
6306,2026-09-29 22:48:00.434669+00,100,0,1858,25.2,94,3,1,Warning (MODERATE),Raining
6307,2026-09-29 22:48:06.406833+00,100,0,1859,25.2,94,3,1,Warning (MODERATE),Raining
6308,2026-09-29 22:48:12.693787+00,92,0,1859,25.2,94,3,2,Flood Alert (HIGH),Raining
6309,2026-09-29 22:48:18.752175+00,99,0,1860,25.2,94,3,2,Flood Alert (HIGH),Raining
6310,2026-09-29 22:48:24.873599+00,91,0,1859,25.2,94,3,2,Flood Alert (HIGH),Raining
6311,2026-09-29 22:48:30.999814+00,88,0,1858,25.2,94,3,2,Flood Alert (HIGH),Raining
6312,2026-09-29 22:48:37.091164+00,100,0,1861,25.2,94,3,2,Flood Alert (HIGH),Raining
6313,2026-09-29 22:48:43.039912+00,88,0,1859,25.2,94,3,2,Flood Alert (HIGH),Raining
6314,2026-09-29 22:48:48.960042+00,90,0,1857,25.2,94,3,2,Flood Alert (HIGH),Raining
6315,2026-09-29 22:48:55.046379+00,96,0,1860,25.2,94,3,2,Flood Alert (HIGH),Raining
6316,2026-09-29 22:49:01.200748+00,100,0,1858,25.2,94,3,1,Warning (MODERATE),Raining
6317,2026-09-29 22:49:08.259795+00,89,0,1858,25.5,93,3,2,Flood Alert (HIGH),Raining
6318,2026-09-29 22:49:14.436314+00,100,0,1859,25.5,93,3,2,Flood Alert (HIGH),Raining
6319,2026-09-29 22:49:20.514638+00,96,0,1860,25.5,93,3,1,Warning (MODERATE),Raining
6320,2026-09-29 22:49:26.972981+00,100,0,1859,25.5,93,3,2,Flood Alert (HIGH),Raining
6321,2026-09-29 22:49:33.372245+00,100,0,1859,25.5,93,3,1,Warning (MODERATE),Raining
6322,2026-09-29 22:49:39.402376+00,88,0,1861,25.5,93,3,2,Flood Alert (HIGH),Raining
6323,2026-09-29 22:49:45.708501+00,99,0,1860,25.5,93,3,2,Flood Alert (HIGH),Raining
6324,2026-09-29 22:49:52.169625+00,93,0,1860,25.5,93,3,2,Flood Alert (HIGH),Raining
6325,2026-09-29 22:49:58.456841+00,88,0,1860,25.5,93,3,2,Flood Alert (HIGH),Raining
6326,2026-09-29 22:50:05.025539+00,88,0,1859,25.5,93,3,2,Flood Alert (HIGH),Raining
6327,2026-09-29 22:50:11.048302+00,91,0,1860,25.5,93,3,2,Flood Alert (HIGH),Raining
6328,2026-09-29 22:50:17.169454+00,99,0,1859,25.5,93,3,2,Flood Alert (HIGH),Raining
6329,2026-09-29 22:50:23.426843+00,100,0,1858,25.5,93,3,1,Warning (MODERATE),Raining
6330,2026-09-29 22:50:29.633326+00,96,0,1860,25.5,93,3,2,Flood Alert (HIGH),Raining
6331,2026-09-29 22:50:35.666581+00,88,0,1858,25.5,93,3,2,Flood Alert (HIGH),Raining
6332,2026-09-29 22:50:41.707619+00,92,0,1859,25.5,93,3,2,Flood Alert (HIGH),Raining
6333,2026-09-29 22:50:47.631921+00,87,0,1860,25.5,93,3,2,Flood Alert (HIGH),Raining
6334,2026-09-29 22:50:53.953121+00,93,0,1858,25.5,93,3,1,Warning (MODERATE),Raining
6335,2026-09-29 22:51:00.23625+00,88,0,1860,25.5,93,3,2,Flood Alert (HIGH),Raining
6336,2026-09-29 22:51:06.292726+00,100,0,1860,25.5,93,3,2,Flood Alert (HIGH),Raining
6337,2026-09-29 22:51:12.287071+00,97,0,1858,25.5,93,3,2,Flood Alert (HIGH),Raining
6338,2026-09-29 22:51:18.485332+00,100,0,1861,25.5,93,3,1,Warning (MODERATE),Raining
6339,2026-09-29 22:51:24.845023+00,89,0,1858,25.5,93,3,2,Flood Alert (HIGH),Raining
6340,2026-09-29 22:51:31.022081+00,89,0,1861,25.5,93,3,2,Flood Alert (HIGH),Raining
6341,2026-09-29 22:51:37.34135+00,95,0,1860,25.5,93,3,1,Warning (MODERATE),Raining
6342,2026-09-29 22:51:43.718278+00,93,0,1861,25.5,93,3,2,Flood Alert (HIGH),Raining
6343,2026-09-29 22:51:49.903816+00,89,0,1859,25.5,93,3,2,Flood Alert (HIGH),Raining
6344,2026-09-29 22:51:56.015792+00,89,0,1860,25.5,93,3,2,Flood Alert (HIGH),Raining
6345,2026-09-29 22:52:02.122273+00,100,0,1859,25.5,93,3,2,Flood Alert (HIGH),Raining
6346,2026-09-29 22:52:08.3887+00,94,0,1859,25.5,93,3,1,Warning (MODERATE),Raining
6347,2026-09-29 22:52:14.568218+00,99,0,1859,25.5,93,3,1,Warning (MODERATE),Raining
6348,2026-09-29 22:52:20.52727+00,100,0,1860,25.5,93,3,1,Warning (MODERATE),Raining
6349,2026-09-29 22:52:26.546181+00,86,0,1860,25.5,93,3,2,Flood Alert (HIGH),Raining
6350,2026-09-29 22:52:32.581101+00,89,0,1860,25.5,93,3,2,Flood Alert (HIGH),Raining
6351,2026-09-29 22:52:38.612222+00,100,0,1858,25.5,93,3,1,Warning (MODERATE),Raining
6352,2026-09-29 22:52:44.753445+00,96,0,1858,25.5,93,3,1,Warning (MODERATE),Raining
6353,2026-09-29 22:52:50.975506+00,99,0,1858,25.5,93,3,2,Flood Alert (HIGH),Raining
6354,2026-09-29 22:52:57.423985+00,88,0,1859,25.5,93,3,2,Flood Alert (HIGH),Raining
6355,2026-09-29 22:53:03.794318+00,99,0,1859,25.5,93,3,2,Flood Alert (HIGH),Raining
6356,2026-09-29 22:53:09.942928+00,95,0,1859,25.5,93,3,2,Flood Alert (HIGH),Raining
6357,2026-09-29 22:53:16.132884+00,100,0,1858,25.5,93,3,1,Warning (MODERATE),Raining
6358,2026-09-29 22:53:22.11337+00,100,0,1860,25.5,93,3,1,Warning (MODERATE),Raining
6359,2026-09-29 22:53:28.348589+00,97,0,1860,25.5,93,3,2,Flood Alert (HIGH),Raining
6360,2026-09-29 22:53:34.358448+00,100,0,1861,25.5,93,3,2,Flood Alert (HIGH),Raining
6361,2026-09-29 22:53:40.421679+00,100,0,1861,25.5,93,3,1,Warning (MODERATE),Raining
6362,2026-09-29 22:53:46.337488+00,88,0,1858,25.5,93,3,2,Flood Alert (HIGH),Raining
6363,2026-09-29 22:53:52.366788+00,93,0,1860,25.5,93,3,2,Flood Alert (HIGH),Raining
6364,2026-09-29 22:53:58.407393+00,89,0,1859,25.5,93,3,2,Flood Alert (HIGH),Raining
6365,2026-09-29 22:54:04.50246+00,95,0,1860,25.5,93,3,2,Flood Alert (HIGH),Raining
6366,2026-09-29 22:54:10.86661+00,90,0,1860,25.5,93,3,2,Flood Alert (HIGH),Raining
6367,2026-09-29 22:54:17.164308+00,90,0,1860,25.5,93,3,2,Flood Alert (HIGH),Raining
6368,2026-09-29 22:54:23.156744+00,97,0,1860,25.5,93,3,2,Flood Alert (HIGH),Raining
6369,2026-09-29 22:54:29.418668+00,88,0,1857,25.5,93,3,2,Flood Alert (HIGH),Raining
6370,2026-09-29 22:54:35.562223+00,88,0,1859,25.5,93,3,2,Flood Alert (HIGH),Raining
6371,2026-09-29 22:54:41.713086+00,89,0,1859,25.5,93,3,1,Warning (MODERATE),Raining
6372,2026-09-29 22:54:47.917692+00,95,0,1860,25.5,93,3,1,Warning (MODERATE),Raining
6373,2026-09-29 22:54:54.300306+00,93,0,1858,25.5,93,3,1,Warning (MODERATE),Raining
6374,2026-09-29 22:55:00.639701+00,92,0,1859,25.5,93,3,1,Warning (MODERATE),Raining
6375,2026-09-29 22:55:06.834434+00,87,0,1862,25.5,93,3,1,Warning (MODERATE),Raining
6376,2026-09-29 22:55:12.935982+00,86,0,1862,25.5,93,3,2,Flood Alert (HIGH),Raining
6377,2026-09-29 22:55:19.153187+00,97,0,1860,25.5,93,3,1,Warning (MODERATE),Raining
6378,2026-09-29 22:55:27.965871+00,94,0,1861,25.5,93,3,1,Warning (MODERATE),Raining
6379,2026-09-29 22:55:34.345972+00,100,0,1862,25.5,93,3,1,Warning (MODERATE),Raining
6380,2026-09-29 22:55:40.460287+00,98,0,1861,25.5,93,3,1,Warning (MODERATE),Raining
6381,2026-09-29 22:55:46.812742+00,94,0,1861,25.5,93,3,2,Flood Alert (HIGH),Raining
6382,2026-09-29 22:55:53.186268+00,87,0,1860,25.5,93,3,2,Flood Alert (HIGH),Raining
6383,2026-09-29 22:55:59.329818+00,93,0,1860,25.5,93,3,2,Flood Alert (HIGH),Raining
6384,2026-09-29 22:56:05.411203+00,93,0,1862,25.5,93,3,1,Warning (MODERATE),Raining
6385,2026-09-29 22:56:11.413306+00,94,0,1862,25.5,93,3,2,Flood Alert (HIGH),Raining
6386,2026-09-29 22:56:17.553912+00,100,0,1861,25.5,93,3,2,Flood Alert (HIGH),Raining
6387,2026-09-29 22:56:23.721668+00,100,0,1863,25.5,93,3,2,Flood Alert (HIGH),Raining
6388,2026-09-29 22:56:29.774157+00,96,0,1860,25.5,93,3,2,Flood Alert (HIGH),Raining
6389,2026-09-29 22:56:35.771391+00,100,0,1862,25.5,93,3,2,Flood Alert (HIGH),Raining
6390,2026-09-29 22:56:42.046856+00,95,0,1863,25.5,93,3,1,Warning (MODERATE),Raining
6391,2026-09-29 22:56:48.160381+00,100,0,1862,25.5,93,3,1,Warning (MODERATE),Raining
6392,2026-09-29 22:56:54.581631+00,100,0,1861,25.5,93,3,1,Warning (MODERATE),Raining
6393,2026-09-29 22:57:00.63314+00,87,0,1862,25.5,93,3,2,Flood Alert (HIGH),Raining
6394,2026-09-29 22:57:06.627463+00,94,0,1862,25.5,93,3,2,Flood Alert (HIGH),Raining
6395,2026-09-29 22:57:12.854287+00,100,0,1861,25.5,93,3,2,Flood Alert (HIGH),Raining
6396,2026-09-29 22:57:19.139622+00,100,0,1863,25.5,93,3,2,Flood Alert (HIGH),Raining
6397,2026-09-29 22:57:25.243701+00,91,0,1864,25.5,93,3,2,Flood Alert (HIGH),Raining
6398,2026-09-29 22:57:31.557538+00,87,0,1862,25.5,93,3,2,Flood Alert (HIGH),Raining
6399,2026-09-29 22:57:37.646691+00,100,0,1861,25.5,93,3,2,Flood Alert (HIGH),Raining
6400,2026-09-29 22:57:43.877011+00,88,0,1861,25.5,93,3,2,Flood Alert (HIGH),Raining
6401,2026-09-29 22:57:50.01794+00,100,0,1861,25.5,93,3,2,Flood Alert (HIGH),Raining
6402,2026-09-29 22:57:56.227758+00,88,0,1863,25.5,93,3,2,Flood Alert (HIGH),Raining
6403,2026-09-29 22:58:02.211468+00,87,0,1862,25.5,93,3,2,Flood Alert (HIGH),Raining
6404,2026-09-29 22:58:08.49397+00,90,0,1861,25.5,93,3,2,Flood Alert (HIGH),Raining
6405,2026-09-29 22:58:14.54679+00,87,0,1864,25.5,93,3,2,Flood Alert (HIGH),Raining
6406,2026-09-29 22:58:20.549115+00,90,0,1861,25.5,93,3,1,Warning (MODERATE),Raining
6407,2026-09-29 22:58:26.688309+00,100,0,1861,25.5,93,3,1,Warning (MODERATE),Raining
6408,2026-09-29 22:58:32.866809+00,100,0,1861,25.5,93,3,1,Warning (MODERATE),Raining
6409,2026-09-29 22:58:39.01787+00,90,0,1861,25.5,93,3,2,Flood Alert (HIGH),Raining
6410,2026-09-29 22:58:45.461347+00,88,0,1861,25.5,93,3,2,Flood Alert (HIGH),Raining
6411,2026-09-29 22:58:51.597124+00,88,0,1861,25.5,93,3,1,Warning (MODERATE),Raining
6412,2026-09-29 22:58:57.764047+00,100,0,1861,25.5,93,3,1,Warning (MODERATE),Raining
6413,2026-09-29 22:59:03.856996+00,89,0,1862,25.5,93,3,1,Warning (MODERATE),Raining
6414,2026-09-29 22:59:10.821995+00,100,0,1863,25.5,93,3,1,Warning (MODERATE),Raining
6415,2026-09-29 22:59:17.252745+00,100,0,1862,25.5,93,3,2,Flood Alert (HIGH),Raining
6416,2026-09-29 22:59:23.750786+00,89,0,1862,25.5,93,3,2,Flood Alert (HIGH),Raining
6417,2026-09-29 22:59:29.907154+00,88,0,1861,25.5,93,3,2,Flood Alert (HIGH),Raining
6418,2026-09-29 22:59:36.230527+00,95,0,1860,25.5,93,3,1,Warning (MODERATE),Raining
6419,2026-09-29 22:59:42.573102+00,96,0,1861,25.5,93,3,1,Warning (MODERATE),Raining
6420,2026-09-29 22:59:48.881189+00,87,0,1863,25.5,93,3,2,Flood Alert (HIGH),Raining
6421,2026-09-29 22:59:55.00897+00,89,0,1864,25.5,93,3,2,Flood Alert (HIGH),Raining
6422,2026-09-29 23:00:01.370131+00,100,0,1861,25.5,93,3,2,Flood Alert (HIGH),Raining
6423,2026-09-29 23:00:07.528249+00,96,0,1862,25.5,93,3,1,Warning (MODERATE),Raining
6424,2026-09-29 23:00:13.542623+00,96,0,1862,25.5,93,3,1,Warning (MODERATE),Raining
6425,2026-09-29 23:00:19.694989+00,88,0,1861,25.5,93,3,2,Flood Alert (HIGH),Raining
6426,2026-09-29 23:00:25.948172+00,97,0,1862,25.5,93,3,2,Flood Alert (HIGH),Raining
6427,2026-09-29 23:00:31.989849+00,95,0,1860,25.5,93,3,2,Flood Alert (HIGH),Raining
6428,2026-09-29 23:00:38.063779+00,100,0,1862,25.5,93,3,1,Warning (MODERATE),Raining
6429,2026-09-29 23:00:44.277997+00,90,0,1861,25.5,93,3,2,Flood Alert (HIGH),Raining
6430,2026-09-29 23:00:50.700142+00,99,0,1864,25.5,93,3,2,Flood Alert (HIGH),Raining
6431,2026-09-29 23:00:56.831943+00,89,0,1863,25.5,93,3,2,Flood Alert (HIGH),Raining
6432,2026-09-29 23:01:03.02618+00,90,0,1863,25.5,93,3,2,Flood Alert (HIGH),Raining
6433,2026-09-29 23:01:09.142856+00,89,0,1862,25.5,93,3,2,Flood Alert (HIGH),Raining
6434,2026-09-29 23:01:15.123456+00,100,0,1863,25.5,93,3,2,Flood Alert (HIGH),Raining
6435,2026-09-29 23:01:21.368505+00,87,0,1861,25.5,93,3,2,Flood Alert (HIGH),Raining
6436,2026-09-29 23:01:27.64008+00,87,0,1863,25.5,93,3,2,Flood Alert (HIGH),Raining
6437,2026-09-29 23:01:33.84045+00,89,0,1862,25.5,93,3,2,Flood Alert (HIGH),Raining
6438,2026-09-29 23:01:39.778162+00,93,0,1861,25.5,93,3,1,Warning (MODERATE),Raining
6439,2026-09-29 23:01:45.701967+00,100,0,1863,25.5,93,3,1,Warning (MODERATE),Raining
6440,2026-09-29 23:01:51.728301+00,87,0,1861,25.5,93,3,1,Warning (MODERATE),Raining
6441,2026-09-29 23:01:57.786417+00,91,0,1862,25.5,93,3,1,Warning (MODERATE),Raining
6442,2026-09-29 23:02:03.832612+00,94,0,1861,25.5,93,3,1,Warning (MODERATE),Raining
6443,2026-09-29 23:02:09.875769+00,93,0,1863,25.5,93,3,1,Warning (MODERATE),Raining
6444,2026-09-29 23:02:15.822531+00,100,0,1863,25.5,93,3,1,Warning (MODERATE),Raining
6445,2026-09-29 23:02:21.769842+00,95,0,1862,25.5,93,3,1,Warning (MODERATE),Raining
6446,2026-09-29 23:02:27.76414+00,99,0,1861,25.5,93,3,2,Flood Alert (HIGH),Raining
6447,2026-09-29 23:02:34.016765+00,100,0,1862,25.5,93,3,2,Flood Alert (HIGH),Raining
6448,2026-09-29 23:02:40.226539+00,90,0,1863,25.5,93,3,2,Flood Alert (HIGH),Raining
6449,2026-09-29 23:02:46.646481+00,87,0,1863,25.5,93,3,2,Flood Alert (HIGH),Raining
6450,2026-09-29 23:02:52.676698+00,100,0,1864,25.5,93,3,2,Flood Alert (HIGH),Raining
6451,2026-09-29 23:02:58.889279+00,94,0,1862,25.5,93,3,2,Flood Alert (HIGH),Raining
6452,2026-09-29 23:03:05.165171+00,96,0,1864,25.5,93,3,2,Flood Alert (HIGH),Raining
6453,2026-09-29 23:03:11.393126+00,100,0,1863,25.5,93,3,2,Flood Alert (HIGH),Raining
6454,2026-09-29 23:03:17.648863+00,96,0,1864,25.5,93,3,2,Flood Alert (HIGH),Raining
6455,2026-09-29 23:03:23.732877+00,87,0,1862,25.5,93,3,2,Flood Alert (HIGH),Raining
6456,2026-09-29 23:03:30.172629+00,90,0,1863,25.5,93,3,2,Flood Alert (HIGH),Raining
6457,2026-09-29 23:03:36.140509+00,99,0,1865,25.5,93,3,1,Warning (MODERATE),Raining
6458,2026-09-29 23:03:42.442123+00,91,0,1864,25.5,93,3,2,Flood Alert (HIGH),Raining
6459,2026-09-29 23:03:48.607849+00,90,0,1863,25.5,93,3,2,Flood Alert (HIGH),Raining
6460,2026-09-29 23:03:54.948019+00,96,0,1865,25.5,93,3,2,Flood Alert (HIGH),Raining
6461,2026-09-29 23:04:00.935469+00,99,0,1865,25.5,93,3,2,Flood Alert (HIGH),Raining
6462,2026-09-29 23:04:07.171154+00,88,0,1863,25.5,93,3,2,Flood Alert (HIGH),Raining
6463,2026-09-29 23:04:13.43454+00,100,0,1863,25.5,93,3,1,Warning (MODERATE),Raining
6464,2026-09-29 23:04:19.623278+00,89,0,1864,25.5,93,3,2,Flood Alert (HIGH),Raining
6465,2026-09-29 23:04:25.642485+00,94,0,1863,25.5,93,3,2,Flood Alert (HIGH),Raining
6466,2026-09-29 23:04:31.659293+00,88,0,1864,25.5,93,3,2,Flood Alert (HIGH),Raining
6467,2026-09-29 23:04:37.930503+00,96,0,1866,25.5,93,3,1,Warning (MODERATE),Raining
6468,2026-09-29 23:04:43.805483+00,96,0,1864,25.5,93,3,2,Flood Alert (HIGH),Raining
6469,2026-09-29 23:04:50.102782+00,90,0,1865,25.5,93,3,2,Flood Alert (HIGH),Raining
6470,2026-09-29 23:04:56.250775+00,100,0,1864,25.5,93,3,1,Warning (MODERATE),Raining
6471,2026-09-29 23:05:02.312919+00,92,0,1865,25.5,93,3,2,Flood Alert (HIGH),Raining
6472,2026-09-29 23:05:08.307313+00,93,0,1866,25.5,93,3,2,Flood Alert (HIGH),Raining
6473,2026-09-29 23:05:14.497293+00,97,0,1874,25.5,93,3,1,Warning (MODERATE),Raining
6474,2026-09-29 23:05:21.726052+00,100,0,1877,25.5,93,3,1,Warning (MODERATE),Raining
6475,2026-09-29 23:05:28.023326+00,95,0,1875,25.5,93,3,2,Flood Alert (HIGH),Raining
6476,2026-09-29 23:05:34.472914+00,92,0,1875,25.5,93,3,2,Flood Alert (HIGH),Raining
6477,2026-09-29 23:05:40.45145+00,98,0,1874,25.5,93,3,2,Flood Alert (HIGH),Raining
6478,2026-09-29 23:05:46.693085+00,94,0,1874,25.5,93,3,2,Flood Alert (HIGH),Raining
6479,2026-09-29 23:05:52.587185+00,92,0,1876,25.5,93,3,2,Flood Alert (HIGH),Raining
6480,2026-09-29 23:05:58.523929+00,90,0,1873,25.5,93,3,2,Flood Alert (HIGH),Raining
6481,2026-09-29 23:06:04.579364+00,95,0,1874,25.5,93,3,2,Flood Alert (HIGH),Raining
6482,2026-09-29 23:06:10.653113+00,100,0,1875,25.5,93,3,2,Flood Alert (HIGH),Raining
6483,2026-09-29 23:06:17.115442+00,88,0,1877,25.5,93,3,2,Flood Alert (HIGH),Raining
6484,2026-09-29 23:06:23.340114+00,100,0,1874,25.5,93,3,2,Flood Alert (HIGH),Raining
6485,2026-09-29 23:06:29.380728+00,87,0,1873,25.5,93,3,2,Flood Alert (HIGH),Raining
6486,2026-09-29 23:06:35.307883+00,88,0,1875,25.5,93,3,2,Flood Alert (HIGH),Raining
6487,2026-09-29 23:06:41.410268+00,99,0,1875,25.5,93,3,1,Warning (MODERATE),Raining
6488,2026-09-29 23:06:47.603139+00,95,0,1877,25.5,93,3,1,Warning (MODERATE),Raining
6489,2026-09-29 23:06:53.573459+00,88,0,1878,25.5,93,3,2,Flood Alert (HIGH),Raining
6490,2026-09-29 23:06:59.898122+00,99,0,1877,25.5,93,3,2,Flood Alert (HIGH),Raining
6491,2026-09-29 23:07:05.991547+00,100,0,1876,25.5,93,3,1,Warning (MODERATE),Raining
6492,2026-09-29 23:07:12.105462+00,100,0,1874,25.5,93,3,2,Flood Alert (HIGH),Raining
6493,2026-09-29 23:07:18.315459+00,98,0,1877,25.5,93,3,1,Warning (MODERATE),Raining
6494,2026-09-29 23:07:24.406484+00,100,0,1878,25.5,93,3,1,Warning (MODERATE),Raining
6495,2026-09-29 23:07:30.710408+00,91,0,1878,25.5,93,3,2,Flood Alert (HIGH),Raining
6496,2026-09-29 23:07:36.72779+00,90,0,1876,25.5,93,3,2,Flood Alert (HIGH),Raining
6497,2026-09-29 23:07:42.8313+00,86,0,1878,25.5,93,3,2,Flood Alert (HIGH),Raining
6498,2026-09-29 23:07:49.09284+00,88,0,1877,25.5,93,3,2,Flood Alert (HIGH),Raining
6499,2026-09-29 23:07:55.388344+00,95,0,1877,25.5,93,3,2,Flood Alert (HIGH),Raining
6500,2026-09-29 23:08:01.433235+00,96,0,1877,25.5,93,3,2,Flood Alert (HIGH),Raining
6501,2026-09-29 23:08:07.630619+00,86,0,1875,25.5,93,3,2,Flood Alert (HIGH),Raining
6502,2026-09-29 23:08:13.8833+00,86,0,1876,25.5,93,3,2,Flood Alert (HIGH),Raining
6503,2026-09-29 23:08:19.978385+00,88,0,1875,25.5,93,3,1,Warning (MODERATE),Raining
6504,2026-09-29 23:08:25.957182+00,92,0,1878,25.5,93,3,1,Warning (MODERATE),Raining
6505,2026-09-29 23:08:32.31624+00,95,0,1877,25.5,93,3,1,Warning (MODERATE),Raining
6506,2026-09-29 23:08:38.603431+00,89,0,1878,25.5,93,3,1,Warning (MODERATE),Raining
6507,2026-09-29 23:08:44.605128+00,98,0,1876,25.5,93,3,1,Warning (MODERATE),Raining
6508,2026-09-29 23:08:50.67422+00,92,0,1877,25.5,93,3,1,Warning (MODERATE),Raining
6509,2026-09-29 23:08:56.683621+00,87,0,1875,25.5,93,3,1,Warning (MODERATE),Raining
6510,2026-09-29 23:09:02.991508+00,100,0,1874,25.5,93,3,1,Warning (MODERATE),Raining
6511,2026-09-29 23:09:09.1803+00,86,0,1875,25.5,93,3,1,Warning (MODERATE),Raining
6512,2026-09-29 23:09:15.49785+00,100,0,1877,25.8,91,3,1,Warning (MODERATE),Raining
6513,2026-09-29 23:09:21.726968+00,97,0,1876,25.8,91,3,2,Flood Alert (HIGH),Raining
6514,2026-09-29 23:09:28.076718+00,88,0,1877,25.8,91,3,2,Flood Alert (HIGH),Raining
6515,2026-09-29 23:09:34.012722+00,87,0,1879,25.8,91,3,2,Flood Alert (HIGH),Raining
6516,2026-09-29 23:09:40.03505+00,96,0,1876,25.8,91,3,2,Flood Alert (HIGH),Raining
6517,2026-09-29 23:09:46.025985+00,98,0,1876,25.8,91,3,1,Warning (MODERATE),Raining
6518,2026-09-29 23:09:52.314541+00,94,0,1877,25.8,91,3,2,Flood Alert (HIGH),Raining
6519,2026-09-29 23:09:58.364913+00,100,0,1877,25.8,91,3,2,Flood Alert (HIGH),Raining
6520,2026-09-29 23:10:04.665775+00,95,0,1876,25.8,91,3,2,Flood Alert (HIGH),Raining
6521,2026-09-29 23:10:11.039445+00,94,0,1878,25.8,91,3,2,Flood Alert (HIGH),Raining
6522,2026-09-29 23:10:17.092218+00,99,0,1876,25.8,91,3,1,Warning (MODERATE),Raining
6523,2026-09-29 23:10:23.117215+00,97,0,1877,25.8,91,3,1,Warning (MODERATE),Raining
6524,2026-09-29 23:10:29.228623+00,100,0,1876,25.8,91,3,1,Warning (MODERATE),Raining
6525,2026-09-29 23:10:35.592521+00,89,0,1876,25.8,91,3,2,Flood Alert (HIGH),Raining
6526,2026-09-29 23:10:41.897767+00,88,0,1878,25.8,91,3,2,Flood Alert (HIGH),Raining
6527,2026-09-29 23:10:48.091928+00,100,0,1877,25.8,91,3,2,Flood Alert (HIGH),Raining
6528,2026-09-29 23:10:54.334462+00,87,0,1878,25.8,91,3,2,Flood Alert (HIGH),Raining
6529,2026-09-29 23:11:00.596289+00,87,0,1876,25.8,91,3,2,Flood Alert (HIGH),Raining
6530,2026-09-29 23:11:06.750702+00,87,0,1879,25.8,91,3,2,Flood Alert (HIGH),Raining
6531,2026-09-29 23:11:12.973847+00,93,0,1877,25.8,91,3,2,Flood Alert (HIGH),Raining
6532,2026-09-29 23:11:19.20845+00,100,0,1877,25.8,91,3,1,Warning (MODERATE),Raining
6533,2026-09-29 23:11:25.603264+00,100,0,1877,25.8,91,3,1,Warning (MODERATE),Raining
6534,2026-09-29 23:11:31.619848+00,100,0,1876,25.8,91,3,1,Warning (MODERATE),Raining
6535,2026-09-29 23:11:37.877653+00,87,0,1877,25.8,91,3,2,Flood Alert (HIGH),Raining
6536,2026-09-29 23:11:44.256337+00,100,0,1876,25.8,91,3,2,Flood Alert (HIGH),Raining
6537,2026-09-29 23:11:50.397291+00,87,0,1878,25.8,91,3,2,Flood Alert (HIGH),Raining
6538,2026-09-29 23:11:56.547976+00,98,0,1877,25.8,91,3,2,Flood Alert (HIGH),Raining
6539,2026-09-29 23:12:02.599454+00,90,0,1876,25.8,91,3,2,Flood Alert (HIGH),Raining
6540,2026-09-29 23:12:08.547137+00,93,0,1876,25.8,91,3,2,Flood Alert (HIGH),Raining
6541,2026-09-29 23:12:14.538191+00,99,0,1875,25.8,91,3,2,Flood Alert (HIGH),Raining
6542,2026-09-29 23:12:21.556886+00,97,0,1878,25.8,91,3,2,Flood Alert (HIGH),Raining
6543,2026-09-29 23:12:27.693075+00,86,0,1876,25.8,91,3,2,Flood Alert (HIGH),Raining
6544,2026-09-29 23:12:33.682337+00,86,0,1879,25.8,91,3,2,Flood Alert (HIGH),Raining
6545,2026-09-29 23:12:39.757392+00,92,0,1877,25.8,91,3,2,Flood Alert (HIGH),Raining
6546,2026-09-29 23:12:46.202267+00,97,0,1875,25.8,91,3,2,Flood Alert (HIGH),Raining
6547,2026-09-29 23:12:52.993764+00,87,0,1876,25.8,91,3,2,Flood Alert (HIGH),Raining
6548,2026-09-29 23:12:59.072527+00,98,0,1878,25.8,91,3,2,Flood Alert (HIGH),Raining
6549,2026-09-29 23:13:05.206865+00,96,0,1876,25.8,91,3,2,Flood Alert (HIGH),Raining
6550,2026-09-29 23:13:11.580922+00,92,0,1876,25.8,91,3,2,Flood Alert (HIGH),Raining
6551,2026-09-29 23:13:17.503099+00,87,0,1878,25.8,91,3,2,Flood Alert (HIGH),Raining
6552,2026-09-29 23:13:23.694295+00,99,0,1878,25.8,91,3,1,Warning (MODERATE),Raining
6553,2026-09-29 23:13:29.625446+00,92,0,1878,25.8,91,3,2,Flood Alert (HIGH),Raining
6554,2026-09-29 23:13:35.574523+00,87,0,1878,25.8,91,3,2,Flood Alert (HIGH),Raining
6555,2026-09-29 23:13:41.53009+00,95,0,1876,25.8,91,3,2,Flood Alert (HIGH),Raining
6556,2026-09-29 23:13:47.903198+00,89,0,1878,25.8,91,3,2,Flood Alert (HIGH),Raining
6557,2026-09-29 23:13:54.15113+00,100,0,1875,25.8,91,3,2,Flood Alert (HIGH),Raining
6558,2026-09-29 23:14:00.36167+00,98,0,1877,25.8,91,3,2,Flood Alert (HIGH),Raining
6559,2026-09-29 23:14:06.278476+00,90,0,1879,25.8,91,3,2,Flood Alert (HIGH),Raining
6560,2026-09-29 23:14:12.393306+00,90,0,1878,25.8,91,3,2,Flood Alert (HIGH),Raining
6561,2026-09-29 23:14:18.559052+00,99,0,1876,25.8,91,3,2,Flood Alert (HIGH),Raining
6562,2026-09-29 23:14:24.676021+00,100,0,1878,25.8,91,3,1,Warning (MODERATE),Raining
6563,2026-09-29 23:14:30.819165+00,86,0,1876,25.8,91,3,2,Flood Alert (HIGH),Raining
6564,2026-09-29 23:14:37.039113+00,93,0,1878,25.8,91,3,2,Flood Alert (HIGH),Raining
6565,2026-09-29 23:14:43.435607+00,100,0,1878,25.8,91,3,2,Flood Alert (HIGH),Raining
6566,2026-09-29 23:14:49.513438+00,98,0,1879,25.8,91,3,2,Flood Alert (HIGH),Raining
6567,2026-09-29 23:14:55.448605+00,100,0,1877,25.8,91,3,2,Flood Alert (HIGH),Raining
6568,2026-09-29 23:15:01.48594+00,97,0,1878,25.8,91,3,2,Flood Alert (HIGH),Raining
6569,2026-09-29 23:15:07.402111+00,100,0,1879,25.8,91,3,2,Flood Alert (HIGH),Raining
6570,2026-09-29 23:15:13.711829+00,87,0,1878,25.8,91,3,2,Flood Alert (HIGH),Raining
6571,2026-09-29 23:15:19.909723+00,91,0,1878,25.8,91,3,2,Flood Alert (HIGH),Raining
6572,2026-09-29 23:15:25.892613+00,98,0,1879,25.8,91,3,2,Flood Alert (HIGH),Raining
6573,2026-09-29 23:15:32.145121+00,89,0,1880,25.8,91,3,2,Flood Alert (HIGH),Raining
6574,2026-09-29 23:15:38.578877+00,99,0,1879,25.8,91,3,2,Flood Alert (HIGH),Raining
6575,2026-09-29 23:15:44.579056+00,92,0,1877,25.8,91,3,2,Flood Alert (HIGH),Raining
6576,2026-09-29 23:15:50.953912+00,88,0,1878,25.8,91,3,2,Flood Alert (HIGH),Raining
6577,2026-09-29 23:15:56.99448+00,99,0,1880,25.8,91,3,2,Flood Alert (HIGH),Raining
6578,2026-09-29 23:16:03.104916+00,90,0,1878,25.8,91,3,2,Flood Alert (HIGH),Raining
6579,2026-09-29 23:16:09.277115+00,94,0,1880,25.8,91,3,2,Flood Alert (HIGH),Raining
6580,2026-09-29 23:16:15.245279+00,89,0,1880,25.8,91,3,2,Flood Alert (HIGH),Raining
6581,2026-09-29 23:16:21.546669+00,90,0,1878,25.8,91,3,2,Flood Alert (HIGH),Raining
6582,2026-09-29 23:16:27.658412+00,94,0,1878,25.8,91,3,2,Flood Alert (HIGH),Raining
6583,2026-09-29 23:16:33.909639+00,86,0,1879,25.8,91,3,2,Flood Alert (HIGH),Raining
6584,2026-09-29 23:16:40.075002+00,100,0,1879,25.8,91,3,1,Warning (MODERATE),Raining
6585,2026-09-29 23:16:46.163519+00,100,0,1880,25.8,91,3,1,Warning (MODERATE),Raining
6586,2026-09-29 23:16:52.589633+00,95,0,1880,25.8,91,3,2,Flood Alert (HIGH),Raining
6587,2026-09-29 23:16:58.51045+00,99,0,1879,25.8,91,3,2,Flood Alert (HIGH),Raining
6588,2026-09-29 23:17:04.604798+00,100,0,1877,25.8,91,3,2,Flood Alert (HIGH),Raining
6589,2026-09-29 23:17:11.035548+00,88,0,1878,25.8,91,3,2,Flood Alert (HIGH),Raining
6590,2026-09-29 23:17:17.113093+00,99,0,1880,25.8,91,3,2,Flood Alert (HIGH),Raining
6591,2026-09-29 23:17:23.206877+00,100,0,1881,25.8,91,3,1,Warning (MODERATE),Raining
6592,2026-09-29 23:17:29.641943+00,86,0,1880,25.8,91,3,2,Flood Alert (HIGH),Raining
6593,2026-09-29 23:17:35.667376+00,96,0,1879,25.8,91,3,2,Flood Alert (HIGH),Raining
6594,2026-09-29 23:17:41.79535+00,100,0,1878,25.8,91,3,2,Flood Alert (HIGH),Raining
6595,2026-09-29 23:17:48.017603+00,97,0,1878,25.8,91,3,2,Flood Alert (HIGH),Raining
6596,2026-09-29 23:17:53.898954+00,86,0,1880,25.8,91,3,2,Flood Alert (HIGH),Raining
6597,2026-09-29 23:17:59.977925+00,87,0,1880,25.8,91,3,2,Flood Alert (HIGH),Raining
6598,2026-09-29 23:18:05.974088+00,93,0,1879,25.8,91,3,2,Flood Alert (HIGH),Raining
6599,2026-09-29 23:18:12.117333+00,87,0,1879,25.8,91,3,2,Flood Alert (HIGH),Raining
6600,2026-09-29 23:18:18.171609+00,100,0,1878,25.8,91,3,1,Warning (MODERATE),Raining
6601,2026-09-29 23:18:24.24138+00,100,0,1881,25.8,91,3,2,Flood Alert (HIGH),Raining
6602,2026-09-29 23:18:30.672687+00,94,0,1879,25.8,91,3,2,Flood Alert (HIGH),Raining
6603,2026-09-29 23:18:36.670315+00,95,0,1879,25.8,91,3,2,Flood Alert (HIGH),Raining
6604,2026-09-29 23:18:42.87697+00,92,0,1880,25.8,91,3,2,Flood Alert (HIGH),Raining
6605,2026-09-29 23:18:48.793367+00,90,0,1878,25.8,91,3,2,Flood Alert (HIGH),Raining
6606,2026-09-29 23:18:54.886884+00,98,0,1880,25.8,91,3,2,Flood Alert (HIGH),Raining
6607,2026-09-29 23:19:01.30543+00,93,0,1880,25.8,91,3,2,Flood Alert (HIGH),Raining
6608,2026-09-29 23:19:07.431413+00,99,0,1878,25.8,91,3,2,Flood Alert (HIGH),Raining
6609,2026-09-29 23:19:15.308622+00,99,0,1880,26.2,89,3,2,Flood Alert (HIGH),Raining
6610,2026-09-29 23:19:21.566863+00,99,0,1879,26.2,89,3,2,Flood Alert (HIGH),Raining
6611,2026-09-29 23:19:27.857174+00,91,0,1880,26.2,89,3,2,Flood Alert (HIGH),Raining
6612,2026-09-29 23:19:34.303442+00,96,0,1878,26.2,89,3,2,Flood Alert (HIGH),Raining
6613,2026-09-29 23:19:40.227389+00,100,0,1881,26.2,89,3,1,Warning (MODERATE),Raining
6614,2026-09-29 23:19:46.227966+00,100,0,1879,26.2,89,3,2,Flood Alert (HIGH),Raining
6615,2026-09-29 23:19:52.368542+00,99,0,1881,26.2,89,3,1,Warning (MODERATE),Raining
6616,2026-09-29 23:19:58.56086+00,95,0,1880,26.2,89,3,2,Flood Alert (HIGH),Raining
6617,2026-09-29 23:20:04.544495+00,89,0,1881,26.2,89,3,2,Flood Alert (HIGH),Raining
6618,2026-09-29 23:20:10.813776+00,100,0,1879,26.2,89,3,2,Flood Alert (HIGH),Raining
6619,2026-09-29 23:20:16.87841+00,89,0,1879,26.2,89,3,2,Flood Alert (HIGH),Raining
6620,2026-09-29 23:20:22.912909+00,90,0,1878,26.2,89,3,2,Flood Alert (HIGH),Raining
6621,2026-09-29 23:20:28.859981+00,89,0,1880,26.2,89,3,2,Flood Alert (HIGH),Raining
6622,2026-09-29 23:20:34.79184+00,93,0,1880,26.2,89,3,2,Flood Alert (HIGH),Raining
6623,2026-09-29 23:20:40.8843+00,91,0,1881,26.2,89,3,2,Flood Alert (HIGH),Raining
6624,2026-09-29 23:20:47.138707+00,100,0,1878,26.2,89,3,2,Flood Alert (HIGH),Raining
6625,2026-09-29 23:20:53.326858+00,100,0,1879,26.2,89,3,2,Flood Alert (HIGH),Raining
6626,2026-09-29 23:20:59.334537+00,98,0,1881,26.2,89,3,2,Flood Alert (HIGH),Raining
6627,2026-09-29 23:21:05.579626+00,100,0,1880,26.2,89,3,2,Flood Alert (HIGH),Raining
6628,2026-09-29 23:21:11.825581+00,86,0,1881,26.2,89,3,2,Flood Alert (HIGH),Raining
6629,2026-09-29 23:21:17.970347+00,93,0,1881,26.2,89,3,2,Flood Alert (HIGH),Raining
6630,2026-09-29 23:21:24.112861+00,100,0,1881,26.2,89,3,2,Flood Alert (HIGH),Raining
6631,2026-09-29 23:21:30.271836+00,91,0,1879,26.2,89,3,2,Flood Alert (HIGH),Raining
6632,2026-09-29 23:21:36.499602+00,90,0,1880,26.2,89,3,2,Flood Alert (HIGH),Raining
6633,2026-09-29 23:21:42.549925+00,94,0,1881,26.2,89,3,2,Flood Alert (HIGH),Raining
6634,2026-09-29 23:21:48.707085+00,97,0,1880,26.2,89,3,2,Flood Alert (HIGH),Raining
6635,2026-09-29 23:21:54.777294+00,93,0,1879,26.2,89,3,2,Flood Alert (HIGH),Raining
6636,2026-09-29 23:22:00.762214+00,96,0,1880,26.2,89,3,2,Flood Alert (HIGH),Raining
6637,2026-09-29 23:22:07.038936+00,87,0,1881,26.2,89,3,2,Flood Alert (HIGH),Raining
6638,2026-09-29 23:22:13.075031+00,93,0,1880,26.2,89,3,2,Flood Alert (HIGH),Raining
6639,2026-09-29 23:22:19.161964+00,91,0,1879,26.2,89,3,2,Flood Alert (HIGH),Raining
6640,2026-09-29 23:22:25.177931+00,90,0,1879,26.2,89,3,2,Flood Alert (HIGH),Raining
6641,2026-09-29 23:22:31.116535+00,91,0,1880,26.2,89,3,2,Flood Alert (HIGH),Raining
6642,2026-09-29 23:22:37.08283+00,99,0,1880,26.2,89,3,2,Flood Alert (HIGH),Raining
6643,2026-09-29 23:22:43.031205+00,100,0,1881,26.2,89,3,2,Flood Alert (HIGH),Raining
6644,2026-09-29 23:22:48.944352+00,91,0,1881,26.2,89,3,2,Flood Alert (HIGH),Raining
6645,2026-09-29 23:22:54.966003+00,100,0,1880,26.2,89,3,2,Flood Alert (HIGH),Raining
6646,2026-09-29 23:23:01.013528+00,88,0,1882,26.2,89,3,2,Flood Alert (HIGH),Raining
6647,2026-09-29 23:23:07.055825+00,90,0,1880,26.2,89,3,2,Flood Alert (HIGH),Raining
6648,2026-09-29 23:23:13.149019+00,87,0,1882,26.2,89,3,2,Flood Alert (HIGH),Raining
6649,2026-09-29 23:23:19.53619+00,100,0,1879,26.2,89,3,2,Flood Alert (HIGH),Raining
6650,2026-09-29 23:23:25.693+00,97,0,1880,26.2,89,3,2,Flood Alert (HIGH),Raining
6651,2026-09-29 23:23:31.789375+00,90,0,1881,26.2,89,3,2,Flood Alert (HIGH),Raining
6652,2026-09-29 23:23:38.177866+00,95,0,1882,26.2,89,3,2,Flood Alert (HIGH),Raining
6653,2026-09-29 23:23:44.39629+00,98,0,1881,26.2,89,3,2,Flood Alert (HIGH),Raining
6654,2026-09-29 23:23:50.705031+00,97,0,1882,26.2,89,3,2,Flood Alert (HIGH),Raining
6655,2026-09-29 23:23:56.684859+00,97,0,1881,26.2,89,3,2,Flood Alert (HIGH),Raining
6656,2026-09-29 23:24:02.926258+00,92,0,1882,26.2,89,3,2,Flood Alert (HIGH),Raining
6657,2026-09-29 23:24:09.284353+00,88,0,1881,26.2,89,3,2,Flood Alert (HIGH),Raining
6658,2026-09-29 23:24:15.567583+00,97,0,1881,26.2,89,3,2,Flood Alert (HIGH),Raining
6659,2026-09-29 23:24:21.575954+00,100,0,1882,26.2,89,3,2,Flood Alert (HIGH),Raining
6660,2026-09-29 23:24:27.743682+00,94,0,1880,26.2,89,3,2,Flood Alert (HIGH),Raining
6661,2026-09-29 23:24:33.785964+00,87,0,1881,26.2,89,3,2,Flood Alert (HIGH),Raining
6662,2026-09-29 23:24:39.826936+00,100,0,1881,26.2,89,3,2,Flood Alert (HIGH),Raining
6663,2026-09-29 23:24:45.92844+00,87,0,1880,26.2,89,3,2,Flood Alert (HIGH),Raining
6664,2026-09-29 23:24:52.240404+00,93,0,1882,26.2,89,3,2,Flood Alert (HIGH),Raining
6665,2026-09-29 23:24:58.194945+00,93,0,1880,26.2,89,3,2,Flood Alert (HIGH),Raining
6666,2026-09-29 23:25:04.178066+00,100,0,1881,26.2,89,3,2,Flood Alert (HIGH),Raining
6667,2026-09-29 23:25:10.30276+00,95,0,1881,26.2,89,3,2,Flood Alert (HIGH),Raining
6668,2026-09-29 23:25:16.656739+00,91,0,1882,26.2,89,3,2,Flood Alert (HIGH),Raining
6669,2026-09-29 23:25:22.825908+00,95,0,1881,26.2,89,3,2,Flood Alert (HIGH),Raining
6670,2026-09-29 23:25:28.890861+00,89,0,1879,26.2,89,3,2,Flood Alert (HIGH),Raining
6671,2026-09-29 23:25:34.93163+00,100,0,1882,26.2,89,3,2,Flood Alert (HIGH),Raining
6672,2026-09-29 23:25:40.89386+00,99,0,1881,26.2,89,3,2,Flood Alert (HIGH),Raining
6673,2026-09-29 23:25:46.86101+00,100,0,1881,26.2,89,3,2,Flood Alert (HIGH),Raining
6674,2026-09-29 23:25:53.087406+00,94,0,1882,26.2,89,3,2,Flood Alert (HIGH),Raining
6675,2026-09-29 23:25:58.968167+00,89,0,1882,26.2,89,3,2,Flood Alert (HIGH),Raining
6676,2026-09-29 23:26:05.050693+00,97,0,1882,26.2,89,3,2,Flood Alert (HIGH),Raining
6677,2026-09-29 23:26:11.145854+00,100,0,1882,26.2,89,3,2,Flood Alert (HIGH),Raining
6678,2026-09-29 23:26:17.239087+00,100,0,1882,26.2,89,3,2,Flood Alert (HIGH),Raining
6679,2026-09-29 23:26:23.173304+00,99,0,1881,26.2,89,3,2,Flood Alert (HIGH),Raining
6680,2026-09-29 23:26:29.15164+00,86,0,1882,26.2,89,3,2,Flood Alert (HIGH),Raining
6681,2026-09-29 23:26:35.30246+00,93,0,1881,26.2,89,3,2,Flood Alert (HIGH),Raining
6682,2026-09-29 23:26:41.412287+00,96,0,1881,26.2,89,3,2,Flood Alert (HIGH),Raining
6683,2026-09-29 23:26:47.352497+00,89,0,1881,26.2,89,3,2,Flood Alert (HIGH),Raining
6684,2026-09-29 23:26:53.261953+00,93,0,1881,26.2,89,3,2,Flood Alert (HIGH),Raining
6685,2026-09-29 23:26:59.246437+00,100,0,1883,26.2,89,3,2,Flood Alert (HIGH),Raining
6686,2026-09-29 23:27:05.529115+00,100,0,1882,26.2,89,3,2,Flood Alert (HIGH),Raining
6687,2026-09-29 23:27:11.697068+00,97,0,1883,26.2,89,3,2,Flood Alert (HIGH),Raining
6688,2026-09-29 23:27:17.695188+00,86,0,1881,26.2,89,3,2,Flood Alert (HIGH),Raining
6689,2026-09-29 23:27:23.807397+00,97,0,1879,26.2,89,3,2,Flood Alert (HIGH),Raining
6690,2026-09-29 23:27:30.237686+00,92,0,1883,26.2,89,3,2,Flood Alert (HIGH),Raining
6691,2026-09-29 23:27:36.205596+00,96,0,1881,26.2,89,3,2,Flood Alert (HIGH),Raining
6692,2026-09-29 23:27:42.454928+00,98,0,1881,26.2,89,3,2,Flood Alert (HIGH),Raining
6693,2026-09-29 23:27:48.764521+00,88,0,1882,26.2,89,3,2,Flood Alert (HIGH),Raining
6694,2026-09-29 23:27:54.788091+00,100,0,1882,26.2,89,3,2,Flood Alert (HIGH),Raining
6695,2026-09-29 23:28:00.90434+00,100,0,1881,26.2,89,3,2,Flood Alert (HIGH),Raining
6696,2026-09-29 23:28:07.13217+00,93,0,1881,26.2,89,3,2,Flood Alert (HIGH),Raining
6697,2026-09-29 23:28:13.458988+00,94,0,1882,26.2,89,3,2,Flood Alert (HIGH),Raining
6698,2026-09-29 23:28:19.501027+00,100,0,1883,26.2,89,3,2,Flood Alert (HIGH),Raining
6699,2026-09-29 23:28:25.924182+00,94,0,1881,26.2,89,3,2,Flood Alert (HIGH),Raining
6700,2026-09-29 23:28:31.916355+00,87,0,1883,26.2,89,3,2,Flood Alert (HIGH),Raining
6701,2026-09-29 23:28:38.225579+00,100,0,1882,26.2,89,3,2,Flood Alert (HIGH),Raining
6702,2026-09-29 23:28:44.272361+00,87,0,1882,26.2,89,3,2,Flood Alert (HIGH),Raining
6703,2026-09-29 23:28:50.380977+00,100,0,1881,26.2,89,3,2,Flood Alert (HIGH),Raining
6704,2026-09-29 23:28:56.488032+00,86,0,1882,26.2,89,3,2,Flood Alert (HIGH),Raining
6705,2026-09-29 23:29:02.667597+00,91,0,1881,26.2,89,3,2,Flood Alert (HIGH),Raining
6706,2026-09-29 23:29:08.672003+00,86,0,1881,26.2,89,3,2,Flood Alert (HIGH),Raining
6707,2026-09-29 23:29:14.918437+00,90,0,1883,26.2,89,3,2,Flood Alert (HIGH),Raining
6708,2026-09-29 23:29:21.183624+00,99,0,1882,26.2,89,3,1,Warning (MODERATE),Raining
6709,2026-09-29 23:29:27.357367+00,99,0,1882,26.2,89,3,2,Flood Alert (HIGH),Raining
6710,2026-09-29 23:29:33.394618+00,97,0,1882,26.2,89,3,2,Flood Alert (HIGH),Raining
6711,2026-09-29 23:29:39.439268+00,93,0,1882,26.2,89,3,2,Flood Alert (HIGH),Raining
6712,2026-09-29 23:29:45.455501+00,99,0,1883,26.2,89,3,2,Flood Alert (HIGH),Raining
6713,2026-09-29 23:29:51.59725+00,95,0,1882,26.2,89,3,2,Flood Alert (HIGH),Raining
6714,2026-09-29 23:29:57.767029+00,89,0,1883,26.2,89,3,2,Flood Alert (HIGH),Raining
6715,2026-09-29 23:30:03.784163+00,98,0,1882,26.2,89,3,2,Flood Alert (HIGH),Raining
6716,2026-09-29 23:30:09.994932+00,90,0,1881,26.2,89,3,2,Flood Alert (HIGH),Raining
6717,2026-09-29 23:30:16.503992+00,88,0,1882,26.2,89,3,2,Flood Alert (HIGH),Raining
6718,2026-09-29 23:30:22.638205+00,100,0,1883,26.2,89,3,2,Flood Alert (HIGH),Raining
6719,2026-09-29 23:30:28.683972+00,100,0,1883,26.2,89,3,2,Flood Alert (HIGH),Raining
6720,2026-09-29 23:30:34.742335+00,90,0,1882,26.2,89,3,2,Flood Alert (HIGH),Raining
6721,2026-09-29 23:30:40.770828+00,88,0,1882,26.2,89,3,2,Flood Alert (HIGH),Raining
6722,2026-09-29 23:30:46.877424+00,95,0,1884,26.2,89,3,2,Flood Alert (HIGH),Raining
6723,2026-09-29 23:30:53.097089+00,91,0,1882,26.2,89,3,2,Flood Alert (HIGH),Raining
6724,2026-09-29 23:30:59.411002+00,93,0,1883,26.2,89,3,2,Flood Alert (HIGH),Raining
6725,2026-09-29 23:31:05.387902+00,100,0,1883,26.2,89,3,1,Warning (MODERATE),Raining
6726,2026-09-29 23:31:11.356817+00,100,0,1884,26.2,89,3,2,Flood Alert (HIGH),Raining
6727,2026-09-29 23:31:17.605892+00,94,0,1881,26.2,89,3,2,Flood Alert (HIGH),Raining
6728,2026-09-29 23:31:23.705374+00,90,0,1882,26.2,89,3,2,Flood Alert (HIGH),Raining
6729,2026-09-29 23:31:29.669969+00,100,0,1882,26.2,89,3,1,Warning (MODERATE),Raining
6730,2026-09-29 23:31:36.210311+00,90,0,1883,26.2,89,3,2,Flood Alert (HIGH),Raining
6731,2026-09-29 23:31:42.260436+00,90,0,1881,26.2,89,3,2,Flood Alert (HIGH),Raining
6732,2026-09-29 23:31:48.656267+00,87,0,1884,26.2,89,3,2,Flood Alert (HIGH),Raining
6733,2026-09-29 23:31:54.697237+00,92,0,1882,26.2,89,3,2,Flood Alert (HIGH),Raining
6734,2026-09-29 23:32:00.826719+00,89,0,1883,26.2,89,3,2,Flood Alert (HIGH),Raining
6735,2026-09-29 23:32:07.0188+00,94,0,1884,26.2,89,3,2,Flood Alert (HIGH),Raining
6736,2026-09-29 23:32:12.919607+00,100,0,1883,26.2,89,3,1,Warning (MODERATE),Raining
6737,2026-09-29 23:32:18.977549+00,87,0,1883,26.2,89,3,2,Flood Alert (HIGH),Raining
6738,2026-09-29 23:32:25.089255+00,89,0,1883,26.2,89,3,2,Flood Alert (HIGH),Raining
6739,2026-09-29 23:32:31.244504+00,89,0,1884,26.2,89,3,1,Warning (MODERATE),Raining
6740,2026-09-29 23:32:37.36689+00,100,0,1882,26.2,89,3,1,Warning (MODERATE),Raining
6741,2026-09-29 23:32:43.640176+00,90,0,1882,26.2,89,3,2,Flood Alert (HIGH),Raining
6742,2026-09-29 23:32:49.682176+00,90,0,1881,26.2,89,3,2,Flood Alert (HIGH),Raining
6743,2026-09-29 23:32:55.794057+00,100,0,1883,26.2,89,3,2,Flood Alert (HIGH),Raining
6744,2026-09-29 23:33:02.09049+00,89,0,1883,26.2,89,3,2,Flood Alert (HIGH),Raining
6745,2026-09-29 23:33:08.035698+00,96,0,1882,26.2,89,3,2,Flood Alert (HIGH),Raining
6746,2026-09-29 23:33:14.059968+00,93,0,1882,26.2,89,3,1,Warning (MODERATE),Raining
6747,2026-09-29 23:33:20.239677+00,96,0,1884,26.2,89,3,2,Flood Alert (HIGH),Raining
6748,2026-09-29 23:33:26.185686+00,100,0,1883,26.2,89,3,2,Flood Alert (HIGH),Raining
6749,2026-09-29 23:33:32.17645+00,97,0,1882,26.2,89,3,2,Flood Alert (HIGH),Raining
6750,2026-09-29 23:33:38.307503+00,96,0,1881,26.2,89,3,2,Flood Alert (HIGH),Raining
6751,2026-09-29 23:33:44.449339+00,90,0,1883,26.2,89,3,2,Flood Alert (HIGH),Raining
6752,2026-09-29 23:33:50.664856+00,96,0,1883,26.2,89,3,2,Flood Alert (HIGH),Raining
6753,2026-09-29 23:33:56.978817+00,94,0,1882,26.2,89,3,2,Flood Alert (HIGH),Raining
6754,2026-09-29 23:34:03.042853+00,98,0,1882,26.2,89,3,2,Flood Alert (HIGH),Raining
6755,2026-09-29 23:34:09.151537+00,96,0,1883,26.2,89,3,2,Flood Alert (HIGH),Raining
6756,2026-09-29 23:34:15.131+00,87,0,1883,26.2,89,3,2,Flood Alert (HIGH),Raining
6757,2026-09-29 23:34:21.526485+00,100,0,1881,26.2,89,3,2,Flood Alert (HIGH),Raining
6758,2026-09-29 23:34:27.641623+00,97,0,1882,26.2,89,3,2,Flood Alert (HIGH),Raining
6759,2026-09-29 23:34:33.920125+00,87,0,1884,26.2,89,3,2,Flood Alert (HIGH),Raining
6760,2026-09-29 23:34:39.991529+00,94,0,1882,26.2,89,3,2,Flood Alert (HIGH),Raining
6761,2026-09-29 23:34:46.068773+00,93,0,1882,26.2,89,3,2,Flood Alert (HIGH),Raining
6762,2026-09-29 23:34:52.381409+00,100,0,1882,26.2,89,3,2,Flood Alert (HIGH),Raining
6763,2026-09-29 23:34:58.349477+00,97,0,1882,26.2,89,3,2,Flood Alert (HIGH),Raining
6764,2026-09-29 23:35:04.728625+00,92,0,1883,26.2,89,3,2,Flood Alert (HIGH),Raining
6765,2026-09-29 23:35:10.965141+00,98,0,1883,26.2,89,3,2,Flood Alert (HIGH),Raining
6766,2026-09-29 23:35:17.175317+00,100,0,1882,26.2,89,3,2,Flood Alert (HIGH),Raining
6767,2026-09-29 23:35:23.072043+00,89,0,1884,26.2,89,3,2,Flood Alert (HIGH),Raining
6768,2026-09-29 23:35:29.107629+00,99,0,1883,26.2,89,3,2,Flood Alert (HIGH),Raining
6769,2026-09-29 23:35:35.216599+00,100,0,1884,26.2,89,3,2,Flood Alert (HIGH),Raining
6770,2026-09-29 23:35:41.445534+00,100,0,1882,26.2,89,3,2,Flood Alert (HIGH),Raining
6771,2026-09-29 23:35:47.677433+00,89,0,1883,26.2,89,3,2,Flood Alert (HIGH),Raining
6772,2026-09-29 23:35:53.695104+00,93,0,1884,26.2,89,3,2,Flood Alert (HIGH),Raining
6773,2026-09-29 23:35:59.826873+00,97,0,1885,26.2,89,3,2,Flood Alert (HIGH),Raining
6774,2026-09-29 23:36:05.953086+00,95,0,1884,26.2,89,3,2,Flood Alert (HIGH),Raining
6775,2026-09-29 23:36:12.122911+00,91,0,1885,26.2,89,3,2,Flood Alert (HIGH),Raining
6776,2026-09-29 23:36:18.149723+00,100,0,1884,26.2,89,3,2,Flood Alert (HIGH),Raining
6777,2026-09-29 23:36:24.300053+00,89,0,1884,26.2,89,3,2,Flood Alert (HIGH),Raining
6778,2026-09-29 23:36:30.436645+00,97,0,1884,26.2,89,3,2,Flood Alert (HIGH),Raining
6779,2026-09-29 23:36:36.586785+00,100,0,1882,26.2,89,3,2,Flood Alert (HIGH),Raining
6780,2026-09-29 23:36:42.815031+00,92,0,1883,26.2,89,3,2,Flood Alert (HIGH),Raining
6781,2026-09-29 23:36:49.057739+00,100,0,1882,26.2,89,3,2,Flood Alert (HIGH),Raining
6782,2026-09-29 23:36:55.200444+00,98,0,1882,26.2,89,3,2,Flood Alert (HIGH),Raining
6783,2026-09-29 23:37:01.41753+00,99,0,1884,26.2,89,3,2,Flood Alert (HIGH),Raining
6784,2026-09-29 23:37:07.337623+00,99,0,1882,26.2,89,3,2,Flood Alert (HIGH),Raining
6785,2026-09-29 23:37:13.423744+00,87,0,1883,26.2,89,3,2,Flood Alert (HIGH),Raining
6786,2026-09-29 23:37:19.710897+00,96,0,1883,26.2,89,3,2,Flood Alert (HIGH),Raining
6787,2026-09-29 23:37:25.762355+00,91,0,1885,26.2,89,3,2,Flood Alert (HIGH),Raining
6788,2026-09-29 23:37:31.752227+00,92,0,1882,26.2,89,3,2,Flood Alert (HIGH),Raining
6789,2026-09-29 23:37:37.971077+00,96,0,1882,26.2,89,3,2,Flood Alert (HIGH),Raining
6790,2026-09-29 23:37:43.945987+00,89,0,1882,26.2,89,3,2,Flood Alert (HIGH),Raining
6791,2026-09-29 23:37:50.160227+00,96,0,1884,26.2,89,3,2,Flood Alert (HIGH),Raining
6792,2026-09-29 23:37:56.474625+00,100,0,1885,26.2,89,3,2,Flood Alert (HIGH),Raining
6793,2026-09-29 23:38:02.568781+00,88,0,1885,26.2,89,3,2,Flood Alert (HIGH),Raining
6794,2026-09-29 23:38:08.898224+00,100,0,1883,26.2,89,3,2,Flood Alert (HIGH),Raining
6795,2026-09-29 23:38:14.863596+00,94,0,1884,26.2,89,3,2,Flood Alert (HIGH),Raining
6796,2026-09-29 23:38:21.105262+00,90,0,1883,26.2,89,3,2,Flood Alert (HIGH),Raining
6797,2026-09-29 23:38:27.402978+00,100,0,1885,26.2,89,3,2,Flood Alert (HIGH),Raining
6798,2026-09-29 23:38:33.581199+00,96,0,1885,26.2,89,3,2,Flood Alert (HIGH),Raining
6799,2026-09-29 23:38:39.467382+00,88,0,1883,26.2,89,3,2,Flood Alert (HIGH),Raining
6800,2026-09-29 23:38:45.586302+00,90,0,1883,26.2,89,3,2,Flood Alert (HIGH),Raining
6801,2026-09-29 23:38:51.745094+00,94,0,1885,26.2,89,3,2,Flood Alert (HIGH),Raining
6802,2026-09-29 23:38:57.840128+00,91,0,1883,26.2,89,3,2,Flood Alert (HIGH),Raining
6803,2026-09-29 23:39:03.774742+00,100,0,1883,26.2,89,3,2,Flood Alert (HIGH),Raining
6804,2026-09-29 23:39:09.771845+00,100,0,1885,26.2,89,3,2,Flood Alert (HIGH),Raining
6805,2026-09-29 23:39:15.919249+00,88,0,1885,26.2,89,3,2,Flood Alert (HIGH),Raining
6806,2026-09-29 23:39:22.075961+00,95,0,1884,26.7,86,3,2,Flood Alert (HIGH),Raining
6807,2026-09-29 23:39:28.143785+00,90,0,1884,26.7,86,3,2,Flood Alert (HIGH),Raining
6808,2026-09-29 23:39:34.1386+00,93,0,1884,26.7,86,3,2,Flood Alert (HIGH),Raining
6809,2026-09-29 23:39:40.317129+00,100,0,1882,26.7,86,3,2,Flood Alert (HIGH),Raining
6810,2026-09-29 23:39:46.817186+00,100,0,1883,26.7,86,3,2,Flood Alert (HIGH),Raining
6811,2026-09-29 23:39:53.0993+00,91,0,1885,26.7,86,3,2,Flood Alert (HIGH),Raining
6812,2026-09-29 23:39:59.291751+00,93,0,1884,26.7,86,3,2,Flood Alert (HIGH),Raining
6813,2026-09-29 23:40:05.227984+00,95,0,1883,26.7,86,3,2,Flood Alert (HIGH),Raining
6814,2026-09-29 23:40:11.220456+00,88,0,1886,26.7,86,3,2,Flood Alert (HIGH),Raining
6815,2026-09-29 23:40:17.334378+00,100,0,1883,26.7,86,3,2,Flood Alert (HIGH),Raining
6816,2026-09-29 23:40:23.573848+00,99,0,1885,26.7,86,3,2,Flood Alert (HIGH),Raining
6817,2026-09-29 23:40:29.816901+00,97,0,1886,26.7,86,3,2,Flood Alert (HIGH),Raining
6818,2026-09-29 23:40:36.187436+00,92,0,1884,26.7,86,3,2,Flood Alert (HIGH),Raining
6819,2026-09-29 23:40:42.526131+00,88,0,1883,26.7,86,3,2,Flood Alert (HIGH),Raining
6820,2026-09-29 23:40:48.786401+00,91,0,1883,26.7,86,3,2,Flood Alert (HIGH),Raining
6821,2026-09-29 23:40:55.031446+00,88,0,1885,26.7,86,3,2,Flood Alert (HIGH),Raining
6822,2026-09-29 23:41:01.235497+00,95,0,1884,26.7,86,3,2,Flood Alert (HIGH),Raining
6823,2026-09-29 23:41:07.314776+00,88,0,1884,26.7,86,3,2,Flood Alert (HIGH),Raining
6824,2026-09-29 23:41:13.472591+00,89,0,1884,26.7,86,3,2,Flood Alert (HIGH),Raining
6825,2026-09-29 23:41:19.568928+00,87,0,1885,26.7,86,3,2,Flood Alert (HIGH),Raining
6826,2026-09-29 23:41:25.457538+00,89,0,1885,26.7,86,3,2,Flood Alert (HIGH),Raining
6827,2026-09-29 23:41:31.579651+00,100,0,1885,26.7,86,3,1,Warning (MODERATE),Raining
6828,2026-09-29 23:41:37.838535+00,91,0,1886,26.7,86,3,2,Flood Alert (HIGH),Raining
6829,2026-09-29 23:41:44.076133+00,92,0,1884,26.7,86,3,2,Flood Alert (HIGH),Raining
6830,2026-09-29 23:41:50.204389+00,88,0,1886,26.7,86,3,2,Flood Alert (HIGH),Raining
6831,2026-09-29 23:41:56.436977+00,100,0,1883,26.7,86,3,2,Flood Alert (HIGH),Raining
6832,2026-09-29 23:42:02.49036+00,98,0,1884,26.7,86,3,2,Flood Alert (HIGH),Raining
6833,2026-09-29 23:42:08.80297+00,98,0,1886,26.7,86,3,2,Flood Alert (HIGH),Raining
6834,2026-09-29 23:42:14.870339+00,87,0,1885,26.7,86,3,2,Flood Alert (HIGH),Raining
6835,2026-09-29 23:42:20.801309+00,90,0,1886,26.7,86,3,2,Flood Alert (HIGH),Raining
6836,2026-09-29 23:42:26.770419+00,93,0,1886,26.7,86,3,2,Flood Alert (HIGH),Raining
6837,2026-09-29 23:42:32.969305+00,93,0,1886,26.7,86,3,2,Flood Alert (HIGH),Raining
6838,2026-09-29 23:42:39.008002+00,100,0,1886,26.7,86,3,2,Flood Alert (HIGH),Raining
6839,2026-09-29 23:42:44.989217+00,100,0,1885,26.7,86,3,2,Flood Alert (HIGH),Raining
6840,2026-09-29 23:42:51.248777+00,91,0,1886,26.7,86,3,2,Flood Alert (HIGH),Raining
6841,2026-09-29 23:42:57.443679+00,91,0,1885,26.7,86,3,2,Flood Alert (HIGH),Raining
6842,2026-09-29 23:43:03.672208+00,100,0,1885,26.7,86,3,2,Flood Alert (HIGH),Raining
6843,2026-09-29 23:43:09.685757+00,86,0,1886,26.7,86,3,2,Flood Alert (HIGH),Raining
6844,2026-09-29 23:43:15.813859+00,100,0,1886,26.7,86,3,2,Flood Alert (HIGH),Raining
6845,2026-09-29 23:43:22.059172+00,99,0,1885,26.7,86,3,2,Flood Alert (HIGH),Raining
6846,2026-09-29 23:43:28.273162+00,88,0,1883,26.7,86,3,2,Flood Alert (HIGH),Raining
6847,2026-09-29 23:43:34.211531+00,92,0,1886,26.7,86,3,2,Flood Alert (HIGH),Raining
6848,2026-09-29 23:43:40.270995+00,100,0,1884,26.7,86,3,2,Flood Alert (HIGH),Raining
6849,2026-09-29 23:43:46.270919+00,98,0,1887,26.7,86,3,2,Flood Alert (HIGH),Raining
6850,2026-09-29 23:43:52.28372+00,87,0,1884,26.7,86,3,2,Flood Alert (HIGH),Raining
6851,2026-09-29 23:43:58.400863+00,90,0,1884,26.7,86,3,2,Flood Alert (HIGH),Raining
6852,2026-09-29 23:44:04.749355+00,95,0,1887,26.7,86,3,2,Flood Alert (HIGH),Raining
6853,2026-09-29 23:44:11.054767+00,94,0,1886,26.7,86,3,2,Flood Alert (HIGH),Raining
6854,2026-09-29 23:44:17.383409+00,93,0,1885,26.7,86,3,2,Flood Alert (HIGH),Raining
6855,2026-09-29 23:44:23.468404+00,92,0,1886,26.7,86,3,2,Flood Alert (HIGH),Raining
6856,2026-09-29 23:44:29.421391+00,100,0,1885,26.7,86,3,2,Flood Alert (HIGH),Raining
6857,2026-09-29 23:44:35.317845+00,99,0,1884,26.7,86,3,2,Flood Alert (HIGH),Raining
6858,2026-09-29 23:44:41.439976+00,92,0,1886,26.7,86,3,2,Flood Alert (HIGH),Raining
6859,2026-09-29 23:44:47.687651+00,98,0,1885,26.7,86,3,2,Flood Alert (HIGH),Raining
6860,2026-09-29 23:44:53.852504+00,88,0,1885,26.7,86,3,2,Flood Alert (HIGH),Raining
6861,2026-09-29 23:44:59.93197+00,98,0,1886,26.7,86,3,2,Flood Alert (HIGH),Raining
6862,2026-09-29 23:45:06.40385+00,92,0,1884,26.7,86,3,2,Flood Alert (HIGH),Raining
6863,2026-09-29 23:45:12.745941+00,88,0,1885,26.7,86,3,2,Flood Alert (HIGH),Raining
6864,2026-09-29 23:45:19.112617+00,93,0,1885,26.7,86,3,2,Flood Alert (HIGH),Raining
6865,2026-09-29 23:45:25.429169+00,94,0,1885,26.7,86,3,2,Flood Alert (HIGH),Raining
6866,2026-09-29 23:45:31.80154+00,92,0,1883,26.7,86,3,2,Flood Alert (HIGH),Raining
6867,2026-09-29 23:45:38.022648+00,100,0,1886,26.7,86,3,2,Flood Alert (HIGH),Raining
6868,2026-09-29 23:45:43.980927+00,92,0,1885,26.7,86,3,2,Flood Alert (HIGH),Raining
6869,2026-09-29 23:45:50.268336+00,100,0,1885,26.7,86,3,2,Flood Alert (HIGH),Raining
6870,2026-09-29 23:45:56.351031+00,97,0,1886,26.7,86,3,2,Flood Alert (HIGH),Raining
6871,2026-09-29 23:46:02.250845+00,100,0,1884,26.7,86,3,2,Flood Alert (HIGH),Raining
6872,2026-09-29 23:46:08.316718+00,88,0,1885,26.7,86,3,2,Flood Alert (HIGH),Raining
6873,2026-09-29 23:46:14.352033+00,100,0,1884,26.7,86,3,2,Flood Alert (HIGH),Raining
6874,2026-09-29 23:46:20.415293+00,97,0,1884,26.7,86,3,2,Flood Alert (HIGH),Raining
6875,2026-09-29 23:46:26.503485+00,88,0,1886,26.7,86,3,2,Flood Alert (HIGH),Raining
6876,2026-09-29 23:46:32.710512+00,100,0,1884,26.7,86,3,2,Flood Alert (HIGH),Raining
6877,2026-09-29 23:46:38.618081+00,100,0,1886,26.7,86,3,2,Flood Alert (HIGH),Raining
6878,2026-09-29 23:46:44.998346+00,93,0,1885,26.7,86,3,2,Flood Alert (HIGH),Raining
6879,2026-09-29 23:46:50.946201+00,99,0,1885,26.7,86,3,2,Flood Alert (HIGH),Raining
6880,2026-09-29 23:46:57.221715+00,90,0,1885,26.7,86,3,2,Flood Alert (HIGH),Raining
6881,2026-09-29 23:47:03.354624+00,87,0,1885,26.7,86,3,2,Flood Alert (HIGH),Raining
6882,2026-09-29 23:47:09.675843+00,94,0,1887,26.7,86,3,2,Flood Alert (HIGH),Raining
6883,2026-09-29 23:47:15.727912+00,87,0,1886,26.7,86,3,2,Flood Alert (HIGH),Raining
6884,2026-09-29 23:47:22.116962+00,97,0,1886,26.7,86,3,2,Flood Alert (HIGH),Raining
6885,2026-09-29 23:47:28.142827+00,100,0,1887,26.7,86,3,2,Flood Alert (HIGH),Raining
6886,2026-09-29 23:47:34.365607+00,89,0,1884,26.7,86,3,2,Flood Alert (HIGH),Raining
6887,2026-09-29 23:47:40.756919+00,87,0,1886,26.7,86,3,2,Flood Alert (HIGH),Raining
6888,2026-09-29 23:47:46.83006+00,100,0,1887,26.7,86,3,2,Flood Alert (HIGH),Raining
6889,2026-09-29 23:47:52.843619+00,90,0,1886,26.7,86,3,2,Flood Alert (HIGH),Raining
6890,2026-09-29 23:47:58.947694+00,86,0,1885,26.7,86,3,2,Flood Alert (HIGH),Raining
6891,2026-09-29 23:48:05.224382+00,100,0,1886,26.7,86,3,2,Flood Alert (HIGH),Raining
6892,2026-09-29 23:48:11.454981+00,87,0,1887,26.7,86,3,2,Flood Alert (HIGH),Raining
6893,2026-09-29 23:48:17.748498+00,95,0,1888,26.7,86,3,2,Flood Alert (HIGH),Raining
6894,2026-09-29 23:48:23.762271+00,88,0,1886,26.7,86,3,2,Flood Alert (HIGH),Raining
6895,2026-09-29 23:48:29.793514+00,100,0,1886,26.7,86,3,2,Flood Alert (HIGH),Raining
6896,2026-09-29 23:48:35.972903+00,87,0,1886,26.7,86,3,2,Flood Alert (HIGH),Raining
6897,2026-09-29 23:48:41.947517+00,95,0,1885,26.7,86,3,2,Flood Alert (HIGH),Raining
6898,2026-09-29 23:48:48.274064+00,100,0,1885,26.7,86,3,2,Flood Alert (HIGH),Raining
6899,2026-09-29 23:48:54.271319+00,100,0,1885,26.7,86,3,2,Flood Alert (HIGH),Raining
6900,2026-09-29 23:49:00.504098+00,100,0,1884,26.7,86,3,2,Flood Alert (HIGH),Raining
6901,2026-09-29 23:49:06.734079+00,98,0,1884,26.7,86,3,2,Flood Alert (HIGH),Raining
6902,2026-09-29 23:49:13.200714+00,98,0,1885,26.7,86,3,2,Flood Alert (HIGH),Raining
6903,2026-09-29 23:49:19.48539+00,97,0,1883,26.7,86,3,2,Flood Alert (HIGH),Raining
6904,2026-09-29 23:49:25.590902+00,90,0,1886,27.2,83,3,2,Flood Alert (HIGH),Raining
6905,2026-09-29 23:49:31.825489+00,95,0,1888,27.2,83,3,2,Flood Alert (HIGH),Raining
6906,2026-09-29 23:49:38.086344+00,100,0,1886,27.2,83,3,2,Flood Alert (HIGH),Raining
6907,2026-09-29 23:49:44.300522+00,90,0,1888,27.2,83,3,2,Flood Alert (HIGH),Raining
6908,2026-09-29 23:49:50.287638+00,93,0,1886,27.2,83,3,2,Flood Alert (HIGH),Raining
6909,2026-09-29 23:49:56.409878+00,87,0,1888,27.2,83,3,2,Flood Alert (HIGH),Raining
6910,2026-09-29 23:50:02.647479+00,99,0,1887,27.2,83,3,2,Flood Alert (HIGH),Raining
6911,2026-09-29 23:50:08.93309+00,99,0,1885,27.2,83,3,2,Flood Alert (HIGH),Raining
6912,2026-09-29 23:50:14.993929+00,96,0,1886,27.2,83,3,2,Flood Alert (HIGH),Raining
6913,2026-09-29 23:50:20.99598+00,100,0,1888,27.2,83,3,2,Flood Alert (HIGH),Raining
6914,2026-09-29 23:50:27.311622+00,87,0,1888,27.2,83,3,2,Flood Alert (HIGH),Raining
6915,2026-09-29 23:50:33.717403+00,88,0,1887,27.2,83,3,2,Flood Alert (HIGH),Raining
6916,2026-09-29 23:50:39.735877+00,96,0,1887,27.2,83,3,2,Flood Alert (HIGH),Raining
6917,2026-09-29 23:50:45.887455+00,92,0,1887,27.2,83,3,2,Flood Alert (HIGH),Raining
6918,2026-09-29 23:50:52.000764+00,88,0,1886,27.2,83,3,2,Flood Alert (HIGH),Raining
6919,2026-09-29 23:50:58.275321+00,97,0,1885,27.2,83,3,2,Flood Alert (HIGH),Raining
6920,2026-09-29 23:51:04.432442+00,93,0,1885,27.2,83,3,2,Flood Alert (HIGH),Raining
6921,2026-09-29 23:51:11.566686+00,100,0,1887,27.2,83,3,2,Flood Alert (HIGH),Raining
6922,2026-09-29 23:51:18.086353+00,89,0,1886,27.2,83,3,2,Flood Alert (HIGH),Raining
6923,2026-09-29 23:51:24.046669+00,90,0,1886,27.2,83,3,2,Flood Alert (HIGH),Raining
6924,2026-09-29 23:51:30.297629+00,100,0,1885,27.2,83,3,2,Flood Alert (HIGH),Raining
6925,2026-09-29 23:51:36.561337+00,98,0,1887,27.2,83,3,2,Flood Alert (HIGH),Raining
6926,2026-09-29 23:51:42.70703+00,87,0,1885,27.2,83,3,2,Flood Alert (HIGH),Raining
6927,2026-09-29 23:51:49.242886+00,98,0,1887,27.2,83,3,2,Flood Alert (HIGH),Raining
6928,2026-09-29 23:51:55.7382+00,98,0,1886,27.2,83,3,2,Flood Alert (HIGH),Raining
6929,2026-09-29 23:52:01.738407+00,90,0,1888,27.2,83,3,2,Flood Alert (HIGH),Raining
6930,2026-09-29 23:52:08.024661+00,89,0,1888,27.2,83,3,2,Flood Alert (HIGH),Raining
6931,2026-09-29 23:52:14.201333+00,92,0,1886,27.2,83,3,2,Flood Alert (HIGH),Raining
6932,2026-09-29 23:52:20.39046+00,96,0,1885,27.2,83,3,2,Flood Alert (HIGH),Raining
6933,2026-09-29 23:52:26.647014+00,88,0,1886,27.2,83,3,2,Flood Alert (HIGH),Raining
6934,2026-09-29 23:52:32.827918+00,100,0,1886,27.2,83,3,2,Flood Alert (HIGH),Raining
6935,2026-09-29 23:52:38.874239+00,89,0,1887,27.2,83,3,2,Flood Alert (HIGH),Raining
6936,2026-09-29 23:52:44.945803+00,89,0,1887,27.2,83,3,2,Flood Alert (HIGH),Raining
6937,2026-09-29 23:52:51.317146+00,88,0,1887,27.2,83,3,2,Flood Alert (HIGH),Raining
6938,2026-09-29 23:52:57.608225+00,89,0,1887,27.2,83,3,2,Flood Alert (HIGH),Raining
6939,2026-09-29 23:53:03.975709+00,88,0,1885,27.2,83,3,2,Flood Alert (HIGH),Raining
6940,2026-09-29 23:53:09.924178+00,100,0,1887,27.2,83,3,2,Flood Alert (HIGH),Raining
6941,2026-09-29 23:53:16.281469+00,100,0,1887,27.2,83,3,2,Flood Alert (HIGH),Raining
6942,2026-09-29 23:53:22.626871+00,87,0,1887,27.2,83,3,2,Flood Alert (HIGH),Raining
6943,2026-09-29 23:53:29.049444+00,91,0,1886,27.2,83,3,2,Flood Alert (HIGH),Raining
6944,2026-09-29 23:53:35.048395+00,94,0,1887,27.2,83,3,2,Flood Alert (HIGH),Raining
6945,2026-09-29 23:53:41.21091+00,94,0,1886,27.2,83,3,2,Flood Alert (HIGH),Raining
6946,2026-09-29 23:53:47.326928+00,100,0,1885,27.2,83,3,2,Flood Alert (HIGH),Raining
6947,2026-09-29 23:53:53.475198+00,90,0,1887,27.2,83,3,2,Flood Alert (HIGH),Raining
6948,2026-09-29 23:53:59.694285+00,100,0,1886,27.2,83,3,2,Flood Alert (HIGH),Raining
6949,2026-09-29 23:54:05.989879+00,92,0,1888,27.2,83,3,2,Flood Alert (HIGH),Raining
6950,2026-09-29 23:54:12.127997+00,100,0,1886,27.2,83,3,2,Flood Alert (HIGH),Raining
6951,2026-09-29 23:54:18.184121+00,97,0,1888,27.2,83,3,2,Flood Alert (HIGH),Raining
6952,2026-09-29 23:54:24.288254+00,100,0,1888,27.2,83,3,2,Flood Alert (HIGH),Raining
6953,2026-09-29 23:54:30.732538+00,94,0,1888,27.2,83,3,2,Flood Alert (HIGH),Raining
6954,2026-09-29 23:54:37.025582+00,87,0,1888,27.2,83,3,2,Flood Alert (HIGH),Raining
6955,2026-09-29 23:54:43.418095+00,96,0,1887,27.2,83,3,2,Flood Alert (HIGH),Raining
6956,2026-09-29 23:54:49.772015+00,91,0,1889,27.2,83,3,2,Flood Alert (HIGH),Raining
6957,2026-09-29 23:54:56.169256+00,92,0,1887,27.2,83,3,2,Flood Alert (HIGH),Raining
6958,2026-09-29 23:55:02.310052+00,87,0,1887,27.2,83,3,2,Flood Alert (HIGH),Raining
6959,2026-09-29 23:55:08.620273+00,97,0,1888,27.2,83,3,2,Flood Alert (HIGH),Raining
6960,2026-09-29 23:55:14.649243+00,91,0,1887,27.2,83,3,2,Flood Alert (HIGH),Raining
6961,2026-09-29 23:55:21.045385+00,100,0,1886,27.2,83,3,2,Flood Alert (HIGH),Raining
6962,2026-09-29 23:55:27.295935+00,94,0,1889,27.2,83,3,2,Flood Alert (HIGH),Raining
6963,2026-09-29 23:55:33.37705+00,88,0,1889,27.2,83,3,2,Flood Alert (HIGH),Raining
6964,2026-09-29 23:55:39.310373+00,96,0,1886,27.2,83,3,2,Flood Alert (HIGH),Raining
6965,2026-09-29 23:55:45.289782+00,90,0,1887,27.2,83,3,2,Flood Alert (HIGH),Raining
6966,2026-09-29 23:55:51.544285+00,87,0,1887,27.2,83,3,2,Flood Alert (HIGH),Raining
6967,2026-09-29 23:55:57.633624+00,86,0,1890,27.2,83,3,2,Flood Alert (HIGH),Raining
6968,2026-09-29 23:56:03.927971+00,100,0,1888,27.2,83,3,2,Flood Alert (HIGH),Raining
6969,2026-09-29 23:56:10.187694+00,99,0,1888,27.2,83,3,2,Flood Alert (HIGH),Raining
6970,2026-09-29 23:56:16.321398+00,100,0,1888,27.2,83,3,2,Flood Alert (HIGH),Raining
6971,2026-09-29 23:56:22.484766+00,96,0,1887,27.2,83,3,2,Flood Alert (HIGH),Raining
6972,2026-09-29 23:56:28.541164+00,96,0,1887,27.2,83,3,2,Flood Alert (HIGH),Raining
6973,2026-09-29 23:56:34.628522+00,100,0,1888,27.2,83,3,2,Flood Alert (HIGH),Raining
6974,2026-09-29 23:56:40.998211+00,100,0,1889,27.2,83,3,2,Flood Alert (HIGH),Raining
6975,2026-09-29 23:56:47.263185+00,100,0,1887,27.2,83,3,1,Warning (MODERATE),Raining
6976,2026-09-29 23:56:53.415272+00,98,0,1888,27.2,83,3,2,Flood Alert (HIGH),Raining
6977,2026-09-29 23:56:59.650138+00,100,0,1888,27.2,83,3,2,Flood Alert (HIGH),Raining
6978,2026-09-29 23:57:05.788822+00,89,0,1888,27.2,83,3,2,Flood Alert (HIGH),Raining
6979,2026-09-29 23:57:11.975331+00,86,0,1886,27.2,83,3,2,Flood Alert (HIGH),Raining
6980,2026-09-29 23:57:17.966183+00,90,0,1888,27.2,83,3,2,Flood Alert (HIGH),Raining
6981,2026-09-29 23:57:24.274922+00,94,0,1888,27.2,83,3,2,Flood Alert (HIGH),Raining
6982,2026-09-29 23:57:30.699928+00,96,0,1887,27.2,83,3,2,Flood Alert (HIGH),Raining
6983,2026-09-29 23:57:36.727296+00,88,0,1887,27.2,83,3,2,Flood Alert (HIGH),Raining
6984,2026-09-29 23:57:42.828926+00,89,0,1887,27.2,83,3,2,Flood Alert (HIGH),Raining
6985,2026-09-29 23:57:49.133398+00,100,0,1888,27.2,83,3,2,Flood Alert (HIGH),Raining
6986,2026-09-29 23:57:55.115427+00,88,0,1888,27.2,83,3,2,Flood Alert (HIGH),Raining
6987,2026-09-29 23:58:01.388669+00,90,0,1890,27.2,83,3,2,Flood Alert (HIGH),Raining
6988,2026-09-29 23:58:07.546348+00,94,0,1888,27.2,83,3,2,Flood Alert (HIGH),Raining
6989,2026-09-29 23:58:13.60461+00,100,0,1887,27.2,83,3,2,Flood Alert (HIGH),Raining
6990,2026-09-29 23:58:19.575237+00,86,0,1888,27.2,83,3,2,Flood Alert (HIGH),Raining
6991,2026-09-29 23:58:25.479829+00,89,0,1887,27.2,83,3,2,Flood Alert (HIGH),Raining
6992,2026-09-29 23:58:31.531376+00,87,0,1887,27.2,83,3,2,Flood Alert (HIGH),Raining
6993,2026-09-29 23:58:37.655898+00,100,0,1889,27.2,83,3,2,Flood Alert (HIGH),Raining
6994,2026-09-29 23:58:43.901345+00,100,0,1886,27.2,83,3,2,Flood Alert (HIGH),Raining
6995,2026-09-29 23:58:50.050026+00,100,0,1886,27.2,83,3,2,Flood Alert (HIGH),Raining
6996,2026-09-29 23:58:56.359024+00,88,0,1888,27.2,83,3,2,Flood Alert (HIGH),Raining
6997,2026-09-29 23:59:02.621104+00,100,0,1887,27.2,83,3,2,Flood Alert (HIGH),Raining
6998,2026-09-29 23:59:08.781747+00,88,0,1889,27.2,83,3,2,Flood Alert (HIGH),Raining
6999,2026-09-29 23:59:15.031473+00,99,0,1889,27.2,83,3,2,Flood Alert (HIGH),Raining
7000,2026-09-29 23:59:21.173706+00,89,0,1888,27.2,83,3,2,Flood Alert (HIGH),Raining
7001,2026-09-29 23:59:27.219364+00,94,0,1887,27.2,83,3,2,Flood Alert (HIGH),Raining
7002,2026-09-29 23:59:33.517164+00,94,0,1887,27.2,83,3,2,Flood Alert (HIGH),Raining
7003,2026-09-29 23:59:39.409786+00,93,0,1889,27.2,83,3,2,Flood Alert (HIGH),Raining
7004,2026-09-29 23:59:45.492381+00,94,0,1888,27.2,83,3,2,Flood Alert (HIGH),Raining
7005,2026-09-29 23:59:51.700853+00,91,0,1886,27.2,83,3,2,Flood Alert (HIGH),Raining
7006,2026-09-29 23:59:58.1159+00,100,0,1888,27.2,83,3,2,Flood Alert (HIGH),Raining
7007,2026-09-30 00:00:04.395365+00,97,0,1887,27.2,83,3,2,Flood Alert (HIGH),Raining
7008,2026-09-30 00:00:10.540975+00,97,0,1887,27.2,83,3,2,Flood Alert (HIGH),Raining
7009,2026-09-30 00:00:16.661317+00,100,0,1889,27.2,83,3,2,Flood Alert (HIGH),Raining
7010,2026-09-30 00:00:22.987163+00,95,0,1889,27.2,83,3,2,Flood Alert (HIGH),Raining
7011,2026-09-30 00:00:29.394833+00,100,0,1888,27.2,83,3,2,Flood Alert (HIGH),Raining
7012,2026-09-30 00:00:35.799673+00,87,0,1890,27.2,83,3,2,Flood Alert (HIGH),Raining
7013,2026-09-30 00:00:42.133911+00,98,0,1888,27.2,83,3,2,Flood Alert (HIGH),Raining
7014,2026-09-30 00:00:48.603063+00,100,0,1886,27.2,83,3,2,Flood Alert (HIGH),Raining
7015,2026-09-30 00:00:54.994619+00,97,0,1886,27.2,83,3,2,Flood Alert (HIGH),Raining
7016,2026-09-30 00:01:01.077889+00,86,0,1889,27.2,83,3,2,Flood Alert (HIGH),Raining
7017,2026-09-30 00:01:06.982458+00,100,0,1888,27.2,83,3,2,Flood Alert (HIGH),Raining
7018,2026-09-30 00:01:13.073387+00,100,0,1887,27.2,83,3,2,Flood Alert (HIGH),Raining
7019,2026-09-30 00:01:19.340809+00,89,0,1889,27.2,83,3,2,Flood Alert (HIGH),Raining
7020,2026-09-30 00:01:25.559255+00,97,0,1890,27.2,83,3,2,Flood Alert (HIGH),Raining
7021,2026-09-30 00:01:31.888435+00,97,0,1890,27.2,83,3,2,Flood Alert (HIGH),Raining
7022,2026-09-30 00:01:37.850107+00,99,0,1889,27.2,83,3,2,Flood Alert (HIGH),Raining
7023,2026-09-30 00:01:44.219816+00,98,0,1890,27.2,83,3,2,Flood Alert (HIGH),Raining
7024,2026-09-30 00:01:50.564935+00,99,0,1889,27.2,83,3,2,Flood Alert (HIGH),Raining
7025,2026-09-30 00:01:56.708632+00,98,0,1889,27.2,83,3,2,Flood Alert (HIGH),Raining
7026,2026-09-30 00:02:02.919985+00,88,0,1888,27.2,83,3,2,Flood Alert (HIGH),Raining
7027,2026-09-30 00:02:08.917979+00,87,0,1889,27.2,83,3,2,Flood Alert (HIGH),Raining
7028,2026-09-30 00:02:15.064702+00,90,0,1889,27.2,83,3,2,Flood Alert (HIGH),Raining
7029,2026-09-30 00:02:21.223814+00,95,0,1888,27.2,83,3,2,Flood Alert (HIGH),Raining
7030,2026-09-30 00:02:27.337864+00,88,0,1888,27.2,83,3,2,Flood Alert (HIGH),Raining
7031,2026-09-30 00:02:33.570391+00,96,0,1888,27.2,83,3,2,Flood Alert (HIGH),Raining
7032,2026-09-30 00:02:40.003107+00,90,0,1889,27.2,83,3,2,Flood Alert (HIGH),Raining
7033,2026-09-30 00:02:46.095364+00,100,0,1888,27.2,83,3,2,Flood Alert (HIGH),Raining
7034,2026-09-30 00:02:52.045685+00,100,0,1889,27.2,83,3,2,Flood Alert (HIGH),Raining
7035,2026-09-30 00:02:58.176249+00,87,0,1889,27.2,83,3,2,Flood Alert (HIGH),Raining
7036,2026-09-30 00:03:04.429797+00,100,0,1889,27.2,83,3,2,Flood Alert (HIGH),Raining
7037,2026-09-30 00:03:10.592474+00,91,0,1888,27.2,83,3,2,Flood Alert (HIGH),Raining
7038,2026-09-30 00:03:16.648081+00,100,0,1890,27.2,83,3,2,Flood Alert (HIGH),Raining
7039,2026-09-30 00:03:22.61968+00,94,0,1889,27.2,83,3,2,Flood Alert (HIGH),Raining
7040,2026-09-30 00:03:28.865197+00,98,0,1890,27.2,83,3,2,Flood Alert (HIGH),Raining
7041,2026-09-30 00:03:35.149289+00,90,0,1889,27.2,83,3,2,Flood Alert (HIGH),Raining
7042,2026-09-30 00:03:41.180082+00,98,0,1891,27.2,83,3,2,Flood Alert (HIGH),Raining
7043,2026-09-30 00:03:47.273227+00,89,0,1888,27.2,83,3,2,Flood Alert (HIGH),Raining
7044,2026-09-30 00:03:53.186982+00,86,0,1891,27.2,83,3,2,Flood Alert (HIGH),Raining
7045,2026-09-30 00:03:59.298614+00,95,0,1892,27.2,83,3,2,Flood Alert (HIGH),Raining
7046,2026-09-30 00:04:05.489717+00,96,0,1891,27.2,83,3,2,Flood Alert (HIGH),Raining
7047,2026-09-30 00:04:11.970192+00,94,0,1890,27.2,83,3,2,Flood Alert (HIGH),Raining
7048,2026-09-30 00:04:17.907955+00,88,0,1891,27.2,83,3,2,Flood Alert (HIGH),Raining
7049,2026-09-30 00:04:23.833248+00,96,0,1892,27.2,83,3,2,Flood Alert (HIGH),Raining
7050,2026-09-30 00:04:29.791003+00,100,0,1891,27.2,83,3,2,Flood Alert (HIGH),Raining
7051,2026-09-30 00:04:36.128921+00,94,0,1891,27.2,83,3,2,Flood Alert (HIGH),Raining
7052,2026-09-30 00:04:42.164397+00,87,0,1890,27.2,83,3,2,Flood Alert (HIGH),Raining
7053,2026-09-30 00:04:48.10812+00,88,0,1891,27.2,83,3,2,Flood Alert (HIGH),Raining
7054,2026-09-30 00:04:54.015955+00,97,0,1892,27.2,83,3,2,Flood Alert (HIGH),Raining
7055,2026-09-30 00:05:00.026007+00,100,0,1892,27.2,83,3,2,Flood Alert (HIGH),Raining
7056,2026-09-30 00:05:06.188515+00,100,0,1889,27.2,83,3,2,Flood Alert (HIGH),Raining
7057,2026-09-30 00:05:12.335389+00,100,0,1891,27.2,83,3,2,Flood Alert (HIGH),Raining
7058,2026-09-30 00:05:18.477452+00,97,0,1892,27.2,83,3,2,Flood Alert (HIGH),Raining
7059,2026-09-30 00:05:24.627466+00,87,0,1892,27.2,83,3,2,Flood Alert (HIGH),Raining
7060,2026-09-30 00:05:30.707049+00,95,0,1889,27.2,83,3,2,Flood Alert (HIGH),Raining
7061,2026-09-30 00:05:36.715967+00,94,0,1891,27.2,83,3,2,Flood Alert (HIGH),Raining
7062,2026-09-30 00:05:42.749608+00,98,0,1892,27.2,83,3,2,Flood Alert (HIGH),Raining
7063,2026-09-30 00:05:48.875302+00,97,0,1890,27.2,83,3,2,Flood Alert (HIGH),Raining
7064,2026-09-30 00:05:55.060044+00,100,0,1890,27.2,83,3,2,Flood Alert (HIGH),Raining
7065,2026-09-30 00:06:01.080625+00,91,0,1891,27.2,83,3,2,Flood Alert (HIGH),Raining
7066,2026-09-30 00:06:07.230637+00,100,0,1889,27.2,83,3,2,Flood Alert (HIGH),Raining
7067,2026-09-30 00:06:13.364285+00,96,0,1892,27.2,83,3,2,Flood Alert (HIGH),Raining
7068,2026-09-30 00:06:19.594211+00,90,0,1891,27.2,83,3,2,Flood Alert (HIGH),Raining
7069,2026-09-30 00:06:25.793465+00,100,0,1892,27.2,83,3,2,Flood Alert (HIGH),Raining
7070,2026-09-30 00:06:31.700428+00,95,0,1892,27.2,83,3,2,Flood Alert (HIGH),Raining
7071,2026-09-30 00:06:37.952452+00,92,0,1890,27.2,83,3,2,Flood Alert (HIGH),Raining
7072,2026-09-30 00:06:45.191691+00,90,0,1890,27.2,83,3,2,Flood Alert (HIGH),Raining
7073,2026-09-30 00:06:51.515108+00,89,0,1890,27.2,83,3,2,Flood Alert (HIGH),Raining
7074,2026-09-30 00:06:57.428616+00,92,0,1891,27.2,83,3,2,Flood Alert (HIGH),Raining
7075,2026-09-30 00:07:03.37183+00,92,0,1890,27.2,83,3,2,Flood Alert (HIGH),Raining
7076,2026-09-30 00:07:09.409758+00,89,0,1889,27.2,83,3,2,Flood Alert (HIGH),Raining
7077,2026-09-30 00:07:15.560699+00,91,0,1888,27.2,83,3,2,Flood Alert (HIGH),Raining
7078,2026-09-30 00:07:21.701226+00,96,0,1891,27.2,83,3,2,Flood Alert (HIGH),Raining
7079,2026-09-30 00:07:27.796613+00,87,0,1890,27.2,83,3,2,Flood Alert (HIGH),Raining
7080,2026-09-30 00:07:34.058943+00,94,0,1890,27.2,83,3,2,Flood Alert (HIGH),Raining
7081,2026-09-30 00:07:40.167098+00,96,0,1890,27.2,83,3,2,Flood Alert (HIGH),Raining
7082,2026-09-30 00:07:46.475002+00,97,0,1889,27.2,83,3,2,Flood Alert (HIGH),Raining
7083,2026-09-30 00:07:52.570233+00,95,0,1892,27.2,83,3,2,Flood Alert (HIGH),Raining
7084,2026-09-30 00:07:58.776959+00,93,0,1889,27.2,83,3,2,Flood Alert (HIGH),Raining
7085,2026-09-30 00:08:04.77687+00,100,0,1889,27.2,83,3,2,Flood Alert (HIGH),Raining
7086,2026-09-30 00:08:10.980898+00,100,0,1891,27.2,83,3,2,Flood Alert (HIGH),Raining
7087,2026-09-30 00:08:16.942095+00,91,0,1891,27.2,83,3,2,Flood Alert (HIGH),Raining
7088,2026-09-30 00:08:23.113744+00,88,0,1889,27.2,83,3,2,Flood Alert (HIGH),Raining
7089,2026-09-30 00:08:29.148961+00,100,0,1889,27.2,83,3,2,Flood Alert (HIGH),Raining
7090,2026-09-30 00:08:35.257657+00,94,0,1891,27.2,83,3,2,Flood Alert (HIGH),Raining
7091,2026-09-30 00:08:41.665859+00,95,0,1891,27.2,83,3,2,Flood Alert (HIGH),Raining
7092,2026-09-30 00:08:47.689626+00,99,0,1890,27.2,83,3,2,Flood Alert (HIGH),Raining
7093,2026-09-30 00:08:53.8255+00,99,0,1890,27.2,83,3,2,Flood Alert (HIGH),Raining
7094,2026-09-30 00:08:59.942536+00,89,0,1889,27.2,83,3,2,Flood Alert (HIGH),Raining
7095,2026-09-30 00:09:06.213392+00,91,0,1889,27.2,83,3,2,Flood Alert (HIGH),Raining
7096,2026-09-30 00:09:12.423591+00,95,0,1889,27.2,83,3,2,Flood Alert (HIGH),Raining
7097,2026-09-30 00:09:18.807966+00,88,0,1888,27.2,83,3,2,Flood Alert (HIGH),Raining
7098,2026-09-30 00:09:25.013163+00,88,0,1889,27.2,83,3,2,Flood Alert (HIGH),Raining
7099,2026-09-30 00:09:31.099159+00,91,0,1891,27.8,80,3,2,Flood Alert (HIGH),Raining
7100,2026-09-30 00:09:37.159025+00,88,0,1892,27.8,80,3,2,Flood Alert (HIGH),Raining
7101,2026-09-30 00:09:43.191621+00,99,0,1891,27.8,80,3,2,Flood Alert (HIGH),Raining
7102,2026-09-30 00:09:49.391248+00,100,0,1892,27.8,80,3,2,Flood Alert (HIGH),Raining
7103,2026-09-30 00:09:55.789201+00,100,0,1892,27.8,80,3,2,Flood Alert (HIGH),Raining
7104,2026-09-30 00:10:01.928771+00,96,0,1891,27.8,80,3,2,Flood Alert (HIGH),Raining
7105,2026-09-30 00:10:08.160273+00,96,0,1891,27.8,80,3,2,Flood Alert (HIGH),Raining
7106,2026-09-30 00:10:14.307156+00,97,0,1893,27.8,80,3,2,Flood Alert (HIGH),Raining
7107,2026-09-30 00:10:20.530152+00,94,0,1892,27.8,80,3,2,Flood Alert (HIGH),Raining
7108,2026-09-30 00:10:26.859913+00,95,0,1891,27.8,80,3,2,Flood Alert (HIGH),Raining
7109,2026-09-30 00:10:32.908326+00,97,0,1892,27.8,80,3,2,Flood Alert (HIGH),Raining
7110,2026-09-30 00:10:38.906999+00,95,0,1890,27.8,80,3,2,Flood Alert (HIGH),Raining
7111,2026-09-30 00:10:45.054857+00,91,0,1892,27.8,80,3,2,Flood Alert (HIGH),Raining
7112,2026-09-30 00:10:51.269963+00,92,0,1891,27.8,80,3,2,Flood Alert (HIGH),Raining
7113,2026-09-30 00:10:57.466468+00,90,0,1891,27.8,80,3,2,Flood Alert (HIGH),Raining
7114,2026-09-30 00:11:03.432501+00,97,0,1893,27.8,80,3,2,Flood Alert (HIGH),Raining
7115,2026-09-30 00:11:09.727673+00,100,0,1892,27.8,80,3,2,Flood Alert (HIGH),Raining
7116,2026-09-30 00:11:15.851282+00,92,0,1892,27.8,80,3,2,Flood Alert (HIGH),Raining
7117,2026-09-30 00:11:22.008842+00,89,0,1890,27.8,80,3,2,Flood Alert (HIGH),Raining
7118,2026-09-30 00:11:28.12187+00,92,0,1894,27.8,80,3,2,Flood Alert (HIGH),Raining
7119,2026-09-30 00:11:34.453922+00,92,0,1891,27.8,80,3,2,Flood Alert (HIGH),Raining
7120,2026-09-30 00:11:40.851826+00,100,0,1891,27.8,80,3,2,Flood Alert (HIGH),Raining
7121,2026-09-30 00:11:47.06032+00,100,0,1891,27.8,80,3,2,Flood Alert (HIGH),Raining
7122,2026-09-30 00:11:53.352532+00,100,0,1891,27.8,80,3,2,Flood Alert (HIGH),Raining
7123,2026-09-30 00:11:59.445861+00,86,0,1890,27.8,80,3,2,Flood Alert (HIGH),Raining
7124,2026-09-30 00:12:05.444041+00,87,0,1891,27.8,80,3,2,Flood Alert (HIGH),Raining
7125,2026-09-30 00:12:11.486369+00,92,0,1895,27.8,80,3,2,Flood Alert (HIGH),Raining
7126,2026-09-30 00:12:17.503423+00,87,0,1890,27.8,80,3,2,Flood Alert (HIGH),Raining
7127,2026-09-30 00:12:23.639783+00,88,0,1893,27.8,80,3,2,Flood Alert (HIGH),Raining
7128,2026-09-30 00:12:29.791515+00,91,0,1890,27.8,80,3,2,Flood Alert (HIGH),Raining
7129,2026-09-30 00:12:36.077016+00,97,0,1892,27.8,80,3,2,Flood Alert (HIGH),Raining
7130,2026-09-30 00:12:42.348622+00,100,0,1892,27.8,80,3,2,Flood Alert (HIGH),Raining
7131,2026-09-30 00:12:48.735624+00,87,0,1892,27.8,80,3,2,Flood Alert (HIGH),Raining
7132,2026-09-30 00:12:54.941995+00,87,0,1894,27.8,80,3,2,Flood Alert (HIGH),Raining
7133,2026-09-30 00:13:00.888034+00,87,0,1893,27.8,80,3,2,Flood Alert (HIGH),Raining
7134,2026-09-30 00:13:07.241361+00,99,0,1892,27.8,80,3,2,Flood Alert (HIGH),Raining
7135,2026-09-30 00:13:13.598122+00,100,0,1892,27.8,80,3,2,Flood Alert (HIGH),Raining
7136,2026-09-30 00:13:19.818242+00,90,0,1892,27.8,80,3,2,Flood Alert (HIGH),Raining
7137,2026-09-30 00:13:25.741592+00,100,0,1894,27.8,80,3,2,Flood Alert (HIGH),Raining
7138,2026-09-30 00:13:31.716389+00,99,0,1893,27.8,80,3,2,Flood Alert (HIGH),Raining
7139,2026-09-30 00:13:38.068229+00,100,0,1893,27.8,80,3,2,Flood Alert (HIGH),Raining
7140,2026-09-30 00:13:44.2973+00,92,0,1893,27.8,80,3,2,Flood Alert (HIGH),Raining
7141,2026-09-30 00:13:50.209899+00,88,0,1891,27.8,80,3,2,Flood Alert (HIGH),Raining
7142,2026-09-30 00:13:56.238156+00,92,0,1891,27.8,80,3,2,Flood Alert (HIGH),Raining
7143,2026-09-30 00:14:02.371866+00,90,0,1894,27.8,80,3,2,Flood Alert (HIGH),Raining
7144,2026-09-30 00:14:08.521967+00,89,0,1893,27.8,80,3,2,Flood Alert (HIGH),Raining
7145,2026-09-30 00:14:14.852855+00,99,0,1892,27.8,80,3,2,Flood Alert (HIGH),Raining
7146,2026-09-30 00:14:21.119172+00,100,0,1892,27.8,80,3,2,Flood Alert (HIGH),Raining
7147,2026-09-30 00:14:27.268498+00,90,0,1894,27.8,80,3,2,Flood Alert (HIGH),Raining
7148,2026-09-30 00:14:33.620982+00,93,0,1893,27.8,80,3,2,Flood Alert (HIGH),Raining
7149,2026-09-30 00:14:39.668796+00,93,0,1894,27.8,80,3,2,Flood Alert (HIGH),Raining
7150,2026-09-30 00:14:45.641051+00,94,0,1891,27.8,80,3,2,Flood Alert (HIGH),Raining
7151,2026-09-30 00:14:51.857002+00,92,0,1893,27.8,80,3,2,Flood Alert (HIGH),Raining
7152,2026-09-30 00:14:57.856549+00,93,0,1893,27.8,80,3,2,Flood Alert (HIGH),Raining
7153,2026-09-30 00:15:04.047787+00,94,0,1891,27.8,80,3,2,Flood Alert (HIGH),Raining
7154,2026-09-30 00:15:10.083295+00,93,0,1892,27.8,80,3,2,Flood Alert (HIGH),Raining
7155,2026-09-30 00:15:16.17222+00,97,0,1892,27.8,80,3,2,Flood Alert (HIGH),Raining
7156,2026-09-30 00:15:22.385706+00,87,0,1893,27.8,80,3,2,Flood Alert (HIGH),Raining
7157,2026-09-30 00:15:28.349947+00,93,0,1892,27.8,80,3,2,Flood Alert (HIGH),Raining
7158,2026-09-30 00:15:34.722633+00,100,0,1895,27.8,80,3,2,Flood Alert (HIGH),Raining
7159,2026-09-30 00:15:40.952402+00,100,0,1892,27.8,80,3,2,Flood Alert (HIGH),Raining
7160,2026-09-30 00:15:47.229923+00,100,0,1893,27.8,80,3,2,Flood Alert (HIGH),Raining
7161,2026-09-30 00:15:53.293376+00,96,0,1892,27.8,80,3,2,Flood Alert (HIGH),Raining
7162,2026-09-30 00:15:59.30889+00,100,0,1891,27.8,80,3,2,Flood Alert (HIGH),Raining
7163,2026-09-30 00:16:05.392471+00,94,0,1892,27.8,80,3,2,Flood Alert (HIGH),Raining
7164,2026-09-30 00:16:11.358253+00,93,0,1894,27.8,80,3,2,Flood Alert (HIGH),Raining
7165,2026-09-30 00:16:17.777275+00,88,0,1892,27.8,80,3,2,Flood Alert (HIGH),Raining
7166,2026-09-30 00:16:23.92125+00,97,0,1892,27.8,80,3,2,Flood Alert (HIGH),Raining
7167,2026-09-30 00:16:29.912837+00,100,0,1892,27.8,80,3,2,Flood Alert (HIGH),Raining
7168,2026-09-30 00:16:36.141975+00,100,0,1894,27.8,80,3,2,Flood Alert (HIGH),Raining
7169,2026-09-30 00:16:42.481457+00,100,0,1892,27.8,80,3,2,Flood Alert (HIGH),Raining
7170,2026-09-30 00:16:48.605711+00,92,0,1893,27.8,80,3,2,Flood Alert (HIGH),Raining
7171,2026-09-30 00:16:54.690273+00,100,0,1893,27.8,80,3,2,Flood Alert (HIGH),Raining
7172,2026-09-30 00:17:00.917855+00,91,0,1893,27.8,80,3,2,Flood Alert (HIGH),Raining
7173,2026-09-30 00:17:07.332499+00,87,0,1895,27.8,80,3,2,Flood Alert (HIGH),Raining
7174,2026-09-30 00:17:13.39415+00,100,0,1893,27.8,80,3,2,Flood Alert (HIGH),Raining
7175,2026-09-30 00:17:19.374628+00,90,0,1894,27.8,80,3,2,Flood Alert (HIGH),Raining
7176,2026-09-30 00:17:25.556428+00,91,0,1894,27.8,80,3,2,Flood Alert (HIGH),Raining
7177,2026-09-30 00:17:31.557407+00,97,0,1894,27.8,80,3,2,Flood Alert (HIGH),Raining
7178,2026-09-30 00:17:37.780798+00,96,0,1893,27.8,80,3,2,Flood Alert (HIGH),Raining
7179,2026-09-30 00:17:43.718468+00,98,0,1892,27.8,80,3,2,Flood Alert (HIGH),Raining
7180,2026-09-30 00:17:50.137036+00,95,0,1892,27.8,80,3,2,Flood Alert (HIGH),Raining
7181,2026-09-30 00:17:56.209411+00,99,0,1892,27.8,80,3,2,Flood Alert (HIGH),Raining
7182,2026-09-30 00:18:02.570271+00,90,0,1894,27.8,80,3,2,Flood Alert (HIGH),Raining
7183,2026-09-30 00:18:08.841986+00,93,0,1891,27.8,80,3,2,Flood Alert (HIGH),Raining
7184,2026-09-30 00:18:15.073332+00,89,0,1894,27.8,80,3,2,Flood Alert (HIGH),Raining
7185,2026-09-30 00:18:21.325432+00,88,0,1895,27.8,80,3,2,Flood Alert (HIGH),Raining
7186,2026-09-30 00:18:27.585724+00,91,0,1894,27.8,80,3,2,Flood Alert (HIGH),Raining
7187,2026-09-30 00:18:33.787972+00,95,0,1893,27.8,80,3,2,Flood Alert (HIGH),Raining
7188,2026-09-30 00:18:39.720886+00,88,0,1894,27.8,80,3,2,Flood Alert (HIGH),Raining
7189,2026-09-30 00:18:45.680027+00,88,0,1892,27.8,80,3,2,Flood Alert (HIGH),Raining
7190,2026-09-30 00:18:52.133494+00,88,0,1895,27.8,80,3,2,Flood Alert (HIGH),Raining
7191,2026-09-30 00:18:58.424346+00,91,0,1895,27.8,80,3,2,Flood Alert (HIGH),Raining
7192,2026-09-30 00:19:04.798335+00,95,0,1894,27.8,80,3,2,Flood Alert (HIGH),Raining
7193,2026-09-30 00:19:10.913972+00,97,0,1893,27.8,80,3,2,Flood Alert (HIGH),Raining
7194,2026-09-30 00:19:17.006533+00,88,0,1894,27.8,80,3,2,Flood Alert (HIGH),Raining
7195,2026-09-30 00:19:22.965427+00,87,0,1894,27.8,80,3,2,Flood Alert (HIGH),Raining
7196,2026-09-30 00:19:31.539511+00,93,0,1892,28.3,78,3,2,Flood Alert (HIGH),Raining
7197,2026-09-30 00:19:37.768911+00,89,0,1894,28.3,78,3,2,Flood Alert (HIGH),Raining
7198,2026-09-30 00:19:43.872638+00,87,0,1893,28.3,78,3,2,Flood Alert (HIGH),Raining
7199,2026-09-30 00:19:50.121629+00,95,0,1892,28.3,78,3,2,Flood Alert (HIGH),Raining
7200,2026-09-30 00:19:56.349761+00,97,0,1892,28.3,78,3,2,Flood Alert (HIGH),Raining
7201,2026-09-30 00:20:02.670352+00,88,0,1895,28.3,78,3,2,Flood Alert (HIGH),Raining
7202,2026-09-30 00:20:08.744268+00,100,0,1894,28.3,78,3,2,Flood Alert (HIGH),Raining
7203,2026-09-30 00:20:15.107876+00,95,0,1894,28.3,78,3,2,Flood Alert (HIGH),Raining
7204,2026-09-30 00:20:21.361578+00,99,0,1896,28.3,78,3,2,Flood Alert (HIGH),Raining
7205,2026-09-30 00:20:27.47549+00,90,0,1891,28.3,78,3,2,Flood Alert (HIGH),Raining
7206,2026-09-30 00:20:33.747676+00,90,0,1895,28.3,78,3,2,Flood Alert (HIGH),Raining
7207,2026-09-30 00:20:39.910627+00,95,0,1893,28.3,78,3,2,Flood Alert (HIGH),Raining
7208,2026-09-30 00:20:46.220584+00,97,0,1894,28.3,78,3,2,Flood Alert (HIGH),Raining
7209,2026-09-30 00:20:52.497093+00,89,0,1893,28.3,78,3,2,Flood Alert (HIGH),Raining
7210,2026-09-30 00:20:58.687695+00,97,0,1892,28.3,78,3,2,Flood Alert (HIGH),Raining
7211,2026-09-30 00:21:04.645488+00,98,0,1895,28.3,78,3,2,Flood Alert (HIGH),Raining
7212,2026-09-30 00:21:10.871395+00,93,0,1893,28.3,78,3,2,Flood Alert (HIGH),Raining
7213,2026-09-30 00:21:16.795252+00,88,0,1894,28.3,78,3,2,Flood Alert (HIGH),Raining
7214,2026-09-30 00:21:22.792051+00,90,0,1893,28.3,78,3,2,Flood Alert (HIGH),Raining
7215,2026-09-30 00:21:28.952075+00,88,0,1894,28.3,78,3,2,Flood Alert (HIGH),Raining
7216,2026-09-30 00:21:35.058583+00,95,0,1894,28.3,78,3,2,Flood Alert (HIGH),Raining
7217,2026-09-30 00:21:41.345636+00,88,0,1894,28.3,78,3,2,Flood Alert (HIGH),Raining
7218,2026-09-30 00:21:47.51376+00,95,0,1895,28.3,78,3,2,Flood Alert (HIGH),Raining
7219,2026-09-30 00:21:53.537277+00,98,0,1893,28.3,78,3,2,Flood Alert (HIGH),Raining
7220,2026-09-30 00:21:59.583158+00,100,0,1895,28.3,78,3,2,Flood Alert (HIGH),Raining
7221,2026-09-30 00:22:05.612488+00,87,0,1893,28.3,78,3,2,Flood Alert (HIGH),Raining
7222,2026-09-30 00:22:11.722956+00,100,0,1893,28.3,78,3,2,Flood Alert (HIGH),Raining
7223,2026-09-30 00:22:17.982808+00,87,0,1893,28.3,78,3,2,Flood Alert (HIGH),Raining
7224,2026-09-30 00:22:24.131903+00,95,0,1893,28.3,78,3,2,Flood Alert (HIGH),Raining
7225,2026-09-30 00:22:30.400478+00,88,0,1893,28.3,78,3,2,Flood Alert (HIGH),Raining
7226,2026-09-30 00:22:36.503713+00,95,0,1895,28.3,78,3,2,Flood Alert (HIGH),Raining
7227,2026-09-30 00:22:42.751912+00,89,0,1893,28.3,78,3,2,Flood Alert (HIGH),Raining
7228,2026-09-30 00:22:49.088794+00,92,0,1895,28.3,78,3,2,Flood Alert (HIGH),Raining
7229,2026-09-30 00:22:55.353631+00,88,0,1895,28.3,78,3,2,Flood Alert (HIGH),Raining
7230,2026-09-30 00:23:01.702256+00,88,0,1894,28.3,78,3,2,Flood Alert (HIGH),Raining
7231,2026-09-30 00:23:07.682125+00,98,0,1893,28.3,78,3,2,Flood Alert (HIGH),Raining
7232,2026-09-30 00:23:13.75293+00,100,0,1893,28.3,78,3,2,Flood Alert (HIGH),Raining
7233,2026-09-30 00:23:19.848681+00,100,0,1895,28.3,78,3,2,Flood Alert (HIGH),Raining
7234,2026-09-30 00:23:25.929885+00,100,0,1894,28.3,78,3,2,Flood Alert (HIGH),Raining
7235,2026-09-30 00:23:31.922537+00,90,0,1895,28.3,78,3,2,Flood Alert (HIGH),Raining
7236,2026-09-30 00:23:38.170294+00,89,0,1893,28.3,78,3,2,Flood Alert (HIGH),Raining
7237,2026-09-30 00:23:44.287863+00,100,0,1893,28.3,78,3,2,Flood Alert (HIGH),Raining
7238,2026-09-30 00:23:50.625177+00,100,0,1893,28.3,78,3,2,Flood Alert (HIGH),Raining
7239,2026-09-30 00:23:56.693889+00,100,0,1893,28.3,78,3,2,Flood Alert (HIGH),Raining
7240,2026-09-30 00:24:03.000919+00,96,0,1894,28.3,78,3,2,Flood Alert (HIGH),Raining
7241,2026-09-30 00:24:09.049771+00,97,0,1895,28.3,78,3,2,Flood Alert (HIGH),Raining
7242,2026-09-30 00:24:15.072241+00,89,0,1893,28.3,78,3,2,Flood Alert (HIGH),Raining
7243,2026-09-30 00:24:21.089418+00,100,0,1896,28.3,78,3,2,Flood Alert (HIGH),Raining
7244,2026-09-30 00:24:27.223446+00,88,0,1895,28.3,78,3,2,Flood Alert (HIGH),Raining
7245,2026-09-30 00:24:33.377107+00,100,0,1895,28.3,78,3,2,Flood Alert (HIGH),Raining
7246,2026-09-30 00:24:39.467514+00,94,0,1895,28.3,78,3,2,Flood Alert (HIGH),Raining
7247,2026-09-30 00:24:45.373078+00,92,0,1894,28.3,78,3,2,Flood Alert (HIGH),Raining
7248,2026-09-30 00:24:51.566146+00,100,0,1893,28.3,78,3,2,Flood Alert (HIGH),Raining
7249,2026-09-30 00:24:57.644033+00,97,0,1894,28.3,78,3,2,Flood Alert (HIGH),Raining
7250,2026-09-30 00:25:03.785699+00,90,0,1895,28.3,78,3,2,Flood Alert (HIGH),Raining
7251,2026-09-30 00:25:10.15967+00,87,0,1895,28.3,78,3,2,Flood Alert (HIGH),Raining
7252,2026-09-30 00:25:16.491156+00,92,0,1896,28.3,78,3,2,Flood Alert (HIGH),Raining
7253,2026-09-30 00:25:22.580169+00,100,0,1895,28.3,78,3,2,Flood Alert (HIGH),Raining
7254,2026-09-30 00:25:28.835418+00,100,0,1895,28.3,78,3,2,Flood Alert (HIGH),Raining
7255,2026-09-30 00:25:35.086276+00,100,0,1895,28.3,78,3,2,Flood Alert (HIGH),Raining
7256,2026-09-30 00:25:41.336414+00,96,0,1895,28.3,78,3,2,Flood Alert (HIGH),Raining
7257,2026-09-30 00:25:47.716633+00,95,0,1893,28.3,78,3,2,Flood Alert (HIGH),Raining
7258,2026-09-30 00:25:53.850222+00,96,0,1893,28.3,78,3,2,Flood Alert (HIGH),Raining
7259,2026-09-30 00:26:00.069103+00,90,0,1893,28.3,78,3,2,Flood Alert (HIGH),Raining
7260,2026-09-30 00:26:06.279276+00,95,0,1894,28.3,78,3,2,Flood Alert (HIGH),Raining
7261,2026-09-30 00:26:12.271959+00,100,0,1896,28.3,78,3,2,Flood Alert (HIGH),Raining
7262,2026-09-30 00:26:18.48645+00,91,0,1896,28.3,78,3,2,Flood Alert (HIGH),Raining
7263,2026-09-30 00:26:24.45874+00,86,0,1893,28.3,78,3,2,Flood Alert (HIGH),Raining
7264,2026-09-30 00:26:30.66741+00,92,0,1893,28.3,78,3,2,Flood Alert (HIGH),Raining
7265,2026-09-30 00:26:36.639788+00,97,0,1894,28.3,78,3,2,Flood Alert (HIGH),Raining
7266,2026-09-30 00:26:42.838145+00,91,0,1894,28.3,78,3,2,Flood Alert (HIGH),Raining
7267,2026-09-30 00:26:48.856823+00,91,0,1895,28.3,78,3,2,Flood Alert (HIGH),Raining
7268,2026-09-30 00:26:54.953354+00,90,0,1896,28.3,78,3,2,Flood Alert (HIGH),Raining
7269,2026-09-30 00:27:00.926971+00,99,0,1893,28.3,78,3,2,Flood Alert (HIGH),Raining
7270,2026-09-30 00:27:07.11498+00,89,0,1896,28.3,78,3,2,Flood Alert (HIGH),Raining
7271,2026-09-30 00:27:13.117301+00,94,0,1892,28.3,78,3,2,Flood Alert (HIGH),Raining
7272,2026-09-30 00:27:19.243371+00,95,0,1894,28.3,78,3,2,Flood Alert (HIGH),Raining
7273,2026-09-30 00:27:25.492282+00,94,0,1895,28.3,78,3,2,Flood Alert (HIGH),Raining
7274,2026-09-30 00:27:31.714105+00,90,0,1894,28.3,78,3,2,Flood Alert (HIGH),Raining
7275,2026-09-30 00:27:37.702382+00,100,0,1895,28.3,78,3,2,Flood Alert (HIGH),Raining
7276,2026-09-30 00:27:43.82214+00,87,0,1894,28.3,78,3,2,Flood Alert (HIGH),Raining
7277,2026-09-30 00:27:50.069223+00,100,0,1895,28.3,78,3,2,Flood Alert (HIGH),Raining
7278,2026-09-30 00:27:56.428183+00,100,0,1895,28.3,78,3,2,Flood Alert (HIGH),Raining
7279,2026-09-30 00:28:02.685599+00,90,0,1894,28.3,78,3,2,Flood Alert (HIGH),Raining
7280,2026-09-30 00:28:09.203455+00,88,0,1893,28.3,78,3,2,Flood Alert (HIGH),Raining
7281,2026-09-30 00:28:15.507977+00,92,0,1895,28.3,78,3,2,Flood Alert (HIGH),Raining
7282,2026-09-30 00:28:21.632501+00,93,0,1893,28.3,78,3,2,Flood Alert (HIGH),Raining
7283,2026-09-30 00:28:27.83109+00,90,0,1895,28.3,78,3,2,Flood Alert (HIGH),Raining
7284,2026-09-30 00:28:34.308279+00,93,0,1894,28.3,78,3,2,Flood Alert (HIGH),Raining
7285,2026-09-30 00:28:40.462242+00,100,0,1893,28.3,78,3,2,Flood Alert (HIGH),Raining
7286,2026-09-30 00:28:46.618634+00,100,0,1893,28.3,78,3,2,Flood Alert (HIGH),Raining
7287,2026-09-30 00:28:52.652671+00,100,0,1895,28.3,78,3,2,Flood Alert (HIGH),Raining
7288,2026-09-30 00:28:58.729646+00,94,0,1895,28.3,78,3,2,Flood Alert (HIGH),Raining
7289,2026-09-30 00:29:04.749602+00,100,0,1895,28.3,78,3,2,Flood Alert (HIGH),Raining
7290,2026-09-30 00:29:10.887018+00,95,0,1896,28.3,78,3,2,Flood Alert (HIGH),Raining
7291,2026-09-30 00:29:17.003318+00,100,0,1897,28.3,78,3,2,Flood Alert (HIGH),Raining
7292,2026-09-30 00:29:23.217038+00,90,0,1896,28.3,78,3,2,Flood Alert (HIGH),Raining
7293,2026-09-30 00:29:29.675901+00,91,0,1893,28.3,78,3,2,Flood Alert (HIGH),Raining
7294,2026-09-30 00:29:36.126529+00,89,0,1895,28.3,78,1,2,Flood Alert (HIGH),Raining
7295,2026-09-30 00:29:42.169769+00,88,0,1895,28.3,78,1,2,Flood Alert (HIGH),Raining
7296,2026-09-30 00:29:48.360025+00,88,0,1896,28.3,78,1,2,Flood Alert (HIGH),Raining
7297,2026-09-30 00:29:54.504776+00,95,0,1896,28.3,78,1,2,Flood Alert (HIGH),Raining
7298,2026-09-30 00:30:00.6069+00,97,0,1895,28.3,78,1,2,Flood Alert (HIGH),Raining
7299,2026-09-30 00:30:07.06805+00,100,0,1895,28.3,78,1,2,Flood Alert (HIGH),Raining
7300,2026-09-30 00:30:13.797048+00,96,0,1896,28.3,78,1,2,Flood Alert (HIGH),Raining
7301,2026-09-30 00:30:19.847714+00,88,0,1894,28.3,78,1,2,Flood Alert (HIGH),Raining
7302,2026-09-30 00:30:25.816302+00,90,0,1896,28.3,78,1,2,Flood Alert (HIGH),Raining
7303,2026-09-30 00:30:32.138967+00,100,0,1896,28.3,78,1,2,Flood Alert (HIGH),Raining
7304,2026-09-30 00:30:38.247118+00,100,0,1895,28.3,78,1,2,Flood Alert (HIGH),Raining
7305,2026-09-30 00:30:44.469918+00,100,0,1895,28.3,78,1,2,Flood Alert (HIGH),Raining
7306,2026-09-30 00:30:50.662462+00,100,0,1896,28.3,78,1,2,Flood Alert (HIGH),Raining
7307,2026-09-30 00:30:56.765301+00,91,0,1893,28.3,78,1,2,Flood Alert (HIGH),Raining
7308,2026-09-30 00:31:03.267893+00,100,0,1897,28.3,78,1,2,Flood Alert (HIGH),Raining
7309,2026-09-30 00:31:09.547327+00,100,0,1896,28.3,78,1,2,Flood Alert (HIGH),Raining
7310,2026-09-30 00:31:15.784005+00,88,0,1896,28.3,78,1,2,Flood Alert (HIGH),Raining
7311,2026-09-30 00:31:22.093819+00,100,0,1895,28.3,78,1,2,Flood Alert (HIGH),Raining
7312,2026-09-30 00:31:28.081609+00,92,0,1895,28.3,78,1,2,Flood Alert (HIGH),Raining
7313,2026-09-30 00:31:34.306047+00,93,0,1894,28.3,78,1,2,Flood Alert (HIGH),Raining
7314,2026-09-30 00:31:40.702311+00,98,0,1895,28.3,78,1,2,Flood Alert (HIGH),Raining
7315,2026-09-30 00:31:47.024169+00,99,0,1894,28.3,78,1,2,Flood Alert (HIGH),Raining
7316,2026-09-30 00:31:52.908125+00,91,0,1896,28.3,78,1,2,Flood Alert (HIGH),Raining
7317,2026-09-30 00:31:58.968408+00,100,0,1894,28.3,78,1,2,Flood Alert (HIGH),Raining
7318,2026-09-30 00:32:04.927161+00,92,0,1897,28.3,78,1,2,Flood Alert (HIGH),Raining
7319,2026-09-30 00:32:11.279908+00,96,0,1896,28.3,78,1,2,Flood Alert (HIGH),Raining
7320,2026-09-30 00:32:17.802041+00,97,0,1897,28.3,78,1,2,Flood Alert (HIGH),Raining
7321,2026-09-30 00:32:23.882515+00,98,0,1895,28.3,78,1,2,Flood Alert (HIGH),Raining
7322,2026-09-30 00:32:30.133517+00,95,0,1897,28.3,78,1,2,Flood Alert (HIGH),Raining
7323,2026-09-30 00:32:36.401803+00,87,0,1897,28.3,78,1,2,Flood Alert (HIGH),Raining
7324,2026-09-30 00:32:42.573315+00,87,0,1895,28.3,78,1,2,Flood Alert (HIGH),Raining
7325,2026-09-30 00:32:48.709187+00,100,0,1895,28.3,78,1,2,Flood Alert (HIGH),Raining
7326,2026-09-30 00:32:54.70409+00,100,0,1895,28.3,78,1,2,Flood Alert (HIGH),Raining
7327,2026-09-30 00:33:00.902318+00,88,0,1896,28.3,78,1,2,Flood Alert (HIGH),Raining
7328,2026-09-30 00:33:06.87318+00,87,0,1895,28.3,78,1,2,Flood Alert (HIGH),Raining
7329,2026-09-30 00:33:12.77563+00,100,0,1894,28.3,78,1,2,Flood Alert (HIGH),Raining
7330,2026-09-30 00:33:18.850339+00,100,0,1897,28.3,78,1,2,Flood Alert (HIGH),Raining
7331,2026-09-30 00:33:24.831268+00,100,0,1896,28.3,78,1,2,Flood Alert (HIGH),Raining
7332,2026-09-30 00:33:30.920613+00,99,0,1894,28.3,78,1,2,Flood Alert (HIGH),Raining
7333,2026-09-30 00:33:36.895035+00,93,0,1896,28.3,78,1,2,Flood Alert (HIGH),Raining
7334,2026-09-30 00:33:43.21391+00,97,0,1895,28.3,78,1,2,Flood Alert (HIGH),Raining
7335,2026-09-30 00:33:49.154266+00,92,0,1894,28.3,78,1,2,Flood Alert (HIGH),Raining
7336,2026-09-30 00:33:55.16523+00,87,0,1896,28.3,78,1,2,Flood Alert (HIGH),Raining
7337,2026-09-30 00:34:01.516799+00,95,0,1895,28.3,78,1,2,Flood Alert (HIGH),Raining
7338,2026-09-30 00:34:07.586954+00,97,0,1894,28.3,78,1,2,Flood Alert (HIGH),Raining
7339,2026-09-30 00:34:13.48369+00,87,0,1895,28.3,78,1,2,Flood Alert (HIGH),Raining
7340,2026-09-30 00:34:19.507353+00,92,0,1897,28.3,78,1,2,Flood Alert (HIGH),Raining
7341,2026-09-30 00:34:25.637773+00,96,0,1896,28.3,78,1,2,Flood Alert (HIGH),Raining
7342,2026-09-30 00:34:31.855405+00,94,0,1895,28.3,78,1,2,Flood Alert (HIGH),Raining
7343,2026-09-30 00:34:37.980748+00,92,0,1897,28.3,78,1,2,Flood Alert (HIGH),Raining
7344,2026-09-30 00:34:44.10514+00,100,0,1897,28.3,78,1,2,Flood Alert (HIGH),Raining
7345,2026-09-30 00:34:50.138982+00,93,0,1895,28.3,78,1,2,Flood Alert (HIGH),Raining
7346,2026-09-30 00:34:56.136797+00,97,0,1897,28.3,78,1,2,Flood Alert (HIGH),Raining
7347,2026-09-30 00:35:02.363801+00,100,0,1897,28.3,78,1,2,Flood Alert (HIGH),Raining
7348,2026-09-30 00:35:08.457049+00,87,0,1895,28.3,78,1,2,Flood Alert (HIGH),Raining
7349,2026-09-30 00:35:14.496443+00,100,0,1897,28.3,78,1,2,Flood Alert (HIGH),Raining
7350,2026-09-30 00:35:20.617111+00,94,0,1897,28.3,78,1,2,Flood Alert (HIGH),Raining
7351,2026-09-30 00:35:26.878154+00,96,0,1897,28.3,78,1,2,Flood Alert (HIGH),Raining
7352,2026-09-30 00:35:33.185396+00,89,0,1897,28.3,78,1,2,Flood Alert (HIGH),Raining
7353,2026-09-30 00:35:39.265135+00,98,0,1895,28.3,78,1,2,Flood Alert (HIGH),Raining
7354,2026-09-30 00:35:45.649356+00,98,0,1896,28.3,78,1,2,Flood Alert (HIGH),Raining
7355,2026-09-30 00:35:51.843681+00,96,0,1896,28.3,78,1,2,Flood Alert (HIGH),Raining
7356,2026-09-30 00:35:58.304692+00,97,0,1896,28.3,78,1,2,Flood Alert (HIGH),Raining
7357,2026-09-30 00:36:04.744536+00,100,0,1897,28.3,78,1,2,Flood Alert (HIGH),Raining
7358,2026-09-30 00:36:11.25123+00,100,0,1897,28.3,78,1,2,Flood Alert (HIGH),Raining
7359,2026-09-30 00:36:17.731463+00,98,0,1895,28.3,78,1,2,Flood Alert (HIGH),Raining
7360,2026-09-30 00:36:23.657232+00,92,0,1897,28.3,78,1,2,Flood Alert (HIGH),Raining
7361,2026-09-30 00:36:30.010278+00,100,0,1898,28.3,78,1,2,Flood Alert (HIGH),Raining
7362,2026-09-30 00:36:35.983799+00,100,0,1895,28.3,78,1,2,Flood Alert (HIGH),Raining
7363,2026-09-30 00:36:42.729836+00,100,0,1898,28.3,78,1,2,Flood Alert (HIGH),Raining
7364,2026-09-30 00:36:49.195947+00,100,0,1895,28.3,78,1,2,Flood Alert (HIGH),Raining
7365,2026-09-30 00:36:55.701629+00,100,0,1896,28.3,78,1,2,Flood Alert (HIGH),Raining
7366,2026-09-30 00:37:01.855409+00,94,0,1896,28.3,78,1,2,Flood Alert (HIGH),Raining
7367,2026-09-30 00:37:08.305605+00,91,0,1896,28.3,78,1,2,Flood Alert (HIGH),Raining
7368,2026-09-30 00:37:14.674625+00,90,0,1895,28.3,78,1,2,Flood Alert (HIGH),Raining
7369,2026-09-30 00:37:21.071248+00,94,0,1897,28.3,78,1,2,Flood Alert (HIGH),Raining
7370,2026-09-30 00:37:27.31927+00,98,0,1896,28.3,78,1,2,Flood Alert (HIGH),Raining
7371,2026-09-30 00:37:33.678171+00,96,0,1897,28.3,78,1,2,Flood Alert (HIGH),Raining
7372,2026-09-30 00:37:40.161503+00,96,0,1897,28.3,78,1,2,Flood Alert (HIGH),Raining
7373,2026-09-30 00:37:46.158816+00,98,0,1897,28.3,78,1,2,Flood Alert (HIGH),Raining
7374,2026-09-30 00:37:52.397686+00,90,0,1897,28.3,78,1,2,Flood Alert (HIGH),Raining
7375,2026-09-30 00:37:58.74113+00,93,0,1896,28.3,78,1,2,Flood Alert (HIGH),Raining
7376,2026-09-30 00:38:05.279225+00,100,0,1896,28.3,78,1,2,Flood Alert (HIGH),Raining
7377,2026-09-30 00:38:11.699766+00,97,0,1896,28.3,78,1,2,Flood Alert (HIGH),Raining
7378,2026-09-30 00:38:17.684396+00,89,0,1897,28.3,78,1,2,Flood Alert (HIGH),Raining
7379,2026-09-30 00:38:23.779808+00,89,0,1898,28.3,78,1,2,Flood Alert (HIGH),Raining
7380,2026-09-30 00:38:29.744674+00,100,0,1897,28.3,78,1,2,Flood Alert (HIGH),Raining
7381,2026-09-30 00:38:36.043008+00,94,0,1896,28.3,78,1,2,Flood Alert (HIGH),Raining
7382,2026-09-30 00:38:42.106367+00,100,0,1897,28.3,78,1,2,Flood Alert (HIGH),Raining
7383,2026-09-30 00:38:48.065892+00,87,0,1897,28.3,78,1,2,Flood Alert (HIGH),Raining
7384,2026-09-30 00:38:54.262895+00,96,0,1895,28.3,78,1,2,Flood Alert (HIGH),Raining
7385,2026-09-30 00:39:00.284148+00,94,0,1896,28.3,78,1,2,Flood Alert (HIGH),Raining
7386,2026-09-30 00:39:06.370509+00,95,0,1895,28.3,78,1,2,Flood Alert (HIGH),Raining
7387,2026-09-30 00:39:12.259478+00,95,0,1896,28.3,78,1,2,Flood Alert (HIGH),Raining
7388,2026-09-30 00:39:18.365491+00,100,0,1896,28.3,78,1,2,Flood Alert (HIGH),Raining
7389,2026-09-30 00:39:24.617776+00,87,0,1895,28.3,78,1,2,Flood Alert (HIGH),Raining
7390,2026-09-30 00:39:30.847488+00,100,0,1896,28.3,78,1,2,Flood Alert (HIGH),Raining
7391,2026-09-30 00:39:37.225848+00,93,0,1897,29,74,2,2,Flood Alert (HIGH),Raining
7392,2026-09-30 00:39:43.399692+00,100,0,1895,29,74,2,2,Flood Alert (HIGH),Raining
7393,2026-09-30 00:39:49.52222+00,87,0,1896,29,74,2,2,Flood Alert (HIGH),Raining
7394,2026-09-30 00:39:55.792025+00,100,0,1896,29,74,2,2,Flood Alert (HIGH),Raining
7395,2026-09-30 00:40:01.919427+00,89,0,1897,29,74,2,2,Flood Alert (HIGH),Raining
7396,2026-09-30 00:40:08.106421+00,97,0,1895,29,74,2,2,Flood Alert (HIGH),Raining
7397,2026-09-30 00:40:14.115081+00,92,0,1896,29,74,2,2,Flood Alert (HIGH),Raining
7398,2026-09-30 00:40:20.245148+00,96,0,1898,29,74,2,2,Flood Alert (HIGH),Raining
7399,2026-09-30 00:40:26.444242+00,88,0,1898,29,74,2,2,Flood Alert (HIGH),Raining
7400,2026-09-30 00:40:32.746453+00,88,0,1895,29,74,2,2,Flood Alert (HIGH),Raining
7401,2026-09-30 00:40:38.979538+00,96,0,1897,29,74,2,2,Flood Alert (HIGH),Raining
7402,2026-09-30 00:40:45.235359+00,94,0,1898,29,74,2,2,Flood Alert (HIGH),Raining
7403,2026-09-30 00:40:51.405703+00,100,0,1897,29,74,2,2,Flood Alert (HIGH),Raining
7404,2026-09-30 00:40:57.603028+00,100,0,1897,29,74,2,2,Flood Alert (HIGH),Raining
7405,2026-09-30 00:41:03.657579+00,97,0,1897,29,74,2,2,Flood Alert (HIGH),Raining
7406,2026-09-30 00:41:09.824853+00,89,0,1899,29,74,2,2,Flood Alert (HIGH),Raining
7407,2026-09-30 00:41:15.925291+00,89,0,1897,29,74,2,2,Flood Alert (HIGH),Raining
7408,2026-09-30 00:41:22.190053+00,100,0,1897,29,74,2,2,Flood Alert (HIGH),Raining
7409,2026-09-30 00:41:28.301413+00,95,0,1899,29,74,2,2,Flood Alert (HIGH),Raining
7410,2026-09-30 00:41:34.278534+00,100,0,1898,29,74,2,2,Flood Alert (HIGH),Raining
7411,2026-09-30 00:41:40.45765+00,94,0,1898,29,74,2,2,Flood Alert (HIGH),Raining
7412,2026-09-30 00:41:46.501652+00,94,0,1898,29,74,2,2,Flood Alert (HIGH),Raining
7413,2026-09-30 00:41:52.546195+00,96,0,1897,29,74,2,2,Flood Alert (HIGH),Raining
7414,2026-09-30 00:41:58.604767+00,87,0,1897,29,74,2,2,Flood Alert (HIGH),Raining
7415,2026-09-30 00:42:04.66698+00,100,0,1898,29,74,2,2,Flood Alert (HIGH),Raining
7416,2026-09-30 00:42:11.186166+00,100,0,1898,29,74,2,2,Flood Alert (HIGH),Raining
7417,2026-09-30 00:42:17.575292+00,86,0,1897,29,74,2,2,Flood Alert (HIGH),Raining
7418,2026-09-30 00:42:23.755205+00,95,0,1898,29,74,2,2,Flood Alert (HIGH),Raining
7419,2026-09-30 00:42:29.871426+00,100,0,1899,29,74,2,2,Flood Alert (HIGH),Raining
7420,2026-09-30 00:42:36.055907+00,92,0,1898,29,74,2,2,Flood Alert (HIGH),Raining
7421,2026-09-30 00:42:42.061249+00,100,0,1898,29,74,2,2,Flood Alert (HIGH),Raining
7422,2026-09-30 00:42:48.316055+00,91,0,1897,29,74,2,2,Flood Alert (HIGH),Raining
7423,2026-09-30 00:42:54.454798+00,100,0,1896,29,74,2,2,Flood Alert (HIGH),Raining
7424,2026-09-30 00:43:00.633881+00,86,0,1900,29,74,2,2,Flood Alert (HIGH),Raining
7425,2026-09-30 00:43:06.707232+00,95,0,1898,29,74,2,2,Flood Alert (HIGH),Raining
7426,2026-09-30 00:43:13.008671+00,92,0,1898,29,74,2,2,Flood Alert (HIGH),Raining
7427,2026-09-30 00:43:19.107527+00,92,0,1897,29,74,2,2,Flood Alert (HIGH),Raining
7428,2026-09-30 00:43:25.330967+00,100,0,1897,29,74,2,2,Flood Alert (HIGH),Raining
7429,2026-09-30 00:43:31.249446+00,95,0,1898,29,74,2,2,Flood Alert (HIGH),Raining
7430,2026-09-30 00:43:37.375164+00,86,0,1897,29,74,2,2,Flood Alert (HIGH),Raining
7431,2026-09-30 00:43:43.570042+00,100,0,1897,29,74,2,2,Flood Alert (HIGH),Raining
7432,2026-09-30 00:43:49.978828+00,97,0,1897,29,74,2,2,Flood Alert (HIGH),Raining
7433,2026-09-30 00:43:56.07693+00,87,0,1898,29,74,2,2,Flood Alert (HIGH),Raining
7434,2026-09-30 00:44:02.428632+00,100,0,1898,29,74,2,2,Flood Alert (HIGH),Raining
7435,2026-09-30 00:44:08.87789+00,87,0,1898,29,74,2,2,Flood Alert (HIGH),Raining
7436,2026-09-30 00:44:15.210364+00,89,0,1897,29,74,2,2,Flood Alert (HIGH),Raining
7437,2026-09-30 00:44:21.666674+00,100,0,1898,29,74,2,2,Flood Alert (HIGH),Raining
7438,2026-09-30 00:44:28.22031+00,95,0,1897,29,74,2,2,Flood Alert (HIGH),Raining
7439,2026-09-30 00:44:34.446611+00,92,0,1897,29,74,2,2,Flood Alert (HIGH),Raining
7440,2026-09-30 00:44:40.654956+00,100,0,1897,29,74,2,2,Flood Alert (HIGH),Raining
7441,2026-09-30 00:44:46.931719+00,91,0,1898,29,74,2,2,Flood Alert (HIGH),Raining
7442,2026-09-30 00:44:53.108022+00,100,0,1897,29,74,2,2,Flood Alert (HIGH),Raining
7443,2026-09-30 00:44:59.523192+00,90,0,1898,29,74,2,2,Flood Alert (HIGH),Raining
7444,2026-09-30 00:45:05.649835+00,100,0,1897,29,74,2,2,Flood Alert (HIGH),Raining
7445,2026-09-30 00:45:11.883917+00,92,0,1897,29,74,2,2,Flood Alert (HIGH),Raining
7446,2026-09-30 00:45:18.278475+00,100,0,1897,29,74,2,2,Flood Alert (HIGH),Raining
7447,2026-09-30 00:45:24.499778+00,100,0,1897,29,74,2,2,Flood Alert (HIGH),Raining
7448,2026-09-30 00:45:30.639403+00,87,0,1896,29,74,2,2,Flood Alert (HIGH),Raining
7449,2026-09-30 00:45:36.846548+00,99,0,1897,29,74,2,2,Flood Alert (HIGH),Raining
7450,2026-09-30 00:45:43.295012+00,87,0,1898,29,74,2,2,Flood Alert (HIGH),Raining
7451,2026-09-30 00:45:49.693445+00,100,0,1900,29,74,2,2,Flood Alert (HIGH),Raining
7452,2026-09-30 00:45:55.83141+00,97,0,1899,29,74,2,2,Flood Alert (HIGH),Raining
7453,2026-09-30 00:46:01.992474+00,100,0,1896,29,74,2,2,Flood Alert (HIGH),Raining
7454,2026-09-30 00:46:08.107411+00,96,0,1897,29,74,2,2,Flood Alert (HIGH),Raining
7455,2026-09-30 00:46:14.406487+00,94,0,1897,29,74,2,2,Flood Alert (HIGH),Raining
7456,2026-09-30 00:46:20.739051+00,94,0,1898,29,74,2,2,Flood Alert (HIGH),Raining
7457,2026-09-30 00:46:26.644233+00,88,0,1897,29,74,2,2,Flood Alert (HIGH),Raining
7458,2026-09-30 00:46:32.650848+00,91,0,1900,29,74,2,2,Flood Alert (HIGH),Raining
7459,2026-09-30 00:46:38.875727+00,91,0,1899,29,74,2,2,Flood Alert (HIGH),Raining
7460,2026-09-30 00:46:44.743642+00,94,0,1897,29,74,2,2,Flood Alert (HIGH),Raining
7461,2026-09-30 00:46:50.783285+00,87,0,1899,29,74,2,2,Flood Alert (HIGH),Raining
7462,2026-09-30 00:46:56.859977+00,100,0,1897,29,74,2,2,Flood Alert (HIGH),Raining
7463,2026-09-30 00:47:02.98435+00,98,0,1898,29,74,2,2,Flood Alert (HIGH),Raining
7464,2026-09-30 00:47:09.410798+00,90,0,1899,29,74,2,2,Flood Alert (HIGH),Raining
7465,2026-09-30 00:47:15.677917+00,86,0,1897,29,74,2,2,Flood Alert (HIGH),Raining
7466,2026-09-30 00:47:21.780818+00,93,0,1899,29,74,2,2,Flood Alert (HIGH),Raining
7467,2026-09-30 00:47:28.130984+00,92,0,1899,29,74,2,2,Flood Alert (HIGH),Raining
7468,2026-09-30 00:47:34.581826+00,88,0,1897,29,74,2,2,Flood Alert (HIGH),Raining
7469,2026-09-30 00:47:41.134467+00,92,0,1898,29,74,2,2,Flood Alert (HIGH),Raining
7470,2026-09-30 00:47:47.036788+00,90,0,1897,29,74,2,2,Flood Alert (HIGH),Raining
7471,2026-09-30 00:47:53.583785+00,100,0,1898,29,74,2,2,Flood Alert (HIGH),Raining
7472,2026-09-30 00:47:59.860887+00,100,0,1898,29,74,2,2,Flood Alert (HIGH),Raining
7473,2026-09-30 00:48:05.942783+00,98,0,1898,29,74,2,2,Flood Alert (HIGH),Raining
7474,2026-09-30 00:48:12.196878+00,100,0,1899,29,74,2,2,Flood Alert (HIGH),Raining
7475,2026-09-30 00:48:18.398501+00,90,0,1897,29,74,2,2,Flood Alert (HIGH),Raining
7476,2026-09-30 00:48:24.341001+00,90,0,1898,29,74,2,2,Flood Alert (HIGH),Raining
7477,2026-09-30 00:48:30.331661+00,99,0,1899,29,74,2,2,Flood Alert (HIGH),Raining
7478,2026-09-30 00:48:36.489474+00,97,0,1898,29,74,2,2,Flood Alert (HIGH),Raining
7479,2026-09-30 00:48:42.82794+00,93,0,1897,29,74,2,2,Flood Alert (HIGH),Raining
7480,2026-09-30 00:48:48.750029+00,99,0,1899,29,74,2,2,Flood Alert (HIGH),Raining
7481,2026-09-30 00:48:54.917949+00,100,0,1899,29,74,2,2,Flood Alert (HIGH),Raining
7482,2026-09-30 00:49:01.15105+00,100,0,1899,29,74,2,2,Flood Alert (HIGH),Raining
7483,2026-09-30 00:49:07.466125+00,98,0,1899,29,74,2,2,Flood Alert (HIGH),Raining
7484,2026-09-30 00:49:13.858518+00,95,0,1899,29,74,2,2,Flood Alert (HIGH),Raining
7485,2026-09-30 00:49:20.047971+00,95,0,1899,29,74,2,2,Flood Alert (HIGH),Raining
7486,2026-09-30 00:49:26.510068+00,100,0,1898,29,74,2,2,Flood Alert (HIGH),Raining
7487,2026-09-30 00:49:32.885805+00,88,0,1897,29,74,2,2,Flood Alert (HIGH),Raining
7488,2026-09-30 00:49:39.748265+00,95,0,1896,29.5,72,2,2,Flood Alert (HIGH),Raining
7489,2026-09-30 00:49:45.92569+00,100,0,1897,29.5,72,2,2,Flood Alert (HIGH),Raining
7490,2026-09-30 00:49:52.007984+00,100,0,1899,29.5,72,2,2,Flood Alert (HIGH),Raining
7491,2026-09-30 00:49:58.46378+00,100,0,1899,29.5,72,2,2,Flood Alert (HIGH),Raining
7492,2026-09-30 00:50:04.744256+00,100,0,1900,29.5,72,2,2,Flood Alert (HIGH),Raining
7493,2026-09-30 00:50:10.94709+00,100,0,1898,29.5,72,2,2,Flood Alert (HIGH),Raining
7494,2026-09-30 00:50:17.314655+00,85,0,1898,29.5,72,2,2,Flood Alert (HIGH),Raining
7495,2026-09-30 00:50:23.642892+00,86,0,1897,29.5,72,2,2,Flood Alert (HIGH),Raining
7496,2026-09-30 00:50:30.044328+00,90,0,1897,29.5,72,2,2,Flood Alert (HIGH),Raining
7497,2026-09-30 00:50:36.158768+00,92,0,1898,29.5,72,2,2,Flood Alert (HIGH),Raining
7498,2026-09-30 00:50:42.419849+00,92,0,1897,29.5,72,2,2,Flood Alert (HIGH),Raining
7499,2026-09-30 00:50:48.701919+00,90,0,1897,29.5,72,2,2,Flood Alert (HIGH),Raining
7500,2026-09-30 00:50:54.795146+00,94,0,1898,29.5,72,2,2,Flood Alert (HIGH),Raining
7501,2026-09-30 00:51:01.056952+00,87,0,1898,29.5,72,2,2,Flood Alert (HIGH),Raining
7502,2026-09-30 00:51:07.228599+00,87,0,1899,29.5,72,2,2,Flood Alert (HIGH),Raining
7503,2026-09-30 00:51:13.397296+00,89,0,1899,29.5,72,2,2,Flood Alert (HIGH),Raining
7504,2026-09-30 00:51:19.377385+00,93,0,1897,29.5,72,2,2,Flood Alert (HIGH),Raining
7505,2026-09-30 00:51:25.63427+00,100,0,1899,29.5,72,2,2,Flood Alert (HIGH),Raining
7506,2026-09-30 00:51:31.832645+00,89,0,1897,29.5,72,2,2,Flood Alert (HIGH),Raining
7507,2026-09-30 00:51:37.824101+00,97,0,1901,29.5,72,2,2,Flood Alert (HIGH),Raining
7508,2026-09-30 00:51:44.055287+00,90,0,1899,29.5,72,2,2,Flood Alert (HIGH),Raining
7509,2026-09-30 00:51:50.106456+00,87,0,1900,29.5,72,2,2,Flood Alert (HIGH),Raining
7510,2026-09-30 00:51:56.204431+00,98,0,1899,29.5,72,2,2,Flood Alert (HIGH),Raining
7511,2026-09-30 00:52:02.235503+00,99,0,1898,29.5,72,2,2,Flood Alert (HIGH),Raining
7512,2026-09-30 00:52:08.405869+00,92,0,1899,29.5,72,2,2,Flood Alert (HIGH),Raining
7513,2026-09-30 00:52:14.875591+00,100,0,1900,29.5,72,2,2,Flood Alert (HIGH),Raining
7514,2026-09-30 00:52:21.334273+00,91,0,1898,29.5,72,2,2,Flood Alert (HIGH),Raining
7515,2026-09-30 00:52:27.715909+00,100,0,1899,29.5,72,2,2,Flood Alert (HIGH),Raining
7516,2026-09-30 00:52:33.899901+00,95,0,1898,29.5,72,2,2,Flood Alert (HIGH),Raining
7517,2026-09-30 00:52:40.659757+00,96,0,1899,29.5,72,2,2,Flood Alert (HIGH),Raining
7518,2026-09-30 00:52:47.227501+00,92,0,1899,29.5,72,2,2,Flood Alert (HIGH),Raining
7519,2026-09-30 00:52:53.660319+00,100,0,1900,29.5,72,2,2,Flood Alert (HIGH),Raining
7520,2026-09-30 00:53:00.164273+00,87,0,1900,29.5,72,2,2,Flood Alert (HIGH),Raining
7521,2026-09-30 00:53:06.668086+00,100,0,1900,29.5,72,2,2,Flood Alert (HIGH),Raining
7522,2026-09-30 00:53:13.22236+00,100,0,1899,29.5,72,2,2,Flood Alert (HIGH),Raining
7523,2026-09-30 00:53:19.793091+00,89,0,1900,29.5,72,2,2,Flood Alert (HIGH),Raining
7524,2026-09-30 00:53:26.27325+00,87,0,1899,29.5,72,2,2,Flood Alert (HIGH),Raining
7525,2026-09-30 00:53:32.553542+00,100,0,1899,29.5,72,2,2,Flood Alert (HIGH),Raining
7526,2026-09-30 00:53:39.030614+00,100,0,1899,29.5,72,2,2,Flood Alert (HIGH),Raining
7527,2026-09-30 00:53:45.387096+00,94,0,1898,29.5,72,2,2,Flood Alert (HIGH),Raining
7528,2026-09-30 00:53:52.163589+00,86,0,1900,29.5,72,2,2,Flood Alert (HIGH),Raining
7529,2026-09-30 00:53:58.633159+00,96,0,1901,29.5,72,2,2,Flood Alert (HIGH),Raining
7530,2026-09-30 00:54:04.943672+00,89,0,1899,29.5,72,2,2,Flood Alert (HIGH),Raining
7531,2026-09-30 00:54:11.670108+00,95,0,1897,29.5,72,2,2,Flood Alert (HIGH),Raining
7532,2026-09-30 00:54:17.99766+00,98,0,1898,29.5,72,2,2,Flood Alert (HIGH),Raining
7533,2026-09-30 00:54:24.167603+00,94,0,1898,29.5,72,2,2,Flood Alert (HIGH),Raining
7534,2026-09-30 00:54:30.319806+00,87,0,1900,29.5,72,2,2,Flood Alert (HIGH),Raining
7535,2026-09-30 00:54:36.357346+00,88,0,1900,29.5,72,2,2,Flood Alert (HIGH),Raining
7536,2026-09-30 00:54:42.796759+00,100,0,1898,29.5,72,2,2,Flood Alert (HIGH),Raining
7537,2026-09-30 00:54:48.839437+00,90,0,1899,29.5,72,2,2,Flood Alert (HIGH),Raining
7538,2026-09-30 00:54:54.906436+00,90,0,1898,29.5,72,2,2,Flood Alert (HIGH),Raining
7539,2026-09-30 00:55:01.217731+00,88,0,1899,29.5,72,2,2,Flood Alert (HIGH),Raining
7540,2026-09-30 00:55:07.189597+00,88,0,1901,29.5,72,2,2,Flood Alert (HIGH),Raining
7541,2026-09-30 00:55:13.505042+00,100,0,1900,29.5,72,2,2,Flood Alert (HIGH),Raining
7542,2026-09-30 00:55:19.60038+00,99,0,1900,29.5,72,2,2,Flood Alert (HIGH),Raining
7543,2026-09-30 00:55:26.010871+00,95,0,1899,29.5,72,2,2,Flood Alert (HIGH),Raining
7544,2026-09-30 00:55:31.990866+00,87,0,1900,29.5,72,2,2,Flood Alert (HIGH),Raining
7545,2026-09-30 00:55:38.210421+00,96,0,1899,29.5,72,2,2,Flood Alert (HIGH),Raining
7546,2026-09-30 00:55:44.623734+00,98,0,1900,29.5,72,2,2,Flood Alert (HIGH),Raining
7547,2026-09-30 00:55:50.689816+00,99,0,1898,29.5,72,2,2,Flood Alert (HIGH),Raining
7548,2026-09-30 00:55:56.748905+00,88,0,1901,29.5,72,2,2,Flood Alert (HIGH),Raining
7549,2026-09-30 00:56:02.9407+00,91,0,1900,29.5,72,2,2,Flood Alert (HIGH),Raining
7550,2026-09-30 00:56:09.071387+00,97,0,1899,29.5,72,2,2,Flood Alert (HIGH),Raining
7551,2026-09-30 00:56:15.201597+00,97,0,1900,29.5,72,2,2,Flood Alert (HIGH),Raining
7552,2026-09-30 00:56:21.435636+00,98,0,1900,29.5,72,2,2,Flood Alert (HIGH),Raining
7553,2026-09-30 00:56:27.719414+00,97,0,1901,29.5,72,2,2,Flood Alert (HIGH),Raining
7554,2026-09-30 00:56:33.844312+00,97,0,1898,29.5,72,2,2,Flood Alert (HIGH),Raining
7555,2026-09-30 00:56:39.981855+00,93,0,1900,29.5,72,2,2,Flood Alert (HIGH),Raining
7556,2026-09-30 00:56:46.460754+00,88,0,1899,29.5,72,2,2,Flood Alert (HIGH),Raining
7557,2026-09-30 00:56:52.493236+00,98,0,1900,29.5,72,2,2,Flood Alert (HIGH),Raining
7558,2026-09-30 00:56:58.683318+00,99,0,1898,29.5,72,2,2,Flood Alert (HIGH),Raining
7559,2026-09-30 00:57:04.771546+00,87,0,1899,29.5,72,2,2,Flood Alert (HIGH),Raining
7560,2026-09-30 00:57:11.020608+00,87,0,1900,29.5,72,2,2,Flood Alert (HIGH),Raining
7561,2026-09-30 00:57:17.227612+00,100,0,1902,29.5,72,2,2,Flood Alert (HIGH),Raining
7562,2026-09-30 00:57:23.131735+00,100,0,1899,29.5,72,2,2,Flood Alert (HIGH),Raining
7563,2026-09-30 00:57:29.244883+00,92,0,1899,29.5,72,2,2,Flood Alert (HIGH),Raining
7564,2026-09-30 00:57:35.428967+00,100,0,1899,29.5,72,2,2,Flood Alert (HIGH),Raining
7565,2026-09-30 00:57:41.417899+00,100,0,1899,29.5,72,2,2,Flood Alert (HIGH),Raining
7566,2026-09-30 00:57:47.689631+00,96,0,1899,29.5,72,2,2,Flood Alert (HIGH),Raining
7567,2026-09-30 00:57:53.820359+00,100,0,1900,29.5,72,2,2,Flood Alert (HIGH),Raining
7568,2026-09-30 00:58:00.014069+00,87,0,1900,29.5,72,2,2,Flood Alert (HIGH),Raining
7569,2026-09-30 00:58:06.268881+00,100,0,1900,29.5,72,2,2,Flood Alert (HIGH),Raining
7570,2026-09-30 00:58:12.292858+00,89,0,1899,29.5,72,2,2,Flood Alert (HIGH),Raining
7571,2026-09-30 00:58:18.328185+00,100,0,1901,29.5,72,2,2,Flood Alert (HIGH),Raining
7572,2026-09-30 00:58:24.316669+00,87,0,1900,29.5,72,2,2,Flood Alert (HIGH),Raining
7573,2026-09-30 00:58:30.639403+00,87,0,1899,29.5,72,2,2,Flood Alert (HIGH),Raining
7574,2026-09-30 00:58:36.617942+00,87,0,1901,29.5,72,2,2,Flood Alert (HIGH),Raining
7575,2026-09-30 00:58:42.792529+00,89,0,1899,29.5,72,2,2,Flood Alert (HIGH),Raining
7576,2026-09-30 00:58:48.888203+00,100,0,1901,29.5,72,2,2,Flood Alert (HIGH),Raining
7577,2026-09-30 00:58:55.513903+00,100,0,1899,29.5,72,2,2,Flood Alert (HIGH),Raining
7578,2026-09-30 00:59:01.78193+00,100,0,1898,29.5,72,2,2,Flood Alert (HIGH),Raining
7579,2026-09-30 00:59:07.878601+00,100,0,1899,29.5,72,2,2,Flood Alert (HIGH),Raining
7580,2026-09-30 00:59:14.473506+00,100,0,1901,29.5,72,2,2,Flood Alert (HIGH),Raining
7581,2026-09-30 00:59:21.143746+00,100,0,1898,29.5,72,2,2,Flood Alert (HIGH),Raining
7582,2026-09-30 00:59:27.325589+00,100,0,1900,29.5,72,2,2,Flood Alert (HIGH),Raining
7583,2026-09-30 00:59:33.528233+00,100,0,1900,29.5,72,2,2,Flood Alert (HIGH),Raining
7584,2026-09-30 00:59:42.153374+00,98,0,1900,29.5,72,2,2,Flood Alert (HIGH),Raining
7585,2026-09-30 00:59:48.167481+00,89,0,1898,29.5,72,2,2,Flood Alert (HIGH),Raining
7586,2026-09-30 00:59:54.2415+00,100,0,1899,29.5,72,2,2,Flood Alert (HIGH),Raining
7587,2026-09-30 01:00:00.632587+00,89,0,1899,29.5,72,2,2,Flood Alert (HIGH),Raining
7588,2026-09-30 01:00:06.730939+00,90,0,1900,29.5,72,2,2,Flood Alert (HIGH),Raining
7589,2026-09-30 01:00:13.098431+00,94,0,1898,29.5,72,2,2,Flood Alert (HIGH),Raining
7590,2026-09-30 01:00:19.377735+00,89,0,1901,29.5,72,2,2,Flood Alert (HIGH),Raining
7591,2026-09-30 01:00:25.586536+00,100,0,1901,29.5,72,2,2,Flood Alert (HIGH),Raining
7592,2026-09-30 01:00:31.728653+00,95,0,1899,29.5,72,2,2,Flood Alert (HIGH),Raining
7593,2026-09-30 01:00:38.077113+00,93,0,1901,29.5,72,2,2,Flood Alert (HIGH),Raining
7594,2026-09-30 01:00:44.38604+00,88,0,1901,29.5,72,2,2,Flood Alert (HIGH),Raining
7595,2026-09-30 01:00:50.48417+00,94,0,1901,29.5,72,2,2,Flood Alert (HIGH),Raining
7596,2026-09-30 01:00:56.659663+00,97,0,1900,29.5,72,2,2,Flood Alert (HIGH),Raining
7597,2026-09-30 01:01:02.646646+00,97,0,1899,29.5,72,2,2,Flood Alert (HIGH),Raining
7598,2026-09-30 01:01:08.896915+00,100,0,1902,29.5,72,2,2,Flood Alert (HIGH),Raining
7599,2026-09-30 01:01:15.230812+00,96,0,1899,29.5,72,2,2,Flood Alert (HIGH),Raining
7600,2026-09-30 01:01:21.550785+00,91,0,1899,29.5,72,2,2,Flood Alert (HIGH),Raining
7601,2026-09-30 01:01:27.497427+00,88,0,1901,29.5,72,2,2,Flood Alert (HIGH),Raining
7602,2026-09-30 01:01:33.4065+00,100,0,1901,29.5,72,2,2,Flood Alert (HIGH),Raining
7603,2026-09-30 01:01:39.399418+00,87,0,1900,29.5,72,2,2,Flood Alert (HIGH),Raining
7604,2026-09-30 01:01:45.59362+00,90,0,1901,29.5,72,2,2,Flood Alert (HIGH),Raining
7605,2026-09-30 01:01:51.5455+00,100,0,1902,29.5,72,2,2,Flood Alert (HIGH),Raining
7606,2026-09-30 01:01:57.492214+00,100,0,1899,29.5,72,2,2,Flood Alert (HIGH),Raining
7607,2026-09-30 01:02:03.430409+00,100,0,1900,29.5,72,2,2,Flood Alert (HIGH),Raining
7608,2026-09-30 01:02:09.561237+00,96,0,1901,29.5,72,2,2,Flood Alert (HIGH),Raining
7609,2026-09-30 01:02:15.787764+00,100,0,1901,29.5,72,2,2,Flood Alert (HIGH),Raining
7610,2026-09-30 01:02:22.037283+00,92,0,1902,29.5,72,2,2,Flood Alert (HIGH),Raining
7611,2026-09-30 01:02:28.259375+00,93,0,1901,29.5,72,2,2,Flood Alert (HIGH),Raining
7612,2026-09-30 01:02:34.611111+00,87,0,1900,29.5,72,2,2,Flood Alert (HIGH),Raining
7613,2026-09-30 01:02:41.01232+00,98,0,1902,29.5,72,2,2,Flood Alert (HIGH),Raining
7614,2026-09-30 01:02:47.160911+00,87,0,1900,29.5,72,2,2,Flood Alert (HIGH),Raining
7615,2026-09-30 01:04:59.014034+00,88,0,1902,29.5,72,2,2,Flood Alert (HIGH),Raining
7616,2026-09-30 01:05:05.088367+00,94,0,1903,29.5,72,2,2,Flood Alert (HIGH),Raining
7617,2026-09-30 01:05:11.472084+00,91,0,1901,29.5,72,2,2,Flood Alert (HIGH),Raining
7618,2026-09-30 01:05:17.744012+00,100,0,1902,29.5,72,2,2,Flood Alert (HIGH),Raining
7619,2026-09-30 01:05:24.02762+00,96,0,1900,29.5,72,2,2,Flood Alert (HIGH),Raining
7620,2026-09-30 01:05:30.99594+00,90,0,1901,29.5,72,2,2,Flood Alert (HIGH),Raining
7621,2026-09-30 01:05:37.684819+00,100,0,1900,29.5,72,2,2,Flood Alert (HIGH),Raining
7622,2026-09-30 01:05:43.670937+00,87,0,1899,29.5,72,2,2,Flood Alert (HIGH),Raining
7623,2026-09-30 01:05:49.577336+00,100,0,1899,29.5,72,2,2,Flood Alert (HIGH),Raining
7624,2026-09-30 01:05:55.954889+00,92,0,1900,29.5,72,2,2,Flood Alert (HIGH),Raining
7625,2026-09-30 01:06:02.367342+00,96,0,1902,29.5,72,2,2,Flood Alert (HIGH),Raining
7626,2026-09-30 01:06:08.575326+00,87,0,1900,29.5,72,2,2,Flood Alert (HIGH),Raining
7627,2026-09-30 01:06:15.016288+00,89,0,1901,29.5,72,2,2,Flood Alert (HIGH),Raining
7628,2026-09-30 01:06:20.939408+00,99,0,1901,29.5,72,2,2,Flood Alert (HIGH),Raining
7629,2026-09-30 01:06:27.086495+00,91,0,1900,29.5,72,2,2,Flood Alert (HIGH),Raining
7630,2026-09-30 01:06:33.217022+00,100,0,1901,29.5,72,2,2,Flood Alert (HIGH),Raining
7631,2026-09-30 01:06:39.48882+00,100,0,1901,29.5,72,2,2,Flood Alert (HIGH),Raining
7632,2026-09-30 01:06:45.636437+00,91,0,1902,29.5,72,2,2,Flood Alert (HIGH),Raining
7633,2026-09-30 01:06:51.68905+00,88,0,1900,29.5,72,2,2,Flood Alert (HIGH),Raining
7634,2026-09-30 01:06:58.252929+00,87,0,1900,29.5,72,2,2,Flood Alert (HIGH),Raining
7635,2026-09-30 01:07:04.7069+00,87,0,1901,29.5,72,2,2,Flood Alert (HIGH),Raining
7636,2026-09-30 01:07:11.234091+00,97,0,1900,29.5,72,2,2,Flood Alert (HIGH),Raining
7637,2026-09-30 01:07:17.624086+00,86,0,1900,29.5,72,2,2,Flood Alert (HIGH),Raining
7638,2026-09-30 01:07:23.717622+00,100,0,1903,29.5,72,2,2,Flood Alert (HIGH),Raining
7639,2026-09-30 01:07:30.193677+00,100,0,1900,29.5,72,2,2,Flood Alert (HIGH),Raining
7640,2026-09-30 01:07:36.692607+00,89,0,1903,29.5,72,2,2,Flood Alert (HIGH),Raining
7641,2026-09-30 01:07:42.563491+00,92,0,1900,29.5,72,2,2,Flood Alert (HIGH),Raining
7642,2026-09-30 01:07:48.521748+00,100,0,1901,29.5,72,2,2,Flood Alert (HIGH),Raining
7643,2026-09-30 01:07:54.84601+00,99,0,1901,29.5,72,2,2,Flood Alert (HIGH),Raining
7644,2026-09-30 01:08:00.856976+00,88,0,1901,29.5,72,2,2,Flood Alert (HIGH),Raining
7645,2026-09-30 01:08:07.211694+00,100,0,1902,29.5,72,2,2,Flood Alert (HIGH),Raining
7646,2026-09-30 01:08:13.587606+00,100,0,1901,29.5,72,2,2,Flood Alert (HIGH),Raining
7647,2026-09-30 01:08:19.550978+00,93,0,1900,29.5,72,2,2,Flood Alert (HIGH),Raining
7648,2026-09-30 01:08:25.848854+00,95,0,1903,29.5,72,2,2,Flood Alert (HIGH),Raining
7649,2026-09-30 01:08:32.063016+00,95,0,1903,29.5,72,2,2,Flood Alert (HIGH),Raining
7650,2026-09-30 01:08:38.611648+00,87,0,1900,29.5,72,2,2,Flood Alert (HIGH),Raining
7651,2026-09-30 01:08:45.135521+00,100,0,1901,29.5,72,2,2,Flood Alert (HIGH),Raining
7652,2026-09-30 01:08:51.707787+00,93,0,1902,29.5,72,2,2,Flood Alert (HIGH),Raining
7653,2026-09-30 01:08:58.434454+00,96,0,1903,29.5,72,2,2,Flood Alert (HIGH),Raining
7654,2026-09-30 01:09:05.310089+00,87,0,1903,29.5,72,2,2,Flood Alert (HIGH),Raining
7655,2026-09-30 01:09:11.774384+00,90,0,1900,29.5,72,2,2,Flood Alert (HIGH),Raining
7656,2026-09-30 01:09:18.409365+00,100,0,1901,29.5,72,2,2,Flood Alert (HIGH),Raining
7657,2026-09-30 01:09:24.792066+00,100,0,1900,29.5,72,2,2,Flood Alert (HIGH),Raining
7658,2026-09-30 01:09:31.520202+00,89,0,1901,29.5,72,2,2,Flood Alert (HIGH),Raining
7659,2026-09-30 01:09:38.076859+00,92,0,1902,29.5,72,2,2,Flood Alert (HIGH),Raining
7660,2026-09-30 01:09:44.641626+00,95,0,1902,30,69,2,2,Flood Alert (HIGH),Raining
7661,2026-09-30 01:09:50.568235+00,91,0,1903,30,69,2,2,Flood Alert (HIGH),Raining
7662,2026-09-30 01:09:56.83324+00,90,0,1903,30,69,2,2,Flood Alert (HIGH),Raining
7663,2026-09-30 01:10:03.580102+00,95,0,1901,30,69,2,2,Flood Alert (HIGH),Raining
7664,2026-09-30 01:10:09.941135+00,87,0,1902,30,69,2,2,Flood Alert (HIGH),Raining
7665,2026-09-30 01:10:16.318475+00,100,0,1901,30,69,2,2,Flood Alert (HIGH),Raining
7666,2026-09-30 01:10:22.618303+00,88,0,1902,30,69,2,2,Flood Alert (HIGH),Raining
7667,2026-09-30 01:10:28.613446+00,93,0,1901,30,69,2,2,Flood Alert (HIGH),Raining
7668,2026-09-30 01:10:34.839313+00,97,0,1901,30,69,2,2,Flood Alert (HIGH),Raining
7669,2026-09-30 01:10:41.079992+00,100,0,1902,30,69,2,2,Flood Alert (HIGH),Raining
7670,2026-09-30 01:10:47.360835+00,99,0,1901,30,69,2,2,Flood Alert (HIGH),Raining
7671,2026-09-30 01:10:53.594649+00,90,0,1903,30,69,2,2,Flood Alert (HIGH),Raining
7672,2026-09-30 01:10:59.824489+00,100,0,1903,30,69,2,2,Flood Alert (HIGH),Raining
7673,2026-09-30 01:11:06.134202+00,100,0,1903,30,69,2,2,Flood Alert (HIGH),Raining
7674,2026-09-30 01:11:12.106546+00,94,0,1902,30,69,2,2,Flood Alert (HIGH),Raining
7675,2026-09-30 01:11:18.451955+00,88,0,1902,30,69,2,2,Flood Alert (HIGH),Raining
7676,2026-09-30 01:11:24.784153+00,90,0,1901,30,69,2,2,Flood Alert (HIGH),Raining
7677,2026-09-30 01:11:31.042323+00,90,0,1901,30,69,2,2,Flood Alert (HIGH),Raining
7678,2026-09-30 01:11:37.361351+00,97,0,1901,30,69,2,2,Flood Alert (HIGH),Raining
7679,2026-09-30 01:11:43.450907+00,92,0,1901,30,69,2,2,Flood Alert (HIGH),Raining
7680,2026-09-30 01:11:49.772227+00,98,0,1903,30,69,2,2,Flood Alert (HIGH),Raining
7681,2026-09-30 01:11:55.807609+00,100,0,1903,30,69,2,2,Flood Alert (HIGH),Raining
7682,2026-09-30 01:12:01.800931+00,94,0,1903,30,69,2,2,Flood Alert (HIGH),Raining
7683,2026-09-30 01:12:08.019153+00,99,0,1904,30,69,2,2,Flood Alert (HIGH),Raining
7684,2026-09-30 01:12:14.315851+00,93,0,1902,30,69,2,2,Flood Alert (HIGH),Raining
7685,2026-09-30 01:12:20.438631+00,88,0,1902,30,69,2,2,Flood Alert (HIGH),Raining
7686,2026-09-30 01:12:26.607605+00,90,0,1904,30,69,2,2,Flood Alert (HIGH),Raining
7687,2026-09-30 01:12:32.663596+00,100,0,1903,30,69,2,2,Flood Alert (HIGH),Raining
7688,2026-09-30 01:12:38.646975+00,90,0,1904,30,69,2,2,Flood Alert (HIGH),Raining
7689,2026-09-30 01:12:45.276709+00,96,0,1902,30,69,2,2,Flood Alert (HIGH),Raining
7690,2026-09-30 01:12:51.608443+00,99,0,1901,30,69,2,2,Flood Alert (HIGH),Raining
7691,2026-09-30 01:12:57.801593+00,100,0,1900,30,69,2,2,Flood Alert (HIGH),Raining
7692,2026-09-30 01:13:03.798283+00,100,0,1904,30,69,2,2,Flood Alert (HIGH),Raining
7693,2026-09-30 01:13:09.816916+00,99,0,1903,30,69,2,2,Flood Alert (HIGH),Raining
7694,2026-09-30 01:13:15.983457+00,90,0,1902,30,69,2,2,Flood Alert (HIGH),Raining
7695,2026-09-30 01:13:22.255816+00,90,0,1904,30,69,2,2,Flood Alert (HIGH),Raining
7696,2026-09-30 01:13:28.697148+00,88,0,1901,30,69,2,2,Flood Alert (HIGH),Raining
7697,2026-09-30 01:13:34.776087+00,99,0,1902,30,69,2,2,Flood Alert (HIGH),Raining
7698,2026-09-30 01:13:41.034829+00,100,0,1903,30,69,2,2,Flood Alert (HIGH),Raining
7699,2026-09-30 01:13:47.205372+00,100,0,1901,30,69,2,2,Flood Alert (HIGH),Raining
7700,2026-09-30 01:13:53.210186+00,100,0,1904,30,69,2,2,Flood Alert (HIGH),Raining
7701,2026-09-30 01:13:59.404497+00,94,0,1902,30,69,2,2,Flood Alert (HIGH),Raining
7702,2026-09-30 01:14:05.784408+00,89,0,1903,30,69,2,2,Flood Alert (HIGH),Raining
7703,2026-09-30 01:14:12.089412+00,90,0,1901,30,69,2,2,Flood Alert (HIGH),Raining
7704,2026-09-30 01:14:18.098741+00,91,0,1904,30,69,2,2,Flood Alert (HIGH),Raining
7705,2026-09-30 01:14:24.266511+00,89,0,1902,30,69,2,2,Flood Alert (HIGH),Raining
7706,2026-09-30 01:14:30.685615+00,100,0,1904,30,69,2,2,Flood Alert (HIGH),Raining
7707,2026-09-30 01:14:36.959119+00,98,0,1905,30,69,2,2,Flood Alert (HIGH),Raining
7708,2026-09-30 01:14:43.120429+00,92,0,1902,30,69,2,2,Flood Alert (HIGH),Raining
7709,2026-09-30 01:14:49.16027+00,87,0,1903,30,69,2,2,Flood Alert (HIGH),Raining
7710,2026-09-30 01:14:55.186861+00,100,0,1903,30,69,2,2,Flood Alert (HIGH),Raining
7711,2026-09-30 01:15:01.42086+00,91,0,1902,30,69,2,2,Flood Alert (HIGH),Raining
7712,2026-09-30 01:15:07.655442+00,99,0,414,30,69,2,2,Flood Alert (HIGH),Raining
7713,2026-09-30 01:15:13.829511+00,95,0,1116,30,69,2,2,Flood Alert (HIGH),Raining
7714,2026-09-30 01:15:19.984805+00,100,0,16,30,69,2,2,Flood Alert (HIGH),Raining
7715,2026-09-30 01:15:26.468322+00,92,0,10,30,69,2,2,Flood Alert (HIGH),Raining
7716,2026-09-30 01:15:33.286068+00,99,0,10,30,69,2,2,Flood Alert (HIGH),Raining
7717,2026-09-30 01:15:39.571523+00,100,0,10,30,69,2,2,Flood Alert (HIGH),Raining
7718,2026-09-30 01:15:45.584266+00,99,0,24,30,69,2,2,Flood Alert (HIGH),Raining
7719,2026-09-30 01:15:51.941111+00,90,0,10,30,69,2,2,Flood Alert (HIGH),Raining
7720,2026-09-30 01:15:58.601209+00,93,0,10,30,69,2,2,Flood Alert (HIGH),Raining
7721,2026-09-30 01:16:04.563825+00,90,0,10,30,69,2,2,Flood Alert (HIGH),Raining
7722,2026-09-30 01:16:11.321098+00,100,0,10,30,69,2,2,Flood Alert (HIGH),Raining
7723,2026-09-30 01:16:18.07804+00,94,0,10,30,69,2,2,Flood Alert (HIGH),Raining
7724,2026-09-30 01:16:24.542496+00,93,0,10,30,69,2,2,Flood Alert (HIGH),Raining
7725,2026-09-30 01:16:31.088027+00,99,0,10,30,69,2,2,Flood Alert (HIGH),Raining
7726,2026-09-30 01:16:37.32239+00,99,0,10,30,69,2,2,Flood Alert (HIGH),Raining
7727,2026-09-30 01:16:43.365153+00,79,0,16,30,69,2,2,Flood Alert (HIGH),Raining
7728,2026-09-30 01:16:49.596429+00,100,0,34,30,69,2,2,Flood Alert (HIGH),Raining
7729,2026-09-30 01:16:55.814134+00,94,0,37,30,69,2,2,Flood Alert (HIGH),Raining
7730,2026-09-30 01:17:01.950494+00,97,0,31,30,69,2,2,Flood Alert (HIGH),Raining
7731,2026-09-30 01:17:08.01263+00,100,0,30,30,69,2,2,Flood Alert (HIGH),Raining
7732,2026-09-30 01:17:14.082453+00,100,0,34,30,69,2,2,Flood Alert (HIGH),Raining
7733,2026-09-30 01:17:20.113394+00,67,0,34,30,69,2,2,Flood Alert (HIGH),Raining
7734,2026-09-30 01:17:26.088958+00,70,0,35,30,69,2,2,Flood Alert (HIGH),Raining
7735,2026-09-30 01:17:32.440787+00,95,0,39,30,69,2,2,Flood Alert (HIGH),Raining
7736,2026-09-30 01:17:38.996951+00,74,0,40,30,69,2,2,Flood Alert (HIGH),Raining
7737,2026-09-30 01:17:45.44886+00,77,0,38,30,69,2,2,Flood Alert (HIGH),Raining
7738,2026-09-30 01:17:51.808585+00,98,0,37,30,69,2,2,Flood Alert (HIGH),Raining
7739,2026-09-30 01:17:58.126294+00,83,0,37,30,69,2,2,Flood Alert (HIGH),Raining
7740,2026-09-30 01:18:04.133931+00,100,0,38,30,69,2,2,Flood Alert (HIGH),Raining
7741,2026-09-30 01:18:10.132818+00,72,0,35,30,69,2,2,Flood Alert (HIGH),Raining
7742,2026-09-30 01:18:16.446461+00,83,0,35,30,69,2,2,Flood Alert (HIGH),Raining
7743,2026-09-30 01:18:22.868701+00,91,0,48,30,69,2,2,Flood Alert (HIGH),Raining
7744,2026-09-30 01:18:29.320679+00,100,0,46,30,69,2,2,Flood Alert (HIGH),Raining
7745,2026-09-30 01:18:35.78077+00,100,0,38,30,69,2,2,Flood Alert (HIGH),Raining
7746,2026-09-30 01:18:41.734061+00,86,0,38,30,69,2,2,Flood Alert (HIGH),Raining
7747,2026-09-30 01:18:47.762258+00,80,0,41,30,69,2,2,Flood Alert (HIGH),Raining
7748,2026-09-30 01:18:54.185163+00,79,0,46,30,69,2,2,Flood Alert (HIGH),Raining
7749,2026-09-30 01:19:00.502517+00,84,0,46,30,69,2,2,Flood Alert (HIGH),Raining
7750,2026-09-30 01:19:06.998221+00,100,0,38,30,69,2,2,Flood Alert (HIGH),Raining
7751,2026-09-30 01:19:13.195925+00,100,0,40,30,69,2,2,Flood Alert (HIGH),Raining
7752,2026-09-30 01:19:19.779197+00,76,0,38,30,69,2,2,Flood Alert (HIGH),Raining
7753,2026-09-30 01:19:26.097474+00,97,0,42,30,69,2,2,Flood Alert (HIGH),Raining
7754,2026-09-30 01:19:32.110432+00,99,0,39,30,69,2,2,Flood Alert (HIGH),Raining
7755,2026-09-30 01:19:38.091985+00,95,0,38,30,69,2,2,Flood Alert (HIGH),Raining
7756,2026-09-30 01:19:44.379078+00,86,0,35,30,69,2,2,Flood Alert (HIGH),Raining
7757,2026-09-30 01:19:50.592778+00,100,0,42,30.4,67,2,2,Flood Alert (HIGH),Raining
7758,2026-09-30 01:19:56.856704+00,100,0,38,30.4,67,2,2,Flood Alert (HIGH),Raining
7759,2026-09-30 01:20:03.226388+00,79,0,38,30.4,67,2,2,Flood Alert (HIGH),Raining
7760,2026-09-30 01:20:09.571262+00,100,0,50,30.4,67,2,2,Flood Alert (HIGH),Raining
7761,2026-09-30 01:20:15.643304+00,95,0,13,30.4,67,2,2,Flood Alert (HIGH),Raining
7762,2026-09-30 01:20:21.618773+00,85,0,12,30.4,67,2,2,Flood Alert (HIGH),Raining
7763,2026-09-30 01:20:27.802632+00,93,0,14,30.4,67,2,2,Flood Alert (HIGH),Raining
7764,2026-09-30 01:20:33.838443+00,79,0,13,30.4,67,2,2,Flood Alert (HIGH),Raining
7765,2026-09-30 01:20:39.927284+00,87,0,10,30.4,67,2,2,Flood Alert (HIGH),Raining
7766,2026-09-30 01:20:46.377909+00,100,0,10,30.4,67,2,2,Flood Alert (HIGH),Raining
7767,2026-09-30 01:20:52.805953+00,92,0,10,30.4,67,2,2,Flood Alert (HIGH),Raining
7768,2026-09-30 01:20:58.855092+00,89,0,13,30.4,67,2,2,Flood Alert (HIGH),Raining
7769,2026-09-30 01:21:05.032621+00,100,0,10,30.4,67,2,2,Flood Alert (HIGH),Raining
7770,2026-09-30 01:21:11.338749+00,86,0,10,30.4,67,2,2,Flood Alert (HIGH),Raining
7771,2026-09-30 01:21:17.318773+00,100,0,10,30.4,67,2,2,Flood Alert (HIGH),Raining
7772,2026-09-30 01:21:23.600782+00,96,0,10,30.4,67,2,2,Flood Alert (HIGH),Raining
7773,2026-09-30 01:21:29.777468+00,94,0,10,30.4,67,2,2,Flood Alert (HIGH),Raining
7774,2026-09-30 01:21:35.895727+00,100,0,10,30.4,67,2,2,Flood Alert (HIGH),Raining
7775,2026-09-30 01:21:41.963869+00,82,0,10,30.4,67,2,2,Flood Alert (HIGH),Raining
7776,2026-09-30 01:21:48.017849+00,100,0,14,30.4,67,2,2,Flood Alert (HIGH),Raining
7777,2026-09-30 01:21:54.502822+00,100,0,14,30.4,67,2,2,Flood Alert (HIGH),Raining
7778,2026-09-30 01:22:00.852471+00,100,0,14,30.4,67,2,2,Flood Alert (HIGH),Raining
7779,2026-09-30 01:22:07.194979+00,80,0,14,30.4,67,2,2,Flood Alert (HIGH),Raining
7780,2026-09-30 01:22:13.521456+00,100,0,14,30.4,67,2,2,Flood Alert (HIGH),Raining
7781,2026-09-30 01:22:20.079924+00,90,0,14,30.4,67,2,2,Flood Alert (HIGH),Raining
7782,2026-09-30 01:22:26.555988+00,100,0,18,30.4,67,2,2,Flood Alert (HIGH),Raining
7783,2026-09-30 01:22:32.697701+00,66,0,18,30.4,67,2,2,Flood Alert (HIGH),Raining
7784,2026-09-30 01:22:38.969812+00,9,0,17,30.4,67,2,2,Flood Alert (HIGH),Clear
7785,2026-09-30 01:22:44.994298+00,98,0,12,30.4,67,2,2,Flood Alert (HIGH),Raining
7786,2026-09-30 01:22:51.078579+00,100,0,10,30.4,67,2,2,Flood Alert (HIGH),Raining
7787,2026-09-30 01:22:57.031812+00,96,0,13,30.4,67,2,2,Flood Alert (HIGH),Raining
7788,2026-09-30 01:23:03.01619+00,89,0,13,30.4,67,2,2,Flood Alert (HIGH),Raining
7789,2026-09-30 01:23:09.308917+00,87,0,16,30.4,67,2,2,Flood Alert (HIGH),Raining
7790,2026-09-30 01:23:15.385084+00,83,0,13,30.4,67,2,2,Flood Alert (HIGH),Raining
7791,2026-09-30 01:23:21.569028+00,84,0,13,30.4,67,2,2,Flood Alert (HIGH),Raining
7792,2026-09-30 01:23:27.602426+00,84,0,13,30.4,67,2,2,Flood Alert (HIGH),Raining
7793,2026-09-30 01:23:33.648+00,85,0,31,30.4,67,2,2,Flood Alert (HIGH),Raining
7794,2026-09-30 01:23:39.841711+00,100,0,14,30.4,67,2,2,Flood Alert (HIGH),Raining
7795,2026-09-30 01:23:46.213056+00,94,0,12,30.4,67,2,2,Flood Alert (HIGH),Raining
7796,2026-09-30 01:23:52.44585+00,100,0,11,30.4,67,2,2,Flood Alert (HIGH),Raining
7797,2026-09-30 01:23:58.656293+00,100,0,13,30.4,67,2,2,Flood Alert (HIGH),Raining
7798,2026-09-30 01:24:04.641157+00,100,0,13,30.4,67,2,2,Flood Alert (HIGH),Raining
7799,2026-09-30 01:24:10.85177+00,100,0,14,30.4,67,2,2,Flood Alert (HIGH),Raining
7800,2026-09-30 01:24:16.939594+00,100,0,10,30.4,67,2,2,Flood Alert (HIGH),Raining
7801,2026-09-30 01:24:23.115605+00,100,0,10,30.4,67,2,2,Flood Alert (HIGH),Raining
7802,2026-09-30 01:24:29.207123+00,100,0,11,30.4,67,2,2,Flood Alert (HIGH),Raining
7803,2026-09-30 01:24:35.713723+00,100,0,10,30.4,67,2,2,Flood Alert (HIGH),Raining
7804,2026-09-30 01:24:41.893224+00,100,0,10,30.4,67,2,2,Flood Alert (HIGH),Raining
7805,2026-09-30 01:24:48.253567+00,94,0,10,30.4,67,2,2,Flood Alert (HIGH),Raining
7806,2026-09-30 01:24:54.694904+00,100,0,23,30.4,67,2,2,Flood Alert (HIGH),Raining
7807,2026-09-30 01:25:00.834408+00,90,0,20,30.4,67,2,2,Flood Alert (HIGH),Raining
7808,2026-09-30 01:25:07.21921+00,98,0,18,30.4,67,2,2,Flood Alert (HIGH),Raining
7809,2026-09-30 01:25:13.349011+00,100,0,19,30.4,67,2,2,Flood Alert (HIGH),Raining
7810,2026-09-30 01:25:19.609852+00,95,0,19,30.4,67,2,2,Flood Alert (HIGH),Raining
7811,2026-09-30 01:25:25.76561+00,96,0,13,30.4,67,2,2,Flood Alert (HIGH),Raining
7812,2026-09-30 01:25:32.180032+00,87,0,22,30.4,67,2,2,Flood Alert (HIGH),Raining
7813,2026-09-30 01:25:38.453671+00,88,0,19,30.4,67,2,2,Flood Alert (HIGH),Raining
7814,2026-09-30 01:25:44.799211+00,91,0,21,30.4,67,2,2,Flood Alert (HIGH),Raining
7815,2026-09-30 01:25:51.008355+00,89,0,16,30.4,67,2,2,Flood Alert (HIGH),Raining
7816,2026-09-30 01:25:57.019131+00,94,0,16,30.4,67,2,2,Flood Alert (HIGH),Raining
7817,2026-09-30 01:26:02.984494+00,90,0,11,30.4,67,2,2,Flood Alert (HIGH),Raining
7818,2026-09-30 01:26:08.925545+00,93,0,12,30.4,67,2,2,Flood Alert (HIGH),Raining
7819,2026-09-30 01:26:14.872095+00,90,0,20,30.4,67,2,2,Flood Alert (HIGH),Raining
7820,2026-09-30 01:26:21.256784+00,100,0,20,30.4,67,2,2,Flood Alert (HIGH),Raining
7821,2026-09-30 01:26:27.518443+00,100,0,22,30.4,67,2,2,Flood Alert (HIGH),Raining
7822,2026-09-30 01:26:33.728121+00,100,0,18,30.4,67,2,2,Flood Alert (HIGH),Raining
7823,2026-09-30 01:26:40.074065+00,89,0,22,30.4,67,2,2,Flood Alert (HIGH),Raining
7824,2026-09-30 01:26:46.35568+00,94,0,25,30.4,67,2,2,Flood Alert (HIGH),Raining
7825,2026-09-30 01:26:52.519894+00,88,0,24,30.4,67,2,2,Flood Alert (HIGH),Raining
7826,2026-09-30 01:26:58.5685+00,93,0,24,30.4,67,2,2,Flood Alert (HIGH),Raining
7827,2026-09-30 01:27:04.691226+00,100,0,25,30.4,67,2,2,Flood Alert (HIGH),Raining
7828,2026-09-30 01:27:10.921102+00,92,0,25,30.4,67,2,2,Flood Alert (HIGH),Raining
7829,2026-09-30 01:27:17.367376+00,100,0,24,30.4,67,2,2,Flood Alert (HIGH),Raining
7830,2026-09-30 01:27:23.583475+00,90,0,24,30.4,67,2,2,Flood Alert (HIGH),Raining
7831,2026-09-30 01:27:29.625779+00,100,0,24,30.4,67,2,2,Flood Alert (HIGH),Raining
7832,2026-09-30 01:27:35.96623+00,100,0,23,30.4,67,2,2,Flood Alert (HIGH),Raining
7833,2026-09-30 01:27:41.898244+00,91,0,23,30.4,67,2,2,Flood Alert (HIGH),Raining
7834,2026-09-30 01:27:48.332921+00,89,0,21,30.4,67,2,2,Flood Alert (HIGH),Raining
7835,2026-09-30 01:27:54.34924+00,100,0,21,30.4,67,2,2,Flood Alert (HIGH),Raining
7836,2026-09-30 01:28:00.429254+00,100,0,17,30.4,67,2,2,Flood Alert (HIGH),Raining
7837,2026-09-30 01:28:06.399767+00,90,0,15,30.4,67,2,2,Flood Alert (HIGH),Raining
7838,2026-09-30 01:28:12.591135+00,90,0,16,30.4,67,2,2,Flood Alert (HIGH),Raining
7839,2026-09-30 01:28:18.548637+00,93,0,17,30.4,67,2,2,Flood Alert (HIGH),Raining
7840,2026-09-30 01:28:24.519801+00,88,0,16,30.4,67,2,2,Flood Alert (HIGH),Raining
7841,2026-09-30 01:28:30.738723+00,89,0,18,30.4,67,2,2,Flood Alert (HIGH),Raining
7842,2026-09-30 01:28:36.687471+00,88,0,18,30.4,67,2,2,Flood Alert (HIGH),Raining
7843,2026-09-30 01:28:42.595387+00,90,0,18,30.4,67,2,2,Flood Alert (HIGH),Raining
7844,2026-09-30 01:28:48.599771+00,100,0,18,30.4,67,2,2,Flood Alert (HIGH),Raining
7845,2026-09-30 01:28:54.748259+00,88,0,18,30.4,67,2,2,Flood Alert (HIGH),Raining
7846,2026-09-30 01:29:01.051166+00,91,0,18,30.4,67,2,2,Flood Alert (HIGH),Raining
7847,2026-09-30 01:29:07.404835+00,94,0,18,30.4,67,2,2,Flood Alert (HIGH),Raining
7848,2026-09-30 01:29:13.360625+00,100,0,17,30.4,67,2,2,Flood Alert (HIGH),Raining
7849,2026-09-30 01:29:19.659409+00,95,0,17,30.4,67,2,2,Flood Alert (HIGH),Raining
7850,2026-09-30 01:29:25.664155+00,100,0,17,30.4,67,2,2,Flood Alert (HIGH),Raining
7851,2026-09-30 01:29:31.865816+00,95,0,18,30.4,67,2,2,Flood Alert (HIGH),Raining
7852,2026-09-30 01:29:37.999906+00,92,0,18,30.4,67,2,2,Flood Alert (HIGH),Raining
7853,2026-09-30 01:29:44.481793+00,94,0,18,30.4,67,2,2,Flood Alert (HIGH),Raining
7854,2026-09-30 01:29:50.981344+00,91,0,17,30.4,67,2,2,Flood Alert (HIGH),Raining
7855,2026-09-30 01:29:57.141431+00,92,0,17,30.4,67,2,2,Flood Alert (HIGH),Raining
7856,2026-09-30 01:30:03.225693+00,100,0,17,30.4,67,2,2,Flood Alert (HIGH),Raining
7857,2026-09-30 01:30:09.170998+00,90,0,17,30.4,67,2,2,Flood Alert (HIGH),Raining
7858,2026-09-30 01:30:15.49428+00,91,0,18,30.4,67,2,2,Flood Alert (HIGH),Raining
7859,2026-09-30 01:30:21.438258+00,99,0,17,30.4,67,2,2,Flood Alert (HIGH),Raining
7860,2026-09-30 01:30:27.352682+00,100,0,18,30.4,67,2,2,Flood Alert (HIGH),Raining
7861,2026-09-30 01:30:33.371488+00,90,0,18,30.4,67,2,2,Flood Alert (HIGH),Raining
7862,2026-09-30 01:30:39.63437+00,99,0,18,30.4,67,2,2,Flood Alert (HIGH),Raining
7863,2026-09-30 01:30:48.559414+00,98,0,12,30.4,67,2,2,Flood Alert (HIGH),Raining
7864,2026-09-30 01:30:54.641755+00,92,0,15,30.4,67,2,2,Flood Alert (HIGH),Raining
7865,2026-09-30 01:31:00.905897+00,100,0,19,30.4,67,2,2,Flood Alert (HIGH),Raining
7866,2026-09-30 01:31:07.145367+00,93,0,18,30.4,67,2,2,Flood Alert (HIGH),Raining
7867,2026-09-30 01:31:13.455508+00,89,0,18,30.4,67,2,2,Flood Alert (HIGH),Raining
7868,2026-09-30 01:31:19.741675+00,93,0,19,30.4,67,2,2,Flood Alert (HIGH),Raining
7869,2026-09-30 01:31:26.137584+00,100,0,18,30.4,67,2,2,Flood Alert (HIGH),Raining
7870,2026-09-30 01:31:32.119015+00,97,0,19,30.4,67,2,2,Flood Alert (HIGH),Raining
7871,2026-09-30 01:31:38.413603+00,90,0,19,30.4,67,2,2,Flood Alert (HIGH),Raining
7872,2026-09-30 01:31:44.554863+00,89,0,18,30.4,67,2,2,Flood Alert (HIGH),Raining
7873,2026-09-30 01:31:50.856578+00,90,0,18,30.4,67,2,2,Flood Alert (HIGH),Raining
7874,2026-09-30 01:31:56.933995+00,92,0,18,30.4,67,2,2,Flood Alert (HIGH),Raining
7875,2026-09-30 01:32:03.146245+00,95,0,18,30.4,67,2,2,Flood Alert (HIGH),Raining
7876,2026-09-30 01:32:09.476453+00,97,0,18,30.4,67,2,2,Flood Alert (HIGH),Raining
7877,2026-09-30 01:32:15.483963+00,98,0,19,30.4,67,2,2,Flood Alert (HIGH),Raining
7878,2026-09-30 01:32:21.505748+00,99,0,18,30.4,67,2,2,Flood Alert (HIGH),Raining
7879,2026-09-30 01:32:27.694774+00,91,0,17,30.4,67,2,2,Flood Alert (HIGH),Raining
7880,2026-09-30 01:32:34.154407+00,96,0,16,30.4,67,2,2,Flood Alert (HIGH),Raining
7881,2026-09-30 01:32:40.619205+00,93,0,17,30.4,67,2,2,Flood Alert (HIGH),Raining
7882,2026-09-30 01:32:46.625982+00,90,0,16,30.4,67,2,2,Flood Alert (HIGH),Raining
7883,2026-09-30 01:32:52.649826+00,89,0,16,30.4,67,2,2,Flood Alert (HIGH),Raining
7884,2026-09-30 01:32:58.724579+00,97,0,16,30.4,67,2,2,Flood Alert (HIGH),Raining
7885,2026-09-30 01:33:04.727823+00,100,0,17,30.4,67,2,2,Flood Alert (HIGH),Raining
7886,2026-09-30 01:33:11.32429+00,100,0,17,30.4,67,2,2,Flood Alert (HIGH),Raining
7887,2026-09-30 01:33:17.307623+00,100,0,17,30.4,67,2,2,Flood Alert (HIGH),Raining
7888,2026-09-30 01:33:23.840474+00,93,0,15,30.4,67,2,2,Flood Alert (HIGH),Raining
7889,2026-09-30 01:33:30.15295+00,88,0,16,30.4,67,2,2,Flood Alert (HIGH),Raining
7890,2026-09-30 01:33:36.135916+00,99,0,17,30.4,67,2,2,Flood Alert (HIGH),Raining
7891,2026-09-30 01:33:42.424183+00,96,0,17,30.4,67,2,2,Flood Alert (HIGH),Raining
7892,2026-09-30 01:33:48.66286+00,88,0,11,30.4,67,2,2,Flood Alert (HIGH),Raining
7893,2026-09-30 01:33:55.069427+00,100,0,10,30.4,67,2,2,Flood Alert (HIGH),Raining
7894,2026-09-30 01:34:01.204074+00,90,0,10,30.4,67,2,2,Flood Alert (HIGH),Raining
7895,2026-09-30 01:34:07.326524+00,95,0,15,30.4,67,2,2,Flood Alert (HIGH),Raining
7896,2026-09-30 01:34:13.616475+00,90,0,12,30.4,67,2,2,Flood Alert (HIGH),Raining
7897,2026-09-30 01:34:20.211773+00,93,0,13,30.4,67,2,2,Flood Alert (HIGH),Raining
7898,2026-09-30 01:34:26.417039+00,93,0,14,30.4,67,2,2,Flood Alert (HIGH),Raining
7899,2026-09-30 01:34:32.94485+00,99,0,14,30.4,67,2,2,Flood Alert (HIGH),Raining
7900,2026-09-30 01:34:39.339519+00,92,0,14,30.4,67,2,2,Flood Alert (HIGH),Raining
7901,2026-09-30 01:34:45.656613+00,93,0,14,30.4,67,2,2,Flood Alert (HIGH),Raining
7902,2026-09-30 01:34:52.16973+00,92,0,14,30.4,67,2,2,Flood Alert (HIGH),Raining
7903,2026-09-30 01:34:58.345516+00,96,0,14,30.4,67,2,2,Flood Alert (HIGH),Raining
7904,2026-09-30 01:35:04.909683+00,90,0,14,30.4,67,2,2,Flood Alert (HIGH),Raining
7905,2026-09-30 01:35:11.40101+00,90,0,15,30.4,67,2,2,Flood Alert (HIGH),Raining
7906,2026-09-30 01:35:17.467733+00,98,0,14,30.4,67,2,2,Flood Alert (HIGH),Raining
7907,2026-09-30 01:35:23.438306+00,89,0,14,30.4,67,2,2,Flood Alert (HIGH),Raining
7908,2026-09-30 01:35:29.928478+00,97,0,14,30.4,67,2,2,Flood Alert (HIGH),Raining
7909,2026-09-30 01:35:36.140529+00,97,0,13,30.4,67,2,2,Flood Alert (HIGH),Raining
7910,2026-09-30 01:35:42.65983+00,91,0,14,30.4,67,2,2,Flood Alert (HIGH),Raining
7911,2026-09-30 01:35:49.118057+00,89,0,14,30.4,67,2,2,Flood Alert (HIGH),Raining
7912,2026-09-30 01:35:55.152541+00,84,0,26,30.4,67,2,2,Flood Alert (HIGH),Raining
7913,2026-09-30 01:36:01.153207+00,89,0,21,30.4,67,2,2,Flood Alert (HIGH),Raining
7914,2026-09-30 01:36:07.456046+00,94,0,20,30.4,67,2,2,Flood Alert (HIGH),Raining
7915,2026-09-30 01:36:14.032034+00,91,0,20,30.4,67,2,2,Flood Alert (HIGH),Raining
7916,2026-09-30 01:36:20.51067+00,95,0,20,30.4,67,2,2,Flood Alert (HIGH),Raining
7917,2026-09-30 01:36:26.631445+00,89,0,19,30.4,67,2,2,Flood Alert (HIGH),Raining
7918,2026-09-30 01:36:32.914989+00,91,0,20,30.4,67,2,2,Flood Alert (HIGH),Raining
7919,2026-09-30 01:36:39.005386+00,97,0,19,30.4,67,2,2,Flood Alert (HIGH),Raining
7920,2026-09-30 01:36:44.918928+00,100,0,19,30.4,67,2,2,Flood Alert (HIGH),Raining
7921,2026-09-30 01:36:50.912584+00,88,0,19,30.4,67,2,2,Flood Alert (HIGH),Raining
7922,2026-09-30 01:36:57.084022+00,100,0,19,30.4,67,2,2,Flood Alert (HIGH),Raining
7923,2026-09-30 01:37:03.123755+00,100,0,18,30.4,67,2,2,Flood Alert (HIGH),Raining
7924,2026-09-30 01:37:09.209464+00,93,0,17,30.4,67,2,2,Flood Alert (HIGH),Raining
7925,2026-09-30 01:37:15.131768+00,100,0,18,30.4,67,2,2,Flood Alert (HIGH),Raining
7926,2026-09-30 01:37:21.180061+00,96,0,19,30.4,67,2,2,Flood Alert (HIGH),Raining
7927,2026-09-30 01:37:27.111257+00,93,0,19,30.4,67,2,2,Flood Alert (HIGH),Raining
7928,2026-09-30 01:37:33.545897+00,88,0,19,30.4,67,2,2,Flood Alert (HIGH),Raining
7929,2026-09-30 01:37:39.749836+00,88,0,19,30.4,67,2,2,Flood Alert (HIGH),Raining
7930,2026-09-30 01:37:46.065923+00,94,0,19,30.4,67,2,2,Flood Alert (HIGH),Raining
7931,2026-09-30 01:37:52.01455+00,90,0,17,30.4,67,2,2,Flood Alert (HIGH),Raining
7932,2026-09-30 01:37:57.90488+00,96,0,18,30.4,67,2,2,Flood Alert (HIGH),Raining
7933,2026-09-30 01:38:04.002467+00,98,0,17,30.4,67,2,2,Flood Alert (HIGH),Raining
7934,2026-09-30 01:38:10.358804+00,88,0,15,30.4,67,2,2,Flood Alert (HIGH),Raining
7935,2026-09-30 01:38:16.841231+00,99,0,14,30.4,67,2,2,Flood Alert (HIGH),Raining
7936,2026-09-30 01:38:23.025458+00,86,0,17,30.4,67,2,2,Flood Alert (HIGH),Raining
7937,2026-09-30 01:38:29.039629+00,100,0,17,30.4,67,2,2,Flood Alert (HIGH),Raining
7938,2026-09-30 01:38:35.208605+00,86,0,16,30.4,67,2,2,Flood Alert (HIGH),Raining
7939,2026-09-30 01:38:41.348163+00,100,0,16,30.4,67,2,2,Flood Alert (HIGH),Raining
7940,2026-09-30 01:38:47.64898+00,100,0,13,30.4,67,2,2,Flood Alert (HIGH),Raining
7941,2026-09-30 01:38:54.146797+00,88,0,14,30.4,67,2,2,Flood Alert (HIGH),Raining
7942,2026-09-30 01:39:00.257371+00,87,0,13,30.4,67,2,2,Flood Alert (HIGH),Raining
7943,2026-09-30 01:39:06.657761+00,100,0,13,30.4,67,2,2,Flood Alert (HIGH),Raining
7944,2026-09-30 01:39:12.760257+00,87,0,21,30.4,67,2,2,Flood Alert (HIGH),Raining
7945,2026-09-30 01:39:18.958521+00,95,0,22,30.4,67,2,2,Flood Alert (HIGH),Raining
7946,2026-09-30 01:39:24.863777+00,95,0,18,30.4,67,2,2,Flood Alert (HIGH),Raining
7947,2026-09-30 01:39:30.919682+00,95,0,17,30.4,67,2,2,Flood Alert (HIGH),Raining
7948,2026-09-30 01:39:36.998673+00,99,0,17,30.4,67,2,2,Flood Alert (HIGH),Raining
7949,2026-09-30 01:39:43.28515+00,99,0,15,30.4,67,2,2,Flood Alert (HIGH),Raining
7950,2026-09-30 01:39:49.67387+00,99,0,10,30.4,67,2,2,Flood Alert (HIGH),Raining
7951,2026-09-30 01:39:55.899342+00,100,0,204,30.7,65,2,2,Flood Alert (HIGH),Raining
7952,2026-09-30 01:40:02.313583+00,93,0,10,30.7,65,2,2,Flood Alert (HIGH),Raining
7953,2026-09-30 01:40:08.424777+00,91,0,10,30.7,65,2,2,Flood Alert (HIGH),Raining
7954,2026-09-30 01:40:14.764711+00,98,0,10,30.7,65,2,2,Flood Alert (HIGH),Raining
7955,2026-09-30 01:40:21.50822+00,94,0,10,30.7,65,2,2,Flood Alert (HIGH),Raining
7956,2026-09-30 01:40:28.079776+00,99,0,10,30.7,65,2,2,Flood Alert (HIGH),Raining
7957,2026-09-30 01:40:34.578049+00,92,0,10,30.7,65,2,2,Flood Alert (HIGH),Raining
7958,2026-09-30 01:40:40.910444+00,91,0,10,30.7,65,2,2,Flood Alert (HIGH),Raining
7959,2026-09-30 01:40:47.218979+00,99,0,10,30.7,65,2,2,Flood Alert (HIGH),Raining
7960,2026-09-30 01:40:53.478384+00,100,0,10,30.7,65,2,2,Flood Alert (HIGH),Raining
7961,2026-09-30 01:40:59.898433+00,99,0,10,30.7,65,2,2,Flood Alert (HIGH),Raining
7962,2026-09-30 01:41:06.003624+00,99,0,10,30.7,65,2,2,Flood Alert (HIGH),Raining
7963,2026-09-30 01:41:12.511247+00,97,0,10,30.7,65,2,2,Flood Alert (HIGH),Raining
7964,2026-09-30 01:41:19.04181+00,99,0,10,30.7,65,2,2,Flood Alert (HIGH),Raining
7965,2026-09-30 01:41:25.206152+00,98,0,10,30.7,65,2,2,Flood Alert (HIGH),Raining
7966,2026-09-30 01:41:31.506956+00,93,0,10,30.7,65,2,2,Flood Alert (HIGH),Raining
7967,2026-09-30 01:41:38.621372+00,97,0,10,30.7,65,2,2,Flood Alert (HIGH),Raining
7968,2026-09-30 01:41:44.788368+00,96,0,10,30.7,65,2,2,Flood Alert (HIGH),Raining
7969,2026-09-30 01:41:51.284637+00,94,0,10,30.7,65,2,2,Flood Alert (HIGH),Raining
7970,2026-09-30 01:41:57.96289+00,91,0,10,30.7,65,2,2,Flood Alert (HIGH),Raining
7971,2026-09-30 01:42:03.982506+00,96,0,10,30.7,65,2,2,Flood Alert (HIGH),Raining
7972,2026-09-30 01:42:10.48244+00,95,0,10,30.7,65,2,2,Flood Alert (HIGH),Raining
7973,2026-09-30 01:42:16.709478+00,94,0,10,30.7,65,2,2,Flood Alert (HIGH),Raining
7974,2026-09-30 01:42:22.948299+00,91,0,10,30.7,65,2,2,Flood Alert (HIGH),Raining
7975,2026-09-30 01:42:29.095444+00,94,0,10,30.7,65,2,2,Flood Alert (HIGH),Raining
7976,2026-09-30 01:42:35.276598+00,98,0,10,30.7,65,2,2,Flood Alert (HIGH),Raining
7977,2026-09-30 01:42:41.578321+00,97,0,10,30.7,65,2,2,Flood Alert (HIGH),Raining
7978,2026-09-30 01:42:47.96132+00,92,0,10,30.7,65,2,2,Flood Alert (HIGH),Raining
7979,2026-09-30 01:42:54.423364+00,92,0,10,30.7,65,2,2,Flood Alert (HIGH),Raining
7980,2026-09-30 01:43:01.165871+00,96,0,10,30.7,65,2,2,Flood Alert (HIGH),Raining
7981,2026-09-30 01:43:07.385028+00,95,0,10,30.7,65,2,2,Flood Alert (HIGH),Raining
7982,2026-09-30 01:43:13.82195+00,100,0,10,30.7,65,2,2,Flood Alert (HIGH),Raining
7983,2026-09-30 01:43:20.733142+00,98,0,10,30.7,65,2,2,Flood Alert (HIGH),Raining
7984,2026-09-30 01:43:27.361671+00,93,0,10,30.7,65,2,2,Flood Alert (HIGH),Raining
7985,2026-09-30 01:43:33.903796+00,91,0,10,30.7,65,2,2,Flood Alert (HIGH),Raining
7986,2026-09-30 01:43:40.000029+00,92,0,10,30.7,65,2,2,Flood Alert (HIGH),Raining
7987,2026-09-30 01:43:46.349325+00,95,0,10,30.7,65,2,2,Flood Alert (HIGH),Raining
7988,2026-09-30 01:43:52.637072+00,99,0,10,30.7,65,2,2,Flood Alert (HIGH),Raining
7989,2026-09-30 01:43:58.77602+00,97,0,10,30.7,65,2,2,Flood Alert (HIGH),Raining
7990,2026-09-30 01:44:06.017478+00,96,0,10,30.7,65,2,2,Flood Alert (HIGH),Raining
7991,2026-09-30 01:44:12.108933+00,93,0,10,30.7,65,2,2,Flood Alert (HIGH),Raining
7992,2026-09-30 01:44:18.182478+00,93,0,10,30.7,65,2,2,Flood Alert (HIGH),Raining
7993,2026-09-30 01:44:24.568254+00,98,0,10,30.7,65,2,2,Flood Alert (HIGH),Raining
7994,2026-09-30 01:44:30.943109+00,100,0,10,30.7,65,2,2,Flood Alert (HIGH),Raining
7995,2026-09-30 01:44:37.901023+00,94,0,10,30.7,65,2,2,Flood Alert (HIGH),Raining
7996,2026-09-30 01:44:43.915922+00,94,0,10,30.7,65,2,2,Flood Alert (HIGH),Raining
7997,2026-09-30 01:44:50.078975+00,93,0,10,30.7,65,2,2,Flood Alert (HIGH),Raining
7998,2026-09-30 01:44:56.240031+00,95,0,10,30.7,65,2,2,Flood Alert (HIGH),Raining
7999,2026-09-30 01:45:02.343683+00,99,0,10,30.7,65,2,2,Flood Alert (HIGH),Raining
8000,2026-09-30 01:45:08.669793+00,96,0,10,30.7,65,2,2,Flood Alert (HIGH),Raining
8001,2026-09-30 01:45:14.681579+00,94,0,10,30.7,65,2,2,Flood Alert (HIGH),Raining
8002,2026-09-30 01:45:20.643624+00,99,0,10,30.7,65,2,2,Flood Alert (HIGH),Raining
8003,2026-09-30 01:45:27.162246+00,96,0,10,30.7,65,2,2,Flood Alert (HIGH),Raining
8004,2026-09-30 01:45:33.501004+00,98,0,10,30.7,65,2,2,Flood Alert (HIGH),Raining
8005,2026-09-30 01:45:40.035715+00,97,0,10,30.7,65,2,2,Flood Alert (HIGH),Raining
8006,2026-09-30 01:45:46.508474+00,96,0,10,30.7,65,2,2,Flood Alert (HIGH),Raining
8007,2026-09-30 01:45:52.819848+00,92,0,10,30.7,65,2,2,Flood Alert (HIGH),Raining
8008,2026-09-30 01:45:59.128053+00,94,0,10,30.7,65,2,2,Flood Alert (HIGH),Raining
8009,2026-09-30 01:46:05.064528+00,92,0,10,30.7,65,2,2,Flood Alert (HIGH),Raining
8010,2026-09-30 01:46:11.042834+00,97,0,10,30.7,65,2,2,Flood Alert (HIGH),Raining
8011,2026-09-30 01:46:17.284758+00,100,0,10,30.7,65,2,2,Flood Alert (HIGH),Raining
8012,2026-09-30 01:46:23.572761+00,97,0,10,30.7,65,2,2,Flood Alert (HIGH),Raining
8013,2026-09-30 01:46:29.60798+00,97,0,10,30.7,65,2,2,Flood Alert (HIGH),Raining
8014,2026-09-30 01:46:35.655093+00,96,0,10,30.7,65,2,2,Flood Alert (HIGH),Raining
8015,2026-09-30 01:46:41.774891+00,99,0,10,30.7,65,2,2,Flood Alert (HIGH),Raining
8016,2026-09-30 01:46:48.043592+00,100,0,10,30.7,65,2,2,Flood Alert (HIGH),Raining
8017,2026-09-30 01:46:54.112621+00,96,0,10,30.7,65,2,2,Flood Alert (HIGH),Raining
8018,2026-09-30 01:47:00.612293+00,97,0,10,30.7,65,2,2,Flood Alert (HIGH),Raining
8019,2026-09-30 01:47:06.833849+00,92,0,10,30.7,65,2,2,Flood Alert (HIGH),Raining
8020,2026-09-30 01:47:13.246633+00,97,0,10,30.7,65,2,2,Flood Alert (HIGH),Raining
8021,2026-09-30 01:47:19.286116+00,92,0,10,30.7,65,2,2,Flood Alert (HIGH),Raining
8022,2026-09-30 01:47:25.393088+00,94,0,10,30.7,65,2,2,Flood Alert (HIGH),Raining
8023,2026-09-30 01:47:31.685803+00,96,0,10,30.7,65,2,2,Flood Alert (HIGH),Raining
8024,2026-09-30 01:47:37.635006+00,94,0,10,30.7,65,2,2,Flood Alert (HIGH),Raining
8025,2026-09-30 01:47:43.586807+00,98,0,10,30.7,65,2,2,Flood Alert (HIGH),Raining
8026,2026-09-30 01:47:50.001875+00,96,0,10,30.7,65,2,2,Flood Alert (HIGH),Raining
8027,2026-09-30 01:47:55.993842+00,97,0,10,30.7,65,2,2,Flood Alert (HIGH),Raining
8028,2026-09-30 01:48:02.304466+00,96,0,10,30.7,65,2,2,Flood Alert (HIGH),Raining
8029,2026-09-30 01:48:08.569682+00,98,0,10,30.7,65,2,2,Flood Alert (HIGH),Raining
8030,2026-09-30 01:48:14.477032+00,92,0,10,30.7,65,2,2,Flood Alert (HIGH),Raining
8031,2026-09-30 01:48:20.547357+00,93,0,10,30.7,65,2,2,Flood Alert (HIGH),Raining
8032,2026-09-30 01:48:26.614224+00,98,0,10,30.7,65,2,2,Flood Alert (HIGH),Raining
8033,2026-09-30 01:48:32.935975+00,95,0,10,30.7,65,2,2,Flood Alert (HIGH),Raining
8034,2026-09-30 01:48:38.946511+00,94,0,10,30.7,65,2,2,Flood Alert (HIGH),Raining
8035,2026-09-30 01:48:45.361818+00,97,0,10,30.7,65,2,2,Flood Alert (HIGH),Raining
8036,2026-09-30 01:48:51.792156+00,98,0,10,30.7,65,2,2,Flood Alert (HIGH),Raining
8037,2026-09-30 01:48:57.772302+00,100,0,10,30.7,65,2,2,Flood Alert (HIGH),Raining
8038,2026-09-30 01:49:03.927465+00,95,0,10,30.7,65,2,2,Flood Alert (HIGH),Raining
8039,2026-09-30 01:49:09.980111+00,93,0,10,30.7,65,2,2,Flood Alert (HIGH),Raining
8040,2026-09-30 01:49:15.998479+00,97,0,10,30.7,65,2,2,Flood Alert (HIGH),Raining
8041,2026-09-30 01:49:22.439831+00,92,0,10,30.7,65,2,2,Flood Alert (HIGH),Raining
8042,2026-09-30 01:49:28.561178+00,97,0,10,30.7,65,2,2,Flood Alert (HIGH),Raining
8043,2026-09-30 01:49:34.90446+00,95,0,10,30.7,65,2,2,Flood Alert (HIGH),Raining
8044,2026-09-30 01:49:40.926119+00,93,0,10,30.7,65,2,2,Flood Alert (HIGH),Raining
8045,2026-09-30 01:49:46.895708+00,93,0,10,30.7,65,2,2,Flood Alert (HIGH),Raining
8046,2026-09-30 01:49:53.628612+00,92,0,10,30.7,65,2,2,Flood Alert (HIGH),Raining
8047,2026-09-30 01:49:59.545402+00,95,0,10,31.1,63,2,2,Flood Alert (HIGH),Raining
8048,2026-09-30 01:50:06.232801+00,93,0,10,31.1,63,2,2,Flood Alert (HIGH),Raining
8049,2026-09-30 01:50:12.397624+00,93,0,10,31.1,63,2,2,Flood Alert (HIGH),Raining
8050,2026-09-30 01:50:18.750617+00,96,0,10,31.1,63,2,2,Flood Alert (HIGH),Raining
8051,2026-09-30 01:50:25.079685+00,97,0,10,31.1,63,2,2,Flood Alert (HIGH),Raining
8052,2026-09-30 01:50:31.449078+00,96,0,10,31.1,63,2,2,Flood Alert (HIGH),Raining
8053,2026-09-30 01:50:37.806864+00,99,0,10,31.1,63,2,2,Flood Alert (HIGH),Raining
8054,2026-09-30 01:50:43.963899+00,98,0,10,31.1,63,2,2,Flood Alert (HIGH),Raining
8055,2026-09-30 01:50:50.143479+00,93,0,10,31.1,63,2,2,Flood Alert (HIGH),Raining
8056,2026-09-30 01:50:56.193622+00,93,0,10,31.1,63,2,2,Flood Alert (HIGH),Raining
8057,2026-09-30 01:51:02.356949+00,98,0,10,31.1,63,2,2,Flood Alert (HIGH),Raining
8058,2026-09-30 01:51:08.45296+00,99,0,10,31.1,63,2,2,Flood Alert (HIGH),Raining
8059,2026-09-30 01:51:14.709002+00,93,0,10,31.1,63,2,2,Flood Alert (HIGH),Raining
8060,2026-09-30 01:51:20.68625+00,93,0,10,31.1,63,2,2,Flood Alert (HIGH),Raining
8061,2026-09-30 01:51:26.95637+00,98,0,10,31.1,63,2,2,Flood Alert (HIGH),Raining
8062,2026-09-30 01:51:33.180593+00,94,0,10,31.1,63,2,2,Flood Alert (HIGH),Raining
8063,2026-09-30 01:51:39.58166+00,95,0,10,31.1,63,2,2,Flood Alert (HIGH),Raining
8064,2026-09-30 01:51:45.811302+00,94,0,10,31.1,63,2,2,Flood Alert (HIGH),Raining
8065,2026-09-30 01:51:52.10273+00,93,0,10,31.1,63,2,2,Flood Alert (HIGH),Raining
8066,2026-09-30 01:51:58.12231+00,100,0,10,31.1,63,2,2,Flood Alert (HIGH),Raining
8067,2026-09-30 01:52:04.478144+00,97,0,10,31.1,63,2,2,Flood Alert (HIGH),Raining
8068,2026-09-30 01:52:10.791933+00,94,0,10,31.1,63,2,2,Flood Alert (HIGH),Raining
8069,2026-09-30 01:52:16.994661+00,95,0,10,31.1,63,2,2,Flood Alert (HIGH),Raining
8070,2026-09-30 01:52:23.032616+00,97,0,10,31.1,63,2,2,Flood Alert (HIGH),Raining
8071,2026-09-30 01:52:29.016363+00,96,0,10,31.1,63,2,2,Flood Alert (HIGH),Raining
8072,2026-09-30 01:52:35.25045+00,96,0,10,31.1,63,2,2,Flood Alert (HIGH),Raining
8073,2026-09-30 01:52:41.548704+00,97,0,10,31.1,63,2,2,Flood Alert (HIGH),Raining
8074,2026-09-30 01:52:47.652075+00,97,0,10,31.1,63,2,2,Flood Alert (HIGH),Raining
8075,2026-09-30 01:52:53.911584+00,96,0,10,31.1,63,2,2,Flood Alert (HIGH),Raining
8076,2026-09-30 01:53:00.103835+00,95,0,10,31.1,63,2,2,Flood Alert (HIGH),Raining
8077,2026-09-30 01:53:06.008177+00,98,0,10,31.1,63,2,2,Flood Alert (HIGH),Raining
8078,2026-09-30 01:53:12.064983+00,96,0,10,31.1,63,2,2,Flood Alert (HIGH),Raining
8079,2026-09-30 01:53:18.063257+00,94,0,10,31.1,63,2,2,Flood Alert (HIGH),Raining
8080,2026-09-30 01:53:24.247458+00,94,0,10,31.1,63,2,2,Flood Alert (HIGH),Raining
8081,2026-09-30 01:53:30.318511+00,97,0,10,31.1,63,2,2,Flood Alert (HIGH),Raining
8082,2026-09-30 01:53:36.714728+00,96,0,10,31.1,63,2,2,Flood Alert (HIGH),Raining
8083,2026-09-30 01:53:42.88297+00,96,0,10,31.1,63,2,2,Flood Alert (HIGH),Raining
8084,2026-09-30 01:53:48.882122+00,93,0,10,31.1,63,2,2,Flood Alert (HIGH),Raining
8085,2026-09-30 01:53:55.138662+00,99,0,10,31.1,63,2,2,Flood Alert (HIGH),Raining
8086,2026-09-30 01:54:01.419422+00,97,0,10,31.1,63,2,2,Flood Alert (HIGH),Raining
8087,2026-09-30 01:54:07.601536+00,95,0,10,31.1,63,2,2,Flood Alert (HIGH),Raining
8088,2026-09-30 01:54:13.924886+00,97,0,10,31.1,63,2,2,Flood Alert (HIGH),Raining
8089,2026-09-30 01:54:19.943897+00,92,0,10,31.1,63,2,2,Flood Alert (HIGH),Raining
8090,2026-09-30 01:54:26.041487+00,97,0,10,31.1,63,2,2,Flood Alert (HIGH),Raining
8091,2026-09-30 01:54:32.534594+00,98,0,10,31.1,63,2,2,Flood Alert (HIGH),Raining
8092,2026-09-30 01:54:38.680465+00,95,0,10,31.1,63,2,2,Flood Alert (HIGH),Raining
8093,2026-09-30 01:54:44.73186+00,95,0,10,31.1,63,2,2,Flood Alert (HIGH),Raining
8094,2026-09-30 01:54:51.068506+00,97,0,10,31.1,63,2,2,Flood Alert (HIGH),Raining
8095,2026-09-30 01:54:57.330474+00,100,0,10,31.1,63,2,2,Flood Alert (HIGH),Raining
8096,2026-09-30 01:55:03.860497+00,94,0,10,31.1,63,2,2,Flood Alert (HIGH),Raining
8097,2026-09-30 01:55:09.971052+00,92,0,10,31.1,63,2,2,Flood Alert (HIGH),Raining
8098,2026-09-30 01:55:16.263733+00,97,0,10,31.1,63,2,2,Flood Alert (HIGH),Raining
8099,2026-09-30 01:55:22.422971+00,95,0,10,31.1,63,2,2,Flood Alert (HIGH),Raining
8100,2026-09-30 01:55:28.384954+00,93,0,10,31.1,63,2,2,Flood Alert (HIGH),Raining
8101,2026-09-30 01:55:34.726141+00,96,0,10,31.1,63,2,2,Flood Alert (HIGH),Raining
8102,2026-09-30 01:55:40.710645+00,94,0,10,31.1,63,2,2,Flood Alert (HIGH),Raining
8103,2026-09-30 01:55:47.01902+00,93,0,10,31.1,63,2,2,Flood Alert (HIGH),Raining
8104,2026-09-30 01:55:52.98623+00,92,0,10,31.1,63,2,2,Flood Alert (HIGH),Raining
8105,2026-09-30 01:55:59.338699+00,95,0,10,31.1,63,2,2,Flood Alert (HIGH),Raining
8106,2026-09-30 01:56:05.629992+00,97,0,10,31.1,63,2,2,Flood Alert (HIGH),Raining
8107,2026-09-30 01:56:11.90454+00,92,0,10,31.1,63,2,2,Flood Alert (HIGH),Raining
8108,2026-09-30 01:56:18.307291+00,94,0,10,31.1,63,2,2,Flood Alert (HIGH),Raining
8109,2026-09-30 01:56:24.604869+00,99,0,10,31.1,63,2,2,Flood Alert (HIGH),Raining
8110,2026-09-30 01:56:30.816762+00,94,0,10,31.1,63,2,2,Flood Alert (HIGH),Raining
8111,2026-09-30 01:56:36.853698+00,100,0,10,31.1,63,2,2,Flood Alert (HIGH),Raining
8112,2026-09-30 01:56:42.985228+00,93,0,10,31.1,63,2,2,Flood Alert (HIGH),Raining
8113,2026-09-30 01:56:49.170759+00,93,0,10,31.1,63,2,2,Flood Alert (HIGH),Raining
8114,2026-09-30 01:56:55.126983+00,92,0,10,31.1,63,2,2,Flood Alert (HIGH),Raining
8115,2026-09-30 01:57:01.443228+00,97,0,10,31.1,63,2,2,Flood Alert (HIGH),Raining
8116,2026-09-30 01:57:07.396983+00,95,0,10,31.1,63,2,2,Flood Alert (HIGH),Raining
8117,2026-09-30 01:57:13.442343+00,93,0,10,31.1,63,2,2,Flood Alert (HIGH),Raining
8118,2026-09-30 01:57:19.91104+00,100,0,10,31.1,63,2,2,Flood Alert (HIGH),Raining
8119,2026-09-30 01:57:26.352591+00,94,0,10,31.1,63,2,2,Flood Alert (HIGH),Raining
8120,2026-09-30 01:57:32.834155+00,100,0,10,31.1,63,2,2,Flood Alert (HIGH),Raining
8121,2026-09-30 01:57:39.084486+00,95,0,10,31.1,63,2,2,Flood Alert (HIGH),Raining
8122,2026-09-30 01:57:45.34304+00,97,0,10,31.1,63,2,2,Flood Alert (HIGH),Raining
8123,2026-09-30 01:57:51.70814+00,94,0,10,31.1,63,2,2,Flood Alert (HIGH),Raining
8124,2026-09-30 01:57:58.078427+00,92,0,10,31.1,63,2,2,Flood Alert (HIGH),Raining
8125,2026-09-30 01:58:04.224726+00,93,0,10,31.1,63,2,2,Flood Alert (HIGH),Raining
8126,2026-09-30 01:58:10.382179+00,98,0,10,31.1,63,2,2,Flood Alert (HIGH),Raining
8127,2026-09-30 01:58:16.391199+00,98,0,10,31.1,63,2,2,Flood Alert (HIGH),Raining
8128,2026-09-30 01:58:22.548794+00,97,0,10,31.1,63,2,2,Flood Alert (HIGH),Raining
8129,2026-09-30 01:58:28.561767+00,97,0,10,31.1,63,2,2,Flood Alert (HIGH),Raining
8130,2026-09-30 01:58:34.73458+00,92,0,10,31.1,63,2,2,Flood Alert (HIGH),Raining
8131,2026-09-30 01:58:41.084345+00,92,0,10,31.1,63,2,2,Flood Alert (HIGH),Raining
8132,2026-09-30 01:58:47.401415+00,92,0,10,31.1,63,2,2,Flood Alert (HIGH),Raining
8133,2026-09-30 01:58:53.559184+00,93,0,10,31.1,63,2,2,Flood Alert (HIGH),Raining
8134,2026-09-30 01:58:59.92593+00,94,0,10,31.1,63,2,2,Flood Alert (HIGH),Raining
8135,2026-09-30 01:59:06.656116+00,99,0,10,31.1,63,2,2,Flood Alert (HIGH),Raining
8136,2026-09-30 01:59:13.383497+00,95,0,10,31.1,63,2,2,Flood Alert (HIGH),Raining
8137,2026-09-30 01:59:19.89979+00,99,0,10,31.1,63,2,2,Flood Alert (HIGH),Raining
8138,2026-09-30 01:59:26.198725+00,97,0,10,31.1,63,2,2,Flood Alert (HIGH),Raining
8139,2026-09-30 01:59:32.417695+00,93,0,10,31.1,63,2,2,Flood Alert (HIGH),Raining
8140,2026-09-30 01:59:38.894701+00,93,0,10,31.1,63,2,2,Flood Alert (HIGH),Raining
8141,2026-09-30 01:59:45.307167+00,91,0,10,31.1,63,2,2,Flood Alert (HIGH),Raining
8142,2026-09-30 01:59:51.55098+00,95,0,10,31.1,63,2,2,Flood Alert (HIGH),Raining
8143,2026-09-30 02:00:00.183019+00,84,0,10,31.1,63,2,2,Flood Alert (HIGH),Raining
8144,2026-09-30 02:00:06.231623+00,94,0,10,31.1,63,2,2,Flood Alert (HIGH),Raining
8145,2026-09-30 02:00:12.470909+00,97,0,10,31.1,63,2,2,Flood Alert (HIGH),Raining
8146,2026-09-30 02:00:18.777918+00,98,0,10,31.1,63,2,2,Flood Alert (HIGH),Raining
8147,2026-09-30 02:00:24.886639+00,92,0,10,31.1,63,2,2,Flood Alert (HIGH),Raining
8148,2026-09-30 02:00:31.066161+00,94,0,10,31.1,63,2,2,Flood Alert (HIGH),Raining
8149,2026-09-30 02:00:37.129975+00,93,0,10,31.1,63,2,2,Flood Alert (HIGH),Raining
8150,2026-09-30 02:00:43.428487+00,95,0,10,31.1,63,2,2,Flood Alert (HIGH),Raining
8151,2026-09-30 02:00:49.591145+00,98,0,10,31.1,63,2,2,Flood Alert (HIGH),Raining
8152,2026-09-30 02:00:55.635294+00,97,0,10,31.1,63,2,2,Flood Alert (HIGH),Raining
8153,2026-09-30 02:01:01.618877+00,93,0,10,31.1,63,2,2,Flood Alert (HIGH),Raining
8154,2026-09-30 02:01:08.130465+00,92,0,10,31.1,63,2,2,Flood Alert (HIGH),Raining
8155,2026-09-30 02:01:14.379533+00,97,0,10,31.1,63,2,2,Flood Alert (HIGH),Raining
8156,2026-09-30 02:01:20.752793+00,94,0,10,31.1,63,2,2,Flood Alert (HIGH),Raining
8157,2026-09-30 02:01:27.113813+00,92,0,10,31.1,63,2,2,Flood Alert (HIGH),Raining
8158,2026-09-30 02:01:33.419168+00,97,0,10,31.1,63,2,2,Flood Alert (HIGH),Raining
8159,2026-09-30 02:01:39.532599+00,92,0,10,31.1,63,2,2,Flood Alert (HIGH),Raining
8160,2026-09-30 02:01:45.844224+00,97,0,10,31.1,63,2,2,Flood Alert (HIGH),Raining
8161,2026-09-30 02:01:52.085955+00,96,0,10,31.1,63,2,2,Flood Alert (HIGH),Raining
8162,2026-09-30 02:01:58.47194+00,96,0,10,31.1,63,2,2,Flood Alert (HIGH),Raining
8163,2026-09-30 02:02:04.933456+00,95,0,10,31.1,63,2,2,Flood Alert (HIGH),Raining
8164,2026-09-30 02:02:11.073629+00,100,0,10,31.1,63,2,2,Flood Alert (HIGH),Raining
8165,2026-09-30 02:02:17.245102+00,94,0,10,31.1,63,2,2,Flood Alert (HIGH),Raining
8166,2026-09-30 02:02:23.634131+00,99,0,10,31.1,63,2,2,Flood Alert (HIGH),Raining
8167,2026-09-30 02:02:29.989175+00,100,0,10,31.1,63,2,2,Flood Alert (HIGH),Raining
8168,2026-09-30 02:02:36.352351+00,96,0,10,31.1,63,2,2,Flood Alert (HIGH),Raining
8169,2026-09-30 02:02:42.772971+00,100,0,10,31.1,63,2,2,Flood Alert (HIGH),Raining
8170,2026-09-30 02:02:49.102192+00,98,0,10,31.1,63,2,2,Flood Alert (HIGH),Raining
8171,2026-09-30 02:02:55.230356+00,93,0,10,31.1,63,2,2,Flood Alert (HIGH),Raining
8172,2026-09-30 02:03:01.473938+00,95,0,10,31.1,63,2,2,Flood Alert (HIGH),Raining
8173,2026-09-30 02:03:07.943319+00,97,0,10,31.1,63,2,2,Flood Alert (HIGH),Raining
8174,2026-09-30 02:03:14.441361+00,95,0,12,31.1,63,2,2,Flood Alert (HIGH),Raining
8175,2026-09-30 02:03:20.575314+00,97,0,10,31.1,63,2,2,Flood Alert (HIGH),Raining
8176,2026-09-30 02:03:27.038329+00,94,0,10,31.1,63,2,2,Flood Alert (HIGH),Raining
8177,2026-09-30 02:03:33.109278+00,100,0,10,31.1,63,2,2,Flood Alert (HIGH),Raining
8178,2026-09-30 02:03:39.172668+00,97,0,10,31.1,63,2,2,Flood Alert (HIGH),Raining
8179,2026-09-30 02:03:45.164276+00,98,0,10,31.1,63,2,2,Flood Alert (HIGH),Raining
8180,2026-09-30 02:03:51.377488+00,100,0,10,31.1,63,2,2,Flood Alert (HIGH),Raining
8181,2026-09-30 02:03:57.392898+00,99,0,10,31.1,63,2,2,Flood Alert (HIGH),Raining
8182,2026-09-30 02:04:03.413228+00,94,0,10,31.1,63,2,2,Flood Alert (HIGH),Raining
8183,2026-09-30 02:04:09.511282+00,96,0,10,31.1,63,2,2,Flood Alert (HIGH),Raining
8184,2026-09-30 02:04:15.932249+00,90,0,10,31.1,63,2,2,Flood Alert (HIGH),Raining
8185,2026-09-30 02:04:22.089456+00,94,0,10,31.1,63,2,2,Flood Alert (HIGH),Raining
8186,2026-09-30 02:04:28.148204+00,94,0,10,31.1,63,2,2,Flood Alert (HIGH),Raining
8187,2026-09-30 02:04:34.443949+00,99,0,10,31.1,63,2,2,Flood Alert (HIGH),Raining
8188,2026-09-30 02:04:40.458941+00,91,0,10,31.1,63,2,2,Flood Alert (HIGH),Raining
8189,2026-09-30 02:04:46.675603+00,94,0,10,31.1,63,2,2,Flood Alert (HIGH),Raining
8190,2026-09-30 02:04:52.604575+00,95,0,10,31.1,63,2,2,Flood Alert (HIGH),Raining
8191,2026-09-30 02:04:58.823693+00,98,0,10,31.1,63,2,2,Flood Alert (HIGH),Raining
8192,2026-09-30 02:05:05.289881+00,97,0,10,31.1,63,2,2,Flood Alert (HIGH),Raining
8193,2026-09-30 02:05:11.334925+00,93,0,10,31.1,63,2,2,Flood Alert (HIGH),Raining
8194,2026-09-30 02:05:17.855349+00,97,0,10,31.1,63,2,2,Flood Alert (HIGH),Raining
8195,2026-09-30 02:05:24.200778+00,100,0,10,31.1,63,2,2,Flood Alert (HIGH),Raining
8196,2026-09-30 02:05:30.960292+00,94,0,10,31.1,63,2,2,Flood Alert (HIGH),Raining
8197,2026-09-30 02:05:37.352995+00,100,0,10,31.1,63,2,2,Flood Alert (HIGH),Raining
8198,2026-09-30 02:05:43.563994+00,94,0,10,31.1,63,2,2,Flood Alert (HIGH),Raining
8199,2026-09-30 02:05:49.736116+00,91,0,10,31.1,63,2,2,Flood Alert (HIGH),Raining
8200,2026-09-30 02:05:55.818216+00,97,0,10,31.1,63,2,2,Flood Alert (HIGH),Raining
8201,2026-09-30 02:06:02.218033+00,97,0,10,31.1,63,2,2,Flood Alert (HIGH),Raining
8202,2026-09-30 02:06:08.251217+00,92,0,10,31.1,63,2,2,Flood Alert (HIGH),Raining
8203,2026-09-30 02:06:14.373764+00,97,0,10,31.1,63,2,2,Flood Alert (HIGH),Raining
8204,2026-09-30 02:06:20.578609+00,94,0,10,31.1,63,2,2,Flood Alert (HIGH),Raining
8205,2026-09-30 02:06:26.573124+00,100,0,10,31.1,63,2,2,Flood Alert (HIGH),Raining
8206,2026-09-30 02:06:32.653796+00,91,0,10,31.1,63,2,2,Flood Alert (HIGH),Raining
8207,2026-09-30 02:06:38.749813+00,96,0,10,31.1,63,2,2,Flood Alert (HIGH),Raining
8208,2026-09-30 02:06:44.985523+00,100,0,10,31.1,63,2,2,Flood Alert (HIGH),Raining
8209,2026-09-30 02:06:51.19385+00,99,0,10,31.1,63,2,2,Flood Alert (HIGH),Raining
8210,2026-09-30 02:06:57.089621+00,100,0,10,31.1,63,2,2,Flood Alert (HIGH),Raining
8211,2026-09-30 02:07:03.254801+00,99,0,10,31.1,63,2,2,Flood Alert (HIGH),Raining
8212,2026-09-30 02:07:09.670813+00,90,0,10,31.1,63,2,2,Flood Alert (HIGH),Raining
8213,2026-09-30 02:07:15.641254+00,97,0,10,31.1,63,2,2,Flood Alert (HIGH),Raining
8214,2026-09-30 02:07:21.608812+00,99,0,10,31.1,63,2,2,Flood Alert (HIGH),Raining
8215,2026-09-30 02:07:28.021185+00,97,0,10,31.1,63,2,2,Flood Alert (HIGH),Raining
8216,2026-09-30 02:07:34.058913+00,89,0,10,31.1,63,2,2,Flood Alert (HIGH),Raining
8217,2026-09-30 02:07:40.200488+00,91,0,10,31.1,63,2,2,Flood Alert (HIGH),Raining
8218,2026-09-30 02:07:46.336233+00,100,0,10,31.1,63,2,2,Flood Alert (HIGH),Raining
8219,2026-09-30 02:07:52.521738+00,90,0,10,31.1,63,2,2,Flood Alert (HIGH),Raining
8220,2026-09-30 02:07:58.457811+00,99,0,10,31.1,63,2,2,Flood Alert (HIGH),Raining
8221,2026-09-30 02:08:04.747626+00,90,0,10,31.1,63,2,2,Flood Alert (HIGH),Raining
8222,2026-09-30 02:08:10.834236+00,94,0,10,31.1,63,2,2,Flood Alert (HIGH),Raining
8223,2026-09-30 02:08:16.937424+00,96,0,10,31.1,63,2,2,Flood Alert (HIGH),Raining
8224,2026-09-30 02:08:22.973451+00,95,0,10,31.1,63,2,2,Flood Alert (HIGH),Raining
8225,2026-09-30 02:08:29.475818+00,99,0,10,31.1,63,2,2,Flood Alert (HIGH),Raining
8226,2026-09-30 02:08:35.554382+00,100,0,10,31.1,63,2,2,Flood Alert (HIGH),Raining
8227,2026-09-30 02:08:42.06445+00,96,0,10,31.1,63,2,2,Flood Alert (HIGH),Raining
8228,2026-09-30 02:08:48.103175+00,90,0,10,31.1,63,2,2,Flood Alert (HIGH),Raining
8229,2026-09-30 02:08:54.182489+00,97,0,10,31.1,63,2,2,Flood Alert (HIGH),Raining
8230,2026-09-30 02:09:00.093221+00,95,0,10,31.1,63,2,2,Flood Alert (HIGH),Raining
8231,2026-09-30 02:09:06.130941+00,95,0,10,31.1,63,2,2,Flood Alert (HIGH),Raining
8232,2026-09-30 02:09:12.152608+00,94,0,10,31.1,63,2,2,Flood Alert (HIGH),Raining
8233,2026-09-30 02:09:18.306732+00,98,0,10,31.1,63,2,2,Flood Alert (HIGH),Raining
8234,2026-09-30 02:09:24.355112+00,93,0,10,31.1,63,2,2,Flood Alert (HIGH),Raining
8235,2026-09-30 02:09:30.422423+00,96,0,10,31.1,63,2,2,Flood Alert (HIGH),Raining
8236,2026-09-30 02:09:36.367049+00,91,0,10,31.1,63,2,2,Flood Alert (HIGH),Raining
8237,2026-09-30 02:09:42.491617+00,92,0,10,31.1,63,2,2,Flood Alert (HIGH),Raining
8238,2026-09-30 02:09:48.84251+00,99,0,10,31.1,63,2,2,Flood Alert (HIGH),Raining
8239,2026-09-30 02:09:54.984688+00,92,0,10,31.1,63,2,2,Flood Alert (HIGH),Raining
8240,2026-09-30 02:10:02.512236+00,93,0,10,31.4,62,2,2,Flood Alert (HIGH),Raining
8241,2026-09-30 02:10:08.845076+00,100,0,10,31.4,62,2,2,Flood Alert (HIGH),Raining
8242,2026-09-30 02:10:15.090531+00,92,0,10,31.4,62,2,2,Flood Alert (HIGH),Raining
8243,2026-09-30 02:10:21.544609+00,96,0,10,31.4,62,2,2,Flood Alert (HIGH),Raining
8244,2026-09-30 02:10:27.966195+00,100,0,10,31.4,62,2,2,Flood Alert (HIGH),Raining
8245,2026-09-30 02:10:33.934497+00,93,0,10,31.4,62,2,2,Flood Alert (HIGH),Raining
8246,2026-09-30 02:10:40.272372+00,93,0,10,31.4,62,2,2,Flood Alert (HIGH),Raining
8247,2026-09-30 02:10:46.770578+00,95,0,10,31.4,62,2,2,Flood Alert (HIGH),Raining
8248,2026-09-30 02:10:53.046659+00,99,0,10,31.4,62,2,2,Flood Alert (HIGH),Raining
8249,2026-09-30 02:10:59.345119+00,98,0,10,31.4,62,2,2,Flood Alert (HIGH),Raining
8250,2026-09-30 02:11:05.783322+00,94,0,10,31.4,62,2,2,Flood Alert (HIGH),Raining
8251,2026-09-30 02:11:12.324277+00,95,0,10,31.4,62,2,2,Flood Alert (HIGH),Raining
8252,2026-09-30 02:11:18.771344+00,97,0,10,31.4,62,2,2,Flood Alert (HIGH),Raining
8253,2026-09-30 02:11:25.234709+00,91,0,10,31.4,62,2,2,Flood Alert (HIGH),Raining
8254,2026-09-30 02:11:31.661586+00,93,0,10,31.4,62,2,2,Flood Alert (HIGH),Raining
8255,2026-09-30 02:11:37.650607+00,97,0,10,31.4,62,2,2,Flood Alert (HIGH),Raining
8256,2026-09-30 02:11:43.835204+00,99,0,10,31.4,62,2,2,Flood Alert (HIGH),Raining
8257,2026-09-30 02:11:49.911778+00,96,0,10,31.4,62,2,2,Flood Alert (HIGH),Raining
8258,2026-09-30 02:11:56.820763+00,91,0,10,31.4,62,2,2,Flood Alert (HIGH),Raining
8259,2026-09-30 02:12:03.086794+00,97,0,10,31.4,62,2,2,Flood Alert (HIGH),Raining
8260,2026-09-30 02:12:09.207851+00,93,0,10,31.4,62,2,2,Flood Alert (HIGH),Raining
8261,2026-09-30 02:12:15.35324+00,92,0,10,31.4,62,2,2,Flood Alert (HIGH),Raining
8262,2026-09-30 02:12:21.609898+00,93,0,10,31.4,62,2,2,Flood Alert (HIGH),Raining
8263,2026-09-30 02:12:27.842959+00,92,0,10,31.4,62,2,2,Flood Alert (HIGH),Raining
8264,2026-09-30 02:12:34.208164+00,92,0,10,31.4,62,2,2,Flood Alert (HIGH),Raining
8265,2026-09-30 02:12:40.529508+00,93,0,10,31.4,62,2,2,Flood Alert (HIGH),Raining
8266,2026-09-30 02:12:46.716094+00,97,0,10,31.4,62,2,2,Flood Alert (HIGH),Raining
8267,2026-09-30 02:12:52.908924+00,91,0,10,31.4,62,2,2,Flood Alert (HIGH),Raining
8268,2026-09-30 02:12:58.943953+00,94,0,10,31.4,62,2,2,Flood Alert (HIGH),Raining
8269,2026-09-30 02:13:05.34527+00,92,0,10,31.4,62,2,2,Flood Alert (HIGH),Raining
8270,2026-09-30 02:13:11.450188+00,95,0,10,31.4,62,2,2,Flood Alert (HIGH),Raining
8271,2026-09-30 02:13:17.754432+00,98,0,10,31.4,62,2,2,Flood Alert (HIGH),Raining
8272,2026-09-30 02:13:23.830021+00,91,0,10,31.4,62,2,2,Flood Alert (HIGH),Raining
8273,2026-09-30 02:13:30.322673+00,96,0,10,31.4,62,2,2,Flood Alert (HIGH),Raining
8274,2026-09-30 02:13:36.660047+00,93,0,10,31.4,62,2,2,Flood Alert (HIGH),Raining
8275,2026-09-30 02:13:42.848102+00,98,0,10,31.4,62,2,2,Flood Alert (HIGH),Raining
8276,2026-09-30 02:13:48.784296+00,92,0,10,31.4,62,2,2,Flood Alert (HIGH),Raining
8277,2026-09-30 02:13:54.924828+00,100,0,10,31.4,62,2,2,Flood Alert (HIGH),Raining
8278,2026-09-30 02:14:01.006335+00,95,0,10,31.4,62,2,2,Flood Alert (HIGH),Raining
8279,2026-09-30 02:14:07.377323+00,91,0,10,31.4,62,2,2,Flood Alert (HIGH),Raining
8280,2026-09-30 02:14:13.53816+00,97,0,10,31.4,62,2,2,Flood Alert (HIGH),Raining
8281,2026-09-30 02:14:19.735088+00,92,0,10,31.4,62,2,2,Flood Alert (HIGH),Raining
8282,2026-09-30 02:14:26.451593+00,92,0,10,31.4,62,2,2,Flood Alert (HIGH),Raining
8283,2026-09-30 02:14:32.853997+00,92,0,10,31.4,62,2,2,Flood Alert (HIGH),Raining
8284,2026-09-30 02:14:39.131967+00,96,0,10,31.4,62,2,2,Flood Alert (HIGH),Raining
8285,2026-09-30 02:14:45.493457+00,99,0,10,31.4,62,2,2,Flood Alert (HIGH),Raining
8286,2026-09-30 02:14:51.593919+00,91,0,10,31.4,62,2,2,Flood Alert (HIGH),Raining
8287,2026-09-30 02:14:57.735987+00,100,0,10,31.4,62,2,2,Flood Alert (HIGH),Raining
8288,2026-09-30 02:15:04.18012+00,98,0,10,31.4,62,2,2,Flood Alert (HIGH),Raining
8289,2026-09-30 02:15:10.721935+00,97,0,10,31.4,62,2,2,Flood Alert (HIGH),Raining
8290,2026-09-30 02:15:17.206875+00,92,0,10,31.4,62,2,2,Flood Alert (HIGH),Raining
8291,2026-09-30 02:15:23.462511+00,98,0,10,31.4,62,2,2,Flood Alert (HIGH),Raining
8292,2026-09-30 02:15:29.646852+00,98,0,16,31.4,62,2,2,Flood Alert (HIGH),Raining
8293,2026-09-30 02:15:35.669506+00,97,0,15,31.4,62,2,2,Flood Alert (HIGH),Raining
8294,2026-09-30 02:15:41.719273+00,100,0,16,31.4,62,2,2,Flood Alert (HIGH),Raining
8295,2026-09-30 02:15:47.705282+00,100,0,16,31.4,62,2,2,Flood Alert (HIGH),Raining
8296,2026-09-30 02:15:54.064959+00,94,0,16,31.4,62,2,2,Flood Alert (HIGH),Raining
8297,2026-09-30 02:16:00.472494+00,95,0,16,31.4,62,2,2,Flood Alert (HIGH),Raining
8298,2026-09-30 02:16:06.620783+00,95,0,16,31.4,62,2,2,Flood Alert (HIGH),Raining
8299,2026-09-30 02:16:12.934719+00,99,0,16,31.4,62,2,2,Flood Alert (HIGH),Raining
8300,2026-09-30 02:16:19.08261+00,100,0,15,31.4,62,2,2,Flood Alert (HIGH),Raining
8301,2026-09-30 02:16:25.167323+00,98,0,15,31.4,62,2,2,Flood Alert (HIGH),Raining
8302,2026-09-30 02:16:31.080831+00,93,0,16,31.4,62,2,2,Flood Alert (HIGH),Raining
8303,2026-09-30 02:16:37.190666+00,91,0,18,31.4,62,2,2,Flood Alert (HIGH),Raining
8304,2026-09-30 02:16:43.377874+00,91,0,19,31.4,62,2,2,Flood Alert (HIGH),Raining
8305,2026-09-30 02:16:49.324862+00,92,0,18,31.4,62,2,2,Flood Alert (HIGH),Raining
8306,2026-09-30 02:16:55.800912+00,99,0,18,31.4,62,2,2,Flood Alert (HIGH),Raining
8307,2026-09-30 02:17:02.124321+00,98,0,18,31.4,62,2,2,Flood Alert (HIGH),Raining
8308,2026-09-30 02:17:08.054994+00,94,0,18,31.4,62,2,2,Flood Alert (HIGH),Raining
8309,2026-09-30 02:17:14.033198+00,97,0,19,31.4,62,2,2,Flood Alert (HIGH),Raining
8310,2026-09-30 02:17:20.287219+00,91,0,19,31.4,62,2,2,Flood Alert (HIGH),Raining
8311,2026-09-30 02:17:26.515524+00,94,0,18,31.4,62,2,2,Flood Alert (HIGH),Raining
8312,2026-09-30 02:17:32.863494+00,93,0,19,31.4,62,2,2,Flood Alert (HIGH),Raining
8313,2026-09-30 02:17:39.581535+00,95,0,19,31.4,62,2,2,Flood Alert (HIGH),Raining
8314,2026-09-30 02:17:45.512878+00,93,0,18,31.4,62,2,2,Flood Alert (HIGH),Raining
8315,2026-09-30 02:17:51.554694+00,91,0,19,31.4,62,2,2,Flood Alert (HIGH),Raining
8316,2026-09-30 02:17:57.576577+00,97,0,18,31.4,62,2,2,Flood Alert (HIGH),Raining
8317,2026-09-30 02:18:03.863977+00,99,0,18,31.4,62,2,2,Flood Alert (HIGH),Raining
8318,2026-09-30 02:18:10.034468+00,98,0,18,31.4,62,2,2,Flood Alert (HIGH),Raining
8319,2026-09-30 02:18:16.542133+00,96,0,18,31.4,62,2,2,Flood Alert (HIGH),Raining
8320,2026-09-30 02:18:22.772298+00,92,0,18,31.4,62,2,2,Flood Alert (HIGH),Raining
8321,2026-09-30 02:18:28.788867+00,90,0,19,31.4,62,2,2,Flood Alert (HIGH),Raining
8322,2026-09-30 02:18:35.081081+00,93,0,18,31.4,62,2,2,Flood Alert (HIGH),Raining
8323,2026-09-30 02:18:41.243514+00,98,0,18,31.4,62,2,2,Flood Alert (HIGH),Raining
8324,2026-09-30 02:18:47.409199+00,92,0,18,31.4,62,2,2,Flood Alert (HIGH),Raining
8325,2026-09-30 02:18:53.89328+00,99,0,18,31.4,62,2,2,Flood Alert (HIGH),Raining
8326,2026-09-30 02:19:00.310881+00,95,0,19,31.4,62,2,2,Flood Alert (HIGH),Raining
8327,2026-09-30 02:19:06.682287+00,100,0,19,31.4,62,2,2,Flood Alert (HIGH),Raining
8328,2026-09-30 02:19:13.008102+00,92,0,18,31.4,62,2,2,Flood Alert (HIGH),Raining
8329,2026-09-30 02:19:19.614826+00,90,0,18,31.4,62,2,2,Flood Alert (HIGH),Raining
8330,2026-09-30 02:19:26.04546+00,93,0,19,31.4,62,2,2,Flood Alert (HIGH),Raining
8331,2026-09-30 02:19:32.362588+00,96,0,19,31.4,62,2,2,Flood Alert (HIGH),Raining
8332,2026-09-30 02:19:38.722965+00,92,0,18,31.4,62,2,2,Flood Alert (HIGH),Raining
8333,2026-09-30 02:19:45.160277+00,93,0,18,31.4,62,2,2,Flood Alert (HIGH),Raining
8334,2026-09-30 02:19:51.382499+00,98,0,18,31.4,62,2,2,Flood Alert (HIGH),Raining
8335,2026-09-30 02:19:57.346029+00,96,0,19,31.4,62,2,2,Flood Alert (HIGH),Raining
8336,2026-09-30 02:20:05.686305+00,93,0,18,31.7,60,2,2,Flood Alert (HIGH),Raining
8337,2026-09-30 02:20:12.078331+00,96,0,19,31.7,60,2,2,Flood Alert (HIGH),Raining
8338,2026-09-30 02:20:18.145019+00,92,0,18,31.7,60,2,2,Flood Alert (HIGH),Raining
8339,2026-09-30 02:20:24.456449+00,90,0,19,31.7,60,2,2,Flood Alert (HIGH),Raining
8340,2026-09-30 02:20:30.494494+00,92,0,19,31.7,60,2,2,Flood Alert (HIGH),Raining
8341,2026-09-30 02:20:36.717901+00,92,0,19,31.7,60,2,2,Flood Alert (HIGH),Raining
8342,2026-09-30 02:20:42.761383+00,99,0,18,31.7,60,2,2,Flood Alert (HIGH),Raining
8343,2026-09-30 02:20:48.930726+00,95,0,18,31.7,60,2,2,Flood Alert (HIGH),Raining
8344,2026-09-30 02:20:55.00063+00,98,0,19,31.7,60,2,2,Flood Alert (HIGH),Raining
8345,2026-09-30 02:21:01.350578+00,94,0,18,31.7,60,2,2,Flood Alert (HIGH),Raining
8346,2026-09-30 02:21:07.648017+00,98,0,18,31.7,60,2,2,Flood Alert (HIGH),Raining
8347,2026-09-30 02:21:13.850467+00,97,0,18,31.7,60,2,2,Flood Alert (HIGH),Raining
8348,2026-09-30 02:21:19.861845+00,94,0,18,31.7,60,2,2,Flood Alert (HIGH),Raining
8349,2026-09-30 02:21:25.828817+00,100,0,18,31.7,60,2,2,Flood Alert (HIGH),Raining
8350,2026-09-30 02:21:32.239637+00,95,0,18,31.7,60,2,2,Flood Alert (HIGH),Raining
8351,2026-09-30 02:21:38.452898+00,94,0,18,31.7,60,2,2,Flood Alert (HIGH),Raining
8352,2026-09-30 02:21:44.648798+00,96,0,18,31.7,60,2,2,Flood Alert (HIGH),Raining
8353,2026-09-30 02:21:50.648936+00,94,0,18,31.7,60,2,2,Flood Alert (HIGH),Raining
8354,2026-09-30 02:21:56.824915+00,96,0,18,31.7,60,2,2,Flood Alert (HIGH),Raining
8355,2026-09-30 02:22:03.077508+00,91,0,18,31.7,60,2,2,Flood Alert (HIGH),Raining
8356,2026-09-30 02:22:09.292761+00,95,0,18,31.7,60,2,2,Flood Alert (HIGH),Raining
8357,2026-09-30 02:22:15.646934+00,94,0,18,31.7,60,2,2,Flood Alert (HIGH),Raining
8358,2026-09-30 02:22:21.737622+00,92,0,18,31.7,60,2,2,Flood Alert (HIGH),Raining
8359,2026-09-30 02:22:27.72043+00,96,0,18,31.7,60,2,2,Flood Alert (HIGH),Raining
8360,2026-09-30 02:22:33.844648+00,100,0,18,31.7,60,2,2,Flood Alert (HIGH),Raining
8361,2026-09-30 02:22:40.082038+00,93,0,19,31.7,60,2,2,Flood Alert (HIGH),Raining
8362,2026-09-30 02:22:46.35199+00,95,0,18,31.7,60,2,2,Flood Alert (HIGH),Raining
8363,2026-09-30 02:22:52.507786+00,91,0,18,31.7,60,2,2,Flood Alert (HIGH),Raining
8364,2026-09-30 02:22:58.697748+00,94,0,17,31.7,60,2,2,Flood Alert (HIGH),Raining
8365,2026-09-30 02:23:04.621161+00,98,0,25,31.7,60,2,2,Flood Alert (HIGH),Raining
8366,2026-09-30 02:23:10.639002+00,92,0,18,31.7,60,2,2,Flood Alert (HIGH),Raining
8367,2026-09-30 02:23:17.289318+00,97,0,17,31.7,60,2,2,Flood Alert (HIGH),Raining
8368,2026-09-30 02:23:23.761448+00,97,0,18,31.7,60,2,2,Flood Alert (HIGH),Raining
8369,2026-09-30 02:23:30.153826+00,95,0,17,31.7,60,2,2,Flood Alert (HIGH),Raining
8370,2026-09-30 02:23:36.653641+00,91,0,17,31.7,60,2,2,Flood Alert (HIGH),Raining
8371,2026-09-30 02:23:42.802964+00,95,0,17,31.7,60,2,2,Flood Alert (HIGH),Raining
8372,2026-09-30 02:23:49.018595+00,92,0,17,31.7,60,2,2,Flood Alert (HIGH),Raining
8373,2026-09-30 02:23:55.305419+00,96,0,17,31.7,60,2,2,Flood Alert (HIGH),Raining
8374,2026-09-30 02:24:01.537982+00,95,0,17,31.7,60,2,2,Flood Alert (HIGH),Raining
8375,2026-09-30 02:24:08.032808+00,94,0,17,31.7,60,2,2,Flood Alert (HIGH),Raining
8376,2026-09-30 02:24:14.154367+00,94,0,17,31.7,60,2,2,Flood Alert (HIGH),Raining
8377,2026-09-30 02:24:20.443223+00,95,0,18,31.7,60,2,2,Flood Alert (HIGH),Raining
8378,2026-09-30 02:24:26.875178+00,95,0,18,31.7,60,2,2,Flood Alert (HIGH),Raining
8379,2026-09-30 02:24:33.147678+00,96,0,17,31.7,60,2,2,Flood Alert (HIGH),Raining
8380,2026-09-30 02:24:39.516517+00,98,0,17,31.7,60,2,2,Flood Alert (HIGH),Raining
8381,2026-09-30 02:24:45.908308+00,93,0,17,31.7,60,2,2,Flood Alert (HIGH),Raining
8382,2026-09-30 02:24:52.36806+00,92,0,18,31.7,60,2,2,Flood Alert (HIGH),Raining
8383,2026-09-30 02:24:58.402442+00,97,0,17,31.7,60,2,2,Flood Alert (HIGH),Raining
8384,2026-09-30 02:25:04.618291+00,93,0,17,31.7,60,2,2,Flood Alert (HIGH),Raining
8385,2026-09-30 02:25:10.848422+00,97,0,18,31.7,60,2,2,Flood Alert (HIGH),Raining
8386,2026-09-30 02:25:17.16942+00,92,0,17,31.7,60,2,2,Flood Alert (HIGH),Raining
8387,2026-09-30 02:25:23.495589+00,93,0,18,31.7,60,2,2,Flood Alert (HIGH),Raining
8388,2026-09-30 02:25:29.845603+00,92,0,17,31.7,60,2,2,Flood Alert (HIGH),Raining
8389,2026-09-30 02:25:36.40694+00,96,0,18,31.7,60,2,2,Flood Alert (HIGH),Raining
8390,2026-09-30 02:25:43.045836+00,97,0,18,31.7,60,2,2,Flood Alert (HIGH),Raining
8391,2026-09-30 02:25:49.515497+00,91,0,16,31.7,60,2,2,Flood Alert (HIGH),Raining
8392,2026-09-30 02:25:55.72907+00,93,0,16,31.7,60,2,2,Flood Alert (HIGH),Raining
8393,2026-09-30 02:26:01.890691+00,96,0,17,31.7,60,2,2,Flood Alert (HIGH),Raining
8394,2026-09-30 02:26:08.267445+00,97,0,17,31.7,60,2,2,Flood Alert (HIGH),Raining
8395,2026-09-30 02:26:14.802207+00,95,0,17,31.7,60,2,2,Flood Alert (HIGH),Raining
8396,2026-09-30 02:26:20.858815+00,94,0,15,31.7,60,2,2,Flood Alert (HIGH),Raining
8397,2026-09-30 02:26:27.310597+00,95,0,15,31.7,60,2,2,Flood Alert (HIGH),Raining
8398,2026-09-30 02:26:33.698446+00,98,0,16,31.7,60,2,2,Flood Alert (HIGH),Raining
8399,2026-09-30 02:26:40.205263+00,95,0,17,31.7,60,2,2,Flood Alert (HIGH),Raining
8400,2026-09-30 02:26:46.540913+00,92,0,16,31.7,60,2,2,Flood Alert (HIGH),Raining
8401,2026-09-30 02:26:52.640739+00,94,0,16,31.7,60,2,2,Flood Alert (HIGH),Raining
8402,2026-09-30 02:26:58.985202+00,95,0,18,31.7,60,2,2,Flood Alert (HIGH),Raining
8403,2026-09-30 02:27:05.366985+00,96,0,17,31.7,60,2,2,Flood Alert (HIGH),Raining
8404,2026-09-30 02:27:11.480374+00,96,0,17,31.7,60,2,2,Flood Alert (HIGH),Raining
8405,2026-09-30 02:27:18.027617+00,95,0,17,31.7,60,2,2,Flood Alert (HIGH),Raining
8406,2026-09-30 02:27:24.013205+00,96,0,17,31.7,60,2,2,Flood Alert (HIGH),Raining
8407,2026-09-30 02:27:30.196272+00,97,0,14,31.7,60,2,2,Flood Alert (HIGH),Raining
8408,2026-09-30 02:27:36.633859+00,97,0,10,31.7,60,2,2,Flood Alert (HIGH),Raining
8409,2026-09-30 02:27:43.082536+00,88,0,10,31.7,60,2,2,Flood Alert (HIGH),Raining
8410,2026-09-30 02:27:49.588423+00,100,0,10,31.7,60,2,2,Flood Alert (HIGH),Raining
8411,2026-09-30 02:28:01.86898+00,89,0,10,31.7,60,2,2,Flood Alert (HIGH),Raining
8412,2026-09-30 02:28:08.549276+00,90,0,18,31.7,60,2,2,Flood Alert (HIGH),Raining
8413,2026-09-30 02:28:15.357244+00,94,0,18,31.7,60,2,2,Flood Alert (HIGH),Raining
8414,2026-09-30 02:28:21.765962+00,93,0,17,31.7,60,2,2,Flood Alert (HIGH),Raining
8415,2026-09-30 02:28:27.973629+00,94,0,18,31.7,60,2,2,Flood Alert (HIGH),Raining
8416,2026-09-30 02:28:34.465511+00,99,0,18,31.7,60,2,2,Flood Alert (HIGH),Raining
8417,2026-09-30 02:28:40.858836+00,100,0,17,31.7,60,2,2,Flood Alert (HIGH),Raining
8418,2026-09-30 02:28:47.038352+00,89,0,17,31.7,60,2,2,Flood Alert (HIGH),Raining
8419,2026-09-30 02:28:53.586645+00,94,0,18,31.7,60,2,2,Flood Alert (HIGH),Raining
8420,2026-09-30 02:28:59.636222+00,100,0,18,31.7,60,2,2,Flood Alert (HIGH),Raining
8421,2026-09-30 02:29:06.024051+00,91,0,18,31.7,60,2,2,Flood Alert (HIGH),Raining
8422,2026-09-30 02:29:12.184821+00,96,0,18,31.7,60,2,2,Flood Alert (HIGH),Raining
8423,2026-09-30 02:29:18.762609+00,98,0,17,31.7,60,2,2,Flood Alert (HIGH),Raining
8424,2026-09-30 02:29:25.122858+00,89,0,18,31.7,60,2,2,Flood Alert (HIGH),Raining
8425,2026-09-30 02:29:31.789309+00,89,0,17,31.7,60,2,2,Flood Alert (HIGH),Raining
8426,2026-09-30 02:29:38.610342+00,92,0,18,31.7,60,2,2,Flood Alert (HIGH),Raining
8427,2026-09-30 02:29:45.382223+00,100,0,18,31.7,60,2,2,Flood Alert (HIGH),Raining
8428,2026-09-30 02:29:51.939682+00,94,0,18,31.7,60,2,2,Flood Alert (HIGH),Raining
8429,2026-09-30 02:29:58.572798+00,100,0,18,31.7,60,2,2,Flood Alert (HIGH),Raining
8430,2026-09-30 02:30:05.178472+00,91,0,18,31.7,60,2,2,Flood Alert (HIGH),Raining
8431,2026-09-30 02:30:11.902619+00,89,0,17,32,59,2,2,Flood Alert (HIGH),Raining
8432,2026-09-30 02:30:17.860955+00,93,0,17,32,59,2,2,Flood Alert (HIGH),Raining
8433,2026-09-30 02:30:23.888324+00,100,0,16,32,59,2,2,Flood Alert (HIGH),Raining
8434,2026-09-30 02:30:30.046111+00,99,0,17,32,59,2,2,Flood Alert (HIGH),Raining
8435,2026-09-30 02:30:36.385205+00,97,0,17,32,59,2,2,Flood Alert (HIGH),Raining
8436,2026-09-30 02:30:42.933624+00,96,0,17,32,59,2,2,Flood Alert (HIGH),Raining
8437,2026-09-30 02:30:49.397138+00,90,0,17,32,59,2,2,Flood Alert (HIGH),Raining
8438,2026-09-30 02:30:55.655538+00,87,0,17,32,59,2,2,Flood Alert (HIGH),Raining
8439,2026-09-30 02:31:01.814594+00,89,0,17,32,59,2,2,Flood Alert (HIGH),Raining
8440,2026-09-30 02:31:07.972818+00,99,0,17,32,59,2,2,Flood Alert (HIGH),Raining
8441,2026-09-30 02:31:14.184581+00,100,0,16,32,59,2,2,Flood Alert (HIGH),Raining
8442,2026-09-30 02:31:20.335491+00,87,0,17,32,59,2,2,Flood Alert (HIGH),Raining
8443,2026-09-30 02:31:26.560182+00,98,0,16,32,59,2,2,Flood Alert (HIGH),Raining
8444,2026-09-30 02:31:33.019295+00,97,0,16,32,59,2,2,Flood Alert (HIGH),Raining
8445,2026-09-30 02:31:39.495594+00,98,0,16,32,59,2,2,Flood Alert (HIGH),Raining
8446,2026-09-30 02:31:45.766923+00,98,0,16,32,59,2,2,Flood Alert (HIGH),Raining
8447,2026-09-30 02:31:51.825801+00,96,0,16,32,59,2,2,Flood Alert (HIGH),Raining
8448,2026-09-30 02:31:57.910929+00,92,0,16,32,59,2,2,Flood Alert (HIGH),Raining
8449,2026-09-30 02:32:04.628039+00,97,0,16,32,59,2,2,Flood Alert (HIGH),Raining
8450,2026-09-30 02:32:11.109703+00,97,0,16,32,59,2,2,Flood Alert (HIGH),Raining
8451,2026-09-30 02:32:17.541727+00,92,0,15,32,59,2,2,Flood Alert (HIGH),Raining
8452,2026-09-30 02:32:23.869415+00,97,0,16,32,59,2,2,Flood Alert (HIGH),Raining
8453,2026-09-30 02:32:30.077837+00,95,0,18,32,59,2,2,Flood Alert (HIGH),Raining
8454,2026-09-30 02:32:36.206832+00,97,0,16,32,59,2,2,Flood Alert (HIGH),Raining
8455,2026-09-30 02:32:42.35588+00,97,0,16,32,59,2,2,Flood Alert (HIGH),Raining
8456,2026-09-30 02:32:48.509852+00,96,0,16,32,59,2,2,Flood Alert (HIGH),Raining
8457,2026-09-30 02:32:54.636852+00,94,0,15,32,59,2,2,Flood Alert (HIGH),Raining
8458,2026-09-30 02:33:00.794621+00,93,0,16,32,59,2,2,Flood Alert (HIGH),Raining
8459,2026-09-30 02:33:06.836969+00,96,0,14,32,59,2,2,Flood Alert (HIGH),Raining
8460,2026-09-30 02:33:12.913255+00,95,0,10,32,59,2,2,Flood Alert (HIGH),Raining
8461,2026-09-30 02:33:18.818497+00,96,0,11,32,59,2,2,Flood Alert (HIGH),Raining
8462,2026-09-30 02:33:24.902077+00,93,0,11,32,59,2,2,Flood Alert (HIGH),Raining
8463,2026-09-30 02:33:30.914466+00,94,0,11,32,59,2,2,Flood Alert (HIGH),Raining
8464,2026-09-30 02:33:36.895156+00,97,0,11,32,59,2,2,Flood Alert (HIGH),Raining
8465,2026-09-30 02:33:43.247172+00,88,0,13,32,59,2,2,Flood Alert (HIGH),Raining
8466,2026-09-30 02:33:49.524891+00,96,0,12,32,59,2,2,Flood Alert (HIGH),Raining
8467,2026-09-30 02:33:55.694779+00,97,0,12,32,59,2,2,Flood Alert (HIGH),Raining
8468,2026-09-30 02:34:01.796182+00,97,0,12,32,59,2,2,Flood Alert (HIGH),Raining
8469,2026-09-30 02:34:07.708837+00,96,0,12,32,59,2,2,Flood Alert (HIGH),Raining
8470,2026-09-30 02:34:13.962282+00,97,0,11,32,59,2,2,Flood Alert (HIGH),Raining
8471,2026-09-30 02:34:20.263911+00,95,0,11,32,59,2,2,Flood Alert (HIGH),Raining
8472,2026-09-30 02:34:26.282536+00,96,0,11,32,59,2,2,Flood Alert (HIGH),Raining
8473,2026-09-30 02:34:32.428671+00,96,0,11,32,59,2,2,Flood Alert (HIGH),Raining
8474,2026-09-30 02:34:38.70465+00,97,0,15,32,59,2,2,Flood Alert (HIGH),Raining
8475,2026-09-30 02:34:45.108453+00,97,0,16,32,59,2,2,Flood Alert (HIGH),Raining
8476,2026-09-30 02:34:51.632055+00,95,0,16,32,59,2,2,Flood Alert (HIGH),Raining
8477,2026-09-30 02:34:58.17361+00,99,0,14,32,59,2,2,Flood Alert (HIGH),Raining
8478,2026-09-30 02:35:04.239141+00,97,0,13,32,59,2,2,Flood Alert (HIGH),Raining
8479,2026-09-30 02:35:10.36288+00,94,0,13,32,59,2,2,Flood Alert (HIGH),Raining
8480,2026-09-30 02:35:16.652677+00,95,0,13,32,59,2,2,Flood Alert (HIGH),Raining
8481,2026-09-30 02:35:22.860134+00,96,0,13,32,59,2,2,Flood Alert (HIGH),Raining
8482,2026-09-30 02:35:28.897196+00,93,0,13,32,59,2,2,Flood Alert (HIGH),Raining
8483,2026-09-30 02:35:35.004937+00,96,0,13,32,59,2,2,Flood Alert (HIGH),Raining
8484,2026-09-30 02:35:41.309833+00,98,0,12,32,59,2,2,Flood Alert (HIGH),Raining
8485,2026-09-30 02:35:47.373322+00,97,0,13,32,59,2,2,Flood Alert (HIGH),Raining
8486,2026-09-30 02:35:53.624361+00,94,0,13,32,59,2,2,Flood Alert (HIGH),Raining
8487,2026-09-30 02:35:59.822951+00,96,0,12,32,59,2,2,Flood Alert (HIGH),Raining
8488,2026-09-30 02:36:05.900764+00,95,0,13,32,59,2,2,Flood Alert (HIGH),Raining
8489,2026-09-30 02:36:12.189221+00,95,0,11,32,59,2,2,Flood Alert (HIGH),Raining
8490,2026-09-30 02:36:18.522843+00,96,0,10,32,59,2,2,Flood Alert (HIGH),Raining
8491,2026-09-30 02:36:24.547212+00,94,0,12,32,59,2,2,Flood Alert (HIGH),Raining
8492,2026-09-30 02:36:30.762881+00,95,0,11,32,59,2,2,Flood Alert (HIGH),Raining
8493,2026-09-30 02:36:36.878192+00,95,0,12,32,59,2,2,Flood Alert (HIGH),Raining
8494,2026-09-30 02:36:43.424724+00,97,0,11,32,59,2,2,Flood Alert (HIGH),Raining
8495,2026-09-30 02:36:49.923648+00,95,0,13,32,59,2,2,Flood Alert (HIGH),Raining
8496,2026-09-30 02:36:56.12744+00,97,0,12,32,59,2,2,Flood Alert (HIGH),Raining
8497,2026-09-30 02:37:02.360452+00,96,0,12,32,59,2,2,Flood Alert (HIGH),Raining
8498,2026-09-30 02:37:08.968075+00,96,0,12,32,59,2,2,Flood Alert (HIGH),Raining
8499,2026-09-30 02:37:15.349977+00,88,0,13,32,59,2,2,Flood Alert (HIGH),Raining
8500,2026-09-30 02:37:21.712352+00,97,0,13,32,59,2,2,Flood Alert (HIGH),Raining
8501,2026-09-30 02:37:28.063579+00,95,0,12,32,59,2,2,Flood Alert (HIGH),Raining
8502,2026-09-30 02:37:34.257801+00,97,0,13,32,59,2,2,Flood Alert (HIGH),Raining
8503,2026-09-30 02:37:40.329974+00,95,0,14,32,59,2,2,Flood Alert (HIGH),Raining
8504,2026-09-30 02:37:46.536079+00,96,0,13,32,59,2,2,Flood Alert (HIGH),Raining
8505,2026-09-30 02:37:52.499818+00,92,0,14,32,59,2,2,Flood Alert (HIGH),Raining
8506,2026-09-30 02:37:58.858112+00,93,0,13,32,59,2,2,Flood Alert (HIGH),Raining
8507,2026-09-30 02:38:05.313098+00,91,0,14,32,59,2,2,Flood Alert (HIGH),Raining
8508,2026-09-30 02:38:11.547456+00,98,0,13,32,59,2,2,Flood Alert (HIGH),Raining
8509,2026-09-30 02:38:17.815599+00,96,0,14,32,59,2,2,Flood Alert (HIGH),Raining
8510,2026-09-30 02:38:24.010454+00,95,0,14,32,59,2,2,Flood Alert (HIGH),Raining
8511,2026-09-30 02:38:29.994816+00,95,0,14,32,59,2,2,Flood Alert (HIGH),Raining
8512,2026-09-30 02:38:36.230487+00,96,0,14,32,59,2,2,Flood Alert (HIGH),Raining
8513,2026-09-30 02:38:42.266888+00,95,0,13,32,59,2,2,Flood Alert (HIGH),Raining
8514,2026-09-30 02:38:48.716292+00,93,0,13,32,59,2,2,Flood Alert (HIGH),Raining
8515,2026-09-30 02:38:55.496545+00,96,0,14,32,59,2,2,Flood Alert (HIGH),Raining
8516,2026-09-30 02:39:02.139251+00,93,0,13,32,59,2,2,Flood Alert (HIGH),Raining
8517,2026-09-30 02:39:08.622673+00,94,0,12,32,59,2,2,Flood Alert (HIGH),Raining
8518,2026-09-30 02:39:15.342916+00,97,0,13,32,59,2,2,Flood Alert (HIGH),Raining
8519,2026-09-30 02:39:21.683803+00,94,0,12,32,59,2,2,Flood Alert (HIGH),Raining
8520,2026-09-30 02:39:28.114259+00,96,0,13,32,59,2,2,Flood Alert (HIGH),Raining
8521,2026-09-30 02:39:34.112539+00,93,0,13,32,59,2,2,Flood Alert (HIGH),Raining
8522,2026-09-30 02:39:40.753751+00,94,0,13,32,59,2,2,Flood Alert (HIGH),Raining
8523,2026-09-30 02:39:47.439722+00,93,0,14,32,59,2,2,Flood Alert (HIGH),Raining
8524,2026-09-30 02:39:53.491106+00,99,0,14,32,59,2,2,Flood Alert (HIGH),Raining
8525,2026-09-30 02:39:59.545679+00,96,0,14,32,59,2,2,Flood Alert (HIGH),Raining
8526,2026-09-30 02:40:05.837521+00,93,0,14,32,59,2,2,Flood Alert (HIGH),Raining
8527,2026-09-30 02:40:13.060185+00,93,0,13,32,59,2,2,Flood Alert (HIGH),Raining
8528,2026-09-30 02:40:19.1739+00,96,0,13,32,59,2,2,Flood Alert (HIGH),Raining
8529,2026-09-30 02:40:25.539608+00,95,0,13,32,59,2,2,Flood Alert (HIGH),Raining
8530,2026-09-30 02:40:31.975528+00,99,0,14,32,59,2,2,Flood Alert (HIGH),Raining
8531,2026-09-30 02:40:38.312391+00,95,0,14,32,59,2,2,Flood Alert (HIGH),Raining
8532,2026-09-30 02:40:44.812367+00,95,0,14,32,59,2,2,Flood Alert (HIGH),Raining
8533,2026-09-30 02:40:51.230312+00,93,0,14,32,59,2,2,Flood Alert (HIGH),Raining
8534,2026-09-30 02:40:57.567065+00,95,0,14,32,59,2,2,Flood Alert (HIGH),Raining
8535,2026-09-30 02:41:04.160851+00,94,0,14,32,59,2,2,Flood Alert (HIGH),Raining
8536,2026-09-30 02:41:10.869276+00,96,0,14,32,59,2,2,Flood Alert (HIGH),Raining
8537,2026-09-30 02:41:17.328348+00,96,0,14,32,59,2,2,Flood Alert (HIGH),Raining
8538,2026-09-30 02:41:23.710387+00,95,0,14,32,59,2,2,Flood Alert (HIGH),Raining
8539,2026-09-30 02:41:29.861473+00,97,0,14,32,59,2,2,Flood Alert (HIGH),Raining
8540,2026-09-30 02:41:36.389863+00,94,0,14,32,59,2,2,Flood Alert (HIGH),Raining
8541,2026-09-30 02:41:42.774335+00,97,0,14,32,59,2,2,Flood Alert (HIGH),Raining
8542,2026-09-30 02:41:49.368457+00,97,0,14,32,59,2,2,Flood Alert (HIGH),Raining
8543,2026-09-30 02:41:55.732169+00,94,0,14,32,59,2,2,Flood Alert (HIGH),Raining
8544,2026-09-30 02:42:02.26874+00,93,0,15,32,59,2,2,Flood Alert (HIGH),Raining
8545,2026-09-30 02:42:08.38793+00,96,0,14,32,59,2,2,Flood Alert (HIGH),Raining
8546,2026-09-30 02:42:14.851927+00,98,0,14,32,59,2,2,Flood Alert (HIGH),Raining
8547,2026-09-30 02:42:21.121991+00,97,0,15,32,59,2,2,Flood Alert (HIGH),Raining
8548,2026-09-30 02:42:27.212236+00,94,0,15,32,59,2,2,Flood Alert (HIGH),Raining
8549,2026-09-30 02:42:33.492983+00,97,0,14,32,59,2,2,Flood Alert (HIGH),Raining
8550,2026-09-30 02:42:39.976774+00,95,0,15,32,59,2,2,Flood Alert (HIGH),Raining
8551,2026-09-30 02:42:46.497962+00,93,0,14,32,59,2,2,Flood Alert (HIGH),Raining
8552,2026-09-30 02:42:52.975309+00,94,0,14,32,59,2,2,Flood Alert (HIGH),Raining
8553,2026-09-30 02:42:59.433224+00,99,0,14,32,59,2,2,Flood Alert (HIGH),Raining
8554,2026-09-30 02:43:05.902989+00,96,0,15,32,59,2,2,Flood Alert (HIGH),Raining
8555,2026-09-30 02:43:12.314045+00,97,0,14,32,59,2,2,Flood Alert (HIGH),Raining
8556,2026-09-30 02:43:18.821767+00,92,0,15,32,59,2,2,Flood Alert (HIGH),Raining
8557,2026-09-30 02:43:25.008664+00,95,0,14,32,59,2,2,Flood Alert (HIGH),Raining
8558,2026-09-30 02:43:31.771528+00,99,0,14,32,59,2,2,Flood Alert (HIGH),Raining
8559,2026-09-30 02:43:38.188147+00,100,0,15,32,59,2,2,Flood Alert (HIGH),Raining
8560,2026-09-30 02:43:44.511202+00,96,0,14,32,59,2,2,Flood Alert (HIGH),Raining
8561,2026-09-30 02:43:50.928459+00,97,0,15,32,59,2,2,Flood Alert (HIGH),Raining
8562,2026-09-30 02:43:57.425532+00,96,0,14,32,59,2,2,Flood Alert (HIGH),Raining
8563,2026-09-30 02:44:03.840776+00,97,0,14,32,59,2,2,Flood Alert (HIGH),Raining
8564,2026-09-30 02:44:10.390905+00,94,0,15,32,59,2,2,Flood Alert (HIGH),Raining
8565,2026-09-30 02:44:16.941144+00,97,0,15,32,59,2,2,Flood Alert (HIGH),Raining
8566,2026-09-30 02:44:23.347954+00,96,0,14,32,59,2,2,Flood Alert (HIGH),Raining
8567,2026-09-30 02:44:29.935398+00,92,0,15,32,59,2,2,Flood Alert (HIGH),Raining
8568,2026-09-30 02:44:36.752058+00,98,0,15,32,59,2,2,Flood Alert (HIGH),Raining
8569,2026-09-30 02:44:42.892261+00,93,0,15,32,59,2,2,Flood Alert (HIGH),Raining
8570,2026-09-30 02:44:49.273388+00,100,0,15,32,59,2,2,Flood Alert (HIGH),Raining
8571,2026-09-30 02:44:55.356334+00,97,0,14,32,59,2,2,Flood Alert (HIGH),Raining
8572,2026-09-30 02:45:01.342891+00,97,0,15,32,59,2,2,Flood Alert (HIGH),Raining
8573,2026-09-30 02:45:07.539523+00,96,0,15,32,59,2,2,Flood Alert (HIGH),Raining
8574,2026-09-30 02:45:13.61674+00,97,0,15,32,59,2,2,Flood Alert (HIGH),Raining
8575,2026-09-30 02:45:19.614259+00,92,0,14,32,59,2,2,Flood Alert (HIGH),Raining
8576,2026-09-30 02:45:25.877075+00,96,0,14,32,59,2,2,Flood Alert (HIGH),Raining
8577,2026-09-30 02:45:32.389003+00,99,0,14,32,59,2,2,Flood Alert (HIGH),Raining
8578,2026-09-30 02:45:38.889166+00,94,0,14,32,59,2,2,Flood Alert (HIGH),Raining
8579,2026-09-30 02:45:45.127951+00,96,0,14,32,59,2,2,Flood Alert (HIGH),Raining
8580,2026-09-30 02:45:51.065523+00,92,0,15,32,59,2,2,Flood Alert (HIGH),Raining
8581,2026-09-30 02:45:57.329069+00,93,0,14,32,59,2,2,Flood Alert (HIGH),Raining
8582,2026-09-30 02:46:03.500077+00,98,0,14,32,59,2,2,Flood Alert (HIGH),Raining
8583,2026-09-30 02:46:09.563538+00,95,0,15,32,59,2,2,Flood Alert (HIGH),Raining
8584,2026-09-30 02:46:15.805048+00,94,0,14,32,59,2,2,Flood Alert (HIGH),Raining
8585,2026-09-30 02:46:22.280703+00,99,0,15,32,59,2,2,Flood Alert (HIGH),Raining
8586,2026-09-30 02:46:28.587825+00,94,0,14,32,59,2,2,Flood Alert (HIGH),Raining
8587,2026-09-30 02:46:34.569601+00,94,0,15,32,59,2,2,Flood Alert (HIGH),Raining
8588,2026-09-30 02:46:40.756276+00,95,0,14,32,59,2,2,Flood Alert (HIGH),Raining
8589,2026-09-30 02:46:46.762451+00,96,0,15,32,59,2,2,Flood Alert (HIGH),Raining
8590,2026-09-30 02:46:53.011452+00,97,0,15,32,59,2,2,Flood Alert (HIGH),Raining
8591,2026-09-30 02:46:59.211387+00,93,0,14,32,59,2,2,Flood Alert (HIGH),Raining
8592,2026-09-30 02:47:05.146382+00,95,0,15,32,59,2,2,Flood Alert (HIGH),Raining
8593,2026-09-30 02:47:11.197681+00,94,0,15,32,59,2,2,Flood Alert (HIGH),Raining
8594,2026-09-30 02:47:17.624981+00,99,0,14,32,59,2,2,Flood Alert (HIGH),Raining
8595,2026-09-30 02:47:23.662898+00,97,0,14,32,59,2,2,Flood Alert (HIGH),Raining
8596,2026-09-30 02:47:29.697624+00,96,0,15,32,59,2,2,Flood Alert (HIGH),Raining
8597,2026-09-30 02:47:35.695943+00,97,0,14,32,59,2,2,Flood Alert (HIGH),Raining
8598,2026-09-30 02:47:41.980418+00,100,0,14,32,59,2,2,Flood Alert (HIGH),Raining
8599,2026-09-30 02:47:48.133226+00,94,0,14,32,59,2,2,Flood Alert (HIGH),Raining
8600,2026-09-30 02:47:54.342901+00,96,0,15,32,59,2,2,Flood Alert (HIGH),Raining
8601,2026-09-30 02:48:00.77436+00,93,0,13,32,59,2,2,Flood Alert (HIGH),Raining
8602,2026-09-30 02:48:07.22197+00,95,0,14,32,59,2,2,Flood Alert (HIGH),Raining
8603,2026-09-30 02:48:13.477807+00,97,0,13,32,59,2,2,Flood Alert (HIGH),Raining
8604,2026-09-30 02:48:19.69533+00,96,0,14,32,59,2,2,Flood Alert (HIGH),Raining
8605,2026-09-30 02:48:25.940826+00,96,0,13,32,59,2,2,Flood Alert (HIGH),Raining
8606,2026-09-30 02:48:32.344913+00,98,0,13,32,59,2,2,Flood Alert (HIGH),Raining
8607,2026-09-30 02:48:38.815173+00,96,0,14,32,59,2,2,Flood Alert (HIGH),Raining
8608,2026-09-30 02:48:45.353142+00,92,0,14,32,59,2,2,Flood Alert (HIGH),Raining
8609,2026-09-30 02:48:51.693931+00,92,0,14,32,59,2,2,Flood Alert (HIGH),Raining
8610,2026-09-30 02:48:58.068844+00,95,0,14,32,59,2,2,Flood Alert (HIGH),Raining
8611,2026-09-30 02:49:04.381505+00,93,0,14,32,59,2,2,Flood Alert (HIGH),Raining
8612,2026-09-30 02:49:10.36467+00,92,0,14,32,59,2,2,Flood Alert (HIGH),Raining
8613,2026-09-30 02:49:16.564468+00,92,0,14,32,59,2,2,Flood Alert (HIGH),Raining
8614,2026-09-30 02:49:23.090927+00,98,0,14,32,59,2,2,Flood Alert (HIGH),Raining
8615,2026-09-30 02:49:29.651419+00,98,0,13,32,59,2,2,Flood Alert (HIGH),Raining
8616,2026-09-30 02:49:35.779936+00,94,0,14,32,59,2,2,Flood Alert (HIGH),Raining
8617,2026-09-30 02:49:41.976289+00,95,0,13,32,59,2,2,Flood Alert (HIGH),Raining
8618,2026-09-30 02:49:48.09301+00,98,0,13,32,59,2,2,Flood Alert (HIGH),Raining
8619,2026-09-30 02:49:54.518026+00,92,0,14,32,59,2,2,Flood Alert (HIGH),Raining
8620,2026-09-30 02:50:00.758172+00,92,0,13,32,59,2,2,Flood Alert (HIGH),Raining
8621,2026-09-30 02:50:06.876385+00,97,0,13,32,59,2,2,Flood Alert (HIGH),Raining
8622,2026-09-30 02:50:15.598532+00,91,0,13,32.2,58,2,2,Flood Alert (HIGH),Raining
8623,2026-09-30 02:50:21.953706+00,97,0,14,32.2,58,2,2,Flood Alert (HIGH),Raining
8624,2026-09-30 02:50:28.236318+00,92,0,14,32.2,58,2,2,Flood Alert (HIGH),Raining
8625,2026-09-30 02:50:34.759543+00,95,0,13,32.2,58,2,2,Flood Alert (HIGH),Raining
8626,2026-09-30 02:50:40.855734+00,96,0,14,32.2,58,2,2,Flood Alert (HIGH),Raining
8627,2026-09-30 02:50:47.268385+00,95,0,13,32.2,58,2,2,Flood Alert (HIGH),Raining
8628,2026-09-30 02:50:53.398132+00,96,0,14,32.2,58,2,2,Flood Alert (HIGH),Raining
8629,2026-09-30 02:50:59.892773+00,94,0,14,32.2,58,2,2,Flood Alert (HIGH),Raining
8630,2026-09-30 02:51:06.128506+00,92,0,14,32.2,58,2,2,Flood Alert (HIGH),Raining
8631,2026-09-30 02:51:12.485512+00,95,0,14,32.2,58,2,2,Flood Alert (HIGH),Raining
8632,2026-09-30 02:51:19.081702+00,99,0,15,32.2,58,2,2,Flood Alert (HIGH),Raining
8633,2026-09-30 02:51:25.2642+00,96,0,14,32.2,58,2,2,Flood Alert (HIGH),Raining
8634,2026-09-30 02:51:31.848161+00,96,0,14,32.2,58,2,2,Flood Alert (HIGH),Raining
8635,2026-09-30 02:51:38.638548+00,95,0,13,32.2,58,2,2,Flood Alert (HIGH),Raining
8636,2026-09-30 02:51:44.921911+00,97,0,12,32.2,58,2,2,Flood Alert (HIGH),Raining
8637,2026-09-30 02:51:51.44579+00,92,0,13,32.2,58,2,2,Flood Alert (HIGH),Raining
8638,2026-09-30 02:51:58.13973+00,96,0,13,32.2,58,2,2,Flood Alert (HIGH),Raining
8639,2026-09-30 02:52:04.345471+00,98,0,13,32.2,58,2,2,Flood Alert (HIGH),Raining
8640,2026-09-30 02:52:10.456447+00,95,0,13,32.2,58,2,2,Flood Alert (HIGH),Raining
8641,2026-09-30 02:52:16.793625+00,92,0,12,32.2,58,2,2,Flood Alert (HIGH),Raining
8642,2026-09-30 02:52:23.038004+00,95,0,11,32.2,58,2,2,Flood Alert (HIGH),Raining
8643,2026-09-30 02:52:29.411168+00,92,0,12,32.2,58,2,2,Flood Alert (HIGH),Raining
8644,2026-09-30 02:52:35.494631+00,93,0,12,32.2,58,2,2,Flood Alert (HIGH),Raining
8645,2026-09-30 02:52:41.985267+00,98,0,14,32.2,58,2,2,Flood Alert (HIGH),Raining
8646,2026-09-30 02:52:48.379873+00,95,0,13,32.2,58,2,2,Flood Alert (HIGH),Raining
8647,2026-09-30 02:52:54.484315+00,96,0,13,32.2,58,2,2,Flood Alert (HIGH),Raining
8648,2026-09-30 02:53:00.828655+00,93,0,13,32.2,58,2,2,Flood Alert (HIGH),Raining
8649,2026-09-30 02:53:07.114767+00,93,0,13,32.2,58,2,2,Flood Alert (HIGH),Raining
8650,2026-09-30 02:53:13.13184+00,99,0,12,32.2,58,2,2,Flood Alert (HIGH),Raining
8651,2026-09-30 02:53:19.437292+00,93,0,13,32.2,58,2,2,Flood Alert (HIGH),Raining
8652,2026-09-30 02:53:26.003784+00,95,0,13,32.2,58,2,2,Flood Alert (HIGH),Raining
8653,2026-09-30 02:53:32.165653+00,96,0,13,32.2,58,2,2,Flood Alert (HIGH),Raining
8654,2026-09-30 02:53:38.488523+00,92,0,13,32.2,58,2,2,Flood Alert (HIGH),Raining
8655,2026-09-30 02:53:44.968735+00,92,0,13,32.2,58,2,2,Flood Alert (HIGH),Raining
8656,2026-09-30 02:53:51.307174+00,94,0,12,32.2,58,2,2,Flood Alert (HIGH),Raining
8657,2026-09-30 02:53:57.763522+00,97,0,13,32.2,58,2,2,Flood Alert (HIGH),Raining
8658,2026-09-30 02:54:03.984287+00,92,0,13,32.2,58,2,2,Flood Alert (HIGH),Raining
8659,2026-09-30 02:54:10.550957+00,96,0,13,32.2,58,2,2,Flood Alert (HIGH),Raining
8660,2026-09-30 02:54:16.985308+00,97,0,14,32.2,58,2,2,Flood Alert (HIGH),Raining
8661,2026-09-30 02:54:23.384117+00,97,0,13,32.2,58,2,2,Flood Alert (HIGH),Raining
8662,2026-09-30 02:54:29.537456+00,96,0,13,32.2,58,2,2,Flood Alert (HIGH),Raining
8663,2026-09-30 02:54:35.641469+00,98,0,13,32.2,58,2,2,Flood Alert (HIGH),Raining
8664,2026-09-30 02:54:41.837996+00,94,0,13,32.2,58,2,2,Flood Alert (HIGH),Raining
8665,2026-09-30 02:54:47.844608+00,95,0,12,32.2,58,2,2,Flood Alert (HIGH),Raining
8666,2026-09-30 02:54:53.859531+00,98,0,13,32.2,58,2,2,Flood Alert (HIGH),Raining
8667,2026-09-30 02:55:00.349232+00,95,0,13,32.2,58,2,2,Flood Alert (HIGH),Raining
8668,2026-09-30 02:55:06.325277+00,93,0,12,32.2,58,2,2,Flood Alert (HIGH),Raining
8669,2026-09-30 02:55:12.671062+00,92,0,12,32.2,58,2,2,Flood Alert (HIGH),Raining
8670,2026-09-30 02:55:18.667068+00,97,0,13,32.2,58,2,2,Flood Alert (HIGH),Raining
8671,2026-09-30 02:55:24.914967+00,98,0,12,32.2,58,2,2,Flood Alert (HIGH),Raining
8672,2026-09-30 02:55:31.387912+00,96,0,13,32.2,58,2,2,Flood Alert (HIGH),Raining
8673,2026-09-30 02:55:37.777363+00,97,0,12,32.2,58,2,2,Flood Alert (HIGH),Raining
8674,2026-09-30 02:55:44.155676+00,94,0,13,32.2,58,2,2,Flood Alert (HIGH),Raining
8675,2026-09-30 02:55:50.422359+00,99,0,12,32.2,58,2,2,Flood Alert (HIGH),Raining
8676,2026-09-30 02:55:56.565847+00,97,0,12,32.2,58,2,2,Flood Alert (HIGH),Raining
8677,2026-09-30 02:56:02.802731+00,95,0,13,32.2,58,2,2,Flood Alert (HIGH),Raining
8678,2026-09-30 02:56:09.078888+00,95,0,12,32.2,58,2,2,Flood Alert (HIGH),Raining
8679,2026-09-30 02:56:15.302629+00,97,0,12,32.2,58,2,2,Flood Alert (HIGH),Raining
8680,2026-09-30 02:56:21.480281+00,96,0,13,32.2,58,2,2,Flood Alert (HIGH),Raining
8681,2026-09-30 02:56:27.583606+00,95,0,13,32.2,58,2,2,Flood Alert (HIGH),Raining
8682,2026-09-30 02:56:33.682277+00,93,0,13,32.2,58,2,2,Flood Alert (HIGH),Raining
8683,2026-09-30 02:56:40.156624+00,94,0,13,32.2,58,2,2,Flood Alert (HIGH),Raining
8684,2026-09-30 02:56:46.535509+00,98,0,13,32.2,58,2,2,Flood Alert (HIGH),Raining
8685,2026-09-30 02:56:52.787339+00,93,0,13,32.2,58,2,2,Flood Alert (HIGH),Raining
8686,2026-09-30 02:56:58.86125+00,95,0,13,32.2,58,2,2,Flood Alert (HIGH),Raining
8687,2026-09-30 02:57:04.926547+00,97,0,14,32.2,58,2,2,Flood Alert (HIGH),Raining
8688,2026-09-30 02:57:11.40498+00,96,0,13,32.2,58,2,2,Flood Alert (HIGH),Raining
8689,2026-09-30 02:57:17.76849+00,94,0,13,32.2,58,2,2,Flood Alert (HIGH),Raining
8690,2026-09-30 02:57:24.551132+00,92,0,14,32.2,58,2,2,Flood Alert (HIGH),Raining
8691,2026-09-30 02:57:30.771186+00,96,0,13,32.2,58,2,2,Flood Alert (HIGH),Raining
8692,2026-09-30 02:57:37.121514+00,97,0,13,32.2,58,2,2,Flood Alert (HIGH),Raining
8693,2026-09-30 02:57:43.570802+00,93,0,13,32.2,58,2,2,Flood Alert (HIGH),Raining
8694,2026-09-30 02:57:49.661387+00,93,0,12,32.2,58,2,2,Flood Alert (HIGH),Raining
8695,2026-09-30 02:57:56.078421+00,99,0,13,32.2,58,2,2,Flood Alert (HIGH),Raining
8696,2026-09-30 02:58:02.676922+00,98,0,14,32.2,58,2,2,Flood Alert (HIGH),Raining
8697,2026-09-30 02:58:08.995126+00,98,0,13,32.2,58,2,2,Flood Alert (HIGH),Raining
8698,2026-09-30 02:58:15.153857+00,92,0,13,32.2,58,2,2,Flood Alert (HIGH),Raining
8699,2026-09-30 02:58:21.33621+00,94,0,13,32.2,58,2,2,Flood Alert (HIGH),Raining
8700,2026-09-30 02:58:27.7037+00,96,0,12,32.2,58,2,2,Flood Alert (HIGH),Raining
8701,2026-09-30 02:58:34.32042+00,93,0,10,32.2,58,2,2,Flood Alert (HIGH),Raining
8702,2026-09-30 02:58:40.747864+00,95,0,10,32.2,58,2,2,Flood Alert (HIGH),Raining
8703,2026-09-30 02:58:46.898933+00,96,0,14,32.2,58,2,2,Flood Alert (HIGH),Raining
8704,2026-09-30 02:58:53.009628+00,98,0,13,32.2,58,2,2,Flood Alert (HIGH),Raining
8705,2026-09-30 02:58:58.951112+00,93,0,10,32.2,58,2,2,Flood Alert (HIGH),Raining
8706,2026-09-30 02:59:04.944072+00,94,0,10,32.2,58,2,2,Flood Alert (HIGH),Raining
8707,2026-09-30 02:59:11.152473+00,93,0,10,32.2,58,2,2,Flood Alert (HIGH),Raining
8708,2026-09-30 02:59:17.364937+00,96,0,10,32.2,58,2,2,Flood Alert (HIGH),Raining
8709,2026-09-30 02:59:23.627255+00,93,0,10,32.2,58,2,2,Flood Alert (HIGH),Raining
8710,2026-09-30 02:59:29.68394+00,93,0,11,32.2,58,2,2,Flood Alert (HIGH),Raining
8711,2026-09-30 02:59:35.624303+00,100,0,11,32.2,58,2,2,Flood Alert (HIGH),Raining
8712,2026-09-30 02:59:41.670342+00,94,0,10,32.2,58,2,2,Flood Alert (HIGH),Raining
8713,2026-09-30 02:59:48.119025+00,91,0,11,32.2,58,2,2,Flood Alert (HIGH),Raining
8714,2026-09-30 02:59:54.104916+00,97,0,11,32.2,58,2,2,Flood Alert (HIGH),Raining
8715,2026-09-30 03:00:00.464305+00,93,0,11,32.2,58,2,2,Flood Alert (HIGH),Raining
8716,2026-09-30 03:00:06.694935+00,92,0,10,32.2,58,2,2,Flood Alert (HIGH),Raining
8717,2026-09-30 03:00:13.130177+00,97,0,11,32.2,58,2,2,Flood Alert (HIGH),Raining
8718,2026-09-30 03:00:19.538481+00,95,0,10,32.4,57,3,2,Flood Alert (HIGH),Raining
8719,2026-09-30 03:00:25.74916+00,97,0,11,32.4,57,3,2,Flood Alert (HIGH),Raining
8720,2026-09-30 03:00:32.052684+00,97,0,10,32.4,57,3,2,Flood Alert (HIGH),Raining
8721,2026-09-30 03:00:38.230905+00,93,0,11,32.4,57,3,2,Flood Alert (HIGH),Raining
8722,2026-09-30 03:00:44.571731+00,97,0,10,32.4,57,3,2,Flood Alert (HIGH),Raining
8723,2026-09-30 03:00:51.061677+00,96,0,10,32.4,57,3,2,Flood Alert (HIGH),Raining
8724,2026-09-30 03:00:57.376834+00,97,0,10,32.4,57,3,2,Flood Alert (HIGH),Raining
8725,2026-09-30 03:01:03.788132+00,96,0,10,32.4,57,3,2,Flood Alert (HIGH),Raining
8726,2026-09-30 03:01:10.087186+00,98,0,11,32.4,57,3,2,Flood Alert (HIGH),Raining
8727,2026-09-30 03:01:16.467474+00,91,0,10,32.4,57,3,2,Flood Alert (HIGH),Raining
8728,2026-09-30 03:01:22.800603+00,100,0,11,32.4,57,3,2,Flood Alert (HIGH),Raining
8729,2026-09-30 03:01:29.051538+00,94,0,11,32.4,57,3,2,Flood Alert (HIGH),Raining
8730,2026-09-30 03:01:35.245589+00,96,0,10,32.4,57,3,2,Flood Alert (HIGH),Raining
8731,2026-09-30 03:01:41.227103+00,97,0,10,32.4,57,3,2,Flood Alert (HIGH),Raining
8732,2026-09-30 03:01:47.392477+00,97,0,10,32.4,57,3,2,Flood Alert (HIGH),Raining
8733,2026-09-30 03:01:53.5246+00,99,0,11,32.4,57,3,2,Flood Alert (HIGH),Raining
8734,2026-09-30 03:01:59.865363+00,96,0,11,32.4,57,3,2,Flood Alert (HIGH),Raining
8735,2026-09-30 03:02:06.207382+00,98,0,11,32.4,57,3,2,Flood Alert (HIGH),Raining
8736,2026-09-30 03:02:12.466607+00,96,0,11,32.4,57,3,2,Flood Alert (HIGH),Raining
8737,2026-09-30 03:02:18.630843+00,97,0,10,32.4,57,3,2,Flood Alert (HIGH),Raining
8738,2026-09-30 03:02:24.819194+00,96,0,11,32.4,57,3,2,Flood Alert (HIGH),Raining
8739,2026-09-30 03:02:31.328302+00,97,0,11,32.4,57,3,2,Flood Alert (HIGH),Raining
8740,2026-09-30 03:02:37.464058+00,94,0,10,32.4,57,3,2,Flood Alert (HIGH),Raining
8741,2026-09-30 03:02:43.725098+00,96,0,11,32.4,57,3,2,Flood Alert (HIGH),Raining
8742,2026-09-30 03:02:49.902716+00,98,0,11,32.4,57,3,2,Flood Alert (HIGH),Raining
8743,2026-09-30 03:02:56.329983+00,97,0,11,32.4,57,3,2,Flood Alert (HIGH),Raining
8744,2026-09-30 03:03:02.739867+00,94,0,10,32.4,57,3,2,Flood Alert (HIGH),Raining
8745,2026-09-30 03:03:08.881995+00,93,0,11,32.4,57,3,2,Flood Alert (HIGH),Raining
8746,2026-09-30 03:03:15.168433+00,100,0,11,32.4,57,3,2,Flood Alert (HIGH),Raining
8747,2026-09-30 03:03:21.213971+00,96,0,10,32.4,57,3,2,Flood Alert (HIGH),Raining
8748,2026-09-30 03:03:27.364314+00,96,0,11,32.4,57,3,2,Flood Alert (HIGH),Raining
8749,2026-09-30 03:03:33.447317+00,96,0,10,32.4,57,3,2,Flood Alert (HIGH),Raining
8750,2026-09-30 03:03:39.930859+00,97,0,11,32.4,57,3,2,Flood Alert (HIGH),Raining
8751,2026-09-30 03:03:46.082853+00,97,0,10,32.4,57,3,2,Flood Alert (HIGH),Raining
8752,2026-09-30 03:03:52.442883+00,98,0,11,32.4,57,3,2,Flood Alert (HIGH),Raining
8753,2026-09-30 03:03:58.475838+00,99,0,11,32.4,57,3,2,Flood Alert (HIGH),Raining
8754,2026-09-30 03:04:04.957944+00,92,0,11,32.4,57,3,2,Flood Alert (HIGH),Raining
8755,2026-09-30 03:04:11.403101+00,94,0,11,32.4,57,3,2,Flood Alert (HIGH),Raining
8756,2026-09-30 03:04:17.450539+00,97,0,10,32.4,57,3,2,Flood Alert (HIGH),Raining
8757,2026-09-30 03:04:23.646287+00,93,0,11,32.4,57,3,2,Flood Alert (HIGH),Raining
8758,2026-09-30 03:04:29.705993+00,97,0,11,32.4,57,3,2,Flood Alert (HIGH),Raining
8759,2026-09-30 03:04:35.908634+00,97,0,11,32.4,57,3,2,Flood Alert (HIGH),Raining
8760,2026-09-30 03:04:42.474618+00,96,0,10,32.4,57,3,2,Flood Alert (HIGH),Raining
8761,2026-09-30 03:04:48.76044+00,93,0,11,32.4,57,3,2,Flood Alert (HIGH),Raining
8762,2026-09-30 03:04:54.983306+00,99,0,10,32.4,57,3,2,Flood Alert (HIGH),Raining
8763,2026-09-30 03:05:01.453756+00,95,0,11,32.4,57,3,2,Flood Alert (HIGH),Raining
8764,2026-09-30 03:05:07.860112+00,96,0,10,32.4,57,3,2,Flood Alert (HIGH),Raining
8765,2026-09-30 03:05:14.089858+00,92,0,10,32.4,57,3,2,Flood Alert (HIGH),Raining
8766,2026-09-30 03:05:20.508664+00,94,0,11,32.4,57,3,2,Flood Alert (HIGH),Raining
8767,2026-09-30 03:05:26.832117+00,97,0,11,32.4,57,3,2,Flood Alert (HIGH),Raining
8768,2026-09-30 03:05:32.942858+00,96,0,11,32.4,57,3,2,Flood Alert (HIGH),Raining
8769,2026-09-30 03:05:39.26848+00,95,0,11,32.4,57,3,2,Flood Alert (HIGH),Raining
8770,2026-09-30 03:05:45.355992+00,93,0,11,32.4,57,3,2,Flood Alert (HIGH),Raining
8771,2026-09-30 03:05:51.587472+00,100,0,11,32.4,57,3,2,Flood Alert (HIGH),Raining
8772,2026-09-30 03:05:57.754332+00,97,0,11,32.4,57,3,2,Flood Alert (HIGH),Raining
8773,2026-09-30 03:06:03.878547+00,95,0,10,32.4,57,3,2,Flood Alert (HIGH),Raining
8774,2026-09-30 03:06:10.290767+00,94,0,10,32.4,57,3,2,Flood Alert (HIGH),Raining
8775,2026-09-30 03:06:16.338967+00,92,0,11,32.4,57,3,2,Flood Alert (HIGH),Raining
8776,2026-09-30 03:06:22.924207+00,93,0,10,32.4,57,3,2,Flood Alert (HIGH),Raining
8777,2026-09-30 03:06:29.378499+00,96,0,10,32.4,57,3,2,Flood Alert (HIGH),Raining
8778,2026-09-30 03:06:35.761297+00,91,0,11,32.4,57,3,2,Flood Alert (HIGH),Raining
8779,2026-09-30 03:06:41.891938+00,92,0,11,32.4,57,3,2,Flood Alert (HIGH),Raining
8780,2026-09-30 03:06:48.218618+00,96,0,11,32.4,57,3,2,Flood Alert (HIGH),Raining
8781,2026-09-30 03:06:54.608112+00,96,0,11,32.4,57,3,2,Flood Alert (HIGH),Raining
8782,2026-09-30 03:07:00.800002+00,96,0,10,32.4,57,3,2,Flood Alert (HIGH),Raining
8783,2026-09-30 03:07:07.234853+00,97,0,11,32.4,57,3,2,Flood Alert (HIGH),Raining
8784,2026-09-30 03:07:13.750414+00,95,0,11,32.4,57,3,2,Flood Alert (HIGH),Raining
8785,2026-09-30 03:07:19.871165+00,95,0,11,32.4,57,3,2,Flood Alert (HIGH),Raining
8786,2026-09-30 03:07:26.199412+00,94,0,10,32.4,57,3,2,Flood Alert (HIGH),Raining
8787,2026-09-30 03:07:32.577838+00,98,0,11,32.4,57,3,2,Flood Alert (HIGH),Raining
8788,2026-09-30 03:07:38.689292+00,97,0,11,32.4,57,3,2,Flood Alert (HIGH),Raining
8789,2026-09-30 03:07:44.961256+00,96,0,10,32.4,57,3,2,Flood Alert (HIGH),Raining
8790,2026-09-30 03:07:51.090865+00,91,0,11,32.4,57,3,2,Flood Alert (HIGH),Raining
8791,2026-09-30 03:07:57.42841+00,97,0,10,32.4,57,3,2,Flood Alert (HIGH),Raining
8792,2026-09-30 03:08:03.836391+00,97,0,11,32.4,57,3,2,Flood Alert (HIGH),Raining
8793,2026-09-30 03:08:10.091914+00,92,0,11,32.4,57,3,2,Flood Alert (HIGH),Raining
8794,2026-09-30 03:08:16.40584+00,97,0,10,32.4,57,3,2,Flood Alert (HIGH),Raining
8795,2026-09-30 03:08:22.952746+00,99,0,10,32.4,57,3,2,Flood Alert (HIGH),Raining
8796,2026-09-30 03:08:28.938398+00,92,0,10,32.4,57,3,2,Flood Alert (HIGH),Raining
8797,2026-09-30 03:08:35.012392+00,93,0,10,32.4,57,3,2,Flood Alert (HIGH),Raining
8798,2026-09-30 03:08:41.684281+00,92,0,10,32.4,57,3,2,Flood Alert (HIGH),Raining
8799,2026-09-30 03:08:47.828487+00,95,0,11,32.4,57,3,2,Flood Alert (HIGH),Raining
8800,2026-09-30 03:08:54.089275+00,97,0,10,32.4,57,3,2,Flood Alert (HIGH),Raining
8801,2026-09-30 03:09:00.214057+00,100,0,11,32.4,57,3,2,Flood Alert (HIGH),Raining
8802,2026-09-30 03:09:06.592632+00,93,0,10,32.4,57,3,2,Flood Alert (HIGH),Raining
8803,2026-09-30 03:09:12.850221+00,95,0,10,32.4,57,3,2,Flood Alert (HIGH),Raining
8804,2026-09-30 03:09:18.990238+00,95,0,10,32.4,57,3,2,Flood Alert (HIGH),Raining
8805,2026-09-30 03:09:25.23335+00,95,0,10,32.4,57,3,2,Flood Alert (HIGH),Raining
8806,2026-09-30 03:09:31.301678+00,98,0,11,32.4,57,3,2,Flood Alert (HIGH),Raining
8807,2026-09-30 03:09:37.209316+00,98,0,10,32.4,57,3,2,Flood Alert (HIGH),Raining
8808,2026-09-30 03:09:43.25668+00,92,0,10,32.4,57,3,2,Flood Alert (HIGH),Raining
8809,2026-09-30 03:09:49.285922+00,98,0,10,32.4,57,3,2,Flood Alert (HIGH),Raining
8810,2026-09-30 03:09:55.37173+00,97,0,10,32.4,57,3,2,Flood Alert (HIGH),Raining
8811,2026-09-30 03:10:01.491772+00,92,0,11,32.4,57,3,2,Flood Alert (HIGH),Raining
8812,2026-09-30 03:10:07.52842+00,92,0,11,32.4,57,3,2,Flood Alert (HIGH),Raining
8813,2026-09-30 03:10:13.594838+00,98,0,10,32.4,57,3,2,Flood Alert (HIGH),Raining
8814,2026-09-30 03:10:21.447894+00,97,0,10,32.4,57,3,2,Flood Alert (HIGH),Raining
8815,2026-09-30 03:10:27.793464+00,92,0,10,32.4,57,3,2,Flood Alert (HIGH),Raining
8816,2026-09-30 03:10:34.025826+00,94,0,11,32.4,57,3,2,Flood Alert (HIGH),Raining
8817,2026-09-30 03:10:40.288301+00,99,0,11,32.4,57,3,2,Flood Alert (HIGH),Raining
8818,2026-09-30 03:10:46.409209+00,98,0,10,32.4,57,3,2,Flood Alert (HIGH),Raining
8819,2026-09-30 03:10:52.840284+00,95,0,10,32.4,57,3,2,Flood Alert (HIGH),Raining
8820,2026-09-30 03:10:59.257325+00,92,0,10,32.4,57,3,2,Flood Alert (HIGH),Raining
8821,2026-09-30 03:11:05.353108+00,96,0,10,32.4,57,3,2,Flood Alert (HIGH),Raining
8822,2026-09-30 03:11:11.582533+00,94,0,10,32.4,57,3,2,Flood Alert (HIGH),Raining
8823,2026-09-30 03:11:17.936991+00,96,0,10,32.4,57,3,2,Flood Alert (HIGH),Raining
8824,2026-09-30 03:11:23.991715+00,94,0,10,32.4,57,3,2,Flood Alert (HIGH),Raining
8825,2026-09-30 03:11:30.35379+00,92,0,10,32.4,57,3,2,Flood Alert (HIGH),Raining
8826,2026-09-30 03:11:36.544111+00,95,0,10,32.4,57,3,2,Flood Alert (HIGH),Raining
8827,2026-09-30 03:11:43.098698+00,94,0,10,32.4,57,3,2,Flood Alert (HIGH),Raining
8828,2026-09-30 03:11:49.521414+00,91,0,10,32.4,57,3,2,Flood Alert (HIGH),Raining
8829,2026-09-30 03:11:55.747354+00,95,0,11,32.4,57,3,2,Flood Alert (HIGH),Raining
8830,2026-09-30 03:12:01.990487+00,93,0,10,32.4,57,3,2,Flood Alert (HIGH),Raining
8831,2026-09-30 03:12:08.308271+00,92,0,11,32.4,57,3,2,Flood Alert (HIGH),Raining
8832,2026-09-30 03:12:14.71297+00,97,0,11,32.4,57,3,2,Flood Alert (HIGH),Raining
8833,2026-09-30 03:12:20.803278+00,92,0,10,32.4,57,3,2,Flood Alert (HIGH),Raining
8834,2026-09-30 03:12:27.192886+00,93,0,10,32.4,57,3,2,Flood Alert (HIGH),Raining
8835,2026-09-30 03:12:33.403767+00,95,0,11,32.4,57,3,2,Flood Alert (HIGH),Raining
8836,2026-09-30 03:12:39.83981+00,92,0,11,32.4,57,3,2,Flood Alert (HIGH),Raining
8837,2026-09-30 03:12:45.88495+00,94,0,11,32.4,57,3,2,Flood Alert (HIGH),Raining
8838,2026-09-30 03:12:51.93593+00,92,0,10,32.4,57,3,2,Flood Alert (HIGH),Raining
8839,2026-09-30 03:12:58.541623+00,97,0,10,32.4,57,3,2,Flood Alert (HIGH),Raining
8840,2026-09-30 03:13:04.977201+00,97,0,11,32.4,57,3,2,Flood Alert (HIGH),Raining
8841,2026-09-30 03:13:11.241451+00,96,0,11,32.4,57,3,2,Flood Alert (HIGH),Raining
8842,2026-09-30 03:13:17.727521+00,99,0,10,32.4,57,3,2,Flood Alert (HIGH),Raining
8843,2026-09-30 03:13:23.796471+00,91,0,10,32.4,57,3,2,Flood Alert (HIGH),Raining
8844,2026-09-30 03:13:30.258065+00,96,0,10,32.4,57,3,2,Flood Alert (HIGH),Raining
8845,2026-09-30 03:13:36.894821+00,99,0,10,32.4,57,3,2,Flood Alert (HIGH),Raining
8846,2026-09-30 03:13:43.62833+00,91,0,10,32.4,57,3,2,Flood Alert (HIGH),Raining
8847,2026-09-30 03:13:49.88025+00,98,0,10,32.4,57,3,2,Flood Alert (HIGH),Raining
8848,2026-09-30 03:13:56.277265+00,92,0,10,32.4,57,3,2,Flood Alert (HIGH),Raining
8849,2026-09-30 03:14:02.676692+00,99,0,10,32.4,57,3,2,Flood Alert (HIGH),Raining
8850,2026-09-30 03:14:08.986916+00,93,0,14,32.4,57,3,2,Flood Alert (HIGH),Raining
8851,2026-09-30 03:14:14.988278+00,93,0,13,32.4,57,3,2,Flood Alert (HIGH),Raining
8852,2026-09-30 03:14:21.303014+00,98,0,14,32.4,57,3,2,Flood Alert (HIGH),Raining
8853,2026-09-30 03:14:27.275704+00,97,0,14,32.4,57,3,2,Flood Alert (HIGH),Raining
8854,2026-09-30 03:14:33.626162+00,93,0,13,32.4,57,3,2,Flood Alert (HIGH),Raining
8855,2026-09-30 03:14:39.945425+00,97,0,14,32.4,57,3,2,Flood Alert (HIGH),Raining
8856,2026-09-30 03:14:46.089726+00,97,0,14,32.4,57,3,2,Flood Alert (HIGH),Raining
8857,2026-09-30 03:14:52.490208+00,94,0,14,32.4,57,3,2,Flood Alert (HIGH),Raining
8858,2026-09-30 03:14:58.718989+00,92,0,13,32.4,57,3,2,Flood Alert (HIGH),Raining
8859,2026-09-30 03:15:05.16873+00,95,0,14,32.4,57,3,2,Flood Alert (HIGH),Raining
8860,2026-09-30 03:15:11.429464+00,95,0,14,32.4,57,3,2,Flood Alert (HIGH),Raining
8861,2026-09-30 03:15:17.912138+00,94,0,13,32.4,57,3,2,Flood Alert (HIGH),Raining
8862,2026-09-30 03:15:24.225813+00,95,0,14,32.4,57,3,2,Flood Alert (HIGH),Raining
8863,2026-09-30 03:15:30.547709+00,92,0,14,32.4,57,3,2,Flood Alert (HIGH),Raining
8864,2026-09-30 03:15:36.967027+00,94,0,14,32.4,57,3,2,Flood Alert (HIGH),Raining
8865,2026-09-30 03:15:43.07223+00,96,0,14,32.4,57,3,2,Flood Alert (HIGH),Raining
8866,2026-09-30 03:15:49.261138+00,92,0,14,32.4,57,3,2,Flood Alert (HIGH),Raining
8867,2026-09-30 03:15:55.31093+00,97,0,14,32.4,57,3,2,Flood Alert (HIGH),Raining
8868,2026-09-30 03:16:01.323436+00,99,0,14,32.4,57,3,2,Flood Alert (HIGH),Raining
8869,2026-09-30 03:16:07.367991+00,100,0,14,32.4,57,3,2,Flood Alert (HIGH),Raining
8870,2026-09-30 03:16:13.763413+00,94,0,14,32.4,57,3,2,Flood Alert (HIGH),Raining
8871,2026-09-30 03:16:20.140595+00,98,0,15,32.4,57,3,2,Flood Alert (HIGH),Raining
8872,2026-09-30 03:16:26.343318+00,99,0,15,32.4,57,3,2,Flood Alert (HIGH),Raining
8873,2026-09-30 03:16:32.733096+00,92,0,15,32.4,57,3,2,Flood Alert (HIGH),Raining
8874,2026-09-30 03:16:38.975666+00,92,0,16,32.4,57,3,2,Flood Alert (HIGH),Raining
8875,2026-09-30 03:16:45.104979+00,93,0,15,32.4,57,3,2,Flood Alert (HIGH),Raining
8876,2026-09-30 03:16:51.401818+00,92,0,16,32.4,57,3,2,Flood Alert (HIGH),Raining
8877,2026-09-30 03:16:57.500126+00,96,0,15,32.4,57,3,2,Flood Alert (HIGH),Raining
8878,2026-09-30 03:17:03.777597+00,100,0,15,32.4,57,3,2,Flood Alert (HIGH),Raining
8879,2026-09-30 03:17:09.896177+00,98,0,15,32.4,57,3,2,Flood Alert (HIGH),Raining
8880,2026-09-30 03:17:16.406502+00,97,0,15,32.4,57,3,2,Flood Alert (HIGH),Raining
8881,2026-09-30 03:17:22.809335+00,93,0,15,32.4,57,3,2,Flood Alert (HIGH),Raining
8882,2026-09-30 03:17:29.300642+00,96,0,15,32.4,57,3,2,Flood Alert (HIGH),Raining
8883,2026-09-30 03:17:35.316742+00,97,0,15,32.4,57,3,2,Flood Alert (HIGH),Raining
8884,2026-09-30 03:17:41.455389+00,98,0,15,32.4,57,3,2,Flood Alert (HIGH),Raining
8885,2026-09-30 03:17:47.628279+00,100,0,15,32.4,57,3,2,Flood Alert (HIGH),Raining
8886,2026-09-30 03:17:53.762621+00,97,0,15,32.4,57,3,2,Flood Alert (HIGH),Raining
8887,2026-09-30 03:17:59.757073+00,93,0,15,32.4,57,3,2,Flood Alert (HIGH),Raining
8888,2026-09-30 03:18:06.079637+00,100,0,15,32.4,57,3,2,Flood Alert (HIGH),Raining
8889,2026-09-30 03:18:12.61398+00,96,0,15,32.4,57,3,2,Flood Alert (HIGH),Raining
8890,2026-09-30 03:18:18.869428+00,99,0,15,32.4,57,3,2,Flood Alert (HIGH),Raining
8891,2026-09-30 03:18:25.004+00,99,0,14,32.4,57,3,2,Flood Alert (HIGH),Raining
8892,2026-09-30 03:18:31.214512+00,92,0,15,32.4,57,3,2,Flood Alert (HIGH),Raining
8893,2026-09-30 03:18:37.461122+00,96,0,15,32.4,57,3,2,Flood Alert (HIGH),Raining
8894,2026-09-30 03:18:43.734436+00,93,0,14,32.4,57,3,2,Flood Alert (HIGH),Raining
8895,2026-09-30 03:18:49.863622+00,92,0,15,32.4,57,3,2,Flood Alert (HIGH),Raining
8896,2026-09-30 03:18:56.213543+00,99,0,15,32.4,57,3,2,Flood Alert (HIGH),Raining
8897,2026-09-30 03:19:02.443963+00,92,0,15,32.4,57,3,2,Flood Alert (HIGH),Raining
8898,2026-09-30 03:19:08.78835+00,96,0,14,32.4,57,3,2,Flood Alert (HIGH),Raining
8899,2026-09-30 03:19:15.057047+00,98,0,15,32.4,57,3,2,Flood Alert (HIGH),Raining
8900,2026-09-30 03:19:21.212487+00,94,0,14,32.4,57,3,2,Flood Alert (HIGH),Raining
8901,2026-09-30 03:19:27.328988+00,99,0,14,32.4,57,3,2,Flood Alert (HIGH),Raining
8902,2026-09-30 03:19:33.586333+00,96,0,15,32.4,57,3,2,Flood Alert (HIGH),Raining
8903,2026-09-30 03:19:39.889501+00,95,0,14,32.4,57,3,2,Flood Alert (HIGH),Raining
8904,2026-09-30 03:19:46.234044+00,92,0,15,32.4,57,3,2,Flood Alert (HIGH),Raining
8905,2026-09-30 03:19:52.888526+00,94,0,14,32.4,57,3,2,Flood Alert (HIGH),Raining
8906,2026-09-30 03:19:59.285513+00,94,0,15,32.4,57,3,2,Flood Alert (HIGH),Raining
8907,2026-09-30 03:20:05.628059+00,98,0,15,32.4,57,3,2,Flood Alert (HIGH),Raining
8908,2026-09-30 03:20:12.072686+00,99,0,15,32.4,57,3,2,Flood Alert (HIGH),Raining
8909,2026-09-30 03:20:18.4487+00,97,0,15,32.4,57,3,2,Flood Alert (HIGH),Raining
8910,2026-09-30 03:20:24.533519+00,95,0,15,32.6,56,3,2,Flood Alert (HIGH),Raining
8911,2026-09-30 03:20:31.062738+00,99,0,15,32.6,56,3,2,Flood Alert (HIGH),Raining
8912,2026-09-30 03:20:37.08906+00,93,0,14,32.6,56,3,2,Flood Alert (HIGH),Raining
8913,2026-09-30 03:20:43.266276+00,95,0,15,32.6,56,3,2,Flood Alert (HIGH),Raining
8914,2026-09-30 03:20:49.81235+00,97,0,15,32.6,56,3,2,Flood Alert (HIGH),Raining
8915,2026-09-30 03:20:55.922144+00,97,0,15,32.6,56,3,2,Flood Alert (HIGH),Raining
8916,2026-09-30 03:21:02.162442+00,100,0,14,32.6,56,3,2,Flood Alert (HIGH),Raining
8917,2026-09-30 03:21:08.470333+00,94,0,14,32.6,56,3,2,Flood Alert (HIGH),Raining
8918,2026-09-30 03:21:15.015772+00,95,0,14,32.6,56,3,2,Flood Alert (HIGH),Raining
8919,2026-09-30 03:21:21.566678+00,94,0,15,32.6,56,3,2,Flood Alert (HIGH),Raining
8920,2026-09-30 03:21:27.897855+00,96,0,12,32.6,56,3,2,Flood Alert (HIGH),Raining
8921,2026-09-30 03:21:34.300614+00,92,0,11,32.6,56,3,2,Flood Alert (HIGH),Raining
8922,2026-09-30 03:21:40.694783+00,95,0,14,32.6,56,3,2,Flood Alert (HIGH),Raining
8923,2026-09-30 03:21:46.790177+00,98,0,14,32.6,56,3,2,Flood Alert (HIGH),Raining
8924,2026-09-30 03:21:53.151213+00,99,0,15,32.6,56,3,2,Flood Alert (HIGH),Raining
8925,2026-09-30 03:21:59.426528+00,94,0,14,32.6,56,3,2,Flood Alert (HIGH),Raining
8926,2026-09-30 03:22:05.723546+00,92,0,11,32.6,56,3,2,Flood Alert (HIGH),Raining
8927,2026-09-30 03:22:12.135673+00,95,0,11,32.6,56,3,2,Flood Alert (HIGH),Raining
8928,2026-09-30 03:22:18.394129+00,95,0,11,32.6,56,3,2,Flood Alert (HIGH),Raining
8929,2026-09-30 03:22:24.419623+00,96,0,11,32.6,56,3,2,Flood Alert (HIGH),Raining
8930,2026-09-30 03:22:30.422368+00,98,0,10,32.6,56,3,2,Flood Alert (HIGH),Raining
8931,2026-09-30 03:22:36.683322+00,98,0,11,32.6,56,3,2,Flood Alert (HIGH),Raining
8932,2026-09-30 03:22:42.738134+00,97,0,11,32.6,56,3,2,Flood Alert (HIGH),Raining
8933,2026-09-30 03:22:48.984281+00,95,0,11,32.6,56,3,2,Flood Alert (HIGH),Raining
8934,2026-09-30 03:22:55.17481+00,99,0,11,32.6,56,3,2,Flood Alert (HIGH),Raining
8935,2026-09-30 03:23:01.69432+00,97,0,11,32.6,56,3,2,Flood Alert (HIGH),Raining
8936,2026-09-30 03:23:07.851215+00,93,0,11,32.6,56,3,2,Flood Alert (HIGH),Raining
8937,2026-09-30 03:23:13.899173+00,93,0,10,32.6,56,3,2,Flood Alert (HIGH),Raining
8938,2026-09-30 03:23:20.371729+00,92,0,10,32.6,56,3,2,Flood Alert (HIGH),Raining
8939,2026-09-30 03:23:26.710657+00,100,0,12,32.6,56,3,2,Flood Alert (HIGH),Raining
8940,2026-09-30 03:23:33.435266+00,93,0,11,32.6,56,3,2,Flood Alert (HIGH),Raining
8941,2026-09-30 03:23:39.800543+00,93,0,11,32.6,56,3,2,Flood Alert (HIGH),Raining
8942,2026-09-30 03:23:46.001529+00,93,0,11,32.6,56,3,2,Flood Alert (HIGH),Raining
8943,2026-09-30 03:23:52.348343+00,93,0,11,32.6,56,3,2,Flood Alert (HIGH),Raining
8944,2026-09-30 03:23:58.557698+00,95,0,11,32.6,56,3,2,Flood Alert (HIGH),Raining
8945,2026-09-30 03:24:04.98207+00,94,0,11,32.6,56,3,2,Flood Alert (HIGH),Raining
8946,2026-09-30 03:24:11.038771+00,95,0,11,32.6,56,3,2,Flood Alert (HIGH),Raining
8947,2026-09-30 03:24:17.267295+00,94,0,12,32.6,56,3,2,Flood Alert (HIGH),Raining
8948,2026-09-30 03:24:23.355857+00,96,0,11,32.6,56,3,2,Flood Alert (HIGH),Raining
8949,2026-09-30 03:24:29.726791+00,95,0,11,32.6,56,3,2,Flood Alert (HIGH),Raining
8950,2026-09-30 03:24:36.08085+00,93,0,11,32.6,56,3,2,Flood Alert (HIGH),Raining
8951,2026-09-30 03:24:42.231429+00,97,0,11,32.6,56,3,2,Flood Alert (HIGH),Raining
8952,2026-09-30 03:24:48.380588+00,92,0,12,32.6,56,3,2,Flood Alert (HIGH),Raining
8953,2026-09-30 03:24:54.607942+00,95,0,11,32.6,56,3,2,Flood Alert (HIGH),Raining
8954,2026-09-30 03:25:00.902281+00,98,0,11,32.6,56,3,2,Flood Alert (HIGH),Raining
8955,2026-09-30 03:25:06.921998+00,98,0,11,32.6,56,3,2,Flood Alert (HIGH),Raining
8956,2026-09-30 03:25:13.152849+00,98,0,11,32.6,56,3,2,Flood Alert (HIGH),Raining
8957,2026-09-30 03:25:19.281705+00,95,0,11,32.6,56,3,2,Flood Alert (HIGH),Raining
8958,2026-09-30 03:25:25.556621+00,94,0,11,32.6,56,3,2,Flood Alert (HIGH),Raining
8959,2026-09-30 03:25:31.721926+00,97,0,12,32.6,56,3,2,Flood Alert (HIGH),Raining
8960,2026-09-30 03:25:37.797017+00,98,0,11,32.6,56,3,2,Flood Alert (HIGH),Raining
8961,2026-09-30 03:25:44.10414+00,95,0,11,32.6,56,3,2,Flood Alert (HIGH),Raining
8962,2026-09-30 03:25:50.251852+00,99,0,11,32.6,56,3,2,Flood Alert (HIGH),Raining
8963,2026-09-30 03:25:56.345372+00,96,0,11,32.6,56,3,2,Flood Alert (HIGH),Raining
8964,2026-09-30 03:26:02.381929+00,94,0,12,32.6,56,3,2,Flood Alert (HIGH),Raining
8965,2026-09-30 03:26:08.756175+00,97,0,11,32.6,56,3,2,Flood Alert (HIGH),Raining
8966,2026-09-30 03:26:14.902974+00,97,0,12,32.6,56,3,2,Flood Alert (HIGH),Raining
8967,2026-09-30 03:26:21.082624+00,97,0,11,32.6,56,3,2,Flood Alert (HIGH),Raining
8968,2026-09-30 03:26:27.108387+00,96,0,11,32.6,56,3,2,Flood Alert (HIGH),Raining
8969,2026-09-30 03:26:33.119783+00,97,0,11,32.6,56,3,2,Flood Alert (HIGH),Raining
8970,2026-09-30 03:26:39.408944+00,97,0,11,32.6,56,3,2,Flood Alert (HIGH),Raining
8971,2026-09-30 03:26:45.592876+00,93,0,10,32.6,56,3,2,Flood Alert (HIGH),Raining
8972,2026-09-30 03:26:51.941511+00,98,0,12,32.6,56,3,2,Flood Alert (HIGH),Raining
8973,2026-09-30 03:26:58.406675+00,98,0,12,32.6,56,3,2,Flood Alert (HIGH),Raining
8974,2026-09-30 03:27:04.75098+00,96,0,11,32.6,56,3,2,Flood Alert (HIGH),Raining
8975,2026-09-30 03:27:11.053632+00,92,0,11,32.6,56,3,2,Flood Alert (HIGH),Raining
8976,2026-09-30 03:27:17.168461+00,94,0,11,32.6,56,3,2,Flood Alert (HIGH),Raining
8977,2026-09-30 03:27:23.487858+00,97,0,11,32.6,56,3,2,Flood Alert (HIGH),Raining
8978,2026-09-30 03:27:30.039103+00,93,0,11,32.6,56,3,2,Flood Alert (HIGH),Raining
8979,2026-09-30 03:27:36.497072+00,92,0,11,32.6,56,3,2,Flood Alert (HIGH),Raining
8980,2026-09-30 03:27:42.486306+00,97,0,11,32.6,56,3,2,Flood Alert (HIGH),Raining
8981,2026-09-30 03:27:48.492896+00,95,0,10,32.6,56,3,2,Flood Alert (HIGH),Raining
8982,2026-09-30 03:27:54.675986+00,99,0,12,32.6,56,3,2,Flood Alert (HIGH),Raining
8983,2026-09-30 03:28:01.178634+00,93,0,11,32.6,56,3,2,Flood Alert (HIGH),Raining
8984,2026-09-30 03:28:07.371521+00,100,0,12,32.6,56,3,2,Flood Alert (HIGH),Raining
8985,2026-09-30 03:28:13.558507+00,97,0,10,32.6,56,3,2,Flood Alert (HIGH),Raining
8986,2026-09-30 03:28:19.890416+00,92,0,12,32.6,56,3,2,Flood Alert (HIGH),Raining
8987,2026-09-30 03:28:26.386088+00,99,0,11,32.6,56,3,2,Flood Alert (HIGH),Raining
8988,2026-09-30 03:28:32.588939+00,92,0,11,32.6,56,3,2,Flood Alert (HIGH),Raining
8989,2026-09-30 03:28:38.941362+00,94,0,11,32.6,56,3,2,Flood Alert (HIGH),Raining
8990,2026-09-30 03:28:45.386251+00,93,0,11,32.6,56,3,2,Flood Alert (HIGH),Raining
8991,2026-09-30 03:28:51.863867+00,93,0,11,32.6,56,3,2,Flood Alert (HIGH),Raining
8992,2026-09-30 03:28:58.275442+00,93,0,11,32.6,56,3,2,Flood Alert (HIGH),Raining
8993,2026-09-30 03:29:04.386464+00,91,0,11,32.6,56,3,2,Flood Alert (HIGH),Raining
8994,2026-09-30 03:29:10.556896+00,92,0,12,32.6,56,3,2,Flood Alert (HIGH),Raining
8995,2026-09-30 03:29:16.620904+00,94,0,12,32.6,56,3,2,Flood Alert (HIGH),Raining
8996,2026-09-30 03:29:23.086299+00,98,0,11,32.6,56,3,2,Flood Alert (HIGH),Raining
8997,2026-09-30 03:29:29.44582+00,96,0,11,32.6,56,3,2,Flood Alert (HIGH),Raining
8998,2026-09-30 03:29:35.908061+00,95,0,12,32.6,56,3,2,Flood Alert (HIGH),Raining
8999,2026-09-30 03:29:42.362056+00,93,0,12,32.6,56,3,2,Flood Alert (HIGH),Raining
9000,2026-09-30 03:29:49.019339+00,93,0,11,32.6,56,3,2,Flood Alert (HIGH),Raining
9001,2026-09-30 03:29:55.479355+00,94,0,12,32.6,56,3,2,Flood Alert (HIGH),Raining
9002,2026-09-30 03:30:01.824181+00,97,0,11,32.6,56,3,2,Flood Alert (HIGH),Raining
9003,2026-09-30 03:30:07.947802+00,99,0,11,32.6,56,3,2,Flood Alert (HIGH),Raining
9004,2026-09-30 03:30:14.313837+00,93,0,12,32.6,56,3,2,Flood Alert (HIGH),Raining
9005,2026-09-30 03:30:20.559974+00,93,0,11,32.6,56,3,2,Flood Alert (HIGH),Raining
9006,2026-09-30 03:30:27.069475+00,95,0,11,32.7,57,3,2,Flood Alert (HIGH),Raining
9007,2026-09-30 03:30:33.491656+00,94,0,11,32.7,57,3,2,Flood Alert (HIGH),Raining
9008,2026-09-30 03:30:39.770539+00,92,0,11,32.7,57,3,2,Flood Alert (HIGH),Raining
9009,2026-09-30 03:30:46.013698+00,93,0,10,32.7,57,3,2,Flood Alert (HIGH),Raining
9010,2026-09-30 03:30:52.05155+00,95,0,12,32.7,57,3,2,Flood Alert (HIGH),Raining
9011,2026-09-30 03:30:58.567713+00,92,0,11,32.7,57,3,2,Flood Alert (HIGH),Raining
9012,2026-09-30 03:31:04.808724+00,93,0,11,32.7,57,3,2,Flood Alert (HIGH),Raining
9013,2026-09-30 03:31:10.959753+00,98,0,11,32.7,57,3,2,Flood Alert (HIGH),Raining
9014,2026-09-30 03:31:17.095437+00,93,0,12,32.7,57,3,2,Flood Alert (HIGH),Raining
9015,2026-09-30 03:31:23.167322+00,95,0,11,32.7,57,3,2,Flood Alert (HIGH),Raining
9016,2026-09-30 03:31:29.657489+00,97,0,11,32.7,57,3,2,Flood Alert (HIGH),Raining
9017,2026-09-30 03:31:35.974463+00,95,0,11,32.7,57,3,2,Flood Alert (HIGH),Raining
9018,2026-09-30 03:31:42.535685+00,99,0,12,32.7,57,3,2,Flood Alert (HIGH),Raining
9019,2026-09-30 03:31:48.980906+00,93,0,11,32.7,57,3,2,Flood Alert (HIGH),Raining
9020,2026-09-30 03:31:55.495518+00,98,0,11,32.7,57,3,2,Flood Alert (HIGH),Raining
9021,2026-09-30 03:32:01.614106+00,97,0,11,32.7,57,3,2,Flood Alert (HIGH),Raining
9022,2026-09-30 03:32:07.766955+00,96,0,11,32.7,57,3,2,Flood Alert (HIGH),Raining
9023,2026-09-30 03:32:14.084292+00,93,0,11,32.7,57,3,2,Flood Alert (HIGH),Raining
9024,2026-09-30 03:32:20.458402+00,93,0,11,32.7,57,3,2,Flood Alert (HIGH),Raining
9025,2026-09-30 03:32:26.725504+00,99,0,11,32.7,57,3,2,Flood Alert (HIGH),Raining
9026,2026-09-30 03:32:33.137639+00,94,0,11,32.7,57,3,2,Flood Alert (HIGH),Raining
9027,2026-09-30 03:32:39.59601+00,97,0,12,32.7,57,3,2,Flood Alert (HIGH),Raining
9028,2026-09-30 03:32:45.966995+00,98,0,11,32.7,57,3,2,Flood Alert (HIGH),Raining
9029,2026-09-30 03:32:52.430526+00,95,0,11,32.7,57,3,2,Flood Alert (HIGH),Raining
9030,2026-09-30 03:32:58.586283+00,96,0,11,32.7,57,3,2,Flood Alert (HIGH),Raining
9031,2026-09-30 03:33:04.730221+00,92,0,11,32.7,57,3,2,Flood Alert (HIGH),Raining
9032,2026-09-30 03:33:10.94198+00,92,0,11,32.7,57,3,2,Flood Alert (HIGH),Raining
9033,2026-09-30 03:33:17.067757+00,91,0,11,32.7,57,3,2,Flood Alert (HIGH),Raining
9034,2026-09-30 03:33:23.359129+00,93,0,12,32.7,57,3,2,Flood Alert (HIGH),Raining
9035,2026-09-30 03:33:29.382964+00,93,0,12,32.7,57,3,2,Flood Alert (HIGH),Raining
9036,2026-09-30 03:33:35.618259+00,92,0,12,32.7,57,3,2,Flood Alert (HIGH),Raining
9037,2026-09-30 03:33:42.096373+00,99,0,13,32.7,57,3,2,Flood Alert (HIGH),Raining
9038,2026-09-30 03:33:48.52652+00,99,0,13,32.7,57,3,2,Flood Alert (HIGH),Raining
9039,2026-09-30 03:33:54.929386+00,96,0,13,32.7,57,3,2,Flood Alert (HIGH),Raining
9040,2026-09-30 03:34:01.383869+00,100,0,12,32.7,57,3,2,Flood Alert (HIGH),Raining
9041,2026-09-30 03:34:07.957474+00,92,0,13,32.7,57,3,2,Flood Alert (HIGH),Raining
9042,2026-09-30 03:34:14.491706+00,92,0,13,32.7,57,3,2,Flood Alert (HIGH),Raining
9043,2026-09-30 03:34:20.5274+00,92,0,13,32.7,57,3,2,Flood Alert (HIGH),Raining
9044,2026-09-30 03:34:26.596197+00,100,0,13,32.7,57,3,2,Flood Alert (HIGH),Raining
9045,2026-09-30 03:34:33.807706+00,97,0,12,32.7,57,3,2,Flood Alert (HIGH),Raining
9046,2026-09-30 03:34:40.953803+00,94,0,13,32.7,57,3,2,Flood Alert (HIGH),Raining
9047,2026-09-30 03:34:47.88315+00,93,0,12,32.7,57,3,2,Flood Alert (HIGH),Raining
9048,2026-09-30 03:34:55.462804+00,96,0,13,32.7,57,3,2,Flood Alert (HIGH),Raining
9049,2026-09-30 03:35:01.643478+00,99,0,12,32.7,57,3,2,Flood Alert (HIGH),Raining
9050,2026-09-30 03:35:08.490463+00,97,0,13,32.7,57,3,2,Flood Alert (HIGH),Raining
9051,2026-09-30 03:35:15.393977+00,98,0,13,32.7,57,3,2,Flood Alert (HIGH),Raining
9052,2026-09-30 03:35:21.44196+00,92,0,13,32.7,57,3,2,Flood Alert (HIGH),Raining
9053,2026-09-30 03:35:27.54576+00,97,0,12,32.7,57,3,2,Flood Alert (HIGH),Raining
9054,2026-09-30 03:35:33.863955+00,97,0,13,32.7,57,3,2,Flood Alert (HIGH),Raining
9055,2026-09-30 03:35:40.305655+00,99,0,13,32.7,57,3,2,Flood Alert (HIGH),Raining
9056,2026-09-30 03:35:46.800525+00,95,0,13,32.7,57,3,2,Flood Alert (HIGH),Raining
9057,2026-09-30 03:35:53.129623+00,92,0,13,32.7,57,3,2,Flood Alert (HIGH),Raining
9058,2026-09-30 03:35:59.568265+00,97,0,14,32.7,57,3,2,Flood Alert (HIGH),Raining
9059,2026-09-30 03:36:06.043579+00,91,0,13,32.7,57,3,2,Flood Alert (HIGH),Raining
9060,2026-09-30 03:36:12.60814+00,96,0,13,32.7,57,3,2,Flood Alert (HIGH),Raining
9061,2026-09-30 03:36:18.584276+00,92,0,12,32.7,57,3,2,Flood Alert (HIGH),Raining
9062,2026-09-30 03:36:24.72532+00,99,0,13,32.7,57,3,2,Flood Alert (HIGH),Raining
9063,2026-09-30 03:36:30.834433+00,97,0,12,32.7,57,3,2,Flood Alert (HIGH),Raining
9064,2026-09-30 03:36:37.081514+00,95,0,12,32.7,57,3,2,Flood Alert (HIGH),Raining
9065,2026-09-30 03:36:43.348471+00,96,0,13,32.7,57,3,2,Flood Alert (HIGH),Raining
9066,2026-09-30 03:36:49.533837+00,92,0,13,32.7,57,3,2,Flood Alert (HIGH),Raining
9067,2026-09-30 03:36:56.038493+00,92,0,13,32.7,57,3,2,Flood Alert (HIGH),Raining
9068,2026-09-30 03:37:02.545654+00,96,0,12,32.7,57,3,2,Flood Alert (HIGH),Raining
9069,2026-09-30 03:37:09.198207+00,95,0,13,32.7,57,3,2,Flood Alert (HIGH),Raining
9070,2026-09-30 03:37:15.836024+00,94,0,13,32.7,57,3,2,Flood Alert (HIGH),Raining
9071,2026-09-30 03:37:22.436215+00,97,0,12,32.7,57,3,2,Flood Alert (HIGH),Raining
9072,2026-09-30 03:37:29.075988+00,92,0,12,32.7,57,3,2,Flood Alert (HIGH),Raining
9073,2026-09-30 03:37:35.721299+00,91,0,13,32.7,57,3,2,Flood Alert (HIGH),Raining
9074,2026-09-30 03:37:42.141087+00,95,0,12,32.7,57,3,2,Flood Alert (HIGH),Raining
9075,2026-09-30 03:37:48.399456+00,99,0,12,32.7,57,3,2,Flood Alert (HIGH),Raining
9076,2026-09-30 03:37:54.886629+00,95,0,11,32.7,57,3,2,Flood Alert (HIGH),Raining
9077,2026-09-30 03:38:01.400458+00,96,0,12,32.7,57,3,2,Flood Alert (HIGH),Raining
9078,2026-09-30 03:38:07.663179+00,92,0,12,32.7,57,3,2,Flood Alert (HIGH),Raining
9079,2026-09-30 03:38:13.713031+00,95,0,13,32.7,57,3,2,Flood Alert (HIGH),Raining
9080,2026-09-30 03:38:20.18447+00,92,0,13,32.7,57,3,2,Flood Alert (HIGH),Raining
9081,2026-09-30 03:38:26.433581+00,94,0,13,32.7,57,3,2,Flood Alert (HIGH),Raining
9082,2026-09-30 03:38:32.782497+00,92,0,14,32.7,57,3,2,Flood Alert (HIGH),Raining
9083,2026-09-30 03:38:38.943883+00,95,0,13,32.7,57,3,2,Flood Alert (HIGH),Raining
9084,2026-09-30 03:38:45.11507+00,97,0,13,32.7,57,3,2,Flood Alert (HIGH),Raining
9085,2026-09-30 03:38:51.445818+00,95,0,14,32.7,57,3,2,Flood Alert (HIGH),Raining
9086,2026-09-30 03:38:57.871983+00,99,0,13,32.7,57,3,2,Flood Alert (HIGH),Raining
9087,2026-09-30 03:39:04.146695+00,94,0,13,32.7,57,3,2,Flood Alert (HIGH),Raining
9088,2026-09-30 03:39:10.275133+00,99,0,13,32.7,57,3,2,Flood Alert (HIGH),Raining
9089,2026-09-30 03:39:16.50942+00,94,0,13,32.7,57,3,2,Flood Alert (HIGH),Raining
9090,2026-09-30 03:39:22.924144+00,93,0,13,32.7,57,3,2,Flood Alert (HIGH),Raining
9091,2026-09-30 03:39:29.451154+00,97,0,13,32.7,57,3,2,Flood Alert (HIGH),Raining
9092,2026-09-30 03:39:35.605453+00,93,0,13,32.7,57,3,2,Flood Alert (HIGH),Raining
9093,2026-09-30 03:39:41.698851+00,92,0,12,32.7,57,3,2,Flood Alert (HIGH),Raining
9094,2026-09-30 03:39:48.064362+00,92,0,13,32.7,57,3,2,Flood Alert (HIGH),Raining
9095,2026-09-30 03:39:54.393101+00,98,0,13,32.7,57,3,2,Flood Alert (HIGH),Raining
9096,2026-09-30 03:40:00.676435+00,92,0,12,32.7,57,3,2,Flood Alert (HIGH),Raining
9097,2026-09-30 03:40:06.988365+00,95,0,13,32.7,57,3,2,Flood Alert (HIGH),Raining
9098,2026-09-30 03:40:13.449039+00,97,0,13,32.7,57,3,2,Flood Alert (HIGH),Raining
9099,2026-09-30 03:40:19.797382+00,100,0,12,32.7,57,3,2,Flood Alert (HIGH),Raining
9100,2026-09-30 03:40:26.166529+00,92,0,13,32.7,57,3,2,Flood Alert (HIGH),Raining
9101,2026-09-30 03:40:32.476806+00,92,0,13,32.7,57,3,2,Flood Alert (HIGH),Raining
9102,2026-09-30 03:40:39.025099+00,91,0,13,32.7,57,3,2,Flood Alert (HIGH),Raining
9103,2026-09-30 03:40:45.527304+00,100,0,13,32.7,57,3,2,Flood Alert (HIGH),Raining
9104,2026-09-30 03:40:51.661407+00,100,0,13,32.7,57,3,2,Flood Alert (HIGH),Raining
9105,2026-09-30 03:40:58.048193+00,90,0,13,32.7,57,3,2,Flood Alert (HIGH),Raining
9106,2026-09-30 03:41:04.483023+00,93,0,13,32.7,57,3,2,Flood Alert (HIGH),Raining
9107,2026-09-30 03:41:10.628246+00,100,0,13,32.7,57,3,2,Flood Alert (HIGH),Raining
9108,2026-09-30 03:41:16.721197+00,96,0,13,32.7,57,3,2,Flood Alert (HIGH),Raining
9109,2026-09-30 03:41:23.216634+00,95,0,12,32.7,57,3,2,Flood Alert (HIGH),Raining
9110,2026-09-30 03:41:29.454624+00,95,0,14,32.7,57,3,2,Flood Alert (HIGH),Raining
9111,2026-09-30 03:41:35.630632+00,92,0,12,32.7,57,3,2,Flood Alert (HIGH),Raining
9112,2026-09-30 03:41:41.720364+00,96,0,12,32.7,57,3,2,Flood Alert (HIGH),Raining
9113,2026-09-30 03:41:48.262232+00,96,0,13,32.7,57,3,2,Flood Alert (HIGH),Raining
9114,2026-09-30 03:41:54.626907+00,95,0,13,32.7,57,3,2,Flood Alert (HIGH),Raining
9115,2026-09-30 03:42:00.872103+00,94,0,13,32.7,57,3,2,Flood Alert (HIGH),Raining
9116,2026-09-30 03:42:07.125596+00,100,0,12,32.7,57,3,2,Flood Alert (HIGH),Raining
9117,2026-09-30 03:42:13.412246+00,99,0,12,32.7,57,3,2,Flood Alert (HIGH),Raining
9118,2026-09-30 03:42:19.606585+00,96,0,13,32.7,57,3,2,Flood Alert (HIGH),Raining
9119,2026-09-30 03:42:25.833803+00,93,0,14,32.7,57,3,2,Flood Alert (HIGH),Raining
9120,2026-09-30 03:42:32.234319+00,96,0,13,32.7,57,3,2,Flood Alert (HIGH),Raining
9121,2026-09-30 03:42:38.385266+00,98,0,13,32.7,57,3,2,Flood Alert (HIGH),Raining
9122,2026-09-30 03:42:44.948958+00,92,0,13,32.7,57,3,2,Flood Alert (HIGH),Raining
9123,2026-09-30 03:42:51.430064+00,96,0,13,32.7,57,3,2,Flood Alert (HIGH),Raining
9124,2026-09-30 03:42:57.762326+00,97,0,13,32.7,57,3,2,Flood Alert (HIGH),Raining
9125,2026-09-30 03:43:04.168939+00,92,0,13,32.7,57,3,2,Flood Alert (HIGH),Raining
9126,2026-09-30 03:43:10.380211+00,97,0,13,32.7,57,3,2,Flood Alert (HIGH),Raining
9127,2026-09-30 03:43:16.809+00,100,0,12,32.7,57,3,2,Flood Alert (HIGH),Raining
9128,2026-09-30 03:43:23.187807+00,92,0,13,32.7,57,3,2,Flood Alert (HIGH),Raining
9129,2026-09-30 03:43:29.404391+00,95,0,12,32.7,57,3,2,Flood Alert (HIGH),Raining
9130,2026-09-30 03:43:35.936484+00,94,0,12,32.7,57,3,2,Flood Alert (HIGH),Raining
9131,2026-09-30 03:43:42.56323+00,99,0,14,32.7,57,3,2,Flood Alert (HIGH),Raining
9132,2026-09-30 03:43:48.70102+00,94,0,14,32.7,57,3,2,Flood Alert (HIGH),Raining
9133,2026-09-30 03:43:55.083112+00,99,0,14,32.7,57,3,2,Flood Alert (HIGH),Raining
9134,2026-09-30 03:44:01.331001+00,95,0,14,32.7,57,3,2,Flood Alert (HIGH),Raining
9135,2026-09-30 03:44:07.542115+00,92,0,14,32.7,57,3,2,Flood Alert (HIGH),Raining
9136,2026-09-30 03:44:13.778702+00,93,0,14,32.7,57,3,2,Flood Alert (HIGH),Raining
9137,2026-09-30 03:44:20.527029+00,95,0,15,32.7,57,3,2,Flood Alert (HIGH),Raining
9138,2026-09-30 03:44:26.984584+00,98,0,15,32.7,57,3,2,Flood Alert (HIGH),Raining
9139,2026-09-30 03:44:33.389962+00,92,0,15,32.7,57,3,2,Flood Alert (HIGH),Raining
9140,2026-09-30 03:44:39.571336+00,99,0,15,32.7,57,3,2,Flood Alert (HIGH),Raining
9141,2026-09-30 03:44:46.3411+00,99,0,14,32.7,57,3,2,Flood Alert (HIGH),Raining
9142,2026-09-30 03:44:52.973466+00,94,0,15,32.7,57,3,2,Flood Alert (HIGH),Raining
9143,2026-09-30 03:44:59.303813+00,94,0,15,32.7,57,3,2,Flood Alert (HIGH),Raining
9144,2026-09-30 03:45:05.66229+00,92,0,14,32.7,57,3,2,Flood Alert (HIGH),Raining
9145,2026-09-30 03:45:11.869955+00,97,0,15,32.7,57,3,2,Flood Alert (HIGH),Raining
9146,2026-09-30 03:45:18.082986+00,94,0,15,32.7,57,3,2,Flood Alert (HIGH),Raining
9147,2026-09-30 03:45:24.417119+00,98,0,15,32.7,57,3,2,Flood Alert (HIGH),Raining
9148,2026-09-30 03:45:30.433886+00,98,0,14,32.7,57,3,2,Flood Alert (HIGH),Raining
9149,2026-09-30 03:45:36.527667+00,93,0,14,32.7,57,3,2,Flood Alert (HIGH),Raining
9150,2026-09-30 03:45:42.818346+00,92,0,15,32.7,57,3,2,Flood Alert (HIGH),Raining
9151,2026-09-30 03:45:49.333598+00,96,0,14,32.7,57,3,2,Flood Alert (HIGH),Raining
9152,2026-09-30 03:45:55.512453+00,93,0,15,32.7,57,3,2,Flood Alert (HIGH),Raining
9153,2026-09-30 03:46:01.626198+00,90,0,14,32.7,57,3,2,Flood Alert (HIGH),Raining
9154,2026-09-30 03:46:07.851425+00,96,0,15,32.7,57,3,2,Flood Alert (HIGH),Raining
9155,2026-09-30 03:46:14.117457+00,95,0,15,32.7,57,3,2,Flood Alert (HIGH),Raining
9156,2026-09-30 03:46:20.329189+00,97,0,15,32.7,57,3,2,Flood Alert (HIGH),Raining
9157,2026-09-30 03:46:26.82588+00,98,0,15,32.7,57,3,2,Flood Alert (HIGH),Raining
9158,2026-09-30 03:46:32.979624+00,100,0,13,32.7,57,3,2,Flood Alert (HIGH),Raining
9159,2026-09-30 03:46:39.257989+00,97,0,15,32.7,57,3,2,Flood Alert (HIGH),Raining
9160,2026-09-30 03:46:45.638303+00,97,0,14,32.7,57,3,2,Flood Alert (HIGH),Raining
9161,2026-09-30 03:46:51.9476+00,99,0,14,32.7,57,3,2,Flood Alert (HIGH),Raining
9162,2026-09-30 03:46:58.052486+00,98,0,14,32.7,57,3,2,Flood Alert (HIGH),Raining
9163,2026-09-30 03:47:04.374351+00,96,0,14,32.7,57,3,2,Flood Alert (HIGH),Raining
9164,2026-09-30 03:47:11.005524+00,100,0,14,32.7,57,3,2,Flood Alert (HIGH),Raining
9165,2026-09-30 03:47:17.075072+00,96,0,14,32.7,57,3,2,Flood Alert (HIGH),Raining
9166,2026-09-30 03:47:23.465316+00,96,0,15,32.7,57,3,2,Flood Alert (HIGH),Raining
9167,2026-09-30 03:47:29.750049+00,99,0,15,32.7,57,3,2,Flood Alert (HIGH),Raining
9168,2026-09-30 03:47:36.305942+00,94,0,14,32.7,57,3,2,Flood Alert (HIGH),Raining
9169,2026-09-30 03:47:42.771994+00,93,0,14,32.7,57,3,2,Flood Alert (HIGH),Raining
9170,2026-09-30 03:47:49.143827+00,93,0,14,32.7,57,3,2,Flood Alert (HIGH),Raining
9171,2026-09-30 03:47:55.494813+00,94,0,14,32.7,57,3,2,Flood Alert (HIGH),Raining
9172,2026-09-30 03:48:01.852163+00,92,0,14,32.7,57,3,2,Flood Alert (HIGH),Raining
9173,2026-09-30 03:48:08.112977+00,94,0,15,32.7,57,3,2,Flood Alert (HIGH),Raining
9174,2026-09-30 03:48:14.47629+00,97,0,14,32.7,57,3,2,Flood Alert (HIGH),Raining
9175,2026-09-30 03:48:20.908214+00,90,0,14,32.7,57,3,2,Flood Alert (HIGH),Raining
9176,2026-09-30 03:48:27.539324+00,93,0,15,32.7,57,3,2,Flood Alert (HIGH),Raining
9177,2026-09-30 03:48:33.629543+00,94,0,14,32.7,57,3,2,Flood Alert (HIGH),Raining
9178,2026-09-30 03:48:40.013857+00,96,0,15,32.7,57,3,2,Flood Alert (HIGH),Raining
9179,2026-09-30 03:48:46.499779+00,98,0,14,32.7,57,3,2,Flood Alert (HIGH),Raining
9180,2026-09-30 03:48:52.789965+00,100,0,14,32.7,57,3,2,Flood Alert (HIGH),Raining
9181,2026-09-30 03:48:59.332936+00,99,0,14,32.7,57,3,2,Flood Alert (HIGH),Raining
9182,2026-09-30 03:49:05.695776+00,95,0,13,32.7,57,3,2,Flood Alert (HIGH),Raining
9183,2026-09-30 03:49:11.764867+00,96,0,14,32.7,57,3,2,Flood Alert (HIGH),Raining
9184,2026-09-30 03:49:18.397623+00,96,0,15,32.7,57,3,2,Flood Alert (HIGH),Raining
9185,2026-09-30 03:49:24.565581+00,98,0,15,32.7,57,3,2,Flood Alert (HIGH),Raining
9186,2026-09-30 03:49:30.627898+00,97,0,14,32.7,57,3,2,Flood Alert (HIGH),Raining
9187,2026-09-30 03:49:36.962649+00,91,0,15,32.7,57,3,2,Flood Alert (HIGH),Raining
9188,2026-09-30 03:49:43.489873+00,100,0,14,32.7,57,3,2,Flood Alert (HIGH),Raining
9189,2026-09-30 03:49:49.972683+00,94,0,14,32.7,57,3,2,Flood Alert (HIGH),Raining
9190,2026-09-30 03:49:56.294046+00,97,0,14,32.7,57,3,2,Flood Alert (HIGH),Raining
9191,2026-09-30 03:50:02.656124+00,92,0,14,32.7,57,3,2,Flood Alert (HIGH),Raining
9192,2026-09-30 03:50:09.074344+00,94,0,14,32.7,57,3,2,Flood Alert (HIGH),Raining
9193,2026-09-30 03:50:15.134588+00,95,0,14,32.7,57,3,2,Flood Alert (HIGH),Raining
9194,2026-09-30 03:50:21.661208+00,99,0,14,32.7,57,3,2,Flood Alert (HIGH),Raining
9195,2026-09-30 03:50:28.109331+00,92,0,14,32.7,57,3,2,Flood Alert (HIGH),Raining
9196,2026-09-30 03:50:34.167041+00,96,0,14,32.9,57,3,2,Flood Alert (HIGH),Raining
9197,2026-09-30 03:50:40.508671+00,92,0,15,32.9,57,3,2,Flood Alert (HIGH),Raining
9198,2026-09-30 03:50:46.744195+00,99,0,13,32.9,57,3,2,Flood Alert (HIGH),Raining
9199,2026-09-30 03:50:52.857468+00,97,0,14,32.9,57,3,2,Flood Alert (HIGH),Raining
9200,2026-09-30 03:50:59.115081+00,98,0,14,32.9,57,3,2,Flood Alert (HIGH),Raining
9201,2026-09-30 03:51:05.472225+00,99,0,15,32.9,57,3,2,Flood Alert (HIGH),Raining
9202,2026-09-30 03:51:11.855262+00,96,0,14,32.9,57,3,2,Flood Alert (HIGH),Raining
9203,2026-09-30 03:51:18.433126+00,94,0,15,32.9,57,3,2,Flood Alert (HIGH),Raining
9204,2026-09-30 03:51:25.003363+00,97,0,14,32.9,57,3,2,Flood Alert (HIGH),Raining
9205,2026-09-30 03:51:31.540927+00,90,0,14,32.9,57,3,2,Flood Alert (HIGH),Raining
9206,2026-09-30 03:51:38.066606+00,98,0,15,32.9,57,3,2,Flood Alert (HIGH),Raining
9207,2026-09-30 03:51:44.142507+00,91,0,15,32.9,57,3,2,Flood Alert (HIGH),Raining
9208,2026-09-30 03:51:50.614372+00,97,0,15,32.9,57,3,2,Flood Alert (HIGH),Raining
9209,2026-09-30 03:51:56.679607+00,100,0,15,32.9,57,3,2,Flood Alert (HIGH),Raining
9210,2026-09-30 03:52:02.828026+00,93,0,14,32.9,57,3,2,Flood Alert (HIGH),Raining
9211,2026-09-30 03:52:08.980302+00,97,0,15,32.9,57,3,2,Flood Alert (HIGH),Raining
9212,2026-09-30 03:52:15.683057+00,93,0,14,32.9,57,3,2,Flood Alert (HIGH),Raining
9213,2026-09-30 03:52:21.805305+00,96,0,14,32.9,57,3,2,Flood Alert (HIGH),Raining
9214,2026-09-30 03:52:28.232175+00,91,0,14,32.9,57,3,2,Flood Alert (HIGH),Raining
9215,2026-09-30 03:52:34.444988+00,91,0,14,32.9,57,3,2,Flood Alert (HIGH),Raining
9216,2026-09-30 03:52:41.482462+00,92,0,14,32.9,57,3,2,Flood Alert (HIGH),Raining
9217,2026-09-30 03:52:47.952957+00,100,0,14,32.9,57,3,2,Flood Alert (HIGH),Raining
9218,2026-09-30 03:52:54.657649+00,91,0,14,32.9,57,3,2,Flood Alert (HIGH),Raining
9219,2026-09-30 03:53:02.232776+00,95,0,14,32.9,57,3,2,Flood Alert (HIGH),Raining
9220,2026-09-30 03:53:08.603362+00,96,0,14,32.9,57,3,2,Flood Alert (HIGH),Raining
9221,2026-09-30 03:53:15.127484+00,96,0,14,32.9,57,3,2,Flood Alert (HIGH),Raining
9222,2026-09-30 03:53:21.919846+00,98,0,14,32.9,57,3,2,Flood Alert (HIGH),Raining
9223,2026-09-30 03:53:28.405257+00,94,0,14,32.9,57,3,2,Flood Alert (HIGH),Raining
9224,2026-09-30 03:53:34.758272+00,93,0,14,32.9,57,3,2,Flood Alert (HIGH),Raining
9225,2026-09-30 03:53:41.013267+00,97,0,14,32.9,57,3,2,Flood Alert (HIGH),Raining
9226,2026-09-30 03:53:47.395282+00,100,0,14,32.9,57,3,2,Flood Alert (HIGH),Raining
9227,2026-09-30 03:53:53.885834+00,92,0,14,32.9,57,3,2,Flood Alert (HIGH),Raining
9228,2026-09-30 03:54:00.297166+00,99,0,14,32.9,57,3,2,Flood Alert (HIGH),Raining
9229,2026-09-30 03:54:06.776067+00,96,0,15,32.9,57,3,2,Flood Alert (HIGH),Raining
9230,2026-09-30 03:54:13.024728+00,94,0,15,32.9,57,3,2,Flood Alert (HIGH),Raining
9231,2026-09-30 03:54:19.414734+00,92,0,14,32.9,57,3,2,Flood Alert (HIGH),Raining
9232,2026-09-30 03:54:25.650781+00,92,0,14,32.9,57,3,2,Flood Alert (HIGH),Raining
9233,2026-09-30 03:54:31.933858+00,98,0,14,32.9,57,3,2,Flood Alert (HIGH),Raining
9234,2026-09-30 03:54:38.605918+00,92,0,14,32.9,57,3,2,Flood Alert (HIGH),Raining
9235,2026-09-30 03:54:45.595287+00,95,0,14,32.9,57,3,2,Flood Alert (HIGH),Raining
9236,2026-09-30 03:54:52.435831+00,91,0,15,32.9,57,3,2,Flood Alert (HIGH),Raining
9237,2026-09-30 03:54:59.170965+00,94,0,14,32.9,57,3,2,Flood Alert (HIGH),Raining
9238,2026-09-30 03:55:05.710243+00,96,0,14,32.9,57,3,2,Flood Alert (HIGH),Raining
9239,2026-09-30 03:55:12.276412+00,99,0,14,32.9,57,3,2,Flood Alert (HIGH),Raining
9240,2026-09-30 03:55:18.271892+00,92,0,15,32.9,57,3,2,Flood Alert (HIGH),Raining
9241,2026-09-30 03:55:24.871293+00,100,0,13,32.9,57,3,2,Flood Alert (HIGH),Raining
9242,2026-09-30 03:55:30.839431+00,97,0,14,32.9,57,3,2,Flood Alert (HIGH),Raining
9243,2026-09-30 03:55:36.88581+00,94,0,14,32.9,57,3,2,Flood Alert (HIGH),Raining
9244,2026-09-30 03:55:43.735446+00,100,0,14,32.9,57,3,2,Flood Alert (HIGH),Raining
9245,2026-09-30 03:55:50.488959+00,94,0,14,32.9,57,3,2,Flood Alert (HIGH),Raining
9246,2026-09-30 03:55:56.829516+00,93,0,14,32.9,57,3,2,Flood Alert (HIGH),Raining
9247,2026-09-30 03:56:03.25483+00,97,0,13,32.9,57,3,2,Flood Alert (HIGH),Raining
9248,2026-09-30 03:56:09.596216+00,97,0,13,32.9,57,3,2,Flood Alert (HIGH),Raining
9249,2026-09-30 03:56:15.905608+00,92,0,12,32.9,57,3,2,Flood Alert (HIGH),Raining
9250,2026-09-30 03:56:22.624694+00,96,0,13,32.9,57,3,2,Flood Alert (HIGH),Raining
9251,2026-09-30 03:56:29.285418+00,98,0,12,32.9,57,3,2,Flood Alert (HIGH),Raining
9252,2026-09-30 03:56:36.186371+00,94,0,13,32.9,57,3,2,Flood Alert (HIGH),Raining
9253,2026-09-30 03:56:42.443628+00,92,0,13,32.9,57,3,2,Flood Alert (HIGH),Raining
9254,2026-09-30 03:56:48.917668+00,99,0,13,32.9,57,3,2,Flood Alert (HIGH),Raining
9255,2026-09-30 03:56:55.355291+00,91,0,13,32.9,57,3,2,Flood Alert (HIGH),Raining
9256,2026-09-30 03:57:01.524842+00,96,0,13,32.9,57,3,2,Flood Alert (HIGH),Raining
9257,2026-09-30 03:57:07.932197+00,92,0,14,32.9,57,3,2,Flood Alert (HIGH),Raining
9258,2026-09-30 03:57:14.36749+00,98,0,14,32.9,57,3,2,Flood Alert (HIGH),Raining
9259,2026-09-30 03:57:20.798365+00,95,0,13,32.9,57,3,2,Flood Alert (HIGH),Raining
9260,2026-09-30 03:57:27.06638+00,98,0,13,32.9,57,3,2,Flood Alert (HIGH),Raining
9261,2026-09-30 03:57:33.472181+00,94,0,14,32.9,57,3,2,Flood Alert (HIGH),Raining
9262,2026-09-30 03:57:39.840599+00,96,0,14,32.9,57,3,2,Flood Alert (HIGH),Raining
9263,2026-09-30 03:57:45.90735+00,98,0,14,32.9,57,3,2,Flood Alert (HIGH),Raining
9264,2026-09-30 03:57:52.631828+00,92,0,13,32.9,57,3,2,Flood Alert (HIGH),Raining
9265,2026-09-30 03:57:59.106664+00,100,0,14,32.9,57,3,2,Flood Alert (HIGH),Raining
9266,2026-09-30 03:58:05.367462+00,92,0,13,32.9,57,3,2,Flood Alert (HIGH),Raining
9267,2026-09-30 03:58:11.72909+00,95,0,13,32.9,57,3,2,Flood Alert (HIGH),Raining
9268,2026-09-30 03:58:17.827621+00,92,0,13,32.9,57,3,2,Flood Alert (HIGH),Raining
9269,2026-09-30 03:58:23.926079+00,97,0,13,32.9,57,3,2,Flood Alert (HIGH),Raining
9270,2026-09-30 03:58:30.266435+00,96,0,14,32.9,57,3,2,Flood Alert (HIGH),Raining
9271,2026-09-30 03:58:36.81604+00,98,0,14,32.9,57,3,2,Flood Alert (HIGH),Raining
9272,2026-09-30 03:58:43.36772+00,92,0,14,32.9,57,3,2,Flood Alert (HIGH),Raining
9273,2026-09-30 03:58:49.832541+00,97,0,14,32.9,57,3,2,Flood Alert (HIGH),Raining
9274,2026-09-30 03:58:56.356473+00,93,0,13,32.9,57,3,2,Flood Alert (HIGH),Raining
9275,2026-09-30 03:59:02.712761+00,96,0,14,32.9,57,3,2,Flood Alert (HIGH),Raining
9276,2026-09-30 03:59:09.087281+00,93,0,13,32.9,57,3,2,Flood Alert (HIGH),Raining
9277,2026-09-30 03:59:15.431441+00,98,0,14,32.9,57,3,2,Flood Alert (HIGH),Raining
9278,2026-09-30 03:59:21.436829+00,92,0,14,32.9,57,3,2,Flood Alert (HIGH),Raining
9279,2026-09-30 03:59:27.87078+00,94,0,12,32.9,57,3,2,Flood Alert (HIGH),Raining
9280,2026-09-30 03:59:33.982331+00,95,0,11,32.9,57,3,2,Flood Alert (HIGH),Raining
9281,2026-09-30 03:59:40.306261+00,98,0,11,32.9,57,3,2,Flood Alert (HIGH),Raining
9282,2026-09-30 03:59:46.546471+00,94,0,11,32.9,57,3,2,Flood Alert (HIGH),Raining
9283,2026-09-30 03:59:52.966887+00,93,0,12,32.9,57,3,2,Flood Alert (HIGH),Raining
9284,2026-09-30 03:59:59.581493+00,94,0,11,32.9,57,3,2,Flood Alert (HIGH),Raining
9285,2026-09-30 04:00:06.017142+00,92,0,12,32.9,57,3,2,Flood Alert (HIGH),Raining
9286,2026-09-30 04:00:12.348378+00,97,0,12,32.9,57,3,2,Flood Alert (HIGH),Raining
9287,2026-09-30 04:00:18.747989+00,97,0,11,32.9,57,3,2,Flood Alert (HIGH),Raining
9288,2026-09-30 04:00:24.811995+00,95,0,11,32.9,57,3,2,Flood Alert (HIGH),Raining
9289,2026-09-30 04:00:31.295415+00,92,0,11,32.9,57,3,2,Flood Alert (HIGH),Raining
9290,2026-09-30 04:00:37.616983+00,99,0,11,33,57,3,2,Flood Alert (HIGH),Raining
9291,2026-09-30 04:00:44.275877+00,100,0,11,33,57,3,2,Flood Alert (HIGH),Raining
9292,2026-09-30 04:00:50.436878+00,94,0,12,33,57,3,2,Flood Alert (HIGH),Raining
9293,2026-09-30 04:00:56.460226+00,93,0,11,33,57,3,2,Flood Alert (HIGH),Raining
9294,2026-09-30 04:01:02.952138+00,95,0,11,33,57,3,2,Flood Alert (HIGH),Raining
9295,2026-09-30 04:01:09.61649+00,94,0,12,33,57,3,2,Flood Alert (HIGH),Raining
9296,2026-09-30 04:01:15.783898+00,92,0,11,33,57,3,2,Flood Alert (HIGH),Raining
9297,2026-09-30 04:01:21.987717+00,99,0,11,33,57,3,2,Flood Alert (HIGH),Raining
9298,2026-09-30 04:01:28.351646+00,95,0,12,33,57,3,2,Flood Alert (HIGH),Raining
9299,2026-09-30 04:01:34.618393+00,97,0,13,33,57,3,2,Flood Alert (HIGH),Raining
9300,2026-09-30 04:01:40.871225+00,93,0,12,33,57,3,2,Flood Alert (HIGH),Raining
9301,2026-09-30 04:01:47.034088+00,97,0,12,33,57,3,2,Flood Alert (HIGH),Raining
9302,2026-09-30 04:01:53.034124+00,98,0,12,33,57,3,2,Flood Alert (HIGH),Raining
9303,2026-09-30 04:01:59.226399+00,94,0,13,33,57,3,2,Flood Alert (HIGH),Raining
9304,2026-09-30 04:02:05.525034+00,92,0,13,33,57,3,2,Flood Alert (HIGH),Raining
9305,2026-09-30 04:02:11.783081+00,92,0,13,33,57,3,2,Flood Alert (HIGH),Raining
9306,2026-09-30 04:02:18.020498+00,92,0,12,33,57,3,2,Flood Alert (HIGH),Raining
9307,2026-09-30 04:02:24.143379+00,92,0,13,33,57,3,2,Flood Alert (HIGH),Raining
9308,2026-09-30 04:02:30.636231+00,98,0,12,33,57,3,2,Flood Alert (HIGH),Raining
9309,2026-09-30 04:02:36.794814+00,94,0,13,33,57,3,2,Flood Alert (HIGH),Raining
9310,2026-09-30 04:02:42.922117+00,95,0,12,33,57,3,2,Flood Alert (HIGH),Raining
9311,2026-09-30 04:02:49.081181+00,94,0,11,33,57,3,2,Flood Alert (HIGH),Raining
9312,2026-09-30 04:02:55.661432+00,99,0,10,33,57,3,2,Flood Alert (HIGH),Raining
9313,2026-09-30 04:03:02.424701+00,93,0,10,33,57,3,2,Flood Alert (HIGH),Raining
9314,2026-09-30 04:03:08.945244+00,97,0,11,33,57,3,2,Flood Alert (HIGH),Raining
9315,2026-09-30 04:03:15.665458+00,97,0,11,33,57,3,2,Flood Alert (HIGH),Raining
9316,2026-09-30 04:03:21.752609+00,95,0,11,33,57,3,2,Flood Alert (HIGH),Raining
9317,2026-09-30 04:03:28.204442+00,96,0,10,33,57,3,2,Flood Alert (HIGH),Raining
9318,2026-09-30 04:03:34.683222+00,97,0,11,33,57,3,2,Flood Alert (HIGH),Raining
9319,2026-09-30 04:03:41.33048+00,100,0,12,33,57,3,2,Flood Alert (HIGH),Raining
9320,2026-09-30 04:03:47.586513+00,97,0,12,33,57,3,2,Flood Alert (HIGH),Raining
9321,2026-09-30 04:03:54.06079+00,88,0,10,33,57,3,2,Flood Alert (HIGH),Raining
9322,2026-09-30 04:04:00.577644+00,91,0,10,33,57,3,2,Flood Alert (HIGH),Raining
9323,2026-09-30 04:04:08.634579+00,100,0,11,33,57,3,2,Flood Alert (HIGH),Raining
9324,2026-09-30 04:04:16.575235+00,100,0,10,33,57,3,2,Flood Alert (HIGH),Raining
9325,2026-09-30 04:04:23.108908+00,90,0,11,33,57,3,2,Flood Alert (HIGH),Raining
9326,2026-09-30 04:04:29.490668+00,89,0,11,33,57,3,2,Flood Alert (HIGH),Raining
9327,2026-09-30 04:04:35.554441+00,89,0,10,33,57,3,2,Flood Alert (HIGH),Raining
9328,2026-09-30 04:04:41.837261+00,89,0,10,33,57,3,2,Flood Alert (HIGH),Raining
9329,2026-09-30 04:04:47.98408+00,90,0,10,33,57,3,2,Flood Alert (HIGH),Raining
9330,2026-09-30 04:04:54.375804+00,88,0,10,33,57,3,2,Flood Alert (HIGH),Raining
9331,2026-09-30 04:05:00.892921+00,100,0,11,33,57,3,2,Flood Alert (HIGH),Raining
9332,2026-09-30 04:05:07.370981+00,100,0,11,33,57,3,2,Flood Alert (HIGH),Raining
9333,2026-09-30 04:05:13.653077+00,89,0,10,33,57,3,2,Flood Alert (HIGH),Raining
9334,2026-09-30 04:05:20.024781+00,100,0,10,33,57,3,2,Flood Alert (HIGH),Raining
9335,2026-09-30 04:05:26.231591+00,96,0,11,33,57,3,2,Flood Alert (HIGH),Raining
9336,2026-09-30 04:05:32.265841+00,88,0,10,33,57,3,2,Flood Alert (HIGH),Raining
9337,2026-09-30 04:05:38.57862+00,93,0,11,33,57,3,2,Flood Alert (HIGH),Raining
9338,2026-09-30 04:05:44.601297+00,100,0,11,33,57,3,2,Flood Alert (HIGH),Raining
9339,2026-09-30 04:05:51.135701+00,89,0,11,33,57,3,2,Flood Alert (HIGH),Raining
9340,2026-09-30 04:05:57.369987+00,99,0,11,33,57,3,2,Flood Alert (HIGH),Raining
9341,2026-09-30 04:06:03.513361+00,100,0,10,33,57,3,2,Flood Alert (HIGH),Raining
9342,2026-09-30 04:06:09.726422+00,92,0,10,33,57,3,2,Flood Alert (HIGH),Raining
9343,2026-09-30 04:06:16.030507+00,100,0,11,33,57,3,2,Flood Alert (HIGH),Raining
9344,2026-09-30 04:06:21.997074+00,98,0,10,33,57,3,2,Flood Alert (HIGH),Raining
9345,2026-09-30 04:06:28.362889+00,100,0,11,33,57,3,2,Flood Alert (HIGH),Raining
9346,2026-09-30 04:06:34.792933+00,100,0,10,33,57,3,2,Flood Alert (HIGH),Raining
9347,2026-09-30 04:06:41.317229+00,100,0,10,33,57,3,2,Flood Alert (HIGH),Raining
9348,2026-09-30 04:06:47.491489+00,90,0,10,33,57,3,2,Flood Alert (HIGH),Raining
9349,2026-09-30 04:06:54.009201+00,93,0,10,33,57,3,2,Flood Alert (HIGH),Raining
9350,2026-09-30 04:07:00.334635+00,95,0,10,33,57,3,2,Flood Alert (HIGH),Raining
9351,2026-09-30 04:07:06.255037+00,97,0,10,33,57,3,2,Flood Alert (HIGH),Raining
9352,2026-09-30 04:07:12.742108+00,100,0,10,33,57,3,2,Flood Alert (HIGH),Raining
9353,2026-09-30 04:07:18.966694+00,100,0,10,33,57,3,2,Flood Alert (HIGH),Raining
9354,2026-09-30 04:07:25.579744+00,92,0,10,33,57,3,2,Flood Alert (HIGH),Raining
9355,2026-09-30 04:07:31.811477+00,92,0,24,33,57,3,2,Flood Alert (HIGH),Raining
9356,2026-09-30 04:07:37.883356+00,89,0,28,33,57,3,2,Flood Alert (HIGH),Raining
9357,2026-09-30 04:07:44.645131+00,100,0,12,33,57,3,2,Flood Alert (HIGH),Raining
9358,2026-09-30 04:07:50.77053+00,100,0,12,33,57,3,2,Flood Alert (HIGH),Raining
9359,2026-09-30 04:07:57.643796+00,100,0,12,33,57,3,2,Flood Alert (HIGH),Raining
9360,2026-09-30 04:08:03.979294+00,87,0,11,33,57,3,2,Flood Alert (HIGH),Raining
9361,2026-09-30 04:08:10.022718+00,99,0,11,33,57,3,2,Flood Alert (HIGH),Raining
9362,2026-09-30 04:08:16.045915+00,100,0,12,33,57,3,2,Flood Alert (HIGH),Raining
9363,2026-09-30 04:08:22.515384+00,88,0,11,33,57,3,2,Flood Alert (HIGH),Raining
9364,2026-09-30 04:08:29.315313+00,100,0,11,33,57,3,2,Flood Alert (HIGH),Raining
9365,2026-09-30 04:08:35.53596+00,100,0,10,33,57,3,2,Flood Alert (HIGH),Raining
9366,2026-09-30 04:08:41.699362+00,88,0,17,33,57,3,2,Flood Alert (HIGH),Raining
9367,2026-09-30 04:08:47.960148+00,100,0,16,33,57,3,2,Flood Alert (HIGH),Raining
9368,2026-09-30 04:08:54.114473+00,87,0,18,33,57,3,2,Flood Alert (HIGH),Raining
9369,2026-09-30 04:09:00.384354+00,99,0,16,33,57,3,2,Flood Alert (HIGH),Raining
9370,2026-09-30 04:09:06.773768+00,100,0,16,33,57,3,2,Flood Alert (HIGH),Raining
9371,2026-09-30 04:09:13.052389+00,100,0,16,33,57,3,2,Flood Alert (HIGH),Raining
9372,2026-09-30 04:09:19.222544+00,97,0,16,33,57,3,2,Flood Alert (HIGH),Raining
9373,2026-09-30 04:09:25.879626+00,90,0,16,33,57,3,2,Flood Alert (HIGH),Raining
9374,2026-09-30 04:09:32.376473+00,89,0,17,33,57,3,2,Flood Alert (HIGH),Raining
9375,2026-09-30 04:09:38.700818+00,91,0,15,33,57,3,2,Flood Alert (HIGH),Raining
9376,2026-09-30 04:09:45.851383+00,100,0,16,33,57,3,2,Flood Alert (HIGH),Raining
9377,2026-09-30 04:09:52.430207+00,98,0,16,33,57,3,2,Flood Alert (HIGH),Raining
9378,2026-09-30 04:09:59.196388+00,88,0,16,33,57,3,2,Flood Alert (HIGH),Raining
9379,2026-09-30 04:10:06.048678+00,88,0,16,33,57,3,2,Flood Alert (HIGH),Raining
9380,2026-09-30 04:10:12.818009+00,89,0,15,33,57,3,2,Flood Alert (HIGH),Raining
9381,2026-09-30 04:10:19.460962+00,96,0,14,33,57,3,2,Flood Alert (HIGH),Raining
9382,2026-09-30 04:10:25.486465+00,88,0,14,33,57,3,2,Flood Alert (HIGH),Raining
9383,2026-09-30 04:10:31.600944+00,90,0,14,33,57,3,2,Flood Alert (HIGH),Raining
9384,2026-09-30 04:10:39.098877+00,89,0,14,33,57,3,2,Flood Alert (HIGH),Raining
9385,2026-09-30 04:10:45.443508+00,100,0,15,33,57,3,2,Flood Alert (HIGH),Raining
9386,2026-09-30 04:10:51.54072+00,99,0,15,33,57,3,2,Flood Alert (HIGH),Raining
9387,2026-09-30 04:10:57.995703+00,98,0,14,33,57,3,2,Flood Alert (HIGH),Raining
9388,2026-09-30 04:11:04.440534+00,90,0,14,33,57,3,2,Flood Alert (HIGH),Raining
9389,2026-09-30 04:11:10.719463+00,100,0,14,33,57,3,2,Flood Alert (HIGH),Raining
9390,2026-09-30 04:11:17.503768+00,90,0,14,33,57,3,2,Flood Alert (HIGH),Raining
9391,2026-09-30 04:11:23.678618+00,89,0,15,33,57,3,2,Flood Alert (HIGH),Raining
9392,2026-09-30 04:11:29.965277+00,90,0,13,33,57,3,2,Flood Alert (HIGH),Raining
9393,2026-09-30 04:11:36.594105+00,95,0,14,33,57,3,2,Flood Alert (HIGH),Raining
9394,2026-09-30 04:11:43.001501+00,95,0,14,33,57,3,2,Flood Alert (HIGH),Raining
9395,2026-09-30 04:11:49.573231+00,92,0,14,33,57,3,2,Flood Alert (HIGH),Raining
9396,2026-09-30 04:11:55.909816+00,90,0,14,33,57,3,2,Flood Alert (HIGH),Raining
9397,2026-09-30 04:12:02.301792+00,90,0,14,33,57,3,2,Flood Alert (HIGH),Raining
9398,2026-09-30 04:12:08.866662+00,98,0,14,33,57,3,2,Flood Alert (HIGH),Raining
9399,2026-09-30 04:12:15.169957+00,100,0,14,33,57,3,2,Flood Alert (HIGH),Raining
9400,2026-09-30 04:12:21.547254+00,89,0,14,33,57,3,2,Flood Alert (HIGH),Raining
9401,2026-09-30 04:12:28.056393+00,97,0,13,33,57,3,2,Flood Alert (HIGH),Raining
9402,2026-09-30 04:12:34.121307+00,92,0,14,33,57,3,2,Flood Alert (HIGH),Raining
9403,2026-09-30 04:12:40.623949+00,100,0,14,33,57,3,2,Flood Alert (HIGH),Raining
9404,2026-09-30 04:12:47.018946+00,100,0,14,33,57,3,2,Flood Alert (HIGH),Raining
9405,2026-09-30 04:12:53.448177+00,93,0,14,33,57,3,2,Flood Alert (HIGH),Raining
9406,2026-09-30 04:12:59.570437+00,88,0,14,33,57,3,2,Flood Alert (HIGH),Raining
9407,2026-09-30 04:13:05.773309+00,88,0,14,33,57,3,2,Flood Alert (HIGH),Raining
9408,2026-09-30 04:13:12.252837+00,92,0,34,33,57,3,2,Flood Alert (HIGH),Raining
9409,2026-09-30 04:13:18.436307+00,88,0,10,33,57,3,2,Flood Alert (HIGH),Raining
9410,2026-09-30 04:13:24.582803+00,88,0,10,33,57,3,2,Flood Alert (HIGH),Raining
9411,2026-09-30 04:13:30.80735+00,89,0,10,33,57,3,2,Flood Alert (HIGH),Raining
9412,2026-09-30 04:13:37.025665+00,98,0,10,33,57,3,2,Flood Alert (HIGH),Raining
9413,2026-09-30 04:13:43.034951+00,98,0,10,33,57,3,2,Flood Alert (HIGH),Raining
9414,2026-09-30 04:13:49.560876+00,94,0,10,33,57,3,2,Flood Alert (HIGH),Raining
9415,2026-09-30 04:13:55.652335+00,92,0,10,33,57,3,2,Flood Alert (HIGH),Raining
9416,2026-09-30 04:14:02.006194+00,92,0,10,33,57,3,2,Flood Alert (HIGH),Raining
9417,2026-09-30 04:14:08.370771+00,90,0,10,33,57,3,2,Flood Alert (HIGH),Raining
9418,2026-09-30 04:14:14.540696+00,92,0,10,33,57,3,2,Flood Alert (HIGH),Raining
9419,2026-09-30 04:14:20.727813+00,97,0,10,33,57,3,2,Flood Alert (HIGH),Raining
9420,2026-09-30 04:14:27.198051+00,90,0,10,33,57,3,2,Flood Alert (HIGH),Raining
9421,2026-09-30 04:14:33.44931+00,89,0,10,33,57,3,2,Flood Alert (HIGH),Raining
9422,2026-09-30 04:14:39.81089+00,91,0,10,33,57,3,2,Flood Alert (HIGH),Raining
9423,2026-09-30 04:14:46.029543+00,95,0,10,33,57,3,2,Flood Alert (HIGH),Raining
9424,2026-09-30 04:14:52.691707+00,90,0,10,33,57,3,2,Flood Alert (HIGH),Raining
9425,2026-09-30 04:14:59.206335+00,97,0,10,33,57,3,2,Flood Alert (HIGH),Raining
9426,2026-09-30 04:15:05.603819+00,91,0,10,33,57,3,2,Flood Alert (HIGH),Raining
9427,2026-09-30 04:15:11.815717+00,90,0,10,33,57,3,2,Flood Alert (HIGH),Raining
9428,2026-09-30 04:15:18.343294+00,97,0,14,33,57,3,2,Flood Alert (HIGH),Raining
9429,2026-09-30 04:15:24.456319+00,88,0,14,33,57,3,2,Flood Alert (HIGH),Raining
9430,2026-09-30 04:15:31.723496+00,93,0,14,33,57,3,2,Flood Alert (HIGH),Raining
9431,2026-09-30 04:15:38.063424+00,97,0,14,33,57,3,2,Flood Alert (HIGH),Raining
9432,2026-09-30 04:15:44.24691+00,99,0,14,33,57,3,2,Flood Alert (HIGH),Raining
9433,2026-09-30 04:15:50.287264+00,96,0,14,33,57,3,2,Flood Alert (HIGH),Raining
9434,2026-09-30 04:15:56.403762+00,93,0,14,33,57,3,2,Flood Alert (HIGH),Raining
9435,2026-09-30 04:16:02.653514+00,91,0,15,33,57,3,2,Flood Alert (HIGH),Raining
9436,2026-09-30 04:16:09.074137+00,90,0,14,33,57,3,2,Flood Alert (HIGH),Raining
9437,2026-09-30 04:16:15.523356+00,92,0,14,33,57,3,2,Flood Alert (HIGH),Raining
9438,2026-09-30 04:16:21.84043+00,98,0,13,33,57,3,2,Flood Alert (HIGH),Raining
9439,2026-09-30 04:16:27.796323+00,93,0,14,33,57,3,2,Flood Alert (HIGH),Raining
9440,2026-09-30 04:16:34.130296+00,100,0,14,33,57,3,2,Flood Alert (HIGH),Raining
9441,2026-09-30 04:16:40.398486+00,89,0,14,33,57,3,2,Flood Alert (HIGH),Raining
9442,2026-09-30 04:16:46.855489+00,92,0,15,33,57,3,2,Flood Alert (HIGH),Raining
9443,2026-09-30 04:16:53.866018+00,100,0,13,33,57,3,2,Flood Alert (HIGH),Raining
9444,2026-09-30 04:17:00.065663+00,88,0,13,33,57,3,2,Flood Alert (HIGH),Raining
9445,2026-09-30 04:17:06.409816+00,100,0,14,33,57,3,2,Flood Alert (HIGH),Raining
9446,2026-09-30 04:17:13.072585+00,90,0,13,33,57,3,2,Flood Alert (HIGH),Raining
9447,2026-09-30 04:17:21.212257+00,91,0,13,33,57,3,2,Flood Alert (HIGH),Raining
9448,2026-09-30 04:17:27.6921+00,100,0,13,33,57,3,2,Flood Alert (HIGH),Raining
9449,2026-09-30 04:17:33.882693+00,94,0,13,33,57,3,2,Flood Alert (HIGH),Raining
9450,2026-09-30 04:17:40.222316+00,98,0,12,33,57,3,2,Flood Alert (HIGH),Raining
9451,2026-09-30 04:17:46.576475+00,100,0,13,33,57,3,2,Flood Alert (HIGH),Raining
9452,2026-09-30 04:17:53.041938+00,89,0,12,33,57,3,2,Flood Alert (HIGH),Raining
9453,2026-09-30 04:17:59.359316+00,100,0,15,33,57,3,2,Flood Alert (HIGH),Raining
9454,2026-09-30 04:18:05.437728+00,93,0,15,33,57,3,2,Flood Alert (HIGH),Raining
9455,2026-09-30 04:18:11.840324+00,94,0,15,33,57,3,2,Flood Alert (HIGH),Raining
9456,2026-09-30 04:18:17.92261+00,95,0,15,33,57,3,2,Flood Alert (HIGH),Raining
9457,2026-09-30 04:18:24.05925+00,93,0,14,33,57,3,2,Flood Alert (HIGH),Raining
9458,2026-09-30 04:18:30.177868+00,100,0,16,33,57,3,2,Flood Alert (HIGH),Raining
9459,2026-09-30 04:18:36.536993+00,90,0,15,33,57,3,2,Flood Alert (HIGH),Raining
9460,2026-09-30 04:18:42.515995+00,100,0,15,33,57,3,2,Flood Alert (HIGH),Raining
9461,2026-09-30 04:18:48.762788+00,99,0,15,33,57,3,2,Flood Alert (HIGH),Raining
9462,2026-09-30 04:18:55.436583+00,94,0,16,33,57,3,2,Flood Alert (HIGH),Raining
9463,2026-09-30 04:19:01.801136+00,97,0,15,33,57,3,2,Flood Alert (HIGH),Raining
9464,2026-09-30 04:19:07.809469+00,89,0,15,33,57,3,2,Flood Alert (HIGH),Raining
9465,2026-09-30 04:19:14.292365+00,99,0,15,33,57,3,2,Flood Alert (HIGH),Raining
9466,2026-09-30 04:19:20.262621+00,92,0,16,33,57,3,2,Flood Alert (HIGH),Raining
9467,2026-09-30 04:19:26.445384+00,100,0,15,33,57,3,2,Flood Alert (HIGH),Raining
9468,2026-09-30 04:19:32.547328+00,95,0,15,33,57,3,2,Flood Alert (HIGH),Raining
9469,2026-09-30 04:19:38.872415+00,97,0,16,33,57,3,2,Flood Alert (HIGH),Raining
9470,2026-09-30 04:19:45.015621+00,93,0,16,33,57,3,2,Flood Alert (HIGH),Raining
9471,2026-09-30 04:19:51.60722+00,95,0,15,33,57,3,2,Flood Alert (HIGH),Raining
9472,2026-09-30 04:19:57.804021+00,100,0,15,33,57,3,2,Flood Alert (HIGH),Raining
9473,2026-09-30 04:20:03.908802+00,96,0,15,33,57,3,2,Flood Alert (HIGH),Raining
9474,2026-09-30 04:20:10.34851+00,100,0,12,33,57,3,2,Flood Alert (HIGH),Raining
9475,2026-09-30 04:20:16.494612+00,90,0,12,33,57,3,2,Flood Alert (HIGH),Raining
9476,2026-09-30 04:20:22.709626+00,99,0,13,33,57,3,2,Flood Alert (HIGH),Raining
9477,2026-09-30 04:20:29.643071+00,100,0,17,33,57,3,2,Flood Alert (HIGH),Raining
9478,2026-09-30 04:20:35.764706+00,91,0,17,33,57,3,2,Flood Alert (HIGH),Raining
9479,2026-09-30 04:20:42.14482+00,100,0,17,33.1,57,3,2,Flood Alert (HIGH),Raining
9480,2026-09-30 04:20:48.546323+00,89,0,16,33.1,57,3,2,Flood Alert (HIGH),Raining
9481,2026-09-30 04:20:54.768515+00,100,0,15,33.1,57,3,2,Flood Alert (HIGH),Raining
9482,2026-09-30 04:21:00.761247+00,93,0,16,33.1,57,3,2,Flood Alert (HIGH),Raining
9483,2026-09-30 04:21:06.823237+00,91,0,17,33.1,57,3,2,Flood Alert (HIGH),Raining
9484,2026-09-30 04:21:13.029506+00,96,0,17,33.1,57,3,2,Flood Alert (HIGH),Raining
9485,2026-09-30 04:21:19.117225+00,89,0,17,33.1,57,3,2,Flood Alert (HIGH),Raining
9486,2026-09-30 04:21:25.312752+00,91,0,19,33.1,57,3,2,Flood Alert (HIGH),Raining
9487,2026-09-30 04:21:31.720734+00,99,0,19,33.1,57,3,2,Flood Alert (HIGH),Raining
9488,2026-09-30 04:21:38.122545+00,93,0,19,33.1,57,3,2,Flood Alert (HIGH),Raining
9489,2026-09-30 04:21:44.263191+00,89,0,20,33.1,57,3,2,Flood Alert (HIGH),Raining
9490,2026-09-30 04:21:50.399925+00,90,0,20,33.1,57,3,2,Flood Alert (HIGH),Raining
9491,2026-09-30 04:21:56.634139+00,94,0,20,33.1,57,3,2,Flood Alert (HIGH),Raining
9492,2026-09-30 04:22:02.889393+00,90,0,21,33.1,57,3,2,Flood Alert (HIGH),Raining
9493,2026-09-30 04:22:09.115278+00,98,0,21,33.1,57,3,2,Flood Alert (HIGH),Raining
9494,2026-09-30 04:22:15.316396+00,97,0,23,33.1,57,3,2,Flood Alert (HIGH),Raining
9495,2026-09-30 04:22:21.403981+00,100,0,23,33.1,57,3,2,Flood Alert (HIGH),Raining
9496,2026-09-30 04:22:27.637038+00,98,0,23,33.1,57,3,2,Flood Alert (HIGH),Raining
9497,2026-09-30 04:22:34.035196+00,89,0,23,33.1,57,3,2,Flood Alert (HIGH),Raining
9498,2026-09-30 04:22:40.368732+00,89,0,24,33.1,57,3,2,Flood Alert (HIGH),Raining
9499,2026-09-30 04:22:46.794882+00,100,0,24,33.1,57,3,2,Flood Alert (HIGH),Raining
9500,2026-09-30 04:22:53.276386+00,90,0,25,33.1,57,3,2,Flood Alert (HIGH),Raining
9501,2026-09-30 04:22:59.432783+00,89,0,25,33.1,57,3,2,Flood Alert (HIGH),Raining
9502,2026-09-30 04:23:05.467824+00,99,0,24,33.1,57,3,2,Flood Alert (HIGH),Raining
9503,2026-09-30 04:23:11.652754+00,100,0,25,33.1,57,3,2,Flood Alert (HIGH),Raining
9504,2026-09-30 04:23:17.690524+00,100,0,25,33.1,57,3,2,Flood Alert (HIGH),Raining
9505,2026-09-30 04:23:23.663193+00,100,0,25,33.1,57,3,2,Flood Alert (HIGH),Raining
9506,2026-09-30 04:23:30.343887+00,98,0,25,33.1,57,3,2,Flood Alert (HIGH),Raining
9507,2026-09-30 04:23:36.31942+00,98,0,25,33.1,57,3,2,Flood Alert (HIGH),Raining
9508,2026-09-30 04:23:42.66566+00,100,0,25,33.1,57,3,2,Flood Alert (HIGH),Raining
9509,2026-09-30 04:23:48.808134+00,100,0,24,33.1,57,3,2,Flood Alert (HIGH),Raining
9510,2026-09-30 04:23:55.367198+00,100,0,25,33.1,57,3,2,Flood Alert (HIGH),Raining
9511,2026-09-30 04:24:01.927825+00,100,0,25,33.1,57,3,2,Flood Alert (HIGH),Raining
9512,2026-09-30 04:24:08.194994+00,90,0,25,33.1,57,3,2,Flood Alert (HIGH),Raining
9513,2026-09-30 04:24:14.688686+00,90,0,24,33.1,57,3,2,Flood Alert (HIGH),Raining
9514,2026-09-30 04:24:21.024388+00,94,0,24,33.1,57,3,2,Flood Alert (HIGH),Raining
9515,2026-09-30 04:24:27.181021+00,93,0,24,33.1,57,3,2,Flood Alert (HIGH),Raining
9516,2026-09-30 04:24:33.250331+00,93,0,25,33.1,57,3,2,Flood Alert (HIGH),Raining
9517,2026-09-30 04:24:39.578778+00,97,0,25,33.1,57,3,2,Flood Alert (HIGH),Raining
9518,2026-09-30 04:24:45.899141+00,99,0,25,33.1,57,3,2,Flood Alert (HIGH),Raining
9519,2026-09-30 04:24:52.180232+00,100,0,25,33.1,57,3,2,Flood Alert (HIGH),Raining
9520,2026-09-30 04:24:58.250966+00,91,0,25,33.1,57,3,2,Flood Alert (HIGH),Raining
9521,2026-09-30 04:25:04.361967+00,100,0,24,33.1,57,3,2,Flood Alert (HIGH),Raining
9522,2026-09-30 04:25:10.482919+00,100,0,25,33.1,57,3,2,Flood Alert (HIGH),Raining
9523,2026-09-30 04:25:17.128647+00,98,0,25,33.1,57,3,2,Flood Alert (HIGH),Raining
9524,2026-09-30 04:25:23.486905+00,89,0,25,33.1,57,3,2,Flood Alert (HIGH),Raining
9525,2026-09-30 04:25:29.719799+00,100,0,24,33.1,57,3,2,Flood Alert (HIGH),Raining
9526,2026-09-30 04:25:35.98378+00,100,0,25,33.1,57,3,2,Flood Alert (HIGH),Raining
9527,2026-09-30 04:25:42.384252+00,100,0,24,33.1,57,3,2,Flood Alert (HIGH),Raining
9528,2026-09-30 04:25:49.117482+00,88,0,15,33.1,57,3,2,Flood Alert (HIGH),Raining
9529,2026-09-30 04:25:55.281299+00,98,0,14,33.1,57,3,2,Flood Alert (HIGH),Raining
9530,2026-09-30 04:26:01.853153+00,89,0,14,33.1,57,3,2,Flood Alert (HIGH),Raining
9531,2026-09-30 04:26:08.63048+00,98,0,13,33.1,57,3,2,Flood Alert (HIGH),Raining
9532,2026-09-30 04:26:14.962702+00,89,0,14,33.1,57,3,2,Flood Alert (HIGH),Raining
9533,2026-09-30 04:26:21.287807+00,89,0,13,33.1,57,3,2,Flood Alert (HIGH),Raining
9534,2026-09-30 04:26:27.654297+00,87,0,13,33.1,57,3,2,Flood Alert (HIGH),Raining
9535,2026-09-30 04:26:33.680353+00,93,0,15,33.1,57,3,2,Flood Alert (HIGH),Raining
9536,2026-09-30 04:26:39.722646+00,99,0,13,33.1,57,3,2,Flood Alert (HIGH),Raining
9537,2026-09-30 04:26:45.845186+00,99,0,14,33.1,57,3,2,Flood Alert (HIGH),Raining
9538,2026-09-30 04:26:51.983498+00,98,0,13,33.1,57,3,2,Flood Alert (HIGH),Raining
9539,2026-09-30 04:26:58.283366+00,97,0,13,33.1,57,3,2,Flood Alert (HIGH),Raining
9540,2026-09-30 04:27:04.301359+00,97,0,13,33.1,57,3,2,Flood Alert (HIGH),Raining
9541,2026-09-30 04:27:10.39261+00,97,0,14,33.1,57,3,2,Flood Alert (HIGH),Raining
9542,2026-09-30 04:27:16.358503+00,93,0,14,33.1,57,3,2,Flood Alert (HIGH),Raining
9543,2026-09-30 04:27:22.461143+00,94,0,13,33.1,57,3,2,Flood Alert (HIGH),Raining
9544,2026-09-30 04:27:28.923145+00,91,0,21,33.1,57,3,2,Flood Alert (HIGH),Raining
9545,2026-09-30 04:27:35.172112+00,100,0,21,33.1,57,3,2,Flood Alert (HIGH),Raining
9546,2026-09-30 04:27:41.483274+00,93,0,21,33.1,57,3,2,Flood Alert (HIGH),Raining
9547,2026-09-30 04:27:47.678027+00,100,0,21,33.1,57,3,2,Flood Alert (HIGH),Raining
9548,2026-09-30 04:27:53.925037+00,100,0,20,33.1,57,3,2,Flood Alert (HIGH),Raining
9549,2026-09-30 04:28:00.077386+00,100,0,21,33.1,57,3,2,Flood Alert (HIGH),Raining
9550,2026-09-30 04:28:06.28943+00,90,0,20,33.1,57,3,2,Flood Alert (HIGH),Raining
9551,2026-09-30 04:28:12.790845+00,89,0,21,33.1,57,3,2,Flood Alert (HIGH),Raining
9552,2026-09-30 04:28:19.19647+00,100,0,22,33.1,57,3,2,Flood Alert (HIGH),Raining
9553,2026-09-30 04:28:25.424278+00,93,0,21,33.1,57,3,2,Flood Alert (HIGH),Raining
9554,2026-09-30 04:28:31.802447+00,90,0,20,33.1,57,3,2,Flood Alert (HIGH),Raining
9555,2026-09-30 04:28:38.772937+00,98,0,21,33.1,57,3,2,Flood Alert (HIGH),Raining
9556,2026-09-30 04:28:44.845944+00,93,0,20,33.1,57,3,2,Flood Alert (HIGH),Raining
9557,2026-09-30 04:28:50.884838+00,100,0,11,33.1,57,3,2,Flood Alert (HIGH),Raining
9558,2026-09-30 04:28:57.046523+00,95,0,18,33.1,57,3,2,Flood Alert (HIGH),Raining
9559,2026-09-30 04:29:03.121642+00,100,0,18,33.1,57,3,2,Flood Alert (HIGH),Raining
9560,2026-09-30 04:29:09.602962+00,88,0,19,33.1,57,3,2,Flood Alert (HIGH),Raining
9561,2026-09-30 04:29:15.545306+00,88,0,19,33.1,57,3,2,Flood Alert (HIGH),Raining
9562,2026-09-30 04:29:21.525931+00,89,0,19,33.1,57,3,2,Flood Alert (HIGH),Raining
9563,2026-09-30 04:29:27.548763+00,95,0,18,33.1,57,3,2,Flood Alert (HIGH),Raining
9564,2026-09-30 04:29:33.646584+00,100,0,17,33.1,57,3,2,Flood Alert (HIGH),Raining
9565,2026-09-30 04:29:40.008838+00,100,0,12,33.1,57,3,2,Flood Alert (HIGH),Raining
9566,2026-09-30 04:29:46.180733+00,100,0,12,33.1,57,3,2,Flood Alert (HIGH),Raining
9567,2026-09-30 04:29:52.330355+00,88,0,11,33.1,57,3,2,Flood Alert (HIGH),Raining
9568,2026-09-30 04:29:58.480926+00,94,0,12,33.1,57,3,2,Flood Alert (HIGH),Raining
9569,2026-09-30 04:30:04.507061+00,94,0,11,33.1,57,3,2,Flood Alert (HIGH),Raining
9570,2026-09-30 04:30:10.618029+00,99,0,12,33.1,57,3,2,Flood Alert (HIGH),Raining
9571,2026-09-30 04:30:16.99607+00,100,0,11,33.1,57,3,2,Flood Alert (HIGH),Raining
9572,2026-09-30 04:30:23.142729+00,88,0,11,33.1,57,3,2,Flood Alert (HIGH),Raining
9573,2026-09-30 04:30:29.282506+00,90,0,11,33.1,57,3,2,Flood Alert (HIGH),Raining
9574,2026-09-30 04:30:35.642309+00,90,0,11,33.1,57,3,2,Flood Alert (HIGH),Raining
9575,2026-09-30 04:30:43.737352+00,100,0,10,33.3,57,3,2,Flood Alert (HIGH),Raining
9576,2026-09-30 04:30:49.916213+00,88,0,10,33.3,57,3,2,Flood Alert (HIGH),Raining
9577,2026-09-30 04:30:56.240009+00,96,0,10,33.3,57,3,2,Flood Alert (HIGH),Raining
9578,2026-09-30 04:31:02.61033+00,90,0,10,33.3,57,3,2,Flood Alert (HIGH),Raining
9579,2026-09-30 04:31:08.840527+00,100,0,10,33.3,57,3,2,Flood Alert (HIGH),Raining
9580,2026-09-30 04:31:14.730301+00,100,0,10,33.3,57,3,2,Flood Alert (HIGH),Raining
9581,2026-09-30 04:31:20.762071+00,89,0,10,33.3,57,3,2,Flood Alert (HIGH),Raining
9582,2026-09-30 04:31:27.180622+00,93,0,10,33.3,57,3,2,Flood Alert (HIGH),Raining
9583,2026-09-30 04:31:33.571385+00,100,0,10,33.3,57,3,2,Flood Alert (HIGH),Raining
9584,2026-09-30 04:31:39.845632+00,87,0,10,33.3,57,3,2,Flood Alert (HIGH),Raining
9585,2026-09-30 04:31:45.766681+00,89,0,10,33.3,57,3,2,Flood Alert (HIGH),Raining
9586,2026-09-30 04:31:51.929731+00,100,0,10,33.3,57,3,2,Flood Alert (HIGH),Raining
9587,2026-09-30 04:31:58.028949+00,89,0,10,33.3,57,3,2,Flood Alert (HIGH),Raining
9588,2026-09-30 04:32:04.379846+00,100,0,10,33.3,57,3,2,Flood Alert (HIGH),Raining
9589,2026-09-30 04:32:10.709789+00,91,0,10,33.3,57,3,2,Flood Alert (HIGH),Raining
9590,2026-09-30 04:32:17.065186+00,91,0,10,33.3,57,3,2,Flood Alert (HIGH),Raining
9591,2026-09-30 04:32:23.324607+00,90,0,13,33.3,57,3,2,Flood Alert (HIGH),Raining
9592,2026-09-30 04:32:29.556818+00,89,0,13,33.3,57,3,2,Flood Alert (HIGH),Raining
9593,2026-09-30 04:32:35.826108+00,93,0,12,33.3,57,3,2,Flood Alert (HIGH),Raining
9594,2026-09-30 04:32:41.963437+00,98,0,12,33.3,57,3,2,Flood Alert (HIGH),Raining
9595,2026-09-30 04:32:48.14847+00,95,0,13,33.3,57,3,2,Flood Alert (HIGH),Raining
9596,2026-09-30 04:32:54.242964+00,97,0,12,33.3,57,3,2,Flood Alert (HIGH),Raining
9597,2026-09-30 04:33:00.514322+00,98,0,13,33.3,57,3,2,Flood Alert (HIGH),Raining
9598,2026-09-30 04:33:06.792732+00,97,0,13,33.3,57,3,2,Flood Alert (HIGH),Raining
9599,2026-09-30 04:33:12.986646+00,92,0,12,33.3,57,3,2,Flood Alert (HIGH),Raining
9600,2026-09-30 04:33:19.411925+00,97,0,12,33.3,57,3,2,Flood Alert (HIGH),Raining
9601,2026-09-30 04:33:25.955164+00,99,0,13,33.3,57,3,2,Flood Alert (HIGH),Raining
9602,2026-09-30 04:33:31.992947+00,92,0,12,33.3,57,3,2,Flood Alert (HIGH),Raining
9603,2026-09-30 04:33:38.112539+00,95,0,12,33.3,57,3,2,Flood Alert (HIGH),Raining
9604,2026-09-30 04:33:44.202516+00,96,0,13,33.3,57,3,2,Flood Alert (HIGH),Raining
9605,2026-09-30 04:33:50.552781+00,95,0,12,33.3,57,3,2,Flood Alert (HIGH),Raining
9606,2026-09-30 04:33:56.867901+00,95,0,12,33.3,57,3,2,Flood Alert (HIGH),Raining
9607,2026-09-30 04:34:02.909597+00,92,0,12,33.3,57,3,2,Flood Alert (HIGH),Raining
9608,2026-09-30 04:34:09.11067+00,92,0,13,33.3,57,3,2,Flood Alert (HIGH),Raining
9609,2026-09-30 04:34:15.310755+00,92,0,13,33.3,57,3,2,Flood Alert (HIGH),Raining
9610,2026-09-30 04:34:21.749056+00,92,0,13,33.3,57,3,2,Flood Alert (HIGH),Raining
9611,2026-09-30 04:34:27.885703+00,95,0,12,33.3,57,3,2,Flood Alert (HIGH),Raining
9612,2026-09-30 04:34:33.860466+00,97,0,13,33.3,57,3,2,Flood Alert (HIGH),Raining
9613,2026-09-30 04:34:40.254049+00,93,0,13,33.3,57,3,2,Flood Alert (HIGH),Raining
9614,2026-09-30 04:34:46.348993+00,97,0,12,33.3,57,3,2,Flood Alert (HIGH),Raining
9615,2026-09-30 04:34:52.760635+00,96,0,12,33.3,57,3,2,Flood Alert (HIGH),Raining
9616,2026-09-30 04:34:58.874673+00,97,0,13,33.3,57,3,2,Flood Alert (HIGH),Raining
9617,2026-09-30 04:35:05.021156+00,93,0,13,33.3,57,3,2,Flood Alert (HIGH),Raining
9618,2026-09-30 04:35:11.242138+00,97,0,12,33.3,57,3,2,Flood Alert (HIGH),Raining
9619,2026-09-30 04:35:17.518808+00,96,0,12,33.3,57,3,2,Flood Alert (HIGH),Raining
9620,2026-09-30 04:35:23.768661+00,92,0,13,33.3,57,3,2,Flood Alert (HIGH),Raining
9621,2026-09-30 04:35:29.903772+00,99,0,12,33.3,57,3,2,Flood Alert (HIGH),Raining
9622,2026-09-30 04:35:36.065914+00,98,0,13,33.3,57,3,2,Flood Alert (HIGH),Raining
9623,2026-09-30 04:35:42.169789+00,100,0,12,33.3,57,3,2,Flood Alert (HIGH),Raining
9624,2026-09-30 04:35:48.437123+00,98,0,13,33.3,57,3,2,Flood Alert (HIGH),Raining
9625,2026-09-30 04:35:54.598462+00,98,0,13,33.3,57,3,2,Flood Alert (HIGH),Raining
9626,2026-09-30 04:36:02.097755+00,92,0,13,33.3,57,3,2,Flood Alert (HIGH),Raining
9627,2026-09-30 04:36:08.747622+00,94,0,12,33.3,57,3,2,Flood Alert (HIGH),Raining
9628,2026-09-30 04:36:15.169929+00,95,0,13,33.3,57,3,2,Flood Alert (HIGH),Raining
9629,2026-09-30 04:36:21.246886+00,98,0,12,33.3,57,3,2,Flood Alert (HIGH),Raining
9630,2026-09-30 04:36:27.211976+00,93,0,13,33.3,57,3,2,Flood Alert (HIGH),Raining
9631,2026-09-30 04:36:33.570093+00,93,0,13,33.3,57,3,2,Flood Alert (HIGH),Raining
9632,2026-09-30 04:36:39.963812+00,100,0,13,33.3,57,3,2,Flood Alert (HIGH),Raining
9633,2026-09-30 04:36:46.026877+00,93,0,13,33.3,57,3,2,Flood Alert (HIGH),Raining
9634,2026-09-30 04:36:51.933078+00,98,0,13,33.3,57,3,2,Flood Alert (HIGH),Raining
9635,2026-09-30 04:36:58.386791+00,99,0,12,33.3,57,3,2,Flood Alert (HIGH),Raining
9636,2026-09-30 04:37:04.321918+00,100,0,12,33.3,57,3,2,Flood Alert (HIGH),Raining
9637,2026-09-30 04:37:10.395505+00,100,0,12,33.3,57,3,2,Flood Alert (HIGH),Raining
9638,2026-09-30 04:37:16.333107+00,96,0,13,33.3,57,3,2,Flood Alert (HIGH),Raining
9639,2026-09-30 04:37:22.302974+00,92,0,11,33.3,57,3,2,Flood Alert (HIGH),Raining
9640,2026-09-30 04:37:28.593993+00,97,0,12,33.3,57,3,2,Flood Alert (HIGH),Raining
9641,2026-09-30 04:37:34.739678+00,94,0,13,33.3,57,3,2,Flood Alert (HIGH),Raining
9642,2026-09-30 04:37:41.139648+00,99,0,12,33.3,57,3,2,Flood Alert (HIGH),Raining
9643,2026-09-30 04:37:47.338539+00,98,0,12,33.3,57,3,2,Flood Alert (HIGH),Raining
9644,2026-09-30 04:37:53.474168+00,96,0,13,33.3,57,3,2,Flood Alert (HIGH),Raining
9645,2026-09-30 04:37:59.662066+00,99,0,13,33.3,57,3,2,Flood Alert (HIGH),Raining
9646,2026-09-30 04:38:06.167757+00,93,0,13,33.3,57,3,2,Flood Alert (HIGH),Raining
9647,2026-09-30 04:38:12.340752+00,98,0,12,33.3,57,3,2,Flood Alert (HIGH),Raining
9648,2026-09-30 04:38:18.521602+00,91,0,12,33.3,57,3,2,Flood Alert (HIGH),Raining
9649,2026-09-30 04:38:24.693363+00,96,0,13,33.3,57,3,2,Flood Alert (HIGH),Raining
9650,2026-09-30 04:38:30.916448+00,97,0,12,33.3,57,3,2,Flood Alert (HIGH),Raining
9651,2026-09-30 04:38:36.93477+00,93,0,13,33.3,57,3,2,Flood Alert (HIGH),Raining
9652,2026-09-30 04:38:42.940286+00,98,0,12,33.3,57,3,2,Flood Alert (HIGH),Raining
9653,2026-09-30 04:38:48.976582+00,97,0,13,33.3,57,3,2,Flood Alert (HIGH),Raining
9654,2026-09-30 04:38:55.085595+00,100,0,12,33.3,57,3,2,Flood Alert (HIGH),Raining
9655,2026-09-30 04:39:01.363137+00,98,0,13,33.3,57,3,2,Flood Alert (HIGH),Raining
9656,2026-09-30 04:39:07.488625+00,93,0,13,33.3,57,3,2,Flood Alert (HIGH),Raining
9657,2026-09-30 04:39:13.661217+00,94,0,13,33.3,57,3,2,Flood Alert (HIGH),Raining
9658,2026-09-30 04:39:19.707013+00,94,0,13,33.3,57,3,2,Flood Alert (HIGH),Raining
9659,2026-09-30 04:39:25.840895+00,98,0,12,33.3,57,3,2,Flood Alert (HIGH),Raining
9660,2026-09-30 04:39:32.096258+00,92,0,13,33.3,57,3,2,Flood Alert (HIGH),Raining
9661,2026-09-30 04:39:38.162216+00,97,0,12,33.3,57,3,2,Flood Alert (HIGH),Raining
9662,2026-09-30 04:39:44.166009+00,95,0,13,33.3,57,3,2,Flood Alert (HIGH),Raining
9663,2026-09-30 04:39:50.423069+00,94,0,12,33.3,57,3,2,Flood Alert (HIGH),Raining
9664,2026-09-30 04:39:56.423592+00,93,0,12,33.3,57,3,2,Flood Alert (HIGH),Raining
9665,2026-09-30 04:40:02.638086+00,96,0,13,33.3,57,3,2,Flood Alert (HIGH),Raining
9666,2026-09-30 04:40:08.833421+00,94,0,13,33.3,57,3,2,Flood Alert (HIGH),Raining
9667,2026-09-30 04:40:15.387394+00,93,0,13,33.3,57,3,2,Flood Alert (HIGH),Raining
9668,2026-09-30 04:40:21.339177+00,93,0,13,33.3,57,3,2,Flood Alert (HIGH),Raining
9669,2026-09-30 04:40:27.505855+00,98,0,13,33.3,57,3,2,Flood Alert (HIGH),Raining
9670,2026-09-30 04:40:33.464498+00,98,0,12,33.3,57,3,2,Flood Alert (HIGH),Raining
9671,2026-09-30 04:40:39.92895+00,93,0,13,33.3,57,3,2,Flood Alert (HIGH),Raining
9672,2026-09-30 04:40:46.859269+00,100,0,12,33.3,57,3,2,Flood Alert (HIGH),Raining
9673,2026-09-30 04:40:53.16534+00,97,0,13,33.3,57,3,2,Flood Alert (HIGH),Raining
9674,2026-09-30 04:40:59.268138+00,95,0,12,33.3,57,3,2,Flood Alert (HIGH),Raining
9675,2026-09-30 04:41:05.307943+00,92,0,13,33.3,57,3,2,Flood Alert (HIGH),Raining
9676,2026-09-30 04:41:11.280684+00,92,0,12,33.3,57,3,2,Flood Alert (HIGH),Raining
9677,2026-09-30 04:41:17.616124+00,95,0,12,33.3,57,3,2,Flood Alert (HIGH),Raining
9678,2026-09-30 04:41:23.959519+00,94,0,12,33.3,57,3,2,Flood Alert (HIGH),Raining
9679,2026-09-30 04:41:30.590333+00,98,0,13,33.3,57,3,2,Flood Alert (HIGH),Raining
9680,2026-09-30 04:41:36.597383+00,94,0,13,33.3,57,3,2,Flood Alert (HIGH),Raining
9681,2026-09-30 04:41:42.959873+00,98,0,13,33.3,57,3,2,Flood Alert (HIGH),Raining
9682,2026-09-30 04:41:49.089439+00,100,0,12,33.3,57,3,2,Flood Alert (HIGH),Raining
9683,2026-09-30 04:41:55.343725+00,93,0,13,33.3,57,3,2,Flood Alert (HIGH),Raining
9684,2026-09-30 04:42:01.462576+00,96,0,13,33.3,57,3,2,Flood Alert (HIGH),Raining
9685,2026-09-30 04:42:07.640231+00,92,0,12,33.3,57,3,2,Flood Alert (HIGH),Raining
9686,2026-09-30 04:42:13.628487+00,96,0,12,33.3,57,3,2,Flood Alert (HIGH),Raining
9687,2026-09-30 04:42:19.937143+00,97,0,13,33.3,57,3,2,Flood Alert (HIGH),Raining
9688,2026-09-30 04:42:25.87835+00,95,0,13,33.3,57,3,2,Flood Alert (HIGH),Raining
9689,2026-09-30 04:42:31.879784+00,96,0,12,33.3,57,3,2,Flood Alert (HIGH),Raining
9690,2026-09-30 04:42:38.064614+00,94,0,12,33.3,57,3,2,Flood Alert (HIGH),Raining
9691,2026-09-30 04:42:44.057949+00,97,0,13,33.3,57,3,2,Flood Alert (HIGH),Raining
9692,2026-09-30 04:42:50.328487+00,91,0,13,33.3,57,3,2,Flood Alert (HIGH),Raining
9693,2026-09-30 04:42:56.376037+00,97,0,12,33.3,57,3,2,Flood Alert (HIGH),Raining
9694,2026-09-30 04:43:02.420989+00,92,0,13,33.3,57,3,2,Flood Alert (HIGH),Raining
9695,2026-09-30 04:43:08.535023+00,99,0,13,33.3,57,3,2,Flood Alert (HIGH),Raining
9696,2026-09-30 04:43:14.670211+00,95,0,13,33.3,57,3,2,Flood Alert (HIGH),Raining
9697,2026-09-30 04:43:21.093289+00,97,0,13,33.3,57,3,2,Flood Alert (HIGH),Raining
9698,2026-09-30 04:43:27.299417+00,94,0,12,33.3,57,3,2,Flood Alert (HIGH),Raining
9699,2026-09-30 04:43:33.381226+00,94,0,13,33.3,57,3,2,Flood Alert (HIGH),Raining
9700,2026-09-30 04:43:39.714888+00,95,0,13,33.3,57,3,2,Flood Alert (HIGH),Raining
9701,2026-09-30 04:43:45.643785+00,100,0,13,33.3,57,3,2,Flood Alert (HIGH),Raining
9702,2026-09-30 04:43:51.771224+00,93,0,12,33.3,57,3,2,Flood Alert (HIGH),Raining
9703,2026-09-30 04:43:57.933345+00,96,0,12,33.3,57,3,2,Flood Alert (HIGH),Raining
9704,2026-09-30 04:44:04.08175+00,94,0,14,33.3,57,3,2,Flood Alert (HIGH),Raining
9705,2026-09-30 04:44:10.053421+00,95,0,12,33.3,57,3,2,Flood Alert (HIGH),Raining
9706,2026-09-30 04:44:16.363603+00,97,0,13,33.3,57,3,2,Flood Alert (HIGH),Raining
9707,2026-09-30 04:44:22.439119+00,93,0,12,33.3,57,3,2,Flood Alert (HIGH),Raining
9708,2026-09-30 04:44:28.890865+00,97,0,12,33.3,57,3,2,Flood Alert (HIGH),Raining
9709,2026-09-30 04:44:35.170373+00,92,0,13,33.3,57,3,2,Flood Alert (HIGH),Raining
9710,2026-09-30 04:44:41.30869+00,98,0,13,33.3,57,3,2,Flood Alert (HIGH),Raining
9711,2026-09-30 04:44:47.563383+00,94,0,14,33.3,57,3,2,Flood Alert (HIGH),Raining
9712,2026-09-30 04:44:53.706945+00,95,0,13,33.3,57,3,2,Flood Alert (HIGH),Raining
9713,2026-09-30 04:44:59.845413+00,92,0,12,33.3,57,3,2,Flood Alert (HIGH),Raining
9714,2026-09-30 04:45:05.974942+00,92,0,13,33.3,57,3,2,Flood Alert (HIGH),Raining
9715,2026-09-30 04:45:12.117719+00,98,0,13,33.3,57,3,2,Flood Alert (HIGH),Raining
9716,2026-09-30 04:45:18.331099+00,96,0,13,33.3,57,3,2,Flood Alert (HIGH),Raining
9717,2026-09-30 04:45:24.625739+00,96,0,12,33.3,57,3,2,Flood Alert (HIGH),Raining
9718,2026-09-30 04:45:30.836256+00,92,0,12,33.3,57,3,2,Flood Alert (HIGH),Raining
9719,2026-09-30 04:45:37.615172+00,97,0,12,33.3,57,3,2,Flood Alert (HIGH),Raining
9720,2026-09-30 04:45:43.67276+00,93,0,13,33.3,57,3,2,Flood Alert (HIGH),Raining
9721,2026-09-30 04:45:49.805438+00,97,0,12,33.3,57,3,2,Flood Alert (HIGH),Raining
9722,2026-09-30 04:45:56.147708+00,98,0,13,33.3,57,3,2,Flood Alert (HIGH),Raining
9723,2026-09-30 04:46:02.623764+00,97,0,12,33.3,57,3,2,Flood Alert (HIGH),Raining
9724,2026-09-30 04:46:08.844134+00,100,0,13,33.3,57,3,2,Flood Alert (HIGH),Raining
9725,2026-09-30 04:46:15.157635+00,100,0,13,33.3,57,3,2,Flood Alert (HIGH),Raining
9726,2026-09-30 04:46:21.073738+00,96,0,13,33.3,57,3,2,Flood Alert (HIGH),Raining
9727,2026-09-30 04:46:27.242118+00,95,0,13,33.3,57,3,2,Flood Alert (HIGH),Raining
9728,2026-09-30 04:46:33.509071+00,91,0,12,33.3,57,3,2,Flood Alert (HIGH),Raining
9729,2026-09-30 04:46:39.862493+00,91,0,12,33.3,57,3,2,Flood Alert (HIGH),Raining
9730,2026-09-30 04:46:46.179469+00,93,0,12,33.3,57,3,2,Flood Alert (HIGH),Raining
9731,2026-09-30 04:46:52.551852+00,96,0,12,33.3,57,3,2,Flood Alert (HIGH),Raining
9732,2026-09-30 04:46:58.712003+00,92,0,13,33.3,57,3,2,Flood Alert (HIGH),Raining
9733,2026-09-30 04:47:04.974869+00,100,0,12,33.3,57,3,2,Flood Alert (HIGH),Raining
9734,2026-09-30 04:47:11.132903+00,100,0,13,33.3,57,3,2,Flood Alert (HIGH),Raining
9735,2026-09-30 04:47:17.333755+00,100,0,13,33.3,57,3,2,Flood Alert (HIGH),Raining
9736,2026-09-30 04:47:23.38619+00,92,0,12,33.3,57,3,2,Flood Alert (HIGH),Raining
9737,2026-09-30 04:47:29.588856+00,92,0,13,33.3,57,3,2,Flood Alert (HIGH),Raining
9738,2026-09-30 04:47:35.588393+00,94,0,12,33.3,57,3,2,Flood Alert (HIGH),Raining
9739,2026-09-30 04:47:41.839886+00,92,0,12,33.3,57,3,2,Flood Alert (HIGH),Raining
9740,2026-09-30 04:47:48.175635+00,94,0,13,33.3,57,3,2,Flood Alert (HIGH),Raining
9741,2026-09-30 04:47:54.257621+00,92,0,14,33.3,57,3,2,Flood Alert (HIGH),Raining
9742,2026-09-30 04:48:00.378844+00,92,0,13,33.3,57,3,2,Flood Alert (HIGH),Raining
9743,2026-09-30 04:48:06.696216+00,100,0,12,33.3,57,3,2,Flood Alert (HIGH),Raining
9744,2026-09-30 04:48:13.194454+00,93,0,12,33.3,57,3,2,Flood Alert (HIGH),Raining
9745,2026-09-30 04:48:19.491603+00,100,0,12,33.3,57,3,2,Flood Alert (HIGH),Raining
9746,2026-09-30 04:48:25.486854+00,99,0,13,33.3,57,3,2,Flood Alert (HIGH),Raining
9747,2026-09-30 04:48:31.640108+00,92,0,12,33.3,57,3,2,Flood Alert (HIGH),Raining
9748,2026-09-30 04:48:37.97428+00,92,0,12,33.3,57,3,2,Flood Alert (HIGH),Raining
9749,2026-09-30 04:48:43.998474+00,92,0,12,33.3,57,3,2,Flood Alert (HIGH),Raining
9750,2026-09-30 04:48:50.177103+00,94,0,12,33.3,57,3,2,Flood Alert (HIGH),Raining
9751,2026-09-30 04:48:56.408624+00,92,0,13,33.3,57,3,2,Flood Alert (HIGH),Raining
9752,2026-09-30 04:49:02.682724+00,98,0,12,33.3,57,3,2,Flood Alert (HIGH),Raining
9753,2026-09-30 04:49:08.951592+00,100,0,13,33.3,57,3,2,Flood Alert (HIGH),Raining
9754,2026-09-30 04:49:15.300669+00,96,0,13,33.3,57,3,2,Flood Alert (HIGH),Raining
9755,2026-09-30 04:49:21.611965+00,95,0,13,33.3,57,3,2,Flood Alert (HIGH),Raining
9756,2026-09-30 04:49:27.808641+00,93,0,12,33.3,57,3,2,Flood Alert (HIGH),Raining
9757,2026-09-30 04:49:34.526409+00,91,0,13,33.3,57,3,2,Flood Alert (HIGH),Raining
9758,2026-09-30 04:49:40.570493+00,99,0,13,33.3,57,3,2,Flood Alert (HIGH),Raining
9759,2026-09-30 04:49:46.753382+00,92,0,13,33.3,57,3,2,Flood Alert (HIGH),Raining
9760,2026-09-30 04:49:52.891246+00,91,0,13,33.3,57,3,2,Flood Alert (HIGH),Raining
9761,2026-09-30 04:49:59.403785+00,97,0,13,33.3,57,3,2,Flood Alert (HIGH),Raining
9762,2026-09-30 04:50:05.472605+00,99,0,12,33.3,57,3,2,Flood Alert (HIGH),Raining
9763,2026-09-30 04:50:12.054596+00,92,0,12,33.3,57,3,2,Flood Alert (HIGH),Raining
9764,2026-09-30 04:50:18.500208+00,97,0,12,33.3,57,3,2,Flood Alert (HIGH),Raining
9765,2026-09-30 04:50:24.710674+00,95,0,13,33.3,57,3,2,Flood Alert (HIGH),Raining
9766,2026-09-30 04:50:30.681488+00,92,0,12,33.3,57,3,2,Flood Alert (HIGH),Raining
9767,2026-09-30 04:50:37.324665+00,93,0,32,33.3,57,3,2,Flood Alert (HIGH),Raining
9768,2026-09-30 04:50:43.692962+00,100,0,32,33.3,57,3,2,Flood Alert (HIGH),Raining
9769,2026-09-30 04:50:49.974947+00,95,0,31,33.4,57,3,2,Flood Alert (HIGH),Raining
9770,2026-09-30 04:50:55.89447+00,92,0,31,33.4,57,3,2,Flood Alert (HIGH),Raining
9771,2026-09-30 04:51:01.836493+00,97,0,31,33.4,57,3,2,Flood Alert (HIGH),Raining
9772,2026-09-30 04:51:07.905278+00,97,0,32,33.4,57,3,2,Flood Alert (HIGH),Raining
9773,2026-09-30 04:51:14.161918+00,94,0,32,33.4,57,3,2,Flood Alert (HIGH),Raining
9774,2026-09-30 04:51:20.37775+00,96,0,31,33.4,57,3,2,Flood Alert (HIGH),Raining
9775,2026-09-30 04:51:26.531107+00,99,0,31,33.4,57,3,2,Flood Alert (HIGH),Raining
9776,2026-09-30 04:51:33.006541+00,99,0,31,33.4,57,3,2,Flood Alert (HIGH),Raining
9777,2026-09-30 04:51:39.227916+00,94,0,31,33.4,57,3,2,Flood Alert (HIGH),Raining
9778,2026-09-30 04:51:46.00918+00,92,0,32,33.4,57,3,2,Flood Alert (HIGH),Raining
9779,2026-09-30 04:51:52.297521+00,92,0,31,33.4,57,3,2,Flood Alert (HIGH),Raining
9780,2026-09-30 04:51:58.51199+00,91,0,31,33.4,57,3,2,Flood Alert (HIGH),Raining
9781,2026-09-30 04:52:04.537484+00,99,0,31,33.4,57,3,2,Flood Alert (HIGH),Raining
9782,2026-09-30 04:52:11.137808+00,99,0,32,33.4,57,3,2,Flood Alert (HIGH),Raining
9783,2026-09-30 04:52:18.009139+00,96,0,13,33.4,57,3,2,Flood Alert (HIGH),Raining
9784,2026-09-30 04:52:24.033003+00,96,0,14,33.4,57,3,2,Flood Alert (HIGH),Raining
9785,2026-09-30 04:52:30.381594+00,91,0,10,33.4,57,3,2,Flood Alert (HIGH),Raining
9786,2026-09-30 04:52:36.636222+00,100,0,10,33.4,57,3,2,Flood Alert (HIGH),Raining
9787,2026-09-30 04:52:43.03542+00,94,0,12,33.4,57,3,2,Flood Alert (HIGH),Raining
9788,2026-09-30 04:52:49.219156+00,95,0,15,33.4,57,3,2,Flood Alert (HIGH),Raining
9789,2026-09-30 04:52:55.280422+00,96,0,18,33.4,57,3,2,Flood Alert (HIGH),Raining
9790,2026-09-30 04:53:01.586784+00,96,0,18,33.4,57,3,2,Flood Alert (HIGH),Raining
9791,2026-09-30 04:53:07.565282+00,96,0,20,33.4,57,3,2,Flood Alert (HIGH),Raining
9792,2026-09-30 04:53:13.981043+00,98,0,20,33.4,57,3,2,Flood Alert (HIGH),Raining
9793,2026-09-30 04:53:20.044441+00,95,0,20,33.4,57,3,2,Flood Alert (HIGH),Raining
9794,2026-09-30 04:53:26.110996+00,95,0,20,33.4,57,3,2,Flood Alert (HIGH),Raining
9795,2026-09-30 04:53:32.580895+00,93,0,20,33.4,57,3,2,Flood Alert (HIGH),Raining
9796,2026-09-30 04:53:39.006999+00,92,0,19,33.4,57,3,2,Flood Alert (HIGH),Raining
9797,2026-09-30 04:53:45.326171+00,95,0,18,33.4,57,3,2,Flood Alert (HIGH),Raining
9798,2026-09-30 04:53:51.835545+00,97,0,18,33.4,57,3,2,Flood Alert (HIGH),Raining
9799,2026-09-30 04:53:57.847375+00,98,0,19,33.4,57,3,2,Flood Alert (HIGH),Raining
9800,2026-09-30 04:54:04.248852+00,91,0,19,33.4,57,3,2,Flood Alert (HIGH),Raining
9801,2026-09-30 04:54:10.620408+00,91,0,19,33.4,57,3,2,Flood Alert (HIGH),Raining
9802,2026-09-30 04:54:17.137027+00,92,0,19,33.4,57,3,2,Flood Alert (HIGH),Raining
9803,2026-09-30 04:54:23.296051+00,93,0,19,33.4,57,3,2,Flood Alert (HIGH),Raining
9804,2026-09-30 04:54:29.313032+00,92,0,19,33.4,57,3,2,Flood Alert (HIGH),Raining
9805,2026-09-30 04:54:35.483114+00,99,0,19,33.4,57,3,2,Flood Alert (HIGH),Raining
9806,2026-09-30 04:54:41.665784+00,91,0,20,33.4,57,3,2,Flood Alert (HIGH),Raining
9807,2026-09-30 04:54:48.13517+00,99,0,20,33.4,57,3,2,Flood Alert (HIGH),Raining
9808,2026-09-30 04:54:54.21427+00,92,0,19,33.4,57,3,2,Flood Alert (HIGH),Raining
9809,2026-09-30 04:55:00.207331+00,92,0,19,33.4,57,3,2,Flood Alert (HIGH),Raining
9810,2026-09-30 04:55:06.41594+00,100,0,19,33.4,57,3,2,Flood Alert (HIGH),Raining
9811,2026-09-30 04:55:12.512211+00,96,0,18,33.4,57,3,2,Flood Alert (HIGH),Raining
9812,2026-09-30 04:55:18.793343+00,92,0,20,33.4,57,3,2,Flood Alert (HIGH),Raining
9813,2026-09-30 04:55:25.406604+00,100,0,19,33.4,57,3,2,Flood Alert (HIGH),Raining
9814,2026-09-30 04:55:31.514008+00,98,0,19,33.4,57,3,2,Flood Alert (HIGH),Raining
9815,2026-09-30 04:55:37.885826+00,100,0,20,33.4,57,3,2,Flood Alert (HIGH),Raining
9816,2026-09-30 04:55:44.289655+00,99,0,21,33.4,57,3,2,Flood Alert (HIGH),Raining
9817,2026-09-30 04:55:50.508028+00,100,0,20,33.4,57,3,2,Flood Alert (HIGH),Raining
9818,2026-09-30 04:55:56.676287+00,99,0,20,33.4,57,3,2,Flood Alert (HIGH),Raining
9819,2026-09-30 04:56:02.788837+00,92,0,20,33.4,57,3,2,Flood Alert (HIGH),Raining
9820,2026-09-30 04:56:09.022119+00,100,0,19,33.4,57,3,2,Flood Alert (HIGH),Raining
9821,2026-09-30 04:56:15.323018+00,100,0,20,33.4,57,3,2,Flood Alert (HIGH),Raining
9822,2026-09-30 04:56:21.531115+00,92,0,19,33.4,57,3,2,Flood Alert (HIGH),Raining
9823,2026-09-30 04:56:27.867003+00,99,0,14,33.4,57,3,2,Flood Alert (HIGH),Raining
9824,2026-09-30 04:56:34.085626+00,96,0,32,33.4,57,3,2,Flood Alert (HIGH),Raining
9825,2026-09-30 04:56:40.471294+00,98,0,32,33.4,57,3,2,Flood Alert (HIGH),Raining
9826,2026-09-30 04:56:46.638414+00,90,0,32,33.4,57,3,2,Flood Alert (HIGH),Raining
9827,2026-09-30 04:56:52.86723+00,91,0,32,33.4,57,3,2,Flood Alert (HIGH),Raining
9828,2026-09-30 04:56:59.121721+00,100,0,32,33.4,57,3,2,Flood Alert (HIGH),Raining
9829,2026-09-30 04:57:05.222818+00,100,0,32,33.4,57,3,2,Flood Alert (HIGH),Raining
9830,2026-09-30 04:57:11.691359+00,93,0,32,33.4,57,3,2,Flood Alert (HIGH),Raining
9831,2026-09-30 04:57:18.162182+00,97,0,32,33.4,57,3,2,Flood Alert (HIGH),Raining
9832,2026-09-30 04:57:24.57532+00,98,0,33,33.4,57,3,2,Flood Alert (HIGH),Raining
9833,2026-09-30 04:57:30.928974+00,98,0,32,33.4,57,3,2,Flood Alert (HIGH),Raining
9834,2026-09-30 04:57:36.965054+00,94,0,32,33.4,57,3,2,Flood Alert (HIGH),Raining
9835,2026-09-30 04:57:43.420092+00,92,0,33,33.4,57,3,2,Flood Alert (HIGH),Raining
9836,2026-09-30 04:57:49.791818+00,100,0,32,33.4,57,3,2,Flood Alert (HIGH),Raining
9837,2026-09-30 04:57:55.906703+00,92,0,32,33.4,57,3,2,Flood Alert (HIGH),Raining
9838,2026-09-30 04:58:02.325054+00,95,0,33,33.4,57,3,2,Flood Alert (HIGH),Raining
9839,2026-09-30 04:58:08.380157+00,95,0,33,33.4,57,3,2,Flood Alert (HIGH),Raining
9840,2026-09-30 04:58:14.875905+00,93,0,33,33.4,57,3,2,Flood Alert (HIGH),Raining
9841,2026-09-30 04:58:21.910775+00,92,0,33,33.4,57,3,2,Flood Alert (HIGH),Raining
9842,2026-09-30 04:58:28.397722+00,96,0,32,33.4,57,3,2,Flood Alert (HIGH),Raining
9843,2026-09-30 04:58:34.952194+00,95,0,24,33.4,57,3,2,Flood Alert (HIGH),Raining
9844,2026-09-30 04:58:41.111591+00,98,0,25,33.4,57,3,2,Flood Alert (HIGH),Raining
9845,2026-09-30 04:58:47.104183+00,97,0,25,33.4,57,3,2,Flood Alert (HIGH),Raining
9846,2026-09-30 04:58:53.268819+00,97,0,25,33.4,57,3,2,Flood Alert (HIGH),Raining
9847,2026-09-30 04:58:59.662644+00,97,0,24,33.4,57,3,2,Flood Alert (HIGH),Raining
9848,2026-09-30 04:59:05.844925+00,96,0,25,33.4,57,3,2,Flood Alert (HIGH),Raining
9849,2026-09-30 04:59:12.396467+00,94,0,25,33.4,57,3,2,Flood Alert (HIGH),Raining
9850,2026-09-30 04:59:18.882039+00,93,0,25,33.4,57,3,2,Flood Alert (HIGH),Raining
9851,2026-09-30 04:59:25.134767+00,98,0,24,33.4,57,3,2,Flood Alert (HIGH),Raining
9852,2026-09-30 04:59:31.448426+00,94,0,24,33.4,57,3,2,Flood Alert (HIGH),Raining
9853,2026-09-30 04:59:37.580608+00,97,0,25,33.4,57,3,2,Flood Alert (HIGH),Raining
9854,2026-09-30 04:59:44.017759+00,98,0,24,33.4,57,3,2,Flood Alert (HIGH),Raining
9855,2026-09-30 04:59:50.103436+00,93,0,17,33.4,57,3,2,Flood Alert (HIGH),Raining
9856,2026-09-30 04:59:56.613881+00,94,0,16,33.4,57,3,2,Flood Alert (HIGH),Raining
9857,2026-09-30 05:00:02.987936+00,96,0,17,33.4,57,3,2,Flood Alert (HIGH),Raining
9858,2026-09-30 05:00:09.496757+00,95,0,18,33.4,57,3,2,Flood Alert (HIGH),Raining
9859,2026-09-30 05:00:15.838864+00,95,0,18,33.4,57,3,2,Flood Alert (HIGH),Raining
9860,2026-09-30 05:00:22.027293+00,99,0,18,33.4,57,3,2,Flood Alert (HIGH),Raining
9861,2026-09-30 05:00:28.08374+00,97,0,18,33.4,57,3,2,Flood Alert (HIGH),Raining
9862,2026-09-30 05:00:34.709976+00,97,0,17,33.4,57,3,2,Flood Alert (HIGH),Raining
9863,2026-09-30 05:00:41.236606+00,96,0,18,33.4,57,3,2,Flood Alert (HIGH),Raining
9864,2026-09-30 05:00:47.535043+00,94,0,18,33.4,57,3,2,Flood Alert (HIGH),Raining
9865,2026-09-30 05:00:53.935611+00,94,0,10,33.3,57,3,2,Flood Alert (HIGH),Raining
9866,2026-09-30 05:01:00.106803+00,94,0,10,33.3,57,3,2,Flood Alert (HIGH),Raining
9867,2026-09-30 05:01:06.286344+00,93,0,10,33.3,57,3,2,Flood Alert (HIGH),Raining
9868,2026-09-30 05:01:12.661923+00,99,0,10,33.3,57,3,2,Flood Alert (HIGH),Raining
9869,2026-09-30 05:01:18.748609+00,99,0,10,33.3,57,3,2,Flood Alert (HIGH),Raining
9870,2026-09-30 05:01:25.232784+00,93,0,10,33.3,57,3,2,Flood Alert (HIGH),Raining
9871,2026-09-30 05:01:31.558299+00,98,0,10,33.3,57,3,2,Flood Alert (HIGH),Raining
9872,2026-09-30 05:01:38.019591+00,98,0,10,33.3,57,3,2,Flood Alert (HIGH),Raining
9873,2026-09-30 05:01:44.833535+00,97,0,10,33.3,57,3,2,Flood Alert (HIGH),Raining
9874,2026-09-30 05:01:51.092163+00,95,0,10,33.3,57,3,2,Flood Alert (HIGH),Raining
9875,2026-09-30 05:01:57.442491+00,99,0,10,33.3,57,3,2,Flood Alert (HIGH),Raining
9876,2026-09-30 05:02:03.884599+00,93,0,10,33.3,57,3,2,Flood Alert (HIGH),Raining
9877,2026-09-30 05:02:09.858213+00,94,0,13,33.3,57,3,2,Flood Alert (HIGH),Raining
9878,2026-09-30 05:02:16.542024+00,100,0,13,33.3,57,3,2,Flood Alert (HIGH),Raining
9879,2026-09-30 05:02:22.715814+00,95,0,13,33.3,57,3,2,Flood Alert (HIGH),Raining
9880,2026-09-30 05:02:28.746593+00,97,0,13,33.3,57,3,2,Flood Alert (HIGH),Raining
9881,2026-09-30 05:02:35.349178+00,100,0,13,33.3,57,3,2,Flood Alert (HIGH),Raining
9882,2026-09-30 05:02:41.587631+00,96,0,12,33.3,57,3,2,Flood Alert (HIGH),Raining
9883,2026-09-30 05:02:47.814233+00,93,0,13,33.3,57,3,2,Flood Alert (HIGH),Raining
9884,2026-09-30 05:02:54.077753+00,99,0,13,33.3,57,3,2,Flood Alert (HIGH),Raining
9885,2026-09-30 05:03:00.163028+00,96,0,13,33.3,57,3,2,Flood Alert (HIGH),Raining
9886,2026-09-30 05:03:06.478709+00,96,0,12,33.3,57,3,2,Flood Alert (HIGH),Raining
9887,2026-09-30 05:03:13.232328+00,93,0,13,33.3,57,3,2,Flood Alert (HIGH),Raining
9888,2026-09-30 05:03:19.482647+00,96,0,12,33.3,57,3,2,Flood Alert (HIGH),Raining
9889,2026-09-30 05:03:25.899349+00,100,0,13,33.3,57,3,2,Flood Alert (HIGH),Raining
9890,2026-09-30 05:03:32.447356+00,98,0,12,33.3,57,3,2,Flood Alert (HIGH),Raining
9891,2026-09-30 05:03:38.590615+00,93,0,19,33.3,57,3,2,Flood Alert (HIGH),Raining
9892,2026-09-30 05:03:44.797454+00,94,0,19,33.3,57,3,2,Flood Alert (HIGH),Raining
9893,2026-09-30 05:03:51.189679+00,97,0,18,33.3,57,3,2,Flood Alert (HIGH),Raining
9894,2026-09-30 05:03:57.999507+00,92,0,18,33.3,57,3,2,Flood Alert (HIGH),Raining
9895,2026-09-30 05:04:04.677947+00,95,0,19,33.3,57,3,2,Flood Alert (HIGH),Raining
9896,2026-09-30 05:04:10.920602+00,99,0,18,33.3,57,3,2,Flood Alert (HIGH),Raining
9897,2026-09-30 05:04:17.199418+00,94,0,18,33.3,57,3,2,Flood Alert (HIGH),Raining
9898,2026-09-30 05:04:23.474823+00,94,0,19,33.3,57,3,2,Flood Alert (HIGH),Raining
9899,2026-09-30 05:04:29.945583+00,98,0,11,33.3,57,3,2,Flood Alert (HIGH),Raining
9900,2026-09-30 05:04:36.589914+00,98,0,18,33.3,57,3,2,Flood Alert (HIGH),Raining
9901,2026-09-30 05:04:43.149726+00,100,0,20,33.3,57,3,2,Flood Alert (HIGH),Raining
9902,2026-09-30 05:04:49.592479+00,90,0,22,33.3,57,3,2,Flood Alert (HIGH),Raining
9903,2026-09-30 05:04:56.406649+00,94,0,23,33.3,57,3,2,Flood Alert (HIGH),Raining
9904,2026-09-30 05:05:02.521609+00,100,0,23,33.3,57,3,2,Flood Alert (HIGH),Raining
9905,2026-09-30 05:05:08.812327+00,91,0,23,33.3,57,3,2,Flood Alert (HIGH),Raining
9906,2026-09-30 05:05:15.218395+00,90,0,12,33.3,57,3,2,Flood Alert (HIGH),Raining
9907,2026-09-30 05:05:21.898682+00,94,0,11,33.3,57,3,2,Flood Alert (HIGH),Raining
9908,2026-09-30 05:05:28.500098+00,92,0,12,33.3,57,3,2,Flood Alert (HIGH),Raining
9909,2026-09-30 05:05:34.676518+00,92,0,12,33.3,57,3,2,Flood Alert (HIGH),Raining
9910,2026-09-30 05:05:40.787307+00,95,0,12,33.3,57,3,2,Flood Alert (HIGH),Raining
9911,2026-09-30 05:05:47.394614+00,99,0,11,33.3,57,3,2,Flood Alert (HIGH),Raining
9912,2026-09-30 05:05:53.570053+00,89,0,12,33.3,57,3,2,Flood Alert (HIGH),Raining
9913,2026-09-30 05:06:00.154967+00,100,0,11,33.3,57,3,2,Flood Alert (HIGH),Raining
9914,2026-09-30 05:06:06.668688+00,92,0,11,33.3,57,3,2,Flood Alert (HIGH),Raining
9915,2026-09-30 05:06:12.989823+00,92,0,11,33.3,57,3,2,Flood Alert (HIGH),Raining
9916,2026-09-30 05:06:19.2957+00,100,0,11,33.3,57,3,2,Flood Alert (HIGH),Raining
9917,2026-09-30 05:06:25.714681+00,98,0,10,33.3,57,3,2,Flood Alert (HIGH),Raining
9918,2026-09-30 05:06:31.898945+00,99,0,10,33.3,57,3,2,Flood Alert (HIGH),Raining
9919,2026-09-30 05:06:38.401615+00,95,0,10,33.3,57,3,2,Flood Alert (HIGH),Raining
9920,2026-09-30 05:06:44.67266+00,93,0,10,33.3,57,3,2,Flood Alert (HIGH),Raining
9921,2026-09-30 05:06:51.056028+00,97,0,11,33.3,57,3,2,Flood Alert (HIGH),Raining
9922,2026-09-30 05:06:57.81192+00,97,0,10,33.3,57,3,2,Flood Alert (HIGH),Raining
9923,2026-09-30 05:07:04.363365+00,96,0,11,33.3,57,3,2,Flood Alert (HIGH),Raining
9924,2026-09-30 05:07:10.839207+00,95,0,10,33.3,57,3,2,Flood Alert (HIGH),Raining
9925,2026-09-30 05:07:17.707054+00,97,0,11,33.3,57,3,2,Flood Alert (HIGH),Raining
9926,2026-09-30 05:07:23.775901+00,97,0,11,33.3,57,3,2,Flood Alert (HIGH),Raining
9927,2026-09-30 05:07:30.167525+00,99,0,11,33.3,57,3,2,Flood Alert (HIGH),Raining
9928,2026-09-30 05:07:36.3616+00,92,0,10,33.3,57,3,2,Flood Alert (HIGH),Raining
9929,2026-09-30 05:07:42.639248+00,92,0,11,33.3,57,3,2,Flood Alert (HIGH),Raining
9930,2026-09-30 05:07:49.166961+00,99,0,11,33.3,57,3,2,Flood Alert (HIGH),Raining
9931,2026-09-30 05:07:55.771427+00,94,0,10,33.3,57,3,2,Flood Alert (HIGH),Raining
9932,2026-09-30 05:08:01.84899+00,93,0,12,33.3,57,3,2,Flood Alert (HIGH),Raining
9933,2026-09-30 05:08:08.359329+00,96,0,12,33.3,57,3,2,Flood Alert (HIGH),Raining
9934,2026-09-30 05:08:14.746103+00,97,0,12,33.3,57,3,2,Flood Alert (HIGH),Raining
9935,2026-09-30 05:08:21.054299+00,96,0,11,33.3,57,3,2,Flood Alert (HIGH),Raining
9936,2026-09-30 05:08:27.113834+00,96,0,12,33.3,57,3,2,Flood Alert (HIGH),Raining
9937,2026-09-30 05:08:33.470647+00,95,0,12,33.3,57,3,2,Flood Alert (HIGH),Raining
9938,2026-09-30 05:08:39.742476+00,93,0,12,33.3,57,3,2,Flood Alert (HIGH),Raining
9939,2026-09-30 05:08:46.232595+00,96,0,12,33.3,57,3,2,Flood Alert (HIGH),Raining
9940,2026-09-30 05:08:52.543603+00,97,0,12,33.3,57,3,2,Flood Alert (HIGH),Raining
9941,2026-09-30 05:08:58.787204+00,94,0,12,33.3,57,3,2,Flood Alert (HIGH),Raining
9942,2026-09-30 05:09:04.762906+00,95,0,11,33.3,57,3,2,Flood Alert (HIGH),Raining
9943,2026-09-30 05:09:10.866858+00,94,0,11,33.3,57,3,2,Flood Alert (HIGH),Raining
9944,2026-09-30 05:09:17.079242+00,92,0,11,33.3,57,3,2,Flood Alert (HIGH),Raining
9945,2026-09-30 05:09:23.573008+00,100,0,11,33.3,57,3,2,Flood Alert (HIGH),Raining
9946,2026-09-30 05:09:29.895748+00,95,0,11,33.3,57,3,2,Flood Alert (HIGH),Raining
9947,2026-09-30 05:09:36.185016+00,98,0,10,33.3,57,3,2,Flood Alert (HIGH),Raining
9948,2026-09-30 05:09:42.401105+00,93,0,11,33.3,57,3,2,Flood Alert (HIGH),Raining
9949,2026-09-30 05:09:49.044027+00,95,0,11,33.3,57,3,2,Flood Alert (HIGH),Raining
9950,2026-09-30 05:09:55.554899+00,96,0,12,33.3,57,3,2,Flood Alert (HIGH),Raining
9951,2026-09-30 05:10:01.970635+00,98,0,11,33.3,57,3,2,Flood Alert (HIGH),Raining
9952,2026-09-30 05:10:08.337169+00,92,0,11,33.3,57,3,2,Flood Alert (HIGH),Raining
9953,2026-09-30 05:10:14.510868+00,100,0,12,33.3,57,3,2,Flood Alert (HIGH),Raining
9954,2026-09-30 05:10:20.541195+00,94,0,12,33.3,57,3,2,Flood Alert (HIGH),Raining
9955,2026-09-30 05:10:26.892244+00,97,0,12,33.3,57,3,2,Flood Alert (HIGH),Raining
9956,2026-09-30 05:10:33.207361+00,92,0,12,33.3,57,3,2,Flood Alert (HIGH),Raining
9957,2026-09-30 05:10:39.567634+00,95,0,13,33.3,57,3,2,Flood Alert (HIGH),Raining
9958,2026-09-30 05:10:45.590868+00,97,0,13,33.3,57,3,2,Flood Alert (HIGH),Raining
9959,2026-09-30 05:10:52.064091+00,100,0,13,33.3,57,3,2,Flood Alert (HIGH),Raining
9960,2026-09-30 05:10:58.552972+00,93,0,15,33.3,57,3,2,Flood Alert (HIGH),Raining
9961,2026-09-30 05:11:04.840297+00,97,0,15,33.3,57,3,2,Flood Alert (HIGH),Raining
9962,2026-09-30 05:11:11.064871+00,96,0,15,33.3,57,3,2,Flood Alert (HIGH),Raining
9963,2026-09-30 05:11:17.169417+00,95,0,15,33.3,57,3,2,Flood Alert (HIGH),Raining
9964,2026-09-30 05:11:23.571425+00,97,0,14,33.3,57,3,2,Flood Alert (HIGH),Raining
9965,2026-09-30 05:11:29.828442+00,93,0,14,33.3,57,3,2,Flood Alert (HIGH),Raining
9966,2026-09-30 05:11:35.863604+00,100,0,14,33.3,57,3,2,Flood Alert (HIGH),Raining
9967,2026-09-30 05:11:41.914613+00,100,0,15,33.3,57,3,2,Flood Alert (HIGH),Raining
9968,2026-09-30 05:11:48.093603+00,97,0,14,33.3,57,3,2,Flood Alert (HIGH),Raining
9969,2026-09-30 05:11:54.109864+00,97,0,15,33.3,57,3,2,Flood Alert (HIGH),Raining
9970,2026-09-30 05:12:00.134688+00,99,0,15,33.3,57,3,2,Flood Alert (HIGH),Raining
9971,2026-09-30 05:12:06.259995+00,96,0,15,33.3,57,3,2,Flood Alert (HIGH),Raining
9972,2026-09-30 05:12:12.513065+00,97,0,14,33.3,57,3,2,Flood Alert (HIGH),Raining
9973,2026-09-30 05:12:18.783638+00,98,0,14,33.3,57,3,2,Flood Alert (HIGH),Raining
9974,2026-09-30 05:12:24.933427+00,98,0,15,33.3,57,3,2,Flood Alert (HIGH),Raining
9975,2026-09-30 05:12:31.402767+00,100,0,14,33.3,57,3,2,Flood Alert (HIGH),Raining
9976,2026-09-30 05:12:37.489378+00,92,0,14,33.3,57,3,2,Flood Alert (HIGH),Raining
9977,2026-09-30 05:12:43.740133+00,96,0,15,33.3,57,3,2,Flood Alert (HIGH),Raining
9978,2026-09-30 05:12:50.012486+00,93,0,15,33.3,57,3,2,Flood Alert (HIGH),Raining
9979,2026-09-30 05:12:56.158362+00,97,0,15,33.3,57,3,2,Flood Alert (HIGH),Raining
9980,2026-09-30 05:13:02.485221+00,100,0,16,33.3,57,3,2,Flood Alert (HIGH),Raining
9981,2026-09-30 05:13:09.863222+00,98,0,16,33.3,57,3,2,Flood Alert (HIGH),Raining
9982,2026-09-30 05:13:16.163386+00,97,0,15,33.3,57,3,2,Flood Alert (HIGH),Raining
9983,2026-09-30 05:13:22.674914+00,93,0,16,33.3,57,3,2,Flood Alert (HIGH),Raining
9984,2026-09-30 05:13:28.815727+00,97,0,15,33.3,57,3,2,Flood Alert (HIGH),Raining
9985,2026-09-30 05:13:35.157032+00,93,0,16,33.3,57,3,2,Flood Alert (HIGH),Raining
9986,2026-09-30 05:13:41.3834+00,98,0,16,33.3,57,3,2,Flood Alert (HIGH),Raining
9987,2026-09-30 05:13:50.047851+00,96,0,16,33.3,57,3,2,Flood Alert (HIGH),Raining
9988,2026-09-30 05:13:56.322119+00,100,0,15,33.3,57,3,2,Flood Alert (HIGH),Raining
9989,2026-09-30 05:14:03.049882+00,97,0,17,33.3,57,3,2,Flood Alert (HIGH),Raining
9990,2026-09-30 05:14:09.068212+00,99,0,16,33.3,57,3,2,Flood Alert (HIGH),Raining
9991,2026-09-30 05:14:15.172681+00,97,0,16,33.3,57,3,2,Flood Alert (HIGH),Raining
9992,2026-09-30 05:14:21.58401+00,96,0,16,33.3,57,3,2,Flood Alert (HIGH),Raining
9993,2026-09-30 05:14:27.703514+00,93,0,16,33.3,57,3,2,Flood Alert (HIGH),Raining
9994,2026-09-30 05:14:33.80527+00,93,0,16,33.3,57,3,2,Flood Alert (HIGH),Raining
9995,2026-09-30 05:14:40.152733+00,98,0,16,33.3,57,3,2,Flood Alert (HIGH),Raining
9996,2026-09-30 05:14:46.46638+00,99,0,15,33.3,57,3,2,Flood Alert (HIGH),Raining
9997,2026-09-30 05:14:52.892496+00,97,0,16,33.3,57,3,2,Flood Alert (HIGH),Raining
9998,2026-09-30 05:14:59.189829+00,96,0,15,33.3,57,3,2,Flood Alert (HIGH),Raining
9999,2026-09-30 05:15:05.745979+00,94,0,16,33.3,57,3,2,Flood Alert (HIGH),Raining
10000,2026-09-30 05:15:11.885285+00,98,0,16,33.3,57,3,2,Flood Alert (HIGH),Raining
10001,2026-09-30 05:15:18.34341+00,94,0,16,33.3,57,3,2,Flood Alert (HIGH),Raining
10002,2026-09-30 05:15:24.648417+00,99,0,16,33.3,57,3,2,Flood Alert (HIGH),Raining
10003,2026-09-30 05:15:30.801939+00,94,0,17,33.3,57,3,2,Flood Alert (HIGH),Raining
10004,2026-09-30 05:15:37.132473+00,93,0,16,33.3,57,3,2,Flood Alert (HIGH),Raining
10005,2026-09-30 05:15:43.467722+00,96,0,17,33.3,57,3,2,Flood Alert (HIGH),Raining
10006,2026-09-30 05:15:49.574297+00,95,0,16,33.3,57,3,2,Flood Alert (HIGH),Raining
10007,2026-09-30 05:15:55.960921+00,94,0,16,33.3,57,3,2,Flood Alert (HIGH),Raining
10008,2026-09-30 05:16:02.340246+00,98,0,16,33.3,57,3,2,Flood Alert (HIGH),Raining
10009,2026-09-30 05:16:08.52002+00,94,0,16,33.3,57,3,2,Flood Alert (HIGH),Raining
10010,2026-09-30 05:16:14.996814+00,98,0,16,33.3,57,3,2,Flood Alert (HIGH),Raining
10011,2026-09-30 05:16:21.271407+00,100,0,16,33.3,57,3,2,Flood Alert (HIGH),Raining
10012,2026-09-30 05:16:27.574447+00,95,0,16,33.3,57,3,2,Flood Alert (HIGH),Raining
10013,2026-09-30 05:16:33.88523+00,95,0,16,33.3,57,3,2,Flood Alert (HIGH),Raining
10014,2026-09-30 05:16:40.000217+00,100,0,16,33.3,57,3,2,Flood Alert (HIGH),Raining
10015,2026-09-30 05:16:46.168755+00,98,0,16,33.3,57,3,2,Flood Alert (HIGH),Raining
10016,2026-09-30 05:16:52.214701+00,100,0,16,33.3,57,3,2,Flood Alert (HIGH),Raining
10017,2026-09-30 05:16:58.297961+00,96,0,17,33.3,57,3,2,Flood Alert (HIGH),Raining
10018,2026-09-30 05:17:04.722224+00,100,0,17,33.3,57,3,2,Flood Alert (HIGH),Raining
10019,2026-09-30 05:17:10.781238+00,100,0,16,33.3,57,3,2,Flood Alert (HIGH),Raining
10020,2026-09-30 05:17:17.295503+00,94,0,16,33.3,57,3,2,Flood Alert (HIGH),Raining
10021,2026-09-30 05:17:23.462093+00,97,0,16,33.3,57,3,2,Flood Alert (HIGH),Raining
10022,2026-09-30 05:17:29.981467+00,98,0,16,33.3,57,3,2,Flood Alert (HIGH),Raining
10023,2026-09-30 05:17:36.282339+00,97,0,15,33.3,57,3,2,Flood Alert (HIGH),Raining
10024,2026-09-30 05:17:42.634789+00,93,0,17,33.3,57,3,2,Flood Alert (HIGH),Raining
10025,2026-09-30 05:17:48.919761+00,93,0,15,33.3,57,3,2,Flood Alert (HIGH),Raining
10026,2026-09-30 05:17:55.169679+00,93,0,16,33.3,57,3,2,Flood Alert (HIGH),Raining
10027,2026-09-30 05:18:01.312949+00,98,0,16,33.3,57,3,2,Flood Alert (HIGH),Raining
10028,2026-09-30 05:18:08.343482+00,91,0,15,33.3,57,3,2,Flood Alert (HIGH),Raining
10029,2026-09-30 05:18:15.290457+00,100,0,16,33.3,57,3,2,Flood Alert (HIGH),Raining
10030,2026-09-30 05:18:21.60794+00,90,0,15,33.3,57,3,2,Flood Alert (HIGH),Raining
10031,2026-09-30 05:18:27.641361+00,91,0,16,33.3,57,3,2,Flood Alert (HIGH),Raining
10032,2026-09-30 05:18:33.7265+00,93,0,16,33.3,57,3,2,Flood Alert (HIGH),Raining
10033,2026-09-30 05:18:39.735175+00,97,0,15,33.3,57,3,2,Flood Alert (HIGH),Raining
10034,2026-09-30 05:18:45.848831+00,100,0,16,33.3,57,3,2,Flood Alert (HIGH),Raining
10035,2026-09-30 05:18:52.038338+00,90,0,15,33.3,57,3,2,Flood Alert (HIGH),Raining
10036,2026-09-30 05:18:58.267481+00,98,0,16,33.3,57,3,2,Flood Alert (HIGH),Raining
10037,2026-09-30 05:19:04.267724+00,97,0,15,33.3,57,3,2,Flood Alert (HIGH),Raining
10038,2026-09-30 05:19:10.871146+00,99,0,15,33.3,57,3,2,Flood Alert (HIGH),Raining
10039,2026-09-30 05:19:17.014604+00,100,0,15,33.3,57,3,2,Flood Alert (HIGH),Raining
10040,2026-09-30 05:19:23.521886+00,94,0,16,33.3,57,3,2,Flood Alert (HIGH),Raining
10041,2026-09-30 05:19:29.46651+00,100,0,15,33.3,57,3,2,Flood Alert (HIGH),Raining
10042,2026-09-30 05:19:35.531137+00,90,0,15,33.3,57,3,2,Flood Alert (HIGH),Raining
10043,2026-09-30 05:19:41.521899+00,100,0,15,33.3,57,3,2,Flood Alert (HIGH),Raining
10044,2026-09-30 05:19:47.847476+00,93,0,16,33.3,57,3,2,Flood Alert (HIGH),Raining
10045,2026-09-30 05:19:54.503467+00,99,0,15,33.3,57,3,2,Flood Alert (HIGH),Raining
10046,2026-09-30 05:20:00.777697+00,93,0,15,33.3,57,3,2,Flood Alert (HIGH),Raining
10047,2026-09-30 05:20:07.124215+00,94,0,15,33.3,57,3,2,Flood Alert (HIGH),Raining
10048,2026-09-30 05:20:13.341627+00,97,0,15,33.3,57,3,2,Flood Alert (HIGH),Raining
10049,2026-09-30 05:20:19.69921+00,90,0,16,33.3,57,3,2,Flood Alert (HIGH),Raining
10050,2026-09-30 05:20:26.028911+00,89,0,16,33.3,57,3,2,Flood Alert (HIGH),Raining
10051,2026-09-30 05:20:32.022995+00,100,0,15,33.3,57,3,2,Flood Alert (HIGH),Raining
10052,2026-09-30 05:20:38.236117+00,100,0,15,33.3,57,3,2,Flood Alert (HIGH),Raining
10053,2026-09-30 05:20:44.518594+00,90,0,15,33.3,57,3,2,Flood Alert (HIGH),Raining
10054,2026-09-30 05:20:50.628971+00,100,0,16,33.3,57,3,2,Flood Alert (HIGH),Raining
10055,2026-09-30 05:21:02.571983+00,88,0,15,33.3,57,3,2,Flood Alert (HIGH),Raining
10056,2026-09-30 05:21:08.574358+00,100,0,15,33.3,57,3,2,Flood Alert (HIGH),Raining
10057,2026-09-30 05:21:14.698396+00,98,0,16,33.3,57,3,2,Flood Alert (HIGH),Raining
10058,2026-09-30 05:21:20.953221+00,100,0,16,33.3,57,3,2,Flood Alert (HIGH),Raining
10059,2026-09-30 05:21:27.214599+00,100,0,16,33.3,57,3,2,Flood Alert (HIGH),Raining
10060,2026-09-30 05:21:33.358801+00,95,0,15,33.3,57,3,2,Flood Alert (HIGH),Raining
10061,2026-09-30 05:21:39.892637+00,100,0,15,33.3,57,3,2,Flood Alert (HIGH),Raining
10062,2026-09-30 05:21:46.243744+00,100,0,15,33.3,57,3,2,Flood Alert (HIGH),Raining
10063,2026-09-30 05:21:52.575797+00,98,0,15,33.3,57,3,2,Flood Alert (HIGH),Raining
10064,2026-09-30 05:21:58.935168+00,94,0,13,33.3,57,3,2,Flood Alert (HIGH),Raining
10065,2026-09-30 05:22:05.26634+00,96,0,14,33.3,57,3,2,Flood Alert (HIGH),Raining
10066,2026-09-30 05:22:11.146809+00,100,0,14,33.3,57,3,2,Flood Alert (HIGH),Raining
10067,2026-09-30 05:22:17.225281+00,94,0,15,33.3,57,3,2,Flood Alert (HIGH),Raining
10068,2026-09-30 05:22:23.231698+00,99,0,15,33.3,57,3,2,Flood Alert (HIGH),Raining
10069,2026-09-30 05:22:29.425969+00,99,0,16,33.3,57,3,2,Flood Alert (HIGH),Raining
10070,2026-09-30 05:22:35.445236+00,93,0,16,33.3,57,3,2,Flood Alert (HIGH),Raining
10071,2026-09-30 05:22:41.709883+00,93,0,15,33.3,57,3,2,Flood Alert (HIGH),Raining
10072,2026-09-30 05:22:48.305978+00,99,0,15,33.3,57,3,2,Flood Alert (HIGH),Raining
10073,2026-09-30 05:22:54.715925+00,96,0,15,33.3,57,3,2,Flood Alert (HIGH),Raining
10074,2026-09-30 05:23:00.84097+00,92,0,15,33.3,57,3,2,Flood Alert (HIGH),Raining
10075,2026-09-30 05:23:07.05318+00,94,0,15,33.3,57,3,2,Flood Alert (HIGH),Raining
10076,2026-09-30 05:23:13.268068+00,94,0,15,33.3,57,3,2,Flood Alert (HIGH),Raining
10077,2026-09-30 05:23:19.64497+00,93,0,15,33.3,57,3,2,Flood Alert (HIGH),Raining
10078,2026-09-30 05:23:25.779688+00,100,0,14,33.3,57,3,2,Flood Alert (HIGH),Raining
10079,2026-09-30 05:23:32.022922+00,97,0,15,33.3,57,3,2,Flood Alert (HIGH),Raining
10080,2026-09-30 05:23:38.32145+00,100,0,15,33.3,57,3,2,Flood Alert (HIGH),Raining
10081,2026-09-30 05:23:44.353895+00,94,0,15,33.3,57,3,2,Flood Alert (HIGH),Raining
10082,2026-09-30 05:23:50.40263+00,100,0,15,33.3,57,3,2,Flood Alert (HIGH),Raining
10083,2026-09-30 05:23:56.401784+00,98,0,15,33.3,57,3,2,Flood Alert (HIGH),Raining
10084,2026-09-30 05:24:02.509296+00,97,0,15,33.3,57,3,2,Flood Alert (HIGH),Raining
10085,2026-09-30 05:24:08.749624+00,95,0,13,33.3,57,3,2,Flood Alert (HIGH),Raining
10086,2026-09-30 05:24:14.749612+00,99,0,13,33.3,57,3,2,Flood Alert (HIGH),Raining
10087,2026-09-30 05:24:21.112136+00,96,0,13,33.3,57,3,2,Flood Alert (HIGH),Raining
10088,2026-09-30 05:24:27.260687+00,96,0,13,33.3,57,3,2,Flood Alert (HIGH),Raining
10089,2026-09-30 05:24:33.343943+00,99,0,13,33.3,57,3,2,Flood Alert (HIGH),Raining
10090,2026-09-30 05:24:39.660895+00,96,0,13,33.3,57,3,2,Flood Alert (HIGH),Raining
10091,2026-09-30 05:24:45.829825+00,96,0,13,33.3,57,3,2,Flood Alert (HIGH),Raining
10092,2026-09-30 05:24:52.278866+00,97,0,13,33.3,57,3,2,Flood Alert (HIGH),Raining
10093,2026-09-30 05:24:58.648303+00,97,0,13,33.3,57,3,2,Flood Alert (HIGH),Raining
10094,2026-09-30 05:25:04.939114+00,97,0,13,33.3,57,3,2,Flood Alert (HIGH),Raining
10095,2026-09-30 05:25:10.98186+00,97,0,13,33.3,57,3,2,Flood Alert (HIGH),Raining
10096,2026-09-30 05:25:17.317429+00,100,0,14,33.3,57,3,2,Flood Alert (HIGH),Raining
10097,2026-09-30 05:25:23.405126+00,99,0,14,33.3,57,3,2,Flood Alert (HIGH),Raining
10098,2026-09-30 05:25:29.457784+00,93,0,13,33.3,57,3,2,Flood Alert (HIGH),Raining
10099,2026-09-30 05:25:35.847269+00,96,0,14,33.3,57,3,2,Flood Alert (HIGH),Raining
10100,2026-09-30 05:25:41.980928+00,100,0,13,33.3,57,3,2,Flood Alert (HIGH),Raining
10101,2026-09-30 05:25:48.360165+00,97,0,14,33.3,57,3,2,Flood Alert (HIGH),Raining
10102,2026-09-30 05:25:54.646623+00,93,0,15,33.3,57,3,2,Flood Alert (HIGH),Raining
10103,2026-09-30 05:26:01.045244+00,93,0,13,33.3,57,3,2,Flood Alert (HIGH),Raining
10104,2026-09-30 05:26:07.143735+00,93,0,14,33.3,57,3,2,Flood Alert (HIGH),Raining
10105,2026-09-30 05:26:13.458759+00,95,0,14,33.3,57,3,2,Flood Alert (HIGH),Raining
10106,2026-09-30 05:26:19.605831+00,93,0,14,33.3,57,3,2,Flood Alert (HIGH),Raining
10107,2026-09-30 05:26:25.586969+00,93,0,13,33.3,57,3,2,Flood Alert (HIGH),Raining
10108,2026-09-30 05:26:31.774444+00,97,0,13,33.3,57,3,2,Flood Alert (HIGH),Raining
10109,2026-09-30 05:26:37.954099+00,100,0,13,33.3,57,3,2,Flood Alert (HIGH),Raining
10110,2026-09-30 05:26:44.739527+00,95,0,13,33.3,57,3,2,Flood Alert (HIGH),Raining
10111,2026-09-30 05:26:51.20152+00,97,0,13,33.3,57,3,2,Flood Alert (HIGH),Raining
10112,2026-09-30 05:26:57.672453+00,93,0,14,33.3,57,3,2,Flood Alert (HIGH),Raining
10113,2026-09-30 05:27:03.812533+00,97,0,14,33.3,57,3,2,Flood Alert (HIGH),Raining
10114,2026-09-30 05:27:10.001717+00,92,0,13,33.3,57,3,2,Flood Alert (HIGH),Raining
10115,2026-09-30 05:27:15.964535+00,93,0,14,33.3,57,3,2,Flood Alert (HIGH),Raining
10116,2026-09-30 05:27:22.232726+00,94,0,14,33.3,57,3,2,Flood Alert (HIGH),Raining
10117,2026-09-30 05:27:28.351904+00,93,0,13,33.3,57,3,2,Flood Alert (HIGH),Raining
10118,2026-09-30 05:27:34.657975+00,95,0,14,33.3,57,3,2,Flood Alert (HIGH),Raining
10119,2026-09-30 05:27:40.78504+00,98,0,14,33.3,57,3,2,Flood Alert (HIGH),Raining
10120,2026-09-30 05:27:46.862897+00,94,0,17,33.3,57,3,2,Flood Alert (HIGH),Raining
10121,2026-09-30 05:27:52.868925+00,100,0,15,33.3,57,3,2,Flood Alert (HIGH),Raining
10122,2026-09-30 05:27:59.081107+00,92,0,16,33.3,57,3,2,Flood Alert (HIGH),Raining
10123,2026-09-30 05:28:05.496666+00,94,0,15,33.3,57,3,2,Flood Alert (HIGH),Raining
10124,2026-09-30 05:28:11.640156+00,95,0,15,33.3,57,3,2,Flood Alert (HIGH),Raining
10125,2026-09-30 05:28:18.163665+00,92,0,15,33.3,57,3,2,Flood Alert (HIGH),Raining
10126,2026-09-30 05:28:24.16302+00,95,0,15,33.3,57,3,2,Flood Alert (HIGH),Raining
10127,2026-09-30 05:28:30.373587+00,93,0,14,33.3,57,3,2,Flood Alert (HIGH),Raining
10128,2026-09-30 05:28:36.284263+00,99,0,15,33.3,57,3,2,Flood Alert (HIGH),Raining
10129,2026-09-30 05:28:42.865592+00,97,0,11,33.3,57,3,2,Flood Alert (HIGH),Raining
10130,2026-09-30 05:28:49.138991+00,94,0,10,33.3,57,3,2,Flood Alert (HIGH),Raining
10131,2026-09-30 05:28:55.545901+00,93,0,11,33.3,57,3,2,Flood Alert (HIGH),Raining
10132,2026-09-30 05:29:01.881399+00,93,0,10,33.3,57,3,2,Flood Alert (HIGH),Raining
10133,2026-09-30 05:29:08.260833+00,93,0,11,33.3,57,3,2,Flood Alert (HIGH),Raining
10134,2026-09-30 05:29:14.565246+00,95,0,10,33.3,57,3,2,Flood Alert (HIGH),Raining
10135,2026-09-30 05:29:21.011619+00,93,0,11,33.3,57,3,2,Flood Alert (HIGH),Raining
10136,2026-09-30 05:29:27.419196+00,95,0,11,33.3,57,3,2,Flood Alert (HIGH),Raining
10137,2026-09-30 05:29:34.179997+00,94,0,11,33.3,57,3,2,Flood Alert (HIGH),Raining
10138,2026-09-30 05:29:40.757458+00,93,0,12,33.3,57,3,2,Flood Alert (HIGH),Raining
10139,2026-09-30 05:29:47.312496+00,92,0,11,33.3,57,3,2,Flood Alert (HIGH),Raining
10140,2026-09-30 05:29:53.571076+00,100,0,11,33.3,57,3,2,Flood Alert (HIGH),Raining
10141,2026-09-30 05:29:59.990691+00,94,0,12,33.3,57,3,2,Flood Alert (HIGH),Raining
10142,2026-09-30 05:30:06.445236+00,95,0,11,33.3,57,3,2,Flood Alert (HIGH),Raining
10143,2026-09-30 05:30:12.757945+00,94,0,11,33.3,57,3,2,Flood Alert (HIGH),Raining
10144,2026-09-30 05:30:19.157351+00,93,0,11,33.3,57,3,2,Flood Alert (HIGH),Raining
10145,2026-09-30 05:30:25.506295+00,100,0,11,33.3,57,3,2,Flood Alert (HIGH),Raining
10146,2026-09-30 05:30:32.05833+00,94,0,11,33.3,57,3,2,Flood Alert (HIGH),Raining
10147,2026-09-30 05:30:38.385145+00,97,0,12,33.3,57,3,2,Flood Alert (HIGH),Raining
10148,2026-09-30 05:30:45.047259+00,99,0,11,33.3,57,3,2,Flood Alert (HIGH),Raining
10149,2026-09-30 05:30:54.084746+00,93,0,11,33.3,57,3,2,Flood Alert (HIGH),Raining
10150,2026-09-30 05:31:00.722147+00,98,0,12,33.3,57,3,2,Flood Alert (HIGH),Raining
10151,2026-09-30 05:31:07.237346+00,93,0,11,32.5,60,3,2,Flood Alert (HIGH),Raining
10152,2026-09-30 05:31:13.497249+00,97,0,11,32.5,60,3,2,Flood Alert (HIGH),Raining
10153,2026-09-30 05:31:19.765453+00,92,0,11,32.5,60,3,2,Flood Alert (HIGH),Raining
10154,2026-09-30 05:31:25.799791+00,94,0,11,32.5,60,3,2,Flood Alert (HIGH),Raining
10155,2026-09-30 05:31:32.435432+00,95,0,12,32.5,60,3,2,Flood Alert (HIGH),Raining
10156,2026-09-30 05:31:39.253926+00,99,0,11,32.5,60,3,2,Flood Alert (HIGH),Raining
10157,2026-09-30 05:31:45.98915+00,95,0,11,32.5,60,3,2,Flood Alert (HIGH),Raining
10158,2026-09-30 05:31:53.389795+00,95,0,11,32.5,60,3,2,Flood Alert (HIGH),Raining
10159,2026-09-30 05:32:01.598414+00,98,0,11,32.5,60,3,2,Flood Alert (HIGH),Raining
10160,2026-09-30 05:32:08.5404+00,97,0,12,32.5,60,3,2,Flood Alert (HIGH),Raining
10161,2026-09-30 05:32:14.880119+00,94,0,12,32.5,60,3,2,Flood Alert (HIGH),Raining
10162,2026-09-30 05:32:21.315724+00,94,0,10,32.5,60,3,2,Flood Alert (HIGH),Raining
10163,2026-09-30 05:32:27.755907+00,97,0,10,32.5,60,3,2,Flood Alert (HIGH),Raining
10164,2026-09-30 05:32:34.535536+00,99,0,10,32.5,60,3,2,Flood Alert (HIGH),Raining
10165,2026-09-30 05:32:40.895832+00,94,0,10,32.5,60,3,2,Flood Alert (HIGH),Raining
10166,2026-09-30 05:32:47.214153+00,95,0,10,32.5,60,3,2,Flood Alert (HIGH),Raining
10167,2026-09-30 05:32:54.114468+00,93,0,10,32.5,60,3,2,Flood Alert (HIGH),Raining
10168,2026-09-30 05:33:00.943219+00,97,0,10,32.5,60,3,2,Flood Alert (HIGH),Raining
10169,2026-09-30 05:33:07.518281+00,96,0,10,32.5,60,3,2,Flood Alert (HIGH),Raining
10170,2026-09-30 05:33:13.882223+00,97,0,10,32.5,60,3,2,Flood Alert (HIGH),Raining
10171,2026-09-30 05:33:20.246847+00,98,0,10,32.5,60,3,2,Flood Alert (HIGH),Raining
10172,2026-09-30 05:33:26.893608+00,93,0,10,32.5,60,3,2,Flood Alert (HIGH),Raining
10173,2026-09-30 05:33:33.422862+00,99,0,10,32.5,60,3,2,Flood Alert (HIGH),Raining
10174,2026-09-30 05:33:40.09425+00,98,0,10,32.5,60,3,2,Flood Alert (HIGH),Raining
10175,2026-09-30 05:33:46.372637+00,96,0,10,32.5,60,3,2,Flood Alert (HIGH),Raining
10176,2026-09-30 05:33:52.883632+00,96,0,10,32.5,60,3,2,Flood Alert (HIGH),Raining
10177,2026-09-30 05:33:59.088503+00,95,0,10,32.5,60,3,2,Flood Alert (HIGH),Raining
10178,2026-09-30 05:34:05.624842+00,98,0,10,32.5,60,3,2,Flood Alert (HIGH),Raining
10179,2026-09-30 05:34:12.100733+00,98,0,10,32.5,60,3,2,Flood Alert (HIGH),Raining
10180,2026-09-30 05:34:18.556689+00,95,0,10,32.5,60,3,2,Flood Alert (HIGH),Raining
10181,2026-09-30 05:34:24.523225+00,96,0,10,32.5,60,3,2,Flood Alert (HIGH),Raining
10182,2026-09-30 05:34:31.026777+00,98,0,10,32.5,60,3,2,Flood Alert (HIGH),Raining
10183,2026-09-30 05:34:37.487631+00,97,0,10,32.5,60,3,2,Flood Alert (HIGH),Raining
10184,2026-09-30 05:34:43.404608+00,96,0,10,32.5,60,3,2,Flood Alert (HIGH),Raining
10185,2026-09-30 05:34:49.395251+00,100,0,10,32.5,60,3,2,Flood Alert (HIGH),Raining
10186,2026-09-30 05:34:55.903294+00,94,0,10,32.5,60,3,2,Flood Alert (HIGH),Raining
10187,2026-09-30 05:35:02.478973+00,100,0,10,32.5,60,3,2,Flood Alert (HIGH),Raining
10188,2026-09-30 05:35:08.852934+00,94,0,10,32.5,60,3,2,Flood Alert (HIGH),Raining
10189,2026-09-30 05:35:15.378313+00,96,0,11,32.5,60,3,2,Flood Alert (HIGH),Raining
10190,2026-09-30 05:35:21.581087+00,98,0,11,32.5,60,3,2,Flood Alert (HIGH),Raining
10191,2026-09-30 05:35:28.001103+00,98,0,11,32.5,60,3,2,Flood Alert (HIGH),Raining
10192,2026-09-30 05:35:34.507447+00,94,0,12,32.5,60,3,2,Flood Alert (HIGH),Raining
10193,2026-09-30 05:35:40.832835+00,93,0,12,32.5,60,3,2,Flood Alert (HIGH),Raining
10194,2026-09-30 05:35:47.017787+00,98,0,12,32.5,60,3,2,Flood Alert (HIGH),Raining
10195,2026-09-30 05:35:53.152868+00,95,0,12,32.5,60,3,2,Flood Alert (HIGH),Raining
10196,2026-09-30 05:35:59.236783+00,95,0,12,32.5,60,3,2,Flood Alert (HIGH),Raining
10197,2026-09-30 05:36:05.36104+00,94,0,12,32.5,60,3,2,Flood Alert (HIGH),Raining
10198,2026-09-30 05:36:11.811423+00,94,0,12,32.5,60,3,2,Flood Alert (HIGH),Raining
10199,2026-09-30 05:36:18.55795+00,95,0,10,32.5,60,3,2,Flood Alert (HIGH),Raining
10200,2026-09-30 05:36:25.323484+00,92,0,10,32.5,60,3,2,Flood Alert (HIGH),Raining
10201,2026-09-30 05:36:31.258054+00,97,0,10,32.5,60,3,2,Flood Alert (HIGH),Raining
10202,2026-09-30 05:36:37.203912+00,96,0,10,32.5,60,3,2,Flood Alert (HIGH),Raining
10203,2026-09-30 05:36:43.682618+00,95,0,10,32.5,60,3,2,Flood Alert (HIGH),Raining
10204,2026-09-30 05:36:49.77689+00,95,0,10,32.5,60,3,2,Flood Alert (HIGH),Raining
10205,2026-09-30 05:36:56.249291+00,94,0,10,32.5,60,3,2,Flood Alert (HIGH),Raining
10206,2026-09-30 05:37:02.513204+00,94,0,10,32.5,60,3,2,Flood Alert (HIGH),Raining
10207,2026-09-30 05:37:08.633247+00,97,0,10,32.5,60,3,2,Flood Alert (HIGH),Raining
10208,2026-09-30 05:37:14.795586+00,98,0,10,32.5,60,3,2,Flood Alert (HIGH),Raining
10209,2026-09-30 05:37:21.383195+00,97,0,10,32.5,60,3,2,Flood Alert (HIGH),Raining
10210,2026-09-30 05:37:27.835737+00,97,0,10,32.5,60,3,2,Flood Alert (HIGH),Raining
10211,2026-09-30 05:37:33.966626+00,96,0,10,32.5,60,3,2,Flood Alert (HIGH),Raining
10212,2026-09-30 05:37:40.076746+00,99,0,10,32.5,60,3,2,Flood Alert (HIGH),Raining
10213,2026-09-30 05:37:46.330396+00,97,0,10,32.5,60,3,2,Flood Alert (HIGH),Raining
10214,2026-09-30 05:37:52.771972+00,97,0,10,32.5,60,3,2,Flood Alert (HIGH),Raining
10215,2026-09-30 05:37:59.312706+00,96,0,10,32.5,60,3,2,Flood Alert (HIGH),Raining
10216,2026-09-30 05:38:05.48252+00,95,0,10,32.5,60,3,2,Flood Alert (HIGH),Raining
10217,2026-09-30 05:38:11.827122+00,95,0,10,32.5,60,3,2,Flood Alert (HIGH),Raining
10218,2026-09-30 05:38:18.298327+00,96,0,10,32.5,60,3,2,Flood Alert (HIGH),Raining
10219,2026-09-30 05:38:24.685859+00,96,0,10,32.5,60,3,2,Flood Alert (HIGH),Raining
10220,2026-09-30 05:38:30.811101+00,94,0,10,32.5,60,3,2,Flood Alert (HIGH),Raining
10221,2026-09-30 05:38:37.139832+00,94,0,10,32.5,60,3,2,Flood Alert (HIGH),Raining
10222,2026-09-30 05:38:43.512138+00,95,0,10,32.5,60,3,2,Flood Alert (HIGH),Raining
10223,2026-09-30 05:38:49.560918+00,96,0,10,32.5,60,3,2,Flood Alert (HIGH),Raining
10224,2026-09-30 05:38:55.766337+00,98,0,10,32.5,60,3,2,Flood Alert (HIGH),Raining
10225,2026-09-30 05:39:01.677995+00,97,0,10,32.5,60,3,2,Flood Alert (HIGH),Raining
10226,2026-09-30 05:39:08.086737+00,97,0,10,32.5,60,3,2,Flood Alert (HIGH),Raining
10227,2026-09-30 05:39:14.495399+00,99,0,10,32.5,60,3,2,Flood Alert (HIGH),Raining
10228,2026-09-30 05:39:20.975114+00,98,0,10,32.5,60,3,2,Flood Alert (HIGH),Raining
10229,2026-09-30 05:39:27.424998+00,98,0,10,32.5,60,3,2,Flood Alert (HIGH),Raining
10230,2026-09-30 05:39:33.478053+00,95,0,10,32.5,60,3,2,Flood Alert (HIGH),Raining
10231,2026-09-30 05:39:40.031332+00,96,0,10,32.5,60,3,2,Flood Alert (HIGH),Raining
10232,2026-09-30 05:39:46.14983+00,96,0,10,32.5,60,3,2,Flood Alert (HIGH),Raining
10233,2026-09-30 05:39:52.527945+00,96,0,10,32.5,60,3,2,Flood Alert (HIGH),Raining
10234,2026-09-30 05:39:59.200444+00,95,0,10,32.5,60,3,2,Flood Alert (HIGH),Raining
10235,2026-09-30 05:40:05.545415+00,98,0,10,32.5,60,3,2,Flood Alert (HIGH),Raining
10236,2026-09-30 05:40:11.80146+00,97,0,10,32.5,60,3,2,Flood Alert (HIGH),Raining
10237,2026-09-30 05:40:17.888893+00,95,0,10,32.5,60,3,2,Flood Alert (HIGH),Raining
10238,2026-09-30 05:40:24.285451+00,98,0,10,32.5,60,3,2,Flood Alert (HIGH),Raining
10239,2026-09-30 05:40:30.524414+00,96,0,10,32.5,60,3,2,Flood Alert (HIGH),Raining
10240,2026-09-30 05:40:36.673352+00,95,0,10,32.5,60,3,2,Flood Alert (HIGH),Raining
10241,2026-09-30 05:40:43.165787+00,98,0,10,32.5,60,3,2,Flood Alert (HIGH),Raining
10242,2026-09-30 05:40:49.48262+00,97,0,10,32.5,60,3,2,Flood Alert (HIGH),Raining
10243,2026-09-30 05:40:55.771955+00,94,0,10,32.5,60,3,2,Flood Alert (HIGH),Raining
10244,2026-09-30 05:41:02.139234+00,94,0,10,32.5,60,3,2,Flood Alert (HIGH),Raining
10245,2026-09-30 05:41:08.521386+00,95,0,10,32.5,60,3,2,Flood Alert (HIGH),Raining
10246,2026-09-30 05:41:14.801228+00,96,0,10,32.5,60,3,2,Flood Alert (HIGH),Raining
10247,2026-09-30 05:41:21.19327+00,99,0,10,32.5,60,3,2,Flood Alert (HIGH),Raining
10248,2026-09-30 05:41:27.272926+00,94,0,10,32.5,60,3,2,Flood Alert (HIGH),Raining
10249,2026-09-30 05:41:33.748138+00,98,0,10,32.5,60,3,2,Flood Alert (HIGH),Raining
10250,2026-09-30 05:41:39.695359+00,97,0,10,32.5,60,3,2,Flood Alert (HIGH),Raining
10251,2026-09-30 05:41:45.859205+00,97,0,10,32.5,60,3,2,Flood Alert (HIGH),Raining
10252,2026-09-30 05:41:51.860319+00,94,0,13,32.5,60,3,2,Flood Alert (HIGH),Raining
10253,2026-09-30 05:41:57.957495+00,100,0,12,32.5,60,3,2,Flood Alert (HIGH),Raining
10254,2026-09-30 05:42:04.480986+00,100,0,13,32.5,60,3,2,Flood Alert (HIGH),Raining
10255,2026-09-30 05:42:10.598003+00,96,0,13,32.5,60,3,2,Flood Alert (HIGH),Raining
10256,2026-09-30 05:42:16.718216+00,98,0,13,32.5,60,3,2,Flood Alert (HIGH),Raining
10257,2026-09-30 05:42:23.069104+00,90,0,13,32.5,60,3,2,Flood Alert (HIGH),Raining
10258,2026-09-30 05:42:29.106732+00,90,0,12,32.5,60,3,2,Flood Alert (HIGH),Raining
10259,2026-09-30 05:42:35.544214+00,90,0,13,32.5,60,3,2,Flood Alert (HIGH),Raining
10260,2026-09-30 05:42:41.815418+00,90,0,14,32.5,60,3,2,Flood Alert (HIGH),Raining
10261,2026-09-30 05:42:48.08232+00,97,0,14,32.5,60,3,2,Flood Alert (HIGH),Raining
10262,2026-09-30 05:42:54.267935+00,95,0,14,32.5,60,3,2,Flood Alert (HIGH),Raining
10263,2026-09-30 05:43:00.740794+00,100,0,14,32.5,60,3,2,Flood Alert (HIGH),Raining
10264,2026-09-30 05:43:06.721392+00,100,0,13,32.5,60,3,2,Flood Alert (HIGH),Raining
10265,2026-09-30 05:43:12.822789+00,100,0,13,32.5,60,3,2,Flood Alert (HIGH),Raining
10266,2026-09-30 05:43:18.841335+00,99,0,13,32.5,60,3,2,Flood Alert (HIGH),Raining
10267,2026-09-30 05:43:25.019086+00,93,0,13,32.5,60,3,2,Flood Alert (HIGH),Raining
10268,2026-09-30 05:43:31.352388+00,94,0,14,32.5,60,3,2,Flood Alert (HIGH),Raining
10269,2026-09-30 05:43:37.535612+00,100,0,13,32.5,60,3,2,Flood Alert (HIGH),Raining
10270,2026-09-30 05:43:43.657917+00,98,0,15,32.5,60,3,2,Flood Alert (HIGH),Raining
10271,2026-09-30 05:43:50.122652+00,88,0,13,32.5,60,3,2,Flood Alert (HIGH),Raining
10272,2026-09-30 05:43:56.331291+00,95,0,13,32.5,60,3,2,Flood Alert (HIGH),Raining
10273,2026-09-30 05:44:02.792448+00,94,0,11,32.5,60,3,2,Flood Alert (HIGH),Raining
10274,2026-09-30 05:44:10.196999+00,89,0,10,32.5,60,3,2,Flood Alert (HIGH),Raining
10275,2026-09-30 05:44:16.409037+00,91,0,10,32.5,60,3,2,Flood Alert (HIGH),Raining
10276,2026-09-30 05:44:23.045811+00,96,0,10,32.5,60,3,2,Flood Alert (HIGH),Raining
10277,2026-09-30 05:44:29.240885+00,91,0,32,32.5,60,3,2,Flood Alert (HIGH),Raining
10278,2026-09-30 05:44:35.400803+00,91,0,28,32.5,60,3,2,Flood Alert (HIGH),Raining
10279,2026-09-30 05:44:41.565316+00,100,0,28,32.5,60,3,2,Flood Alert (HIGH),Raining
10280,2026-09-30 05:44:47.684722+00,100,0,29,32.5,60,3,2,Flood Alert (HIGH),Raining
10281,2026-09-30 05:44:53.795329+00,90,0,28,32.5,60,3,2,Flood Alert (HIGH),Raining
10282,2026-09-30 05:45:00.172379+00,95,0,30,32.5,60,3,2,Flood Alert (HIGH),Raining
10283,2026-09-30 05:45:06.609774+00,91,0,29,32.5,60,3,2,Flood Alert (HIGH),Raining
10284,2026-09-30 05:45:12.896981+00,92,0,30,32.5,60,3,2,Flood Alert (HIGH),Raining
10285,2026-09-30 05:45:19.170791+00,100,0,29,32.5,60,3,2,Flood Alert (HIGH),Raining
10286,2026-09-30 05:45:25.156796+00,100,0,30,32.5,60,3,2,Flood Alert (HIGH),Raining
10287,2026-09-30 05:45:31.387735+00,83,0,30,32.5,60,3,2,Flood Alert (HIGH),Raining
10288,2026-09-30 05:45:39.832037+00,97,0,29,32.5,60,3,2,Flood Alert (HIGH),Raining
10289,2026-09-30 05:45:45.9455+00,94,0,30,32.5,60,3,2,Flood Alert (HIGH),Raining
10290,2026-09-30 05:45:52.063962+00,100,0,30,32.5,60,3,2,Flood Alert (HIGH),Raining
10291,2026-09-30 05:45:58.310652+00,93,0,30,32.5,60,3,2,Flood Alert (HIGH),Raining
10292,2026-09-30 05:46:04.66523+00,90,0,30,32.5,60,3,2,Flood Alert (HIGH),Raining
10293,2026-09-30 05:46:10.977695+00,96,0,30,32.5,60,3,2,Flood Alert (HIGH),Raining
10294,2026-09-30 05:46:16.94414+00,94,0,30,32.5,60,3,2,Flood Alert (HIGH),Raining
10295,2026-09-30 05:46:23.25309+00,89,0,29,32.5,60,3,2,Flood Alert (HIGH),Raining
10296,2026-09-30 05:46:29.290906+00,90,0,30,32.5,60,3,2,Flood Alert (HIGH),Raining
10297,2026-09-30 05:46:35.436131+00,98,0,29,32.5,60,3,2,Flood Alert (HIGH),Raining
10298,2026-09-30 05:46:41.889652+00,96,0,29,32.5,60,3,2,Flood Alert (HIGH),Raining
10299,2026-09-30 05:46:47.952678+00,100,0,30,32.5,60,3,2,Flood Alert (HIGH),Raining
10300,2026-09-30 05:46:53.951265+00,90,0,30,32.5,60,3,2,Flood Alert (HIGH),Raining
10301,2026-09-30 05:47:00.299204+00,100,0,30,32.5,60,3,2,Flood Alert (HIGH),Raining
10302,2026-09-30 05:47:06.714307+00,93,0,29,32.5,60,3,2,Flood Alert (HIGH),Raining
10303,2026-09-30 05:47:13.241755+00,100,0,29,32.5,60,3,2,Flood Alert (HIGH),Raining
10304,2026-09-30 05:47:19.274099+00,100,0,26,32.5,60,3,2,Flood Alert (HIGH),Raining
10305,2026-09-30 05:47:25.380788+00,95,0,26,32.5,60,3,2,Flood Alert (HIGH),Raining
10306,2026-09-30 05:47:31.432933+00,100,0,25,32.5,60,3,2,Flood Alert (HIGH),Raining
10307,2026-09-30 05:47:37.583727+00,92,0,24,32.5,60,3,2,Flood Alert (HIGH),Raining
10308,2026-09-30 05:47:43.866864+00,90,0,15,32.5,60,3,2,Flood Alert (HIGH),Raining
10309,2026-09-30 05:47:49.830299+00,91,0,13,32.5,60,3,2,Flood Alert (HIGH),Raining
10310,2026-09-30 05:47:56.167437+00,97,0,12,32.5,60,3,2,Flood Alert (HIGH),Raining
10311,2026-09-30 05:48:02.051831+00,91,0,13,32.5,60,3,2,Flood Alert (HIGH),Raining
10312,2026-09-30 05:48:08.215328+00,93,0,13,32.5,60,3,2,Flood Alert (HIGH),Raining
10313,2026-09-30 05:48:14.765095+00,91,0,13,32.5,60,3,2,Flood Alert (HIGH),Raining
10314,2026-09-30 05:48:20.95148+00,97,0,13,32.5,60,3,2,Flood Alert (HIGH),Raining
10315,2026-09-30 05:48:26.848838+00,91,0,13,32.5,60,3,2,Flood Alert (HIGH),Raining
10316,2026-09-30 05:48:32.912386+00,89,0,14,32.5,60,3,2,Flood Alert (HIGH),Raining
10317,2026-09-30 05:48:38.819269+00,90,0,12,32.5,60,3,2,Flood Alert (HIGH),Raining
10318,2026-09-30 05:48:44.873918+00,92,0,13,32.5,60,3,2,Flood Alert (HIGH),Raining
10319,2026-09-30 05:48:50.904749+00,99,0,13,32.5,60,3,2,Flood Alert (HIGH),Raining
10320,2026-09-30 05:48:57.027176+00,92,0,13,32.5,60,3,2,Flood Alert (HIGH),Raining
10321,2026-09-30 05:49:03.388308+00,89,0,13,32.5,60,3,2,Flood Alert (HIGH),Raining
10322,2026-09-30 05:49:09.724614+00,95,0,13,32.5,60,3,2,Flood Alert (HIGH),Raining
10323,2026-09-30 05:49:16.169269+00,90,0,13,32.5,60,3,2,Flood Alert (HIGH),Raining
10324,2026-09-30 05:49:22.48717+00,90,0,13,32.5,60,3,2,Flood Alert (HIGH),Raining
10325,2026-09-30 05:49:28.686545+00,100,0,13,32.5,60,3,2,Flood Alert (HIGH),Raining
10326,2026-09-30 05:49:35.433021+00,97,0,14,32.5,60,3,2,Flood Alert (HIGH),Raining
10327,2026-09-30 05:49:41.737759+00,90,0,13,32.5,60,3,2,Flood Alert (HIGH),Raining
10328,2026-09-30 05:49:48.177708+00,100,0,14,32.5,60,3,2,Flood Alert (HIGH),Raining
10329,2026-09-30 05:49:54.366917+00,99,0,14,32.5,60,3,2,Flood Alert (HIGH),Raining
10330,2026-09-30 05:50:00.846223+00,77,0,14,32.5,60,3,2,Flood Alert (HIGH),Raining
10331,2026-09-30 05:50:06.881184+00,93,0,14,32.5,60,3,2,Flood Alert (HIGH),Raining
10332,2026-09-30 05:50:13.219294+00,89,0,13,32.5,60,3,2,Flood Alert (HIGH),Raining
10333,2026-09-30 05:50:19.554987+00,93,0,14,32.5,60,3,2,Flood Alert (HIGH),Raining
10334,2026-09-30 05:50:25.868899+00,100,0,13,32.5,60,3,2,Flood Alert (HIGH),Raining
10335,2026-09-30 05:50:32.464162+00,92,0,13,32.5,60,3,2,Flood Alert (HIGH),Raining
10336,2026-09-30 05:50:38.930691+00,98,0,13,32.5,60,3,2,Flood Alert (HIGH),Raining
10337,2026-09-30 05:50:45.438624+00,100,0,13,32.5,60,3,2,Flood Alert (HIGH),Raining
10338,2026-09-30 05:50:51.939465+00,85,0,14,32.5,60,3,2,Flood Alert (HIGH),Raining
10339,2026-09-30 05:50:58.127063+00,80,0,13,32.5,60,3,2,Flood Alert (HIGH),Raining
10340,2026-09-30 05:51:04.285719+00,78,0,14,32.5,60,3,2,Flood Alert (HIGH),Raining
10341,2026-09-30 05:51:11.076331+00,76,0,13,31.9,62,3,2,Flood Alert (HIGH),Raining
10342,2026-09-30 05:51:17.340587+00,100,0,14,31.9,62,3,2,Flood Alert (HIGH),Raining
10343,2026-09-30 05:51:23.68278+00,92,0,13,31.9,62,3,2,Flood Alert (HIGH),Raining
10344,2026-09-30 05:51:29.837969+00,88,0,10,31.9,62,3,2,Flood Alert (HIGH),Raining
10345,2026-09-30 05:51:36.066636+00,79,0,11,31.9,62,3,2,Flood Alert (HIGH),Raining
10346,2026-09-30 05:51:42.426315+00,100,0,12,31.9,62,3,2,Flood Alert (HIGH),Raining
10347,2026-09-30 05:51:48.757907+00,100,0,11,31.9,62,3,2,Flood Alert (HIGH),Raining
10348,2026-09-30 05:51:54.967315+00,82,0,11,31.9,62,3,2,Flood Alert (HIGH),Raining
10349,2026-09-30 05:52:02.530792+00,85,0,11,31.9,62,3,2,Flood Alert (HIGH),Raining
10350,2026-09-30 05:52:08.843726+00,91,0,11,31.9,62,3,2,Flood Alert (HIGH),Raining
10351,2026-09-30 05:52:15.032549+00,100,0,11,31.9,62,3,2,Flood Alert (HIGH),Raining
10352,2026-09-30 05:52:21.820447+00,100,0,11,31.9,62,3,2,Flood Alert (HIGH),Raining
10353,2026-09-30 05:52:28.08647+00,94,0,11,31.9,62,3,2,Flood Alert (HIGH),Raining
10354,2026-09-30 05:52:34.354738+00,90,0,11,31.9,62,3,2,Flood Alert (HIGH),Raining
10355,2026-09-30 05:52:40.506232+00,97,0,10,31.9,62,3,2,Flood Alert (HIGH),Raining
10356,2026-09-30 05:52:46.651985+00,97,0,11,31.9,62,3,2,Flood Alert (HIGH),Raining
10357,2026-09-30 05:52:52.816193+00,97,0,12,31.9,62,3,2,Flood Alert (HIGH),Raining
10358,2026-09-30 05:52:58.988979+00,95,0,12,31.9,62,3,2,Flood Alert (HIGH),Raining
10359,2026-09-30 05:53:05.212967+00,97,0,11,31.9,62,3,2,Flood Alert (HIGH),Raining
10360,2026-09-30 05:53:11.396904+00,94,0,12,31.9,62,3,2,Flood Alert (HIGH),Raining
10361,2026-09-30 05:53:17.91037+00,96,0,11,31.9,62,3,2,Flood Alert (HIGH),Raining
10362,2026-09-30 05:53:23.971272+00,91,0,11,31.9,62,3,2,Flood Alert (HIGH),Raining
10363,2026-09-30 05:53:30.09367+00,93,0,12,31.9,62,3,2,Flood Alert (HIGH),Raining
10364,2026-09-30 05:53:36.181621+00,98,0,12,31.9,62,3,2,Flood Alert (HIGH),Raining
10365,2026-09-30 05:53:42.553088+00,92,0,13,31.9,62,3,2,Flood Alert (HIGH),Raining
10366,2026-09-30 05:53:48.868622+00,100,0,12,31.9,62,3,2,Flood Alert (HIGH),Raining
10367,2026-09-30 05:53:55.205868+00,100,0,12,31.9,62,3,2,Flood Alert (HIGH),Raining
10368,2026-09-30 05:54:01.561352+00,96,0,12,31.9,62,3,2,Flood Alert (HIGH),Raining
10369,2026-09-30 05:54:08.149639+00,99,0,12,31.9,62,3,2,Flood Alert (HIGH),Raining
10370,2026-09-30 05:54:14.257629+00,97,0,12,31.9,62,3,2,Flood Alert (HIGH),Raining
10371,2026-09-30 05:54:20.824576+00,100,0,12,31.9,62,3,2,Flood Alert (HIGH),Raining
10372,2026-09-30 05:54:26.79793+00,97,0,13,31.9,62,3,2,Flood Alert (HIGH),Raining
10373,2026-09-30 05:54:32.893538+00,90,0,12,31.9,62,3,2,Flood Alert (HIGH),Raining
10374,2026-09-30 05:54:39.543958+00,97,0,12,31.9,62,3,2,Flood Alert (HIGH),Raining
10375,2026-09-30 05:54:45.939437+00,93,0,10,31.9,62,3,2,Flood Alert (HIGH),Raining
10376,2026-09-30 05:54:52.528618+00,91,0,10,31.9,62,3,2,Flood Alert (HIGH),Raining
10377,2026-09-30 05:54:58.517745+00,90,0,10,31.9,62,3,2,Flood Alert (HIGH),Raining
10378,2026-09-30 05:55:05.040345+00,92,0,10,31.9,62,3,2,Flood Alert (HIGH),Raining
10379,2026-09-30 05:55:11.69762+00,96,0,11,31.9,62,3,2,Flood Alert (HIGH),Raining
10380,2026-09-30 05:55:18.344893+00,98,0,10,31.9,62,3,2,Flood Alert (HIGH),Raining
10381,2026-09-30 05:55:24.699836+00,95,0,10,31.9,62,3,2,Flood Alert (HIGH),Raining
10382,2026-09-30 05:55:31.216055+00,100,0,10,31.9,62,3,2,Flood Alert (HIGH),Raining
10383,2026-09-30 05:55:37.502808+00,93,0,10,31.9,62,3,2,Flood Alert (HIGH),Raining
10384,2026-09-30 05:55:43.873979+00,96,0,10,31.9,62,3,2,Flood Alert (HIGH),Raining
10385,2026-09-30 05:55:50.28545+00,91,0,10,31.9,62,3,2,Flood Alert (HIGH),Raining
10386,2026-09-30 05:55:56.753781+00,95,0,11,31.9,62,3,2,Flood Alert (HIGH),Raining
10387,2026-09-30 05:56:02.751118+00,96,0,10,31.9,62,3,2,Flood Alert (HIGH),Raining
10388,2026-09-30 05:56:08.886376+00,90,0,10,31.9,62,3,2,Flood Alert (HIGH),Raining
10389,2026-09-30 05:56:15.177326+00,97,0,10,31.9,62,3,2,Flood Alert (HIGH),Raining
10390,2026-09-30 05:56:21.259769+00,95,0,10,31.9,62,3,2,Flood Alert (HIGH),Raining
10391,2026-09-30 05:56:27.42181+00,91,0,10,31.9,62,3,2,Flood Alert (HIGH),Raining
10392,2026-09-30 05:56:33.592317+00,90,0,10,31.9,62,3,2,Flood Alert (HIGH),Raining
10393,2026-09-30 05:56:40.254325+00,100,0,10,31.9,62,3,2,Flood Alert (HIGH),Raining
10394,2026-09-30 05:56:46.28847+00,91,0,10,31.9,62,3,2,Flood Alert (HIGH),Raining
10395,2026-09-30 05:56:52.57964+00,94,0,10,31.9,62,3,2,Flood Alert (HIGH),Raining
10396,2026-09-30 05:56:58.921747+00,96,0,10,31.9,62,3,2,Flood Alert (HIGH),Raining
10397,2026-09-30 05:57:05.452212+00,100,0,11,31.9,62,3,2,Flood Alert (HIGH),Raining
10398,2026-09-30 05:57:11.61837+00,100,0,11,31.9,62,3,2,Flood Alert (HIGH),Raining
10399,2026-09-30 05:57:17.967718+00,94,0,10,31.9,62,3,2,Flood Alert (HIGH),Raining
10400,2026-09-30 05:57:24.305405+00,100,0,11,31.9,62,3,2,Flood Alert (HIGH),Raining
10401,2026-09-30 05:57:30.275352+00,93,0,11,31.9,62,3,2,Flood Alert (HIGH),Raining
10402,2026-09-30 05:57:36.55846+00,100,0,11,31.9,62,3,2,Flood Alert (HIGH),Raining
10403,2026-09-30 05:57:42.945612+00,93,0,10,31.9,62,3,2,Flood Alert (HIGH),Raining
10404,2026-09-30 05:57:50.138674+00,100,0,10,31.9,62,3,2,Flood Alert (HIGH),Raining
10405,2026-09-30 05:57:56.194892+00,91,0,10,31.9,62,3,2,Flood Alert (HIGH),Raining
10406,2026-09-30 05:58:02.480276+00,98,0,11,31.9,62,3,2,Flood Alert (HIGH),Raining
10407,2026-09-30 05:58:08.589201+00,95,0,11,31.9,62,3,2,Flood Alert (HIGH),Raining
10408,2026-09-30 05:58:15.203621+00,97,0,10,31.9,62,3,2,Flood Alert (HIGH),Raining
10409,2026-09-30 05:58:21.179491+00,100,0,11,31.9,62,3,2,Flood Alert (HIGH),Raining
10410,2026-09-30 05:58:27.325119+00,93,0,10,31.9,62,3,2,Flood Alert (HIGH),Raining
10411,2026-09-30 05:58:33.628971+00,91,0,11,31.9,62,3,2,Flood Alert (HIGH),Raining
10412,2026-09-30 05:58:39.976036+00,100,0,11,31.9,62,3,2,Flood Alert (HIGH),Raining
10413,2026-09-30 05:58:46.290401+00,96,0,10,31.9,62,3,2,Flood Alert (HIGH),Raining
10414,2026-09-30 05:58:52.462539+00,96,0,10,31.9,62,3,2,Flood Alert (HIGH),Raining
10415,2026-09-30 05:58:58.829434+00,98,0,12,31.9,62,3,2,Flood Alert (HIGH),Raining
10416,2026-09-30 05:59:05.19866+00,92,0,11,31.9,62,3,2,Flood Alert (HIGH),Raining
10417,2026-09-30 05:59:11.811901+00,92,0,11,31.9,62,3,2,Flood Alert (HIGH),Raining
10418,2026-09-30 05:59:17.976675+00,91,0,12,31.9,62,3,2,Flood Alert (HIGH),Raining
10419,2026-09-30 05:59:24.144204+00,97,0,12,31.9,62,3,2,Flood Alert (HIGH),Raining
10420,2026-09-30 05:59:30.652643+00,95,0,12,31.9,62,3,2,Flood Alert (HIGH),Raining
10421,2026-09-30 05:59:36.84732+00,100,0,15,31.9,62,3,2,Flood Alert (HIGH),Raining
10422,2026-09-30 05:59:42.822109+00,94,0,16,31.9,62,3,2,Flood Alert (HIGH),Raining
10423,2026-09-30 05:59:48.945366+00,95,0,15,31.9,62,3,2,Flood Alert (HIGH),Raining
10424,2026-09-30 05:59:55.447771+00,100,0,15,31.9,62,3,2,Flood Alert (HIGH),Raining
10425,2026-09-30 06:00:01.709618+00,91,0,15,31.9,62,3,2,Flood Alert (HIGH),Raining
10426,2026-09-30 06:00:08.394027+00,98,0,15,31.9,62,3,2,Flood Alert (HIGH),Raining
10427,2026-09-30 06:00:14.665304+00,99,0,15,31.9,62,3,2,Flood Alert (HIGH),Raining
10428,2026-09-30 06:00:20.904605+00,90,0,15,31.9,62,3,2,Flood Alert (HIGH),Raining
10429,2026-09-30 06:00:27.093901+00,89,0,15,31.9,62,3,2,Flood Alert (HIGH),Raining
10430,2026-09-30 06:00:33.049307+00,99,0,16,31.9,62,3,2,Flood Alert (HIGH),Raining
10431,2026-09-30 06:00:39.499324+00,91,0,16,31.9,62,3,2,Flood Alert (HIGH),Raining
10432,2026-09-30 06:00:45.55234+00,90,0,15,31.9,62,3,2,Flood Alert (HIGH),Raining
10433,2026-09-30 06:00:51.874605+00,91,0,15,31.9,62,3,2,Flood Alert (HIGH),Raining
10434,2026-09-30 06:00:57.899244+00,96,0,15,31.9,62,3,2,Flood Alert (HIGH),Raining
10435,2026-09-30 06:01:04.12354+00,96,0,15,31.9,62,3,2,Flood Alert (HIGH),Raining
10436,2026-09-30 06:01:10.401203+00,100,0,16,31.9,62,3,2,Flood Alert (HIGH),Raining
10437,2026-09-30 06:01:16.322197+00,90,0,15,31.3,64,3,2,Flood Alert (HIGH),Raining
10438,2026-09-30 06:01:22.381648+00,95,0,16,31.3,64,3,2,Flood Alert (HIGH),Raining
10439,2026-09-30 06:01:28.456585+00,92,0,15,31.3,64,3,2,Flood Alert (HIGH),Raining
10440,2026-09-30 06:01:34.773148+00,95,0,15,31.3,64,3,2,Flood Alert (HIGH),Raining
10441,2026-09-30 06:01:40.743936+00,91,0,15,31.3,64,3,2,Flood Alert (HIGH),Raining
10442,2026-09-30 06:01:47.42527+00,90,0,16,31.3,64,3,2,Flood Alert (HIGH),Raining
10443,2026-09-30 06:01:53.618012+00,92,0,16,31.3,64,3,2,Flood Alert (HIGH),Raining
10444,2026-09-30 06:01:59.801974+00,100,0,15,31.3,64,3,2,Flood Alert (HIGH),Raining
10445,2026-09-30 06:02:06.227346+00,98,0,15,31.3,64,3,2,Flood Alert (HIGH),Raining
10446,2026-09-30 06:02:12.306891+00,96,0,16,31.3,64,3,2,Flood Alert (HIGH),Raining
10447,2026-09-30 06:02:18.295763+00,99,0,15,31.3,64,3,2,Flood Alert (HIGH),Raining
10448,2026-09-30 06:02:24.405768+00,93,0,16,31.3,64,3,2,Flood Alert (HIGH),Raining
10449,2026-09-30 06:02:30.66112+00,100,0,16,31.3,64,3,2,Flood Alert (HIGH),Raining
10450,2026-09-30 06:02:37.047865+00,100,0,15,31.3,64,3,2,Flood Alert (HIGH),Raining
10451,2026-09-30 06:02:43.029333+00,96,0,15,31.3,64,3,2,Flood Alert (HIGH),Raining
10452,2026-09-30 06:02:49.408975+00,91,0,16,31.3,64,3,2,Flood Alert (HIGH),Raining
10453,2026-09-30 06:02:55.887529+00,90,0,15,31.3,64,3,2,Flood Alert (HIGH),Raining
10454,2026-09-30 06:03:02.174718+00,95,0,16,31.3,64,3,2,Flood Alert (HIGH),Raining
10455,2026-09-30 06:03:08.486763+00,90,0,15,31.3,64,3,2,Flood Alert (HIGH),Raining
10456,2026-09-30 06:03:14.572181+00,100,0,15,31.3,64,3,2,Flood Alert (HIGH),Raining
10457,2026-09-30 06:03:20.702686+00,92,0,15,31.3,64,3,2,Flood Alert (HIGH),Raining
10458,2026-09-30 06:03:27.028236+00,91,0,14,31.3,64,3,2,Flood Alert (HIGH),Raining
10459,2026-09-30 06:03:33.37801+00,92,0,16,31.3,64,3,2,Flood Alert (HIGH),Raining
10460,2026-09-30 06:03:39.833008+00,90,0,15,31.3,64,3,2,Flood Alert (HIGH),Raining
10461,2026-09-30 06:03:45.84523+00,92,0,15,31.3,64,3,2,Flood Alert (HIGH),Raining
10462,2026-09-30 06:03:51.88892+00,97,0,16,31.3,64,3,2,Flood Alert (HIGH),Raining
10463,2026-09-30 06:03:58.356927+00,94,0,15,31.3,64,3,2,Flood Alert (HIGH),Raining
10464,2026-09-30 06:04:04.335785+00,92,0,16,31.3,64,3,2,Flood Alert (HIGH),Raining
10465,2026-09-30 06:04:10.527257+00,89,0,15,31.3,64,3,2,Flood Alert (HIGH),Raining
10466,2026-09-30 06:04:16.65596+00,90,0,16,31.3,64,3,2,Flood Alert (HIGH),Raining
10467,2026-09-30 06:04:23.033395+00,100,0,15,31.3,64,3,2,Flood Alert (HIGH),Raining
10468,2026-09-30 06:04:29.029133+00,92,0,15,31.3,64,3,2,Flood Alert (HIGH),Raining
10469,2026-09-30 06:04:35.345678+00,92,0,15,31.3,64,3,2,Flood Alert (HIGH),Raining
10470,2026-09-30 06:04:41.736525+00,99,0,15,31.3,64,3,2,Flood Alert (HIGH),Raining
10471,2026-09-30 06:04:48.229872+00,89,0,15,31.3,64,3,2,Flood Alert (HIGH),Raining
10472,2026-09-30 06:04:54.49952+00,89,0,15,31.3,64,3,2,Flood Alert (HIGH),Raining
10473,2026-09-30 06:05:00.992977+00,99,0,15,31.3,64,3,2,Flood Alert (HIGH),Raining
10474,2026-09-30 06:05:07.128388+00,95,0,16,31.3,64,3,2,Flood Alert (HIGH),Raining
10475,2026-09-30 06:05:13.307932+00,93,0,15,31.3,64,3,2,Flood Alert (HIGH),Raining
10476,2026-09-30 06:05:19.324752+00,91,0,15,31.3,64,3,2,Flood Alert (HIGH),Raining
10477,2026-09-30 06:05:25.541411+00,92,0,15,31.3,64,3,2,Flood Alert (HIGH),Raining
10478,2026-09-30 06:05:31.873939+00,100,0,14,31.3,64,3,2,Flood Alert (HIGH),Raining
10479,2026-09-30 06:05:38.385964+00,98,0,14,31.3,64,3,2,Flood Alert (HIGH),Raining
10480,2026-09-30 06:05:44.270456+00,98,0,14,31.3,64,3,2,Flood Alert (HIGH),Raining
10481,2026-09-30 06:05:50.541842+00,90,0,14,31.3,64,3,2,Flood Alert (HIGH),Raining
10482,2026-09-30 06:05:56.606327+00,95,0,14,31.3,64,3,2,Flood Alert (HIGH),Raining
10483,2026-09-30 06:06:03.028114+00,98,0,14,31.3,64,3,2,Flood Alert (HIGH),Raining
10484,2026-09-30 06:06:09.383543+00,100,0,14,31.3,64,3,2,Flood Alert (HIGH),Raining
10485,2026-09-30 06:06:15.328824+00,93,0,14,31.3,64,3,2,Flood Alert (HIGH),Raining
10486,2026-09-30 06:06:21.378724+00,89,0,13,31.3,64,3,2,Flood Alert (HIGH),Raining
10487,2026-09-30 06:06:27.5103+00,90,0,14,31.3,64,3,2,Flood Alert (HIGH),Raining
10488,2026-09-30 06:06:33.92199+00,100,0,14,31.3,64,3,2,Flood Alert (HIGH),Raining
10489,2026-09-30 06:06:40.285715+00,100,0,14,31.3,64,3,2,Flood Alert (HIGH),Raining
10490,2026-09-30 06:06:46.711603+00,98,0,15,31.3,64,3,2,Flood Alert (HIGH),Raining
10491,2026-09-30 06:06:52.67239+00,93,0,15,31.3,64,3,2,Flood Alert (HIGH),Raining
10492,2026-09-30 06:06:59.022918+00,97,0,14,31.3,64,3,2,Flood Alert (HIGH),Raining
10493,2026-09-30 06:07:05.469575+00,94,0,15,31.3,64,3,2,Flood Alert (HIGH),Raining
10494,2026-09-30 06:07:12.411117+00,100,0,15,31.3,64,3,2,Flood Alert (HIGH),Raining
10495,2026-09-30 06:07:18.431454+00,94,0,15,31.3,64,3,2,Flood Alert (HIGH),Raining
10496,2026-09-30 06:07:24.858266+00,100,0,14,31.3,64,3,2,Flood Alert (HIGH),Raining
10497,2026-09-30 06:07:30.958348+00,97,0,15,31.3,64,3,2,Flood Alert (HIGH),Raining
10498,2026-09-30 06:07:36.978848+00,94,0,14,31.3,64,3,2,Flood Alert (HIGH),Raining
10499,2026-09-30 06:07:43.278447+00,98,0,14,31.3,64,3,2,Flood Alert (HIGH),Raining
10500,2026-09-30 06:07:49.61054+00,91,0,14,31.3,64,3,2,Flood Alert (HIGH),Raining
10501,2026-09-30 06:07:55.868339+00,99,0,15,31.3,64,3,2,Flood Alert (HIGH),Raining
10502,2026-09-30 06:08:02.020104+00,91,0,14,31.3,64,3,2,Flood Alert (HIGH),Raining
10503,2026-09-30 06:08:08.182544+00,92,0,13,31.3,64,3,2,Flood Alert (HIGH),Raining
10504,2026-09-30 06:08:14.491923+00,95,0,15,31.3,64,3,2,Flood Alert (HIGH),Raining
10505,2026-09-30 06:08:21.006337+00,92,0,15,31.3,64,3,2,Flood Alert (HIGH),Raining
10506,2026-09-30 06:08:27.050755+00,99,0,14,31.3,64,3,2,Flood Alert (HIGH),Raining
10507,2026-09-30 06:08:33.124975+00,93,0,15,31.3,64,3,2,Flood Alert (HIGH),Raining
10508,2026-09-30 06:08:39.458249+00,93,0,15,31.3,64,3,2,Flood Alert (HIGH),Raining
10509,2026-09-30 06:08:45.97093+00,97,0,14,31.3,64,3,2,Flood Alert (HIGH),Raining
10510,2026-09-30 06:08:52.308818+00,92,0,14,31.3,64,3,2,Flood Alert (HIGH),Raining
10511,2026-09-30 06:08:58.460353+00,93,0,13,31.3,64,3,2,Flood Alert (HIGH),Raining
10512,2026-09-30 06:09:04.928474+00,91,0,14,31.3,64,3,2,Flood Alert (HIGH),Raining
10513,2026-09-30 06:09:11.249945+00,90,0,14,31.3,64,3,2,Flood Alert (HIGH),Raining
10514,2026-09-30 06:09:17.611317+00,91,0,14,31.3,64,3,2,Flood Alert (HIGH),Raining
10515,2026-09-30 06:09:23.632031+00,97,0,14,31.3,64,3,2,Flood Alert (HIGH),Raining
10516,2026-09-30 06:09:29.776707+00,92,0,13,31.3,64,3,2,Flood Alert (HIGH),Raining
10517,2026-09-30 06:09:35.951361+00,97,0,14,31.3,64,3,2,Flood Alert (HIGH),Raining
10518,2026-09-30 06:09:42.342983+00,99,0,14,31.3,64,3,2,Flood Alert (HIGH),Raining
10519,2026-09-30 06:09:48.636346+00,92,0,14,31.3,64,3,2,Flood Alert (HIGH),Raining
10520,2026-09-30 06:09:55.016827+00,93,0,15,31.3,64,3,2,Flood Alert (HIGH),Raining
10521,2026-09-30 06:10:00.945814+00,98,0,12,31.3,64,3,2,Flood Alert (HIGH),Raining
10522,2026-09-30 06:10:07.145601+00,98,0,12,31.3,64,3,2,Flood Alert (HIGH),Raining
10523,2026-09-30 06:10:13.659979+00,100,0,12,31.3,64,3,2,Flood Alert (HIGH),Raining
10524,2026-09-30 06:10:20.40721+00,93,0,12,31.3,64,3,2,Flood Alert (HIGH),Raining
10525,2026-09-30 06:10:26.826125+00,91,0,12,31.3,64,3,2,Flood Alert (HIGH),Raining
10526,2026-09-30 06:10:33.359137+00,98,0,12,31.3,64,3,2,Flood Alert (HIGH),Raining
10527,2026-09-30 06:10:39.530063+00,95,0,11,31.3,64,3,2,Flood Alert (HIGH),Raining
10528,2026-09-30 06:10:46.014189+00,95,0,12,31.3,64,3,2,Flood Alert (HIGH),Raining
10529,2026-09-30 06:10:52.005475+00,91,0,11,31.3,64,3,2,Flood Alert (HIGH),Raining
10530,2026-09-30 06:10:58.464529+00,95,0,12,31.3,64,3,2,Flood Alert (HIGH),Raining
10531,2026-09-30 06:11:04.736418+00,99,0,12,31.3,64,3,2,Flood Alert (HIGH),Raining
10532,2026-09-30 06:11:10.981194+00,100,0,12,31.3,64,3,2,Flood Alert (HIGH),Raining
10533,2026-09-30 06:11:17.171322+00,93,0,11,31.3,64,3,2,Flood Alert (HIGH),Raining
10534,2026-09-30 06:11:23.526186+00,99,0,12,31.3,64,3,2,Flood Alert (HIGH),Raining
10535,2026-09-30 06:11:29.980482+00,100,0,11,31.3,64,3,2,Flood Alert (HIGH),Raining
10536,2026-09-30 06:11:36.154484+00,93,0,13,31.3,64,3,2,Flood Alert (HIGH),Raining
10537,2026-09-30 06:11:42.157238+00,97,0,14,31.3,64,3,2,Flood Alert (HIGH),Raining
10538,2026-09-30 06:11:48.384013+00,100,0,14,31.3,64,3,2,Flood Alert (HIGH),Raining
10539,2026-09-30 06:11:54.264027+00,97,0,14,31.3,64,3,2,Flood Alert (HIGH),Raining
10540,2026-09-30 06:12:00.346878+00,91,0,13,31.3,64,3,2,Flood Alert (HIGH),Raining
10541,2026-09-30 06:12:06.370914+00,91,0,13,31.3,64,3,2,Flood Alert (HIGH),Raining
10542,2026-09-30 06:12:12.218135+00,99,0,14,31.3,64,3,2,Flood Alert (HIGH),Raining
10543,2026-09-30 06:12:18.511324+00,92,0,14,31.3,64,3,2,Flood Alert (HIGH),Raining
10544,2026-09-30 06:12:25.140859+00,98,0,14,31.3,64,3,2,Flood Alert (HIGH),Raining
10545,2026-09-30 06:12:31.900067+00,90,0,13,31.3,64,3,2,Flood Alert (HIGH),Raining
10546,2026-09-30 06:12:38.552079+00,100,0,13,31.3,64,3,2,Flood Alert (HIGH),Raining
10547,2026-09-30 06:12:45.342182+00,89,0,13,31.3,64,3,2,Flood Alert (HIGH),Raining
10548,2026-09-30 06:12:51.594661+00,98,0,15,31.3,64,3,2,Flood Alert (HIGH),Raining
10549,2026-09-30 06:12:58.07323+00,92,0,14,31.3,64,3,2,Flood Alert (HIGH),Raining
10550,2026-09-30 06:13:04.291109+00,100,0,13,31.3,64,3,2,Flood Alert (HIGH),Raining
10551,2026-09-30 06:13:10.668136+00,90,0,15,31.3,64,3,2,Flood Alert (HIGH),Raining
10552,2026-09-30 06:13:16.795434+00,97,0,13,31.3,64,3,2,Flood Alert (HIGH),Raining
10553,2026-09-30 06:13:23.092632+00,94,0,14,31.3,64,3,2,Flood Alert (HIGH),Raining
10554,2026-09-30 06:13:29.128794+00,94,0,14,31.3,64,3,2,Flood Alert (HIGH),Raining
10555,2026-09-30 06:13:35.154064+00,100,0,13,31.3,64,3,2,Flood Alert (HIGH),Raining
10556,2026-09-30 06:13:41.204932+00,97,0,14,31.3,64,3,2,Flood Alert (HIGH),Raining
10557,2026-09-30 06:13:47.355588+00,92,0,14,31.3,64,3,2,Flood Alert (HIGH),Raining
10558,2026-09-30 06:13:53.666178+00,98,0,14,31.3,64,3,2,Flood Alert (HIGH),Raining
10559,2026-09-30 06:14:00.215191+00,97,0,14,31.3,64,3,2,Flood Alert (HIGH),Raining
10560,2026-09-30 06:14:06.472231+00,94,0,14,31.3,64,3,2,Flood Alert (HIGH),Raining
10561,2026-09-30 06:14:12.591184+00,91,0,14,31.3,64,3,2,Flood Alert (HIGH),Raining
10562,2026-09-30 06:14:18.963397+00,89,0,14,31.3,64,3,2,Flood Alert (HIGH),Raining
10563,2026-09-30 06:14:24.940289+00,91,0,14,31.3,64,3,2,Flood Alert (HIGH),Raining
10564,2026-09-30 06:14:31.427135+00,91,0,14,31.3,64,3,2,Flood Alert (HIGH),Raining
10565,2026-09-30 06:14:38.057976+00,99,0,14,31.3,64,3,2,Flood Alert (HIGH),Raining
10566,2026-09-30 06:14:44.423255+00,97,0,14,31.3,64,3,2,Flood Alert (HIGH),Raining
10567,2026-09-30 06:14:50.930462+00,92,0,14,31.3,64,3,2,Flood Alert (HIGH),Raining
10568,2026-09-30 06:14:56.874459+00,96,0,14,31.3,64,3,2,Flood Alert (HIGH),Raining
10569,2026-09-30 06:15:03.106963+00,92,0,14,31.3,64,3,2,Flood Alert (HIGH),Raining
10570,2026-09-30 06:15:09.599505+00,97,0,14,31.3,64,3,2,Flood Alert (HIGH),Raining
10571,2026-09-30 06:15:16.007597+00,100,0,14,31.3,64,3,2,Flood Alert (HIGH),Raining
10572,2026-09-30 06:15:22.418541+00,94,0,13,31.3,64,3,2,Flood Alert (HIGH),Raining
10573,2026-09-30 06:15:28.963623+00,96,0,14,31.3,64,3,2,Flood Alert (HIGH),Raining
10574,2026-09-30 06:15:35.506224+00,100,0,14,31.3,64,3,2,Flood Alert (HIGH),Raining
10575,2026-09-30 06:15:41.928079+00,95,0,14,31.3,64,3,2,Flood Alert (HIGH),Raining
10576,2026-09-30 06:15:48.406133+00,90,0,14,31.3,64,3,2,Flood Alert (HIGH),Raining
10577,2026-09-30 06:15:54.786584+00,97,0,14,31.3,64,3,2,Flood Alert (HIGH),Raining
10578,2026-09-30 06:16:01.337822+00,99,0,14,31.3,64,3,2,Flood Alert (HIGH),Raining
10579,2026-09-30 06:16:07.669354+00,100,0,13,31.3,64,3,2,Flood Alert (HIGH),Raining
10580,2026-09-30 06:16:14.320124+00,99,0,14,31.3,64,3,2,Flood Alert (HIGH),Raining
10581,2026-09-30 06:16:21.123296+00,97,0,14,31.3,64,3,2,Flood Alert (HIGH),Raining
10582,2026-09-30 06:16:27.250904+00,95,0,14,31.3,64,3,2,Flood Alert (HIGH),Raining
10583,2026-09-30 06:16:33.899973+00,100,0,14,31.3,64,3,2,Flood Alert (HIGH),Raining
10584,2026-09-30 06:16:40.380987+00,97,0,14,31.3,64,3,2,Flood Alert (HIGH),Raining
10585,2026-09-30 06:16:46.379722+00,94,0,14,31.3,64,3,2,Flood Alert (HIGH),Raining
10586,2026-09-30 06:16:52.383729+00,91,0,13,31.3,64,3,2,Flood Alert (HIGH),Raining
10587,2026-09-30 06:16:58.498964+00,94,0,14,31.3,64,3,2,Flood Alert (HIGH),Raining
10588,2026-09-30 06:17:04.739117+00,100,0,14,31.3,64,3,2,Flood Alert (HIGH),Raining
10589,2026-09-30 06:17:10.997438+00,93,0,14,31.3,64,3,2,Flood Alert (HIGH),Raining
10590,2026-09-30 06:17:17.300898+00,97,0,14,31.3,64,3,2,Flood Alert (HIGH),Raining
10591,2026-09-30 06:17:23.371368+00,90,0,14,31.3,64,3,2,Flood Alert (HIGH),Raining
10592,2026-09-30 06:17:29.57789+00,94,0,12,31.3,64,3,2,Flood Alert (HIGH),Raining
10593,2026-09-30 06:17:35.618539+00,88,0,13,31.3,64,3,2,Flood Alert (HIGH),Raining
10594,2026-09-30 06:17:41.696052+00,89,0,13,31.3,64,3,2,Flood Alert (HIGH),Raining
10595,2026-09-30 06:17:47.953684+00,95,0,14,31.3,64,3,2,Flood Alert (HIGH),Raining
10596,2026-09-30 06:17:54.250073+00,100,0,14,31.3,64,3,2,Flood Alert (HIGH),Raining
10597,2026-09-30 06:18:00.314958+00,90,0,14,31.3,64,3,2,Flood Alert (HIGH),Raining
10598,2026-09-30 06:18:06.197636+00,100,0,14,31.3,64,3,2,Flood Alert (HIGH),Raining
10599,2026-09-30 06:18:12.318273+00,96,0,14,31.3,64,3,2,Flood Alert (HIGH),Raining
10600,2026-09-30 06:18:18.707154+00,94,0,14,31.3,64,3,2,Flood Alert (HIGH),Raining
10601,2026-09-30 06:18:25.161381+00,96,0,14,31.3,64,3,2,Flood Alert (HIGH),Raining
10602,2026-09-30 06:18:31.620835+00,100,0,14,31.3,64,3,2,Flood Alert (HIGH),Raining
10603,2026-09-30 06:18:37.754217+00,97,0,14,31.3,64,3,2,Flood Alert (HIGH),Raining
10604,2026-09-30 06:18:43.889596+00,91,0,14,31.3,64,3,2,Flood Alert (HIGH),Raining
10605,2026-09-30 06:18:50.19492+00,98,0,13,31.3,64,3,2,Flood Alert (HIGH),Raining
10606,2026-09-30 06:18:56.211656+00,94,0,13,31.3,64,3,2,Flood Alert (HIGH),Raining
10607,2026-09-30 06:19:02.193359+00,95,0,13,31.3,64,3,2,Flood Alert (HIGH),Raining
10608,2026-09-30 06:19:08.613778+00,95,0,14,31.3,64,3,2,Flood Alert (HIGH),Raining
10609,2026-09-30 06:19:14.892999+00,92,0,13,31.3,64,3,2,Flood Alert (HIGH),Raining
10610,2026-09-30 06:19:21.100185+00,94,0,13,31.3,64,3,2,Flood Alert (HIGH),Raining
10611,2026-09-30 06:19:27.128696+00,91,0,14,31.3,64,3,2,Flood Alert (HIGH),Raining
10612,2026-09-30 06:19:33.231491+00,97,0,13,31.3,64,3,2,Flood Alert (HIGH),Raining
10613,2026-09-30 06:19:39.565372+00,91,0,13,31.3,64,3,2,Flood Alert (HIGH),Raining
10614,2026-09-30 06:19:46.013579+00,95,0,13,31.3,64,3,2,Flood Alert (HIGH),Raining
10615,2026-09-30 06:19:52.340219+00,95,0,14,31.3,64,3,2,Flood Alert (HIGH),Raining
10616,2026-09-30 06:19:58.294967+00,100,0,13,31.3,64,3,2,Flood Alert (HIGH),Raining
10617,2026-09-30 06:20:04.975336+00,90,0,14,31.3,64,3,2,Flood Alert (HIGH),Raining
10618,2026-09-30 06:20:11.03463+00,100,0,13,31.3,64,3,2,Flood Alert (HIGH),Raining
10619,2026-09-30 06:20:17.382533+00,90,0,14,31.3,64,3,2,Flood Alert (HIGH),Raining
10620,2026-09-30 06:20:23.766349+00,100,0,13,31.3,64,3,2,Flood Alert (HIGH),Raining
10621,2026-09-30 06:20:29.821864+00,91,0,14,31.3,64,3,2,Flood Alert (HIGH),Raining
10622,2026-09-30 06:20:35.877833+00,98,0,14,31.3,64,3,2,Flood Alert (HIGH),Raining
10623,2026-09-30 06:20:42.231343+00,92,0,13,31.3,64,3,2,Flood Alert (HIGH),Raining
10624,2026-09-30 06:20:48.465962+00,89,0,15,31.3,64,3,2,Flood Alert (HIGH),Raining
10625,2026-09-30 06:20:54.937148+00,98,0,14,31.3,64,3,2,Flood Alert (HIGH),Raining
10626,2026-09-30 06:21:01.41974+00,95,0,14,31.3,64,3,2,Flood Alert (HIGH),Raining
10627,2026-09-30 06:21:07.82832+00,96,0,14,31.3,64,3,2,Flood Alert (HIGH),Raining
10628,2026-09-30 06:21:13.831148+00,95,0,15,31.3,64,3,2,Flood Alert (HIGH),Raining
10629,2026-09-30 06:21:19.890472+00,99,0,14,30.7,66,95,2,Flood Alert (HIGH),Raining
10630,2026-09-30 06:21:26.361383+00,94,0,14,30.7,66,95,2,Flood Alert (HIGH),Raining
10631,2026-09-30 06:21:32.651987+00,99,0,14,30.7,66,95,2,Flood Alert (HIGH),Raining
10632,2026-09-30 06:21:38.763128+00,100,0,13,30.7,66,95,2,Flood Alert (HIGH),Raining
10633,2026-09-30 06:21:45.015163+00,90,0,14,30.7,66,95,2,Flood Alert (HIGH),Raining
10634,2026-09-30 06:21:51.451457+00,94,0,14,30.7,66,95,2,Flood Alert (HIGH),Raining
10635,2026-09-30 06:21:57.788424+00,94,0,13,30.7,66,95,2,Flood Alert (HIGH),Raining
10636,2026-09-30 06:22:03.737468+00,92,0,14,30.7,66,95,2,Flood Alert (HIGH),Raining
10637,2026-09-30 06:22:10.162757+00,94,0,14,30.7,66,95,2,Flood Alert (HIGH),Raining
10638,2026-09-30 06:22:16.243499+00,94,0,13,30.7,66,95,2,Flood Alert (HIGH),Raining
10639,2026-09-30 06:22:22.620425+00,100,0,14,30.7,66,95,2,Flood Alert (HIGH),Raining
10640,2026-09-30 06:22:28.991325+00,97,0,14,30.7,66,95,2,Flood Alert (HIGH),Raining
10641,2026-09-30 06:22:34.918514+00,91,0,14,30.7,66,95,2,Flood Alert (HIGH),Raining
10642,2026-09-30 06:22:40.978957+00,96,0,15,30.7,66,95,2,Flood Alert (HIGH),Raining
10643,2026-09-30 06:22:47.084112+00,91,0,14,30.7,66,95,2,Flood Alert (HIGH),Raining
10644,2026-09-30 06:22:53.376081+00,97,0,15,30.7,66,95,2,Flood Alert (HIGH),Raining
10645,2026-09-30 06:22:59.712133+00,93,0,14,30.7,66,95,2,Flood Alert (HIGH),Raining
10646,2026-09-30 06:23:06.231632+00,100,0,15,30.7,66,95,2,Flood Alert (HIGH),Raining
10647,2026-09-30 06:23:12.387503+00,95,0,15,30.7,66,95,2,Flood Alert (HIGH),Raining
10648,2026-09-30 06:23:18.524777+00,91,0,15,30.7,66,95,2,Flood Alert (HIGH),Raining
10649,2026-09-30 06:23:24.672032+00,94,0,14,30.7,66,95,2,Flood Alert (HIGH),Raining
10650,2026-09-30 06:23:30.795461+00,93,0,14,30.7,66,95,2,Flood Alert (HIGH),Raining
10651,2026-09-30 06:23:37.117531+00,94,0,14,30.7,66,95,2,Flood Alert (HIGH),Raining
10652,2026-09-30 06:23:43.607615+00,93,0,15,30.7,66,95,2,Flood Alert (HIGH),Raining
10653,2026-09-30 06:23:49.585296+00,91,0,14,30.7,66,95,2,Flood Alert (HIGH),Raining
10654,2026-09-30 06:23:55.757675+00,91,0,14,30.7,66,95,2,Flood Alert (HIGH),Raining
10655,2026-09-30 06:24:02.019964+00,96,0,14,30.7,66,95,2,Flood Alert (HIGH),Raining
10656,2026-09-30 06:24:08.382415+00,90,0,14,30.7,66,95,2,Flood Alert (HIGH),Raining
10657,2026-09-30 06:24:14.81315+00,92,0,14,30.7,66,95,2,Flood Alert (HIGH),Raining
10658,2026-09-30 06:24:21.313055+00,100,0,14,30.7,66,95,2,Flood Alert (HIGH),Raining
10659,2026-09-30 06:24:27.771067+00,100,0,14,30.7,66,95,2,Flood Alert (HIGH),Raining
10660,2026-09-30 06:24:34.080125+00,96,0,13,30.7,66,95,2,Flood Alert (HIGH),Raining
10661,2026-09-30 06:24:40.335844+00,95,0,15,30.7,66,95,2,Flood Alert (HIGH),Raining
10662,2026-09-30 06:24:46.565906+00,97,0,15,30.7,66,95,2,Flood Alert (HIGH),Raining
10663,2026-09-30 06:24:53.01914+00,100,0,16,30.7,66,95,2,Flood Alert (HIGH),Raining
10664,2026-09-30 06:24:59.641047+00,95,0,15,30.7,66,95,2,Flood Alert (HIGH),Raining
10665,2026-09-30 06:25:05.953342+00,100,0,15,30.7,66,95,2,Flood Alert (HIGH),Raining
10666,2026-09-30 06:25:12.135521+00,90,0,15,30.7,66,95,2,Flood Alert (HIGH),Raining
10667,2026-09-30 06:25:18.349801+00,98,0,15,30.7,66,95,2,Flood Alert (HIGH),Raining
10668,2026-09-30 06:25:24.458979+00,90,0,15,30.7,66,95,2,Flood Alert (HIGH),Raining
10669,2026-09-30 06:25:30.827509+00,90,0,15,30.7,66,95,2,Flood Alert (HIGH),Raining
10670,2026-09-30 06:25:38.068599+00,92,0,15,30.7,66,95,2,Flood Alert (HIGH),Raining
10671,2026-09-30 06:25:44.234814+00,100,0,15,30.7,66,95,2,Flood Alert (HIGH),Raining
10672,2026-09-30 06:25:50.529231+00,94,0,15,30.7,66,95,2,Flood Alert (HIGH),Raining
10673,2026-09-30 06:25:56.57825+00,91,0,16,30.7,66,95,2,Flood Alert (HIGH),Raining
10674,2026-09-30 06:26:02.660947+00,96,0,16,30.7,66,95,2,Flood Alert (HIGH),Raining
10675,2026-09-30 06:26:08.905853+00,97,0,16,30.7,66,95,2,Flood Alert (HIGH),Raining
10676,2026-09-30 06:26:15.181722+00,98,0,16,30.7,66,95,2,Flood Alert (HIGH),Raining
10677,2026-09-30 06:26:21.208425+00,90,0,15,30.7,66,95,2,Flood Alert (HIGH),Raining
10678,2026-09-30 06:26:27.4883+00,89,0,15,30.7,66,95,2,Flood Alert (HIGH),Raining
10679,2026-09-30 06:26:33.565435+00,90,0,15,30.7,66,95,2,Flood Alert (HIGH),Raining
10680,2026-09-30 06:26:39.509535+00,91,0,15,30.7,66,95,2,Flood Alert (HIGH),Raining
10681,2026-09-30 06:26:46.14534+00,92,0,14,30.7,66,95,2,Flood Alert (HIGH),Raining
10682,2026-09-30 06:26:52.42525+00,93,0,15,30.7,66,95,2,Flood Alert (HIGH),Raining
10683,2026-09-30 06:26:58.628287+00,98,0,16,30.7,66,95,2,Flood Alert (HIGH),Raining
10684,2026-09-30 06:27:04.608867+00,93,0,15,30.7,66,95,2,Flood Alert (HIGH),Raining
10685,2026-09-30 06:27:11.040205+00,100,0,15,30.7,66,95,2,Flood Alert (HIGH),Raining
10686,2026-09-30 06:27:17.186777+00,100,0,15,30.7,66,95,2,Flood Alert (HIGH),Raining
10687,2026-09-30 06:27:23.161862+00,93,0,15,30.7,66,95,2,Flood Alert (HIGH),Raining
10688,2026-09-30 06:27:29.639861+00,96,0,15,30.7,66,95,2,Flood Alert (HIGH),Raining
10689,2026-09-30 06:27:35.73941+00,91,0,16,30.7,66,95,2,Flood Alert (HIGH),Raining
10690,2026-09-30 06:27:42.039882+00,89,0,15,30.7,66,95,2,Flood Alert (HIGH),Raining
10691,2026-09-30 06:27:48.090508+00,98,0,15,30.7,66,95,2,Flood Alert (HIGH),Raining
10692,2026-09-30 06:27:54.685542+00,95,0,15,30.7,66,95,2,Flood Alert (HIGH),Raining
10693,2026-09-30 06:28:01.236718+00,99,0,15,30.7,66,95,2,Flood Alert (HIGH),Raining
10694,2026-09-30 06:28:07.60489+00,100,0,15,30.7,66,95,2,Flood Alert (HIGH),Raining
10695,2026-09-30 06:28:13.770381+00,90,0,15,30.7,66,95,2,Flood Alert (HIGH),Raining
10696,2026-09-30 06:28:19.761322+00,93,0,15,30.7,66,95,2,Flood Alert (HIGH),Raining
10697,2026-09-30 06:28:26.225324+00,97,0,15,30.7,66,95,2,Flood Alert (HIGH),Raining
10698,2026-09-30 06:28:32.783428+00,93,0,15,30.7,66,95,2,Flood Alert (HIGH),Raining
10699,2026-09-30 06:28:38.780659+00,94,0,15,30.7,66,95,2,Flood Alert (HIGH),Raining
10700,2026-09-30 06:28:44.913168+00,91,0,16,30.7,66,95,2,Flood Alert (HIGH),Raining
10701,2026-09-30 06:28:51.014361+00,88,0,15,30.7,66,95,2,Flood Alert (HIGH),Raining
10702,2026-09-30 06:28:57.341577+00,93,0,15,30.7,66,95,2,Flood Alert (HIGH),Raining
10703,2026-09-30 06:29:03.617823+00,100,0,15,30.7,66,95,2,Flood Alert (HIGH),Raining
10704,2026-09-30 06:29:09.466105+00,99,0,15,30.7,66,95,2,Flood Alert (HIGH),Raining
10705,2026-09-30 06:29:15.575899+00,97,0,16,30.7,66,95,2,Flood Alert (HIGH),Raining
10706,2026-09-30 06:29:22.393979+00,96,0,15,30.7,66,95,2,Flood Alert (HIGH),Raining
10707,2026-09-30 06:29:28.785891+00,90,0,15,30.7,66,95,2,Flood Alert (HIGH),Raining
10708,2026-09-30 06:29:35.077883+00,90,0,15,30.7,66,95,2,Flood Alert (HIGH),Raining
10709,2026-09-30 06:29:41.445977+00,100,0,15,30.7,66,95,2,Flood Alert (HIGH),Raining
10710,2026-09-30 06:29:47.448001+00,96,0,14,30.7,66,95,2,Flood Alert (HIGH),Raining
10711,2026-09-30 06:29:53.895221+00,89,0,15,30.7,66,95,2,Flood Alert (HIGH),Raining
10712,2026-09-30 06:30:00.062511+00,94,0,15,30.7,66,95,2,Flood Alert (HIGH),Raining
10713,2026-09-30 06:30:06.214886+00,100,0,15,30.7,66,95,2,Flood Alert (HIGH),Raining
10714,2026-09-30 06:30:12.319005+00,93,0,16,30.7,66,95,2,Flood Alert (HIGH),Raining
10715,2026-09-30 06:30:18.541089+00,94,0,16,30.7,66,95,2,Flood Alert (HIGH),Raining
10716,2026-09-30 06:30:24.422913+00,98,0,15,30.7,66,95,2,Flood Alert (HIGH),Raining
10717,2026-09-30 06:30:30.592075+00,93,0,15,30.7,66,95,2,Flood Alert (HIGH),Raining
10718,2026-09-30 06:30:36.771467+00,91,0,16,30.7,66,95,2,Flood Alert (HIGH),Raining
10719,2026-09-30 06:30:42.961456+00,97,0,15,30.7,66,95,2,Flood Alert (HIGH),Raining
10720,2026-09-30 06:30:49.116514+00,100,0,15,30.7,66,95,2,Flood Alert (HIGH),Raining
10721,2026-09-30 06:30:55.387766+00,95,0,15,30.7,66,95,2,Flood Alert (HIGH),Raining
10722,2026-09-30 06:31:01.330688+00,100,0,15,30.7,66,95,2,Flood Alert (HIGH),Raining
10723,2026-09-30 06:31:07.379035+00,90,0,15,30.7,66,95,2,Flood Alert (HIGH),Raining
10724,2026-09-30 06:31:13.739155+00,100,0,15,30.7,66,95,2,Flood Alert (HIGH),Raining
10725,2026-09-30 06:31:23.666702+00,89,0,15,30,69,95,2,Flood Alert (HIGH),Raining
10726,2026-09-30 06:31:29.944188+00,100,0,15,30,69,95,2,Flood Alert (HIGH),Raining
10727,2026-09-30 06:31:36.169528+00,100,0,16,30,69,95,2,Flood Alert (HIGH),Raining
10728,2026-09-30 06:31:42.531296+00,97,0,15,30,69,95,2,Flood Alert (HIGH),Raining
10729,2026-09-30 06:31:48.912099+00,100,0,16,30,69,95,2,Flood Alert (HIGH),Raining
10730,2026-09-30 06:31:55.017388+00,89,0,15,30,69,95,2,Flood Alert (HIGH),Raining
10731,2026-09-30 06:32:01.379121+00,97,0,16,30,69,95,2,Flood Alert (HIGH),Raining
10732,2026-09-30 06:32:07.683917+00,100,0,16,30,69,95,2,Flood Alert (HIGH),Raining
10733,2026-09-30 06:32:14.177602+00,99,0,16,30,69,95,2,Flood Alert (HIGH),Raining
10734,2026-09-30 06:32:20.44566+00,100,0,14,30,69,95,2,Flood Alert (HIGH),Raining
10735,2026-09-30 06:32:26.640483+00,100,0,15,30,69,95,2,Flood Alert (HIGH),Raining
10736,2026-09-30 06:32:32.767416+00,90,0,14,30,69,95,2,Flood Alert (HIGH),Raining
10737,2026-09-30 06:32:39.211627+00,93,0,14,30,69,95,2,Flood Alert (HIGH),Raining
10738,2026-09-30 06:32:45.238204+00,98,0,14,30,69,95,2,Flood Alert (HIGH),Raining
10739,2026-09-30 06:32:51.343625+00,93,0,15,30,69,95,2,Flood Alert (HIGH),Raining
10740,2026-09-30 06:32:57.65239+00,100,0,14,30,69,95,2,Flood Alert (HIGH),Raining
10741,2026-09-30 06:33:03.83389+00,92,0,14,30,69,95,2,Flood Alert (HIGH),Raining
10742,2026-09-30 06:33:10.21024+00,94,0,15,30,69,95,2,Flood Alert (HIGH),Raining
10743,2026-09-30 06:33:16.340928+00,92,0,14,30,69,95,2,Flood Alert (HIGH),Raining
10744,2026-09-30 06:33:22.633347+00,94,0,15,30,69,95,2,Flood Alert (HIGH),Raining
10745,2026-09-30 06:33:28.997972+00,89,0,15,30,69,95,2,Flood Alert (HIGH),Raining
10746,2026-09-30 06:33:35.819147+00,90,0,14,30,69,95,2,Flood Alert (HIGH),Raining
10747,2026-09-30 06:33:41.815337+00,92,0,15,30,69,95,2,Flood Alert (HIGH),Raining
10748,2026-09-30 06:33:48.099631+00,100,0,14,30,69,95,2,Flood Alert (HIGH),Raining
10749,2026-09-30 06:33:54.210982+00,98,0,14,30,69,95,2,Flood Alert (HIGH),Raining
10750,2026-09-30 06:34:00.241331+00,92,0,15,30,69,95,2,Flood Alert (HIGH),Raining
10751,2026-09-30 06:34:06.575377+00,97,0,14,30,69,95,2,Flood Alert (HIGH),Raining
10752,2026-09-30 06:34:12.948189+00,89,0,14,30,69,95,2,Flood Alert (HIGH),Raining
10753,2026-09-30 06:34:19.074296+00,94,0,14,30,69,95,2,Flood Alert (HIGH),Raining
10754,2026-09-30 06:34:24.958857+00,100,0,14,30,69,95,2,Flood Alert (HIGH),Raining
10755,2026-09-30 06:34:30.982415+00,98,0,15,30,69,95,2,Flood Alert (HIGH),Raining
10756,2026-09-30 06:34:37.185741+00,94,0,15,30,69,95,2,Flood Alert (HIGH),Raining
10757,2026-09-30 06:34:43.067371+00,92,0,15,30,69,95,2,Flood Alert (HIGH),Raining
10758,2026-09-30 06:34:49.183989+00,98,0,14,30,69,95,2,Flood Alert (HIGH),Raining
10759,2026-09-30 06:34:55.564473+00,97,0,14,30,69,95,2,Flood Alert (HIGH),Raining
10760,2026-09-30 06:35:01.725845+00,94,0,14,30,69,95,2,Flood Alert (HIGH),Raining
10761,2026-09-30 06:35:07.815464+00,90,0,15,30,69,95,2,Flood Alert (HIGH),Raining
10762,2026-09-30 06:35:14.192774+00,94,0,15,30,69,95,2,Flood Alert (HIGH),Raining
10763,2026-09-30 06:35:20.384133+00,90,0,15,30,69,95,2,Flood Alert (HIGH),Raining
10764,2026-09-30 06:35:26.607543+00,95,0,14,30,69,95,2,Flood Alert (HIGH),Raining
10765,2026-09-30 06:35:33.235088+00,97,0,14,30,69,95,2,Flood Alert (HIGH),Raining
10766,2026-09-30 06:35:39.442351+00,98,0,10,30,69,95,2,Flood Alert (HIGH),Raining
10767,2026-09-30 06:35:45.594291+00,94,0,10,30,69,95,2,Flood Alert (HIGH),Raining
10768,2026-09-30 06:35:51.90835+00,96,0,10,30,69,95,2,Flood Alert (HIGH),Raining
10769,2026-09-30 06:35:58.222617+00,99,0,12,30,69,95,2,Flood Alert (HIGH),Raining
10770,2026-09-30 06:36:04.375717+00,100,0,11,30,69,95,2,Flood Alert (HIGH),Raining
10771,2026-09-30 06:36:10.577206+00,88,0,11,30,69,95,2,Flood Alert (HIGH),Raining
10772,2026-09-30 06:36:16.707184+00,99,0,12,30,69,95,2,Flood Alert (HIGH),Raining
10773,2026-09-30 06:36:22.699739+00,98,0,12,30,69,95,2,Flood Alert (HIGH),Raining
10774,2026-09-30 06:36:29.010332+00,94,0,11,30,69,95,2,Flood Alert (HIGH),Raining
10775,2026-09-30 06:36:35.080579+00,97,0,12,30,69,95,2,Flood Alert (HIGH),Raining
10776,2026-09-30 06:36:41.219007+00,90,0,12,30,69,95,2,Flood Alert (HIGH),Raining
10777,2026-09-30 06:36:47.576207+00,92,0,11,30,69,95,2,Flood Alert (HIGH),Raining
10778,2026-09-30 06:36:53.894047+00,95,0,12,30,69,95,2,Flood Alert (HIGH),Raining
10779,2026-09-30 06:37:00.347807+00,92,0,12,30,69,95,2,Flood Alert (HIGH),Raining
10780,2026-09-30 06:37:06.787481+00,95,0,12,30,69,95,2,Flood Alert (HIGH),Raining
10781,2026-09-30 06:37:12.908005+00,95,0,14,30,69,95,2,Flood Alert (HIGH),Raining
10782,2026-09-30 06:37:18.974527+00,100,0,13,30,69,95,2,Flood Alert (HIGH),Raining
10783,2026-09-30 06:37:25.695491+00,99,0,13,30,69,95,2,Flood Alert (HIGH),Raining
10784,2026-09-30 06:37:31.762689+00,99,0,13,30,69,95,2,Flood Alert (HIGH),Raining
10785,2026-09-30 06:37:37.730345+00,92,0,14,30,69,95,2,Flood Alert (HIGH),Raining
10786,2026-09-30 06:37:44.105692+00,95,0,14,30,69,95,2,Flood Alert (HIGH),Raining
10787,2026-09-30 06:37:50.063609+00,98,0,13,30,69,95,2,Flood Alert (HIGH),Raining
10788,2026-09-30 06:37:56.192922+00,91,0,14,30,69,95,2,Flood Alert (HIGH),Raining
10789,2026-09-30 06:38:02.438493+00,97,0,14,30,69,95,2,Flood Alert (HIGH),Raining
10790,2026-09-30 06:38:08.571524+00,94,0,14,30,69,95,2,Flood Alert (HIGH),Raining
10791,2026-09-30 06:38:14.945544+00,97,0,13,30,69,95,2,Flood Alert (HIGH),Raining
10792,2026-09-30 06:38:21.218771+00,93,0,14,30,69,95,2,Flood Alert (HIGH),Raining
10793,2026-09-30 06:38:27.198498+00,96,0,14,30,69,95,2,Flood Alert (HIGH),Raining
10794,2026-09-30 06:38:33.412233+00,92,0,14,30,69,95,2,Flood Alert (HIGH),Raining
10795,2026-09-30 06:38:39.358083+00,91,0,14,30,69,95,2,Flood Alert (HIGH),Raining
10796,2026-09-30 06:38:45.463335+00,93,0,14,30,69,95,2,Flood Alert (HIGH),Raining
10797,2026-09-30 06:38:51.644687+00,95,0,14,30,69,95,2,Flood Alert (HIGH),Raining
10798,2026-09-30 06:38:57.717917+00,94,0,15,30,69,95,2,Flood Alert (HIGH),Raining
10799,2026-09-30 06:39:03.920019+00,91,0,14,30,69,95,2,Flood Alert (HIGH),Raining
10800,2026-09-30 06:39:10.131892+00,92,0,14,30,69,95,2,Flood Alert (HIGH),Raining
10801,2026-09-30 06:39:16.075742+00,95,0,14,30,69,95,2,Alert (HIGH),Raining
10802,2026-09-30 06:39:22.404912+00,95,0,14,30,69,95,2,Alert (HIGH),Raining
10803,2026-09-30 06:39:28.598261+00,93,0,14,30,69,95,2,Alert (HIGH),Raining
10804,2026-09-30 06:39:35.170798+00,92,0,14,30,69,95,2,Flood Alert (HIGH),Raining
10805,2026-09-30 06:39:41.608046+00,98,0,15,30,69,95,2,Flood Alert (HIGH),Raining
10806,2026-09-30 06:39:48.108649+00,92,0,14,30,69,95,2,Flood Alert (HIGH),Raining
10807,2026-09-30 06:39:54.480031+00,99,0,14,30,69,95,2,Flood Alert (HIGH),Raining
10808,2026-09-30 06:40:00.553677+00,89,0,15,30,69,95,2,Flood Alert (HIGH),Raining
10809,2026-09-30 06:40:06.709899+00,92,0,15,30,69,95,2,Flood Alert (HIGH),Raining
10810,2026-09-30 06:40:13.226004+00,99,0,15,30,69,95,2,Flood Alert (HIGH),Raining
10811,2026-09-30 06:40:19.370867+00,93,0,15,30,69,95,2,Alert (HIGH),Raining
10812,2026-09-30 06:40:25.556676+00,91,0,15,30,69,95,2,Alert (HIGH),Raining
10813,2026-09-30 06:40:31.974477+00,90,0,14,30,69,95,2,Flood Alert (HIGH),Raining
10814,2026-09-30 06:40:38.052599+00,95,0,12,30,69,95,2,Flood Alert (HIGH),Raining
10815,2026-09-30 06:40:44.801392+00,99,0,12,30,69,95,2,Flood Alert (HIGH),Raining
10816,2026-09-30 06:40:51.186385+00,100,0,13,30,69,95,2,Flood Alert (HIGH),Raining
10817,2026-09-30 06:40:57.628205+00,92,0,13,30,69,95,2,Flood Alert (HIGH),Raining
10818,2026-09-30 06:41:03.896269+00,92,0,14,30,69,95,2,Alert (HIGH),Raining
10819,2026-09-30 06:41:10.059278+00,95,0,14,30,69,95,2,Alert (HIGH),Raining
10820,2026-09-30 06:41:16.322821+00,96,0,15,30,69,95,2,Alert (HIGH),Raining
10821,2026-09-30 06:41:25.811999+00,95,0,15,30,69,95,2,Flood Alert (HIGH),Raining
10822,2026-09-30 06:41:31.774148+00,91,0,15,30,69,95,2,Alert (HIGH),Raining
10823,2026-09-30 06:41:38.150475+00,92,0,11,30,69,95,2,Flood Alert (HIGH),Raining
10824,2026-09-30 06:41:44.146261+00,98,0,10,30,69,95,2,Flood Alert (HIGH),Raining
10825,2026-09-30 06:41:50.252483+00,99,0,16,30,69,95,2,Alert (HIGH),Raining
10826,2026-09-30 06:41:56.879754+00,92,0,14,30,69,95,2,Alert (HIGH),Raining
10827,2026-09-30 06:42:02.87912+00,99,0,16,30,69,95,2,Flood Alert (HIGH),Raining
10828,2026-09-30 06:42:09.008317+00,95,0,16,30,69,95,2,Flood Alert (HIGH),Raining
10829,2026-09-30 06:42:15.211746+00,98,0,15,30,69,95,2,Alert (HIGH),Raining
10830,2026-09-30 06:42:21.190126+00,91,0,15,30,69,95,2,Flood Alert (HIGH),Raining
10831,2026-09-30 06:42:27.43011+00,96,0,15,30,69,95,2,Flood Alert (HIGH),Raining
10832,2026-09-30 06:42:33.651981+00,95,0,16,30,69,95,2,Flood Alert (HIGH),Raining
10833,2026-09-30 06:42:39.883066+00,98,0,14,30,69,95,2,Alert (HIGH),Raining
10834,2026-09-30 06:42:46.475221+00,97,0,15,30,69,95,2,Alert (HIGH),Raining
10835,2026-09-30 06:42:52.799882+00,97,0,18,30,69,95,2,Alert (HIGH),Raining
10836,2026-09-30 06:42:58.867596+00,96,0,18,30,69,95,2,Alert (HIGH),Raining
10837,2026-09-30 06:43:05.024997+00,97,0,17,30,69,95,2,Alert (HIGH),Raining
10838,2026-09-30 06:43:11.373829+00,100,0,16,30,69,95,2,Flood Alert (HIGH),Raining
10839,2026-09-30 06:43:17.578047+00,97,0,16,30,69,95,2,Flood Alert (HIGH),Raining
10840,2026-09-30 06:43:23.63231+00,98,0,16,30,69,95,2,Alert (HIGH),Raining
10841,2026-09-30 06:43:29.969299+00,94,0,16,30,69,95,2,Flood Alert (HIGH),Raining
10842,2026-09-30 06:43:36.269172+00,96,0,17,30,69,95,2,Flood Alert (HIGH),Raining
10843,2026-09-30 06:43:42.638632+00,92,0,16,30,69,95,2,Flood Alert (HIGH),Raining
10844,2026-09-30 06:43:49.045739+00,92,0,17,30,69,95,2,Flood Alert (HIGH),Raining
10845,2026-09-30 06:43:55.551531+00,96,0,17,30,69,95,2,Alert (HIGH),Raining
10846,2026-09-30 06:44:01.815015+00,93,0,17,30,69,95,2,Flood Alert (HIGH),Raining
10847,2026-09-30 06:44:07.895009+00,95,0,16,30,69,95,2,Flood Alert (HIGH),Raining
10848,2026-09-30 06:44:14.600423+00,96,0,17,30,69,95,2,Alert (HIGH),Raining
10849,2026-09-30 06:44:20.557501+00,96,0,15,30,69,95,2,Flood Alert (HIGH),Raining
10850,2026-09-30 06:44:26.534254+00,100,0,17,30,69,95,2,Alert (HIGH),Raining
10851,2026-09-30 06:44:32.67494+00,92,0,18,30,69,95,2,Alert (HIGH),Raining
10852,2026-09-30 06:44:38.897232+00,92,0,17,30,69,95,2,Flood Alert (HIGH),Raining
10853,2026-09-30 06:44:45.165035+00,94,0,17,30,69,95,2,Alert (HIGH),Raining
10854,2026-09-30 06:44:51.31291+00,97,0,17,30,69,95,2,Alert (HIGH),Raining
10855,2026-09-30 06:44:57.515241+00,97,0,17,30,69,95,2,Flood Alert (HIGH),Raining
10856,2026-09-30 06:45:03.523998+00,92,0,18,30,69,95,2,Flood Alert (HIGH),Raining
10857,2026-09-30 06:45:09.503404+00,93,0,18,30,69,95,2,Flood Alert (HIGH),Raining
10858,2026-09-30 06:45:15.662687+00,92,0,17,30,69,95,2,Flood Alert (HIGH),Raining
10859,2026-09-30 06:45:21.72725+00,97,0,17,30,69,95,2,Flood Alert (HIGH),Raining
10860,2026-09-30 06:45:27.961509+00,92,0,17,30,69,95,2,Alert (HIGH),Raining
10861,2026-09-30 06:45:34.372619+00,96,0,18,30,69,95,2,Flood Alert (HIGH),Raining
10862,2026-09-30 06:45:40.556428+00,96,0,16,30,69,95,2,Alert (HIGH),Raining
10863,2026-09-30 06:45:47.083626+00,94,0,17,30,69,95,2,Flood Alert (HIGH),Raining
10864,2026-09-30 06:45:53.171892+00,98,0,17,30,69,95,2,Flood Alert (HIGH),Raining
10865,2026-09-30 06:45:59.470606+00,95,0,17,30,69,95,2,Flood Alert (HIGH),Raining
10866,2026-09-30 06:46:05.901311+00,94,0,18,30,69,95,2,Alert (HIGH),Raining
10867,2026-09-30 06:46:12.274981+00,94,0,18,30,69,95,2,Flood Alert (HIGH),Raining
10868,2026-09-30 06:46:18.319919+00,97,0,17,30,69,95,2,Flood Alert (HIGH),Raining
10869,2026-09-30 06:46:24.282434+00,93,0,17,30,69,95,2,Flood Alert (HIGH),Raining
10870,2026-09-30 06:46:30.492898+00,92,0,17,30,69,95,2,Flood Alert (HIGH),Raining
10871,2026-09-30 06:46:36.58711+00,98,0,18,30,69,95,2,Flood Alert (HIGH),Raining
10872,2026-09-30 06:46:42.839084+00,94,0,17,30,69,95,2,Alert (HIGH),Raining
10873,2026-09-30 06:46:49.47237+00,91,0,17,30,69,95,2,Flood Alert (HIGH),Raining
10874,2026-09-30 06:46:55.931452+00,99,0,17,30,69,95,2,Flood Alert (HIGH),Raining
10875,2026-09-30 06:47:02.146135+00,97,0,18,30,69,95,2,Flood Alert (HIGH),Raining
10876,2026-09-30 06:47:08.567479+00,93,0,17,30,69,95,2,Flood Alert (HIGH),Raining
10877,2026-09-30 06:47:14.841336+00,93,0,17,30,69,95,2,Flood Alert (HIGH),Raining
10878,2026-09-30 06:47:20.728845+00,98,0,17,30,69,95,2,Flood Alert (HIGH),Raining
10879,2026-09-30 06:47:26.7563+00,95,0,18,30,69,95,2,Flood Alert (HIGH),Raining
10880,2026-09-30 06:47:32.855131+00,92,0,18,30,69,95,2,Alert (HIGH),Raining
10881,2026-09-30 06:47:38.870972+00,92,0,17,30,69,95,2,Flood Alert (HIGH),Raining
10882,2026-09-30 06:47:44.974274+00,94,0,18,30,69,95,2,Alert (HIGH),Raining
10883,2026-09-30 06:47:51.395355+00,100,0,17,30,69,95,2,Flood Alert (HIGH),Raining
10884,2026-09-30 06:47:57.976832+00,95,0,17,30,69,95,2,Flood Alert (HIGH),Raining
10885,2026-09-30 06:48:04.308693+00,93,0,17,30,69,95,2,Alert (HIGH),Raining
10886,2026-09-30 06:48:10.330529+00,99,0,18,30,69,95,2,Flood Alert (HIGH),Raining
10887,2026-09-30 06:48:16.769974+00,98,0,18,30,69,95,2,Flood Alert (HIGH),Raining
10888,2026-09-30 06:48:22.704389+00,93,0,17,30,69,95,2,Flood Alert (HIGH),Raining
10889,2026-09-30 06:48:29.181486+00,98,0,17,30,69,95,2,Flood Alert (HIGH),Raining
10890,2026-09-30 06:48:35.189355+00,98,0,17,30,69,95,2,Flood Alert (HIGH),Raining
10891,2026-09-30 06:48:41.27969+00,95,0,17,30,69,95,2,Alert (HIGH),Raining
10892,2026-09-30 06:48:47.608617+00,97,0,18,30,69,95,2,Alert (HIGH),Raining
10893,2026-09-30 06:48:54.022899+00,95,0,18,30,69,95,2,Flood Alert (HIGH),Raining
10894,2026-09-30 06:49:00.305621+00,98,0,17,30,69,95,2,Flood Alert (HIGH),Raining
10895,2026-09-30 06:49:06.291042+00,93,0,18,30,69,95,2,Flood Alert (HIGH),Raining
10896,2026-09-30 06:49:12.789318+00,94,0,17,30,69,95,2,Flood Alert (HIGH),Raining
10897,2026-09-30 06:49:19.260233+00,99,0,17,30,69,95,2,Flood Alert (HIGH),Raining
10898,2026-09-30 06:49:25.41262+00,99,0,18,30,69,95,2,Flood Alert (HIGH),Raining
10899,2026-09-30 06:49:31.513096+00,95,0,18,30,69,95,2,Flood Alert (HIGH),Raining
10900,2026-09-30 06:49:37.881047+00,96,0,18,30,69,95,2,Flood Alert (HIGH),Raining
10901,2026-09-30 06:49:43.870457+00,93,0,18,30,69,95,2,Flood Alert (HIGH),Raining
10902,2026-09-30 06:49:50.477453+00,97,0,18,30,69,95,2,Flood Alert (HIGH),Raining
10903,2026-09-30 06:49:56.734418+00,97,0,17,30,69,95,2,Flood Alert (HIGH),Raining
10904,2026-09-30 06:50:02.825732+00,94,0,17,30,69,95,2,Flood Alert (HIGH),Raining
10905,2026-09-30 06:50:09.161978+00,99,0,17,30,69,95,2,Flood Alert (HIGH),Raining
10906,2026-09-30 06:50:15.58832+00,93,0,18,30,69,95,2,Flood Alert (HIGH),Raining
10907,2026-09-30 06:50:22.070272+00,98,0,18,30,69,95,2,Flood Alert (HIGH),Raining
10908,2026-09-30 06:50:28.396018+00,95,0,18,30,69,95,2,Flood Alert (HIGH),Raining
10909,2026-09-30 06:50:34.751743+00,96,0,17,30,69,95,2,Flood Alert (HIGH),Raining
10910,2026-09-30 06:50:41.064493+00,96,0,17,30,69,95,2,Alert (HIGH),Raining
10911,2026-09-30 06:50:47.278625+00,92,0,17,30,69,95,2,Flood Alert (HIGH),Raining
10912,2026-09-30 06:50:53.689835+00,97,0,18,30,69,95,2,Flood Alert (HIGH),Raining
10913,2026-09-30 06:51:00.077814+00,97,0,18,30,69,95,2,Flood Alert (HIGH),Raining
10914,2026-09-30 06:51:06.324702+00,95,0,17,30,69,95,2,Flood Alert (HIGH),Raining
10915,2026-09-30 06:51:12.705307+00,98,0,17,30,69,95,2,Flood Alert (HIGH),Raining
10916,2026-09-30 06:51:18.765546+00,99,0,17,30,69,95,2,Flood Alert (HIGH),Raining
10917,2026-09-30 06:51:24.972613+00,98,0,17,30,69,95,2,Alert (HIGH),Raining
10918,2026-09-30 06:51:31.145088+00,96,0,17,29.5,71,95,2,Flood Alert (HIGH),Raining
10919,2026-09-30 06:51:37.496453+00,94,0,17,29.5,71,95,2,Flood Alert (HIGH),Raining
10920,2026-09-30 06:51:43.396966+00,92,0,17,29.5,71,95,2,Alert (HIGH),Raining
10921,2026-09-30 06:51:49.569372+00,95,0,18,29.5,71,95,2,Flood Alert (HIGH),Raining
10922,2026-09-30 06:51:55.819935+00,97,0,17,29.5,71,95,2,Flood Alert (HIGH),Raining
10923,2026-09-30 06:52:01.764875+00,93,0,18,29.5,71,95,2,Flood Alert (HIGH),Raining
10924,2026-09-30 06:52:07.899928+00,94,0,17,29.5,71,95,2,Flood Alert (HIGH),Raining
10925,2026-09-30 06:52:14.161026+00,94,0,17,29.5,71,95,2,Flood Alert (HIGH),Raining
10926,2026-09-30 06:52:20.259433+00,95,0,18,29.5,71,95,2,Flood Alert (HIGH),Raining
10927,2026-09-30 06:52:26.592813+00,99,0,17,29.5,71,95,2,Flood Alert (HIGH),Raining
10928,2026-09-30 06:52:32.693706+00,94,0,18,29.5,71,95,2,Flood Alert (HIGH),Raining
10929,2026-09-30 06:52:38.569722+00,95,0,17,29.5,71,95,2,Flood Alert (HIGH),Raining
10930,2026-09-30 06:52:44.652911+00,97,0,17,29.5,71,95,2,Flood Alert (HIGH),Raining
10931,2026-09-30 06:52:50.700071+00,97,0,17,29.5,71,95,2,Flood Alert (HIGH),Raining
10932,2026-09-30 06:52:56.790686+00,94,0,17,29.5,71,95,2,Flood Alert (HIGH),Raining
10933,2026-09-30 06:53:03.405134+00,97,0,17,29.5,71,95,2,Flood Alert (HIGH),Raining
10934,2026-09-30 06:53:09.660841+00,95,0,17,29.5,71,95,2,Alert (HIGH),Raining
10935,2026-09-30 06:53:16.349179+00,96,0,18,29.5,71,95,2,Flood Alert (HIGH),Raining
10936,2026-09-30 06:53:22.865349+00,100,0,17,29.5,71,95,2,Flood Alert (HIGH),Raining
10937,2026-09-30 06:53:29.062344+00,96,0,18,29.5,71,95,2,Flood Alert (HIGH),Raining
10938,2026-09-30 06:53:35.093829+00,96,0,17,29.5,71,95,2,Flood Alert (HIGH),Raining
10939,2026-09-30 06:53:41.492933+00,95,0,17,29.5,71,95,2,Flood Alert (HIGH),Raining
10940,2026-09-30 06:53:47.702516+00,99,0,17,29.5,71,95,2,Flood Alert (HIGH),Raining
10941,2026-09-30 06:53:53.69824+00,96,0,17,29.5,71,95,2,Flood Alert (HIGH),Raining
10942,2026-09-30 06:54:00.072874+00,96,0,17,29.5,71,95,2,Alert (HIGH),Raining
10943,2026-09-30 06:54:06.315837+00,93,0,16,29.5,71,95,2,Flood Alert (HIGH),Raining
10944,2026-09-30 06:54:12.717265+00,95,0,17,29.5,71,95,2,Flood Alert (HIGH),Raining
10945,2026-09-30 06:54:18.891527+00,99,0,18,29.5,71,95,2,Flood Alert (HIGH),Raining
10946,2026-09-30 06:54:25.345549+00,99,0,16,29.5,71,95,2,Flood Alert (HIGH),Raining
10947,2026-09-30 06:54:31.683119+00,97,0,17,29.5,71,95,2,Alert (HIGH),Raining
10948,2026-09-30 06:54:38.161035+00,93,0,16,29.5,71,95,2,Flood Alert (HIGH),Raining
10949,2026-09-30 06:54:44.476089+00,96,0,15,29.5,71,95,2,Flood Alert (HIGH),Raining
10950,2026-09-30 06:54:50.43483+00,96,0,16,29.5,71,95,2,Flood Alert (HIGH),Raining
10951,2026-09-30 06:54:56.89877+00,95,0,16,29.5,71,95,2,Flood Alert (HIGH),Raining
10952,2026-09-30 06:55:03.080676+00,94,0,16,29.5,71,95,2,Flood Alert (HIGH),Raining
10953,2026-09-30 06:55:09.176589+00,96,0,14,29.5,71,95,2,Alert (HIGH),Raining
10954,2026-09-30 06:55:15.896246+00,95,0,14,29.5,71,95,2,Flood Alert (HIGH),Raining
10955,2026-09-30 06:55:22.701274+00,97,0,10,29.5,71,95,2,Flood Alert (HIGH),Raining
10956,2026-09-30 06:55:29.07185+00,99,0,21,29.5,71,95,2,Flood Alert (HIGH),Raining
10957,2026-09-30 06:55:35.321585+00,94,0,16,29.5,71,95,2,Flood Alert (HIGH),Raining
10958,2026-09-30 06:55:41.446332+00,97,0,17,29.5,71,95,2,Flood Alert (HIGH),Raining
10959,2026-09-30 06:55:47.820268+00,94,0,16,29.5,71,95,2,Flood Alert (HIGH),Raining
10960,2026-09-30 06:55:54.068147+00,97,0,17,29.5,71,95,2,Flood Alert (HIGH),Raining
10961,2026-09-30 06:56:00.294795+00,95,0,17,29.5,71,95,2,Flood Alert (HIGH),Raining
10962,2026-09-30 06:56:06.86502+00,96,0,16,29.5,71,95,2,Flood Alert (HIGH),Raining
10963,2026-09-30 06:56:13.221421+00,95,0,16,29.5,71,95,2,Flood Alert (HIGH),Raining
10964,2026-09-30 06:56:19.745714+00,93,0,17,29.5,71,95,2,Flood Alert (HIGH),Raining
10965,2026-09-30 06:56:26.502697+00,95,0,18,29.5,71,95,2,Flood Alert (HIGH),Raining
10966,2026-09-30 06:56:33.536632+00,97,0,18,29.5,71,95,2,Flood Alert (HIGH),Raining
10967,2026-09-30 06:56:40.780995+00,96,0,17,29.5,71,95,2,Flood Alert (HIGH),Raining
10968,2026-09-30 06:56:46.828914+00,95,0,18,29.5,71,95,2,Flood Alert (HIGH),Raining
10969,2026-09-30 06:56:52.957651+00,97,0,18,29.5,71,95,2,Flood Alert (HIGH),Raining
10970,2026-09-30 06:56:59.060006+00,98,0,18,29.5,71,95,2,Alert (HIGH),Raining
10971,2026-09-30 06:57:05.556797+00,98,0,18,29.5,71,95,2,Alert (HIGH),Raining
10972,2026-09-30 06:57:11.98126+00,97,0,17,29.5,71,95,2,Flood Alert (HIGH),Raining
10973,2026-09-30 06:57:18.206007+00,97,0,17,29.5,71,95,2,Flood Alert (HIGH),Raining
10974,2026-09-30 06:57:24.691953+00,95,0,17,29.5,71,95,2,Flood Alert (HIGH),Raining
10975,2026-09-30 06:57:30.892637+00,95,0,17,29.5,71,95,2,Alert (HIGH),Raining
10976,2026-09-30 06:57:37.188712+00,95,0,17,29.5,71,95,2,Flood Alert (HIGH),Raining
10977,2026-09-30 06:57:43.57534+00,95,0,17,29.5,71,95,2,Flood Alert (HIGH),Raining
10978,2026-09-30 06:57:49.664307+00,95,0,17,29.5,71,95,2,Alert (HIGH),Raining
10979,2026-09-30 06:57:55.993414+00,94,0,17,29.5,71,95,2,Flood Alert (HIGH),Raining
10980,2026-09-30 06:58:02.441513+00,96,0,17,29.5,71,95,2,Flood Alert (HIGH),Raining
10981,2026-09-30 06:58:08.957478+00,95,0,17,29.5,71,95,2,Flood Alert (HIGH),Raining
10982,2026-09-30 06:58:15.147291+00,96,0,17,29.5,71,95,2,Flood Alert (HIGH),Raining
10983,2026-09-30 06:58:21.48314+00,95,0,17,29.5,71,95,2,Alert (HIGH),Raining
10984,2026-09-30 06:58:28.103315+00,94,0,17,29.5,71,95,2,Flood Alert (HIGH),Raining
10985,2026-09-30 06:58:34.009086+00,93,0,17,29.5,71,95,2,Flood Alert (HIGH),Raining
10986,2026-09-30 06:58:40.0638+00,97,0,17,29.5,71,95,2,Flood Alert (HIGH),Raining
10987,2026-09-30 06:58:46.162988+00,98,0,17,29.5,71,95,2,Flood Alert (HIGH),Raining
10988,2026-09-30 06:58:52.682795+00,95,0,17,29.5,71,95,2,Flood Alert (HIGH),Raining
10989,2026-09-30 06:58:58.885122+00,93,0,18,29.5,71,95,2,Alert (HIGH),Raining
10990,2026-09-30 06:59:05.293454+00,94,0,17,29.5,71,95,2,Flood Alert (HIGH),Raining
10991,2026-09-30 06:59:11.490515+00,95,0,17,29.5,71,95,2,Flood Alert (HIGH),Raining
10992,2026-09-30 06:59:18.0785+00,94,0,17,29.5,71,95,2,Flood Alert (HIGH),Raining
10993,2026-09-30 06:59:24.531664+00,96,0,18,29.5,71,95,2,Alert (HIGH),Raining
10994,2026-09-30 06:59:30.881715+00,94,0,15,29.5,71,95,2,Flood Alert (HIGH),Raining
10995,2026-09-30 06:59:37.030685+00,94,0,17,29.5,71,95,2,Alert (HIGH),Raining
10996,2026-09-30 06:59:43.346727+00,94,0,17,29.5,71,95,2,Flood Alert (HIGH),Raining
10997,2026-09-30 06:59:49.814011+00,94,0,17,29.5,71,95,2,Alert (HIGH),Raining
10998,2026-09-30 06:59:55.92159+00,95,0,17,29.5,71,95,2,Flood Alert (HIGH),Raining
10999,2026-09-30 07:00:02.359321+00,96,0,16,29.5,71,95,2,Flood Alert (HIGH),Raining
11000,2026-09-30 07:00:08.79478+00,97,0,17,29.5,71,95,2,Flood Alert (HIGH),Raining
11001,2026-09-30 07:00:15.432227+00,95,0,17,29.5,71,95,2,Flood Alert (HIGH),Raining
11002,2026-09-30 07:00:21.473334+00,94,0,17,29.5,71,95,2,Alert (HIGH),Raining
11003,2026-09-30 07:00:27.608892+00,98,0,16,29.5,71,95,2,Flood Alert (HIGH),Raining
11004,2026-09-30 07:00:33.71209+00,95,0,16,29.5,71,95,2,Flood Alert (HIGH),Raining
11005,2026-09-30 07:00:40.181506+00,95,0,16,29.5,71,95,2,Alert (HIGH),Raining
11006,2026-09-30 07:00:46.675324+00,94,0,16,29.5,71,95,2,Flood Alert (HIGH),Raining
11007,2026-09-30 07:00:52.810634+00,95,0,16,29.5,71,95,2,Flood Alert (HIGH),Raining
11008,2026-09-30 07:00:59.09231+00,97,0,16,29.5,71,95,2,Flood Alert (HIGH),Raining
11009,2026-09-30 07:01:05.589328+00,96,0,16,29.5,71,95,2,Alert (HIGH),Raining
11010,2026-09-30 07:01:11.5623+00,94,0,16,29.5,71,95,2,Flood Alert (HIGH),Raining
11011,2026-09-30 07:01:18.038441+00,94,0,16,29.5,71,95,2,Flood Alert (HIGH),Raining
11012,2026-09-30 07:01:24.363344+00,95,0,17,29.5,71,95,2,Flood Alert (HIGH),Raining
11013,2026-09-30 07:01:32.528709+00,96,0,16,29,73,95,2,Alert (HIGH),Raining
11014,2026-09-30 07:01:38.709463+00,99,0,17,29,73,95,2,Alert (HIGH),Raining
11015,2026-09-30 07:01:45.06412+00,94,0,17,29,73,95,2,Alert (HIGH),Raining
11016,2026-09-30 07:01:51.673692+00,95,0,17,29,73,95,2,Flood Alert (HIGH),Raining
11017,2026-09-30 07:01:57.656805+00,97,0,17,29,73,95,2,Flood Alert (HIGH),Raining
11018,2026-09-30 07:02:04.187843+00,96,0,17,29,73,95,2,Flood Alert (HIGH),Raining
11019,2026-09-30 07:02:10.685823+00,95,0,16,29,73,95,2,Flood Alert (HIGH),Raining
11020,2026-09-30 07:02:16.72859+00,94,0,17,29,73,95,2,Flood Alert (HIGH),Raining
11021,2026-09-30 07:02:23.146206+00,95,0,16,29,73,95,2,Flood Alert (HIGH),Raining
11022,2026-09-30 07:02:29.794425+00,94,0,17,29,73,95,2,Flood Alert (HIGH),Raining
11023,2026-09-30 07:02:36.485253+00,95,0,17,29,73,95,2,Flood Alert (HIGH),Raining
11024,2026-09-30 07:02:43.20782+00,96,0,17,29,73,95,2,Flood Alert (HIGH),Raining
11025,2026-09-30 07:02:49.234199+00,95,0,19,29,73,95,2,Flood Alert (HIGH),Raining
11026,2026-09-30 07:02:55.370342+00,94,0,20,29,73,95,2,Flood Alert (HIGH),Raining
11027,2026-09-30 07:03:01.581276+00,96,0,19,29,73,95,2,Flood Alert (HIGH),Raining
11028,2026-09-30 07:03:07.83273+00,95,0,20,29,73,95,2,Flood Alert (HIGH),Raining
11029,2026-09-30 07:03:13.961615+00,94,0,19,29,73,95,2,Flood Alert (HIGH),Raining
11030,2026-09-30 07:03:20.19786+00,94,0,19,29,73,95,2,Flood Alert (HIGH),Raining
11031,2026-09-30 07:03:26.591577+00,94,0,18,29,73,95,2,Flood Alert (HIGH),Raining
11032,2026-09-30 07:03:33.09347+00,97,0,19,29,73,95,2,Flood Alert (HIGH),Raining
11033,2026-09-30 07:03:39.612792+00,93,0,19,29,73,95,2,Flood Alert (HIGH),Raining
11034,2026-09-30 07:03:45.795048+00,96,0,20,29,73,95,2,Flood Alert (HIGH),Raining
11035,2026-09-30 07:03:52.293219+00,95,0,20,29,73,95,2,Flood Alert (HIGH),Raining
11036,2026-09-30 07:03:58.768059+00,96,0,20,29,73,95,2,Flood Alert (HIGH),Raining
11037,2026-09-30 07:04:04.78761+00,97,0,20,29,73,95,2,Flood Alert (HIGH),Raining
11038,2026-09-30 07:04:11.599819+00,95,0,19,29,73,95,2,Flood Alert (HIGH),Raining
11039,2026-09-30 07:04:17.788622+00,96,0,19,29,73,95,2,Flood Alert (HIGH),Raining
11040,2026-09-30 07:04:23.761487+00,95,0,20,29,73,95,2,Flood Alert (HIGH),Raining
11041,2026-09-30 07:04:29.833117+00,94,0,20,29,73,95,2,Alert (HIGH),Raining
11042,2026-09-30 07:04:36.576959+00,96,0,20,29,73,95,2,Flood Alert (HIGH),Raining
11043,2026-09-30 07:04:43.038616+00,94,0,20,29,73,95,2,Flood Alert (HIGH),Raining
11044,2026-09-30 07:04:49.891283+00,95,0,20,29,73,95,2,Flood Alert (HIGH),Raining
11045,2026-09-30 07:04:56.405374+00,96,0,20,29,73,95,2,Alert (HIGH),Raining
11046,2026-09-30 07:05:02.896157+00,94,0,20,29,73,95,2,Flood Alert (HIGH),Raining
11047,2026-09-30 07:05:09.339542+00,96,0,20,29,73,95,2,Flood Alert (HIGH),Raining
11048,2026-09-30 07:05:15.793324+00,93,0,20,29,73,95,2,Flood Alert (HIGH),Raining
11049,2026-09-30 07:05:21.96894+00,94,0,19,29,73,95,2,Flood Alert (HIGH),Raining
11050,2026-09-30 07:05:28.289812+00,94,0,34,29,73,95,2,Alert (HIGH),Raining
11051,2026-09-30 07:05:34.293408+00,98,0,24,29,73,95,2,Alert (HIGH),Raining
11052,2026-09-30 07:05:40.248792+00,95,0,26,29,73,95,2,Alert (HIGH),Raining
11053,2026-09-30 07:05:46.621826+00,96,0,33,29,73,95,2,Flood Alert (HIGH),Raining
11054,2026-09-30 07:05:52.977204+00,96,0,34,29,73,95,2,Flood Alert (HIGH),Raining
11055,2026-09-30 07:05:59.398008+00,94,0,34,29,73,95,2,Flood Alert (HIGH),Raining
11056,2026-09-30 07:06:05.409821+00,96,0,29,29,73,95,2,Flood Alert (HIGH),Raining
11057,2026-09-30 07:06:11.474718+00,95,0,10,29,73,95,2,Flood Alert (HIGH),Raining
11058,2026-09-30 07:06:17.486409+00,97,0,10,29,73,95,2,Flood Alert (HIGH),Raining
11059,2026-09-30 07:06:24.035452+00,95,0,43,29,73,95,2,Flood Alert (HIGH),Raining
11060,2026-09-30 07:06:30.773417+00,95,0,41,29,73,95,2,Alert (HIGH),Raining
11061,2026-09-30 07:06:37.548868+00,97,0,41,29,73,95,2,Flood Alert (HIGH),Raining
11062,2026-09-30 07:06:43.874522+00,96,0,24,29,73,95,2,Alert (HIGH),Raining
11063,2026-09-30 07:07:09.518489+00,0,197.193,,29,72,55,2,Flood Alert (HIGH),Clear
11064,2026-09-30 07:07:15.460504+00,98,0,,29,72,55,2,Flood Alert (HIGH),Raining
11065,2026-09-30 07:07:21.512045+00,97,0,,29,72,55,2,Flood Alert (HIGH),Raining
11066,2026-09-30 07:07:27.69844+00,98,0,,29,72,55,2,Flood Alert (HIGH),Raining
11067,2026-09-30 07:07:34.03992+00,99,0,,29,72,55,2,Flood Alert (HIGH),Raining
11068,2026-09-30 07:07:40.09788+00,98,0,,29,72,55,2,Flood Alert (HIGH),Raining
11069,2026-09-30 07:07:46.125502+00,98,0,,29,72,55,2,Flood Alert (HIGH),Raining
11070,2026-09-30 07:07:52.475681+00,98,0,,29,72,55,2,Flood Alert (HIGH),Raining
11071,2026-09-30 07:07:58.806614+00,98,0,,29,72,55,2,Flood Alert (HIGH),Raining
11072,2026-09-30 07:08:05.063798+00,98,0,,29,72,55,0,Safe (LOW),Raining
11073,2026-09-30 07:08:11.084189+00,97,0,,29,72,55,0,Safe (LOW),Raining
11074,2026-09-30 07:08:17.068199+00,98,0,,29,72,55,0,Safe (LOW),Raining
11075,2026-09-30 07:08:23.099526+00,99,0,,29,72,55,0,Safe (LOW),Raining
11076,2026-09-30 07:08:29.27321+00,99,0,,29,72,55,0,Safe (LOW),Raining
11077,2026-09-30 07:08:35.572421+00,99,0,,29,72,55,2,Flood Alert (HIGH),Raining
11078,2026-09-30 07:08:41.601914+00,98,0,,29,72,55,2,Flood Alert (HIGH),Raining
11079,2026-09-30 07:08:48.037873+00,98,0,,29,72,55,2,Flood Alert (HIGH),Raining
11080,2026-09-30 07:08:54.089924+00,98,0,,29,72,55,2,Flood Alert (HIGH),Raining
11081,2026-09-30 07:09:00.074256+00,98,0,,29,72,55,0,Safe (LOW),Raining
11082,2026-09-30 07:09:06.105178+00,97,0,,29,72,55,0,Safe (LOW),Raining
11083,2026-09-30 07:09:12.439254+00,98,0,,29,72,55,0,Safe (LOW),Raining
11084,2026-09-30 07:09:18.491425+00,97,0,,29,72,55,0,Safe (LOW),Raining
11085,2026-09-30 07:09:24.539152+00,97,0,,29,72,55,0,Safe (LOW),Raining
11086,2026-09-30 07:09:30.667027+00,97,0,,29,72,55,2,Flood Alert (HIGH),Raining
11087,2026-09-30 07:09:36.784372+00,99,0,,29,72,55,0,Safe (LOW),Raining
11088,2026-09-30 07:09:42.77461+00,97,0,,29,72,55,2,Flood Alert (HIGH),Raining
11089,2026-09-30 07:09:48.784231+00,97,0,,29,72,55,2,Flood Alert (HIGH),Raining
11090,2026-09-30 07:09:54.963412+00,97,0,,29,72,55,2,Flood Alert (HIGH),Raining
11091,2026-09-30 07:10:01.083174+00,97,0,,29,72,55,2,Flood Alert (HIGH),Raining
11092,2026-09-30 07:10:07.127494+00,97,0,,29,72,55,2,Flood Alert (HIGH),Raining
11093,2026-09-30 07:10:13.187308+00,98,0,,29,72,55,0,Safe (LOW),Raining
11094,2026-09-30 07:10:19.21382+00,97,0,,29,72,55,0,Safe (LOW),Raining
11095,2026-09-30 07:10:25.54941+00,98,0,,29,72,55,2,Flood Alert (HIGH),Raining
11096,2026-09-30 07:10:31.792933+00,97,0,,29,72,55,2,Flood Alert (HIGH),Raining
11097,2026-09-30 07:10:37.848135+00,97,0,,29,72,55,2,Flood Alert (HIGH),Raining
11098,2026-09-30 07:10:43.915528+00,99,0,,29,72,55,2,Flood Alert (HIGH),Raining
11099,2026-09-30 07:10:50.248294+00,97,0,,29,72,55,0,Safe (LOW),Raining
11100,2026-09-30 07:10:56.596163+00,99,0,,29,72,55,0,Safe (LOW),Raining
11101,2026-09-30 07:11:02.954973+00,99,0,,29,72,55,0,Safe (LOW),Raining
11102,2026-09-30 07:11:09.291825+00,98,0,,29,72,55,0,Safe (LOW),Raining
11103,2026-09-30 07:11:15.643016+00,100,0,,29,72,55,0,Safe (LOW),Raining
11104,2026-09-30 07:11:21.990626+00,99,0,,29,72,55,0,Safe (LOW),Raining
11105,2026-09-30 07:11:28.030197+00,97,0,,29,72,55,0,Safe (LOW),Raining
11106,2026-09-30 07:11:35.276265+00,98,0,,29,72,55,2,Flood Alert (HIGH),Raining
11107,2026-09-30 07:11:41.339902+00,97,0,,29,72,55,2,Flood Alert (HIGH),Raining
11108,2026-09-30 07:11:47.392874+00,99,0,,29,72,55,0,Safe (LOW),Raining
11109,2026-09-30 07:11:53.714033+00,97,0,,29,72,55,2,Flood Alert (HIGH),Raining
11110,2026-09-30 07:11:59.774055+00,99,0,,29,72,55,2,Flood Alert (HIGH),Raining
11111,2026-09-30 07:12:05.786841+00,98,0,,29,72,55,2,Flood Alert (HIGH),Raining
11112,2026-09-30 07:12:11.845364+00,97,0,,29,72,55,2,Flood Alert (HIGH),Raining
11113,2026-09-30 07:12:17.778068+00,99,0,,29,72,55,2,Flood Alert (HIGH),Raining
11114,2026-09-30 07:12:23.857481+00,97,0,,29,72,55,0,Safe (LOW),Raining
11115,2026-09-30 07:12:29.870455+00,99,0,,29,72,55,0,Safe (LOW),Raining
11116,2026-09-30 07:12:35.923815+00,97,0,,29,72,55,0,Safe (LOW),Raining
11117,2026-09-30 07:12:41.937988+00,98,0,,29,72,55,0,Safe (LOW),Raining
11118,2026-09-30 07:12:47.934011+00,99,0,,29,72,55,0,Safe (LOW),Raining
11119,2026-09-30 07:12:54.246248+00,97,0,,29,72,55,2,Flood Alert (HIGH),Raining
11120,2026-09-30 07:13:00.582654+00,97,0,,29,72,55,0,Safe (LOW),Raining
11121,2026-09-30 07:13:06.815259+00,98,0,,29,72,55,2,Flood Alert (HIGH),Raining
11122,2026-09-30 07:13:12.932605+00,100,0,,29,72,55,2,Flood Alert (HIGH),Raining
11123,2026-09-30 07:13:19.789201+00,99,0,,29,72,55,2,Flood Alert (HIGH),Raining
11124,2026-09-30 07:13:25.743409+00,99,0,,29,72,55,2,Flood Alert (HIGH),Raining
11125,2026-09-30 07:13:31.711631+00,97,0,,29,72,55,0,Safe (LOW),Raining
11126,2026-09-30 07:13:37.650312+00,96,0,,29,72,55,0,Safe (LOW),Raining
11127,2026-09-30 07:13:43.59226+00,100,0,,29,72,55,2,Flood Alert (HIGH),Raining
11128,2026-09-30 07:13:50.045619+00,100,0,,29,72,55,2,Flood Alert (HIGH),Raining
11129,2026-09-30 07:13:56.007384+00,99,0,,29,72,55,2,Flood Alert (HIGH),Raining
11130,2026-09-30 07:14:02.307621+00,100,0,,29,72,55,2,Flood Alert (HIGH),Raining
11131,2026-09-30 07:14:08.263217+00,98,0,,29,72,55,2,Flood Alert (HIGH),Raining
11132,2026-09-30 07:14:14.510604+00,100,0,,29,72,55,2,Flood Alert (HIGH),Raining
11133,2026-09-30 07:14:20.578206+00,97,0,,29,72,55,0,Safe (LOW),Raining
11134,2026-09-30 07:14:26.597733+00,99,0,,29,72,55,0,Safe (LOW),Raining
11135,2026-09-30 07:14:32.755273+00,99,0,,29,72,55,2,Flood Alert (HIGH),Raining
11136,2026-09-30 07:14:39.559155+00,98,0,,29,72,55,2,Flood Alert (HIGH),Raining
11137,2026-09-30 07:14:45.854143+00,100,0,,29,72,55,2,Flood Alert (HIGH),Raining
11138,2026-09-30 07:14:52.42003+00,98,0,,29,72,55,0,Safe (LOW),Raining
11139,2026-09-30 07:14:58.788296+00,99,0,,29,72,55,0,Safe (LOW),Raining
11140,2026-09-30 07:15:05.109065+00,99,0,,29,72,55,2,Flood Alert (HIGH),Raining
11141,2026-09-30 07:15:11.488994+00,98,0,,29,72,55,2,Flood Alert (HIGH),Raining
11142,2026-09-30 07:15:17.79663+00,97,0,,29,72,55,0,Safe (LOW),Raining
11143,2026-09-30 07:15:23.741895+00,98,0,,29,72,55,0,Safe (LOW),Raining
11144,2026-09-30 07:15:29.651416+00,99,0,,29,72,55,0,Safe (LOW),Raining
11145,2026-09-30 07:15:36.614228+00,99,0,,29,72,55,0,Safe (LOW),Raining
11146,2026-09-30 07:15:42.651854+00,100,0,,29,72,55,0,Safe (LOW),Raining
11147,2026-09-30 07:15:48.72313+00,99,0,,29,72,55,0,Safe (LOW),Raining
11148,2026-09-30 07:15:55.105595+00,99,0,,29,72,55,2,Flood Alert (HIGH),Raining
11149,2026-09-30 07:16:01.106727+00,98,0,,29,72,55,2,Flood Alert (HIGH),Raining
11150,2026-09-30 07:16:07.369807+00,99,0,,29,72,55,2,Flood Alert (HIGH),Raining
11151,2026-09-30 07:16:13.711744+00,97,0,,29,72,55,2,Flood Alert (HIGH),Raining
11152,2026-09-30 07:16:20.067211+00,100,0,,29,72,55,0,Safe (LOW),Raining
11153,2026-09-30 07:16:26.327032+00,99,0,,29,72,55,0,Safe (LOW),Raining
11154,2026-09-30 07:16:32.638831+00,98,0,,29,72,55,0,Safe (LOW),Raining
11155,2026-09-30 07:16:38.946548+00,99,0,,29,72,55,2,Flood Alert (HIGH),Raining
11156,2026-09-30 07:16:45.25714+00,97,0,,29,72,55,2,Flood Alert (HIGH),Raining
11157,2026-09-30 07:16:51.613468+00,99,0,,29,72,55,0,Safe (LOW),Raining
11158,2026-09-30 07:16:57.951634+00,99,0,,29,72,55,0,Safe (LOW),Raining
11159,2026-09-30 07:17:04.502173+00,99,0,,29,72,55,0,Safe (LOW),Raining
11160,2026-09-30 07:17:13.11074+00,97,0,,28.8,73,53,2,Flood Alert (HIGH),Raining
11161,2026-09-30 07:17:19.137197+00,97,0,,28.8,73,53,0,Safe (LOW),Raining
11162,2026-09-30 07:17:25.387126+00,99,0,,28.8,73,53,2,Flood Alert (HIGH),Raining
11163,2026-09-30 07:17:31.332654+00,99,0,,28.8,73,53,0,Safe (LOW),Raining
11164,2026-09-30 07:17:37.792085+00,99,0,,28.8,73,53,2,Flood Alert (HIGH),Raining
11165,2026-09-30 07:17:44.107336+00,97,0,,28.8,73,53,0,Safe (LOW),Raining
11166,2026-09-30 07:17:50.420829+00,99,0,,28.8,73,53,2,Flood Alert (HIGH),Raining
11167,2026-09-30 07:17:56.756507+00,97,0,,28.8,73,53,2,Flood Alert (HIGH),Raining
11168,2026-09-30 07:18:03.099934+00,97,0,,28.8,73,53,2,Flood Alert (HIGH),Raining
11169,2026-09-30 07:18:09.090816+00,97,0,,28.8,73,53,2,Flood Alert (HIGH),Raining
11170,2026-09-30 07:18:15.087348+00,98,0,,28.8,73,53,0,Safe (LOW),Raining
11171,2026-09-30 07:18:21.423073+00,97,0,,28.8,73,53,0,Safe (LOW),Raining
11172,2026-09-30 07:18:27.762456+00,97,0,,28.8,73,53,0,Safe (LOW),Raining
11173,2026-09-30 07:18:33.842607+00,97,0,,28.8,73,53,2,Flood Alert (HIGH),Raining
11174,2026-09-30 07:18:40.133059+00,97,0,,28.8,73,53,0,Safe (LOW),Raining
11175,2026-09-30 07:18:46.382877+00,100,0,,28.8,73,53,0,Safe (LOW),Raining
11176,2026-09-30 07:18:52.655883+00,99,0,,28.8,73,53,0,Safe (LOW),Raining
11177,2026-09-30 07:18:59.01193+00,97,0,,28.8,73,53,2,Flood Alert (HIGH),Raining
11178,2026-09-30 07:19:05.330252+00,98,0,,28.8,73,53,0,Safe (LOW),Raining
11179,2026-09-30 07:19:11.304482+00,97,0,,28.8,73,53,0,Safe (LOW),Raining
11180,2026-09-30 07:19:17.625431+00,99,0,,28.8,73,53,2,Flood Alert (HIGH),Raining
11181,2026-09-30 07:19:24.997585+00,98,0,,28.8,73,53,0,Safe (LOW),Raining
11182,2026-09-30 07:19:30.92534+00,100,0,,28.8,73,53,2,Flood Alert (HIGH),Raining
11183,2026-09-30 07:19:36.847141+00,99,0,,28.8,73,53,2,Flood Alert (HIGH),Raining
11184,2026-09-30 07:19:43.026341+00,98,0,,28.8,73,53,2,Flood Alert (HIGH),Raining
11185,2026-09-30 07:19:49.047282+00,98,0,,28.8,73,53,2,Flood Alert (HIGH),Raining
11186,2026-09-30 07:19:54.995917+00,99,0,,28.8,73,53,0,Safe (LOW),Raining
11187,2026-09-30 07:20:01.366999+00,97,0,,28.8,73,53,0,Safe (LOW),Raining
11188,2026-09-30 07:20:07.420283+00,99,0,,28.8,73,53,2,Flood Alert (HIGH),Raining
11189,2026-09-30 07:20:13.43863+00,97,0,,28.8,73,53,2,Flood Alert (HIGH),Raining
11190,2026-09-30 07:20:19.341135+00,98,0,,28.8,73,53,2,Flood Alert (HIGH),Raining
11191,2026-09-30 07:20:25.785224+00,98,0,,28.8,73,53,2,Flood Alert (HIGH),Raining
11192,2026-09-30 07:20:32.178473+00,98,0,,28.8,73,53,0,Safe (LOW),Raining
11193,2026-09-30 07:20:38.129803+00,97,0,,28.8,73,53,0,Safe (LOW),Raining
11194,2026-09-30 07:20:44.16676+00,98,0,,28.8,73,53,0,Safe (LOW),Raining
11195,2026-09-30 07:20:50.202233+00,98,0,,28.8,73,53,0,Safe (LOW),Raining
11196,2026-09-30 07:20:56.088063+00,97,0,,28.8,73,53,2,Flood Alert (HIGH),Raining
11197,2026-09-30 07:21:02.048104+00,98,0,,28.8,73,53,0,Safe (LOW),Raining
11198,2026-09-30 07:21:08.741624+00,98,0,,28.8,73,53,0,Safe (LOW),Raining
11199,2026-09-30 07:21:14.729356+00,98,0,,28.8,73,53,2,Flood Alert (HIGH),Raining
11200,2026-09-30 07:21:20.671311+00,100,0,,28.8,73,53,2,Flood Alert (HIGH),Raining
11201,2026-09-30 07:21:26.940605+00,98,0,,28.8,73,53,2,Flood Alert (HIGH),Raining
11202,2026-09-30 07:21:33.216724+00,99,0,,28.8,73,53,2,Flood Alert (HIGH),Raining
11203,2026-09-30 07:21:39.445763+00,98,0,,28.8,73,53,2,Flood Alert (HIGH),Raining
11204,2026-09-30 07:21:46.563633+00,99,0,,28.8,73,53,2,Flood Alert (HIGH),Raining
11205,2026-09-30 07:21:52.565987+00,97,0,,28.8,73,53,2,Flood Alert (HIGH),Raining
11206,2026-09-30 07:21:58.895967+00,97,0,,28.8,73,53,2,Flood Alert (HIGH),Raining
11207,2026-09-30 07:22:04.862009+00,98,0,,28.8,73,53,2,Flood Alert (HIGH),Raining
11208,2026-09-30 07:22:11.222742+00,100,0,,28.8,73,53,2,Flood Alert (HIGH),Raining
11209,2026-09-30 07:22:17.548158+00,100,0,,28.8,73,53,2,Flood Alert (HIGH),Raining
11210,2026-09-30 07:22:23.903989+00,99,0,,28.8,73,53,0,Safe (LOW),Raining
11211,2026-09-30 07:22:30.25398+00,99,0,,28.8,73,53,2,Flood Alert (HIGH),Raining
11212,2026-09-30 07:22:36.797728+00,98,0,,28.8,73,53,2,Flood Alert (HIGH),Raining
11213,2026-09-30 07:22:43.055527+00,97,0,,28.8,73,53,2,Flood Alert (HIGH),Raining
11214,2026-09-30 07:22:49.500667+00,98,0,,28.8,73,53,0,Safe (LOW),Raining
11215,2026-09-30 07:22:55.847475+00,97,0,,28.8,73,53,0,Safe (LOW),Raining
11216,2026-09-30 07:23:02.259915+00,98,0,,28.8,73,53,0,Safe (LOW),Raining
11217,2026-09-30 07:23:08.93702+00,98,0,,28.8,73,53,2,Flood Alert (HIGH),Raining
11218,2026-09-30 07:23:15.375098+00,97,0,,28.8,73,53,2,Flood Alert (HIGH),Raining
11219,2026-09-30 07:23:21.481925+00,100,0,,28.8,73,53,0,Safe (LOW),Raining
11220,2026-09-30 07:23:27.501502+00,97,0,,28.8,73,53,0,Safe (LOW),Raining
11221,2026-09-30 07:23:33.521227+00,99,0,,28.8,73,53,2,Flood Alert (HIGH),Raining
11222,2026-09-30 07:23:39.60244+00,98,0,,28.8,73,53,2,Flood Alert (HIGH),Raining
11223,2026-09-30 07:23:45.64395+00,98,0,,28.8,73,53,0,Safe (LOW),Raining
11224,2026-09-30 07:23:51.78326+00,98,0,,28.8,73,53,2,Flood Alert (HIGH),Raining
11225,2026-09-30 07:23:57.761622+00,99,0,,28.8,73,53,0,Safe (LOW),Raining
11226,2026-09-30 07:24:03.71234+00,99,0,,28.8,73,53,2,Flood Alert (HIGH),Raining
11227,2026-09-30 07:24:09.713967+00,99,0,,28.8,73,53,0,Safe (LOW),Raining
11228,2026-09-30 07:24:15.806928+00,97,0,,28.8,73,53,2,Flood Alert (HIGH),Raining
11229,2026-09-30 07:24:21.732635+00,98,0,,28.8,73,53,2,Flood Alert (HIGH),Raining
11230,2026-09-30 07:24:27.72346+00,98,0,,28.8,73,53,2,Flood Alert (HIGH),Raining
11231,2026-09-30 07:24:34.172727+00,97,0,,28.8,73,53,2,Flood Alert (HIGH),Raining
11232,2026-09-30 07:24:40.211836+00,98,0,,28.8,73,53,2,Flood Alert (HIGH),Raining
11233,2026-09-30 07:24:46.180336+00,97,0,,28.8,73,53,0,Safe (LOW),Raining
11234,2026-09-30 07:24:52.201539+00,99,0,,28.8,73,53,0,Safe (LOW),Raining
11235,2026-09-30 07:24:58.234231+00,98,0,,28.8,73,53,2,Flood Alert (HIGH),Raining
11236,2026-09-30 07:25:04.351694+00,100,0,,28.8,73,53,2,Flood Alert (HIGH),Raining
11237,2026-09-30 07:25:10.281008+00,100,0,,28.8,73,53,2,Flood Alert (HIGH),Raining
11238,2026-09-30 07:25:16.295824+00,98,0,,28.8,73,53,2,Flood Alert (HIGH),Raining
11239,2026-09-30 07:25:22.314314+00,100,0,,28.8,73,53,2,Flood Alert (HIGH),Raining
11240,2026-09-30 07:25:28.335399+00,99,0,,28.8,73,53,0,Safe (LOW),Raining
11241,2026-09-30 07:25:35.021277+00,97,0,,28.8,73,53,0,Safe (LOW),Raining
11242,2026-09-30 07:25:41.020513+00,99,0,,28.8,73,53,2,Flood Alert (HIGH),Raining
11243,2026-09-30 07:25:47.0286+00,98,0,,28.8,73,53,2,Flood Alert (HIGH),Raining
11244,2026-09-30 07:25:53.015121+00,97,0,,28.8,73,53,2,Flood Alert (HIGH),Raining
11245,2026-09-30 07:25:59.032255+00,97,0,,28.8,73,53,0,Safe (LOW),Raining
11246,2026-09-30 07:26:04.995745+00,100,0,,28.8,73,53,0,Safe (LOW),Raining
11247,2026-09-30 07:26:11.013797+00,97,0,,28.8,73,53,0,Safe (LOW),Raining
11248,2026-09-30 07:26:16.934248+00,98,0,,28.8,73,53,2,Flood Alert (HIGH),Raining
11249,2026-09-30 07:26:22.862514+00,97,0,,28.8,73,53,2,Flood Alert (HIGH),Raining
11250,2026-09-30 07:26:29.123586+00,97,0,,28.8,73,53,0,Safe (LOW),Raining
11251,2026-09-30 07:26:35.3992+00,97,0,,28.8,73,53,2,Flood Alert (HIGH),Raining
11252,2026-09-30 07:26:41.745634+00,97,0,,28.8,73,53,0,Safe (LOW),Raining
11253,2026-09-30 07:26:48.009055+00,98,0,,28.8,73,53,2,Flood Alert (HIGH),Raining
11254,2026-09-30 07:26:54.344064+00,98,0,,28.8,73,53,2,Flood Alert (HIGH),Raining
11255,2026-09-30 07:27:00.694337+00,98,0,,28.8,73,53,2,Flood Alert (HIGH),Raining
11256,2026-09-30 07:27:07.053736+00,97,0,,28.8,73,53,0,Safe (LOW),Raining
11257,2026-09-30 07:27:13.082426+00,98,0,,28.8,73,53,0,Safe (LOW),Raining
11258,2026-09-30 07:27:19.130458+00,99,0,,28.8,73,53,0,Safe (LOW),Raining
11259,2026-09-30 07:27:25.14446+00,99,0,,28.8,73,53,0,Safe (LOW),Raining
11260,2026-09-30 07:27:31.078338+00,99,0,,28.8,73,53,0,Safe (LOW),Raining
11261,2026-09-30 07:27:37.004622+00,98,0,,28.8,73,53,0,Safe (LOW),Raining
11262,2026-09-30 07:27:43.303516+00,98,0,,28.8,73,53,0,Safe (LOW),Raining
11263,2026-09-30 07:27:50.072967+00,99,0,,28.8,73,53,2,Flood Alert (HIGH),Raining
11264,2026-09-30 07:27:56.577468+00,97,0,,28.8,73,53,2,Flood Alert (HIGH),Raining
11265,2026-09-30 07:28:02.709849+00,98,0,,28.8,73,53,2,Flood Alert (HIGH),Raining
11266,2026-09-30 07:28:08.715339+00,97,0,,28.8,73,53,2,Flood Alert (HIGH),Raining
11267,2026-09-30 07:28:15.071621+00,99,0,,28.8,73,53,0,Safe (LOW),Raining
11268,2026-09-30 07:28:21.061975+00,98,0,,28.8,73,53,0,Safe (LOW),Raining
11269,2026-09-30 07:28:27.125544+00,99,0,,28.8,73,53,0,Safe (LOW),Raining
11270,2026-09-30 07:28:33.133374+00,97,0,,28.8,73,53,0,Safe (LOW),Raining
11271,2026-09-30 07:28:39.106481+00,97,0,,28.8,73,53,2,Flood Alert (HIGH),Raining
11272,2026-09-30 07:28:45.113883+00,99,0,,28.8,73,53,0,Safe (LOW),Raining
11273,2026-09-30 07:28:51.066007+00,99,0,,28.8,73,53,0,Safe (LOW),Raining
11274,2026-09-30 07:28:56.99753+00,99,0,,28.8,73,53,2,Flood Alert (HIGH),Raining
11275,2026-09-30 07:29:03.276356+00,99,0,,28.8,73,53,2,Flood Alert (HIGH),Raining
11276,2026-09-30 07:29:09.320041+00,99,0,,28.8,73,53,2,Flood Alert (HIGH),Raining
11277,2026-09-30 07:29:15.354448+00,97,0,,28.8,73,53,2,Flood Alert (HIGH),Raining
11278,2026-09-30 07:29:21.77392+00,99,0,,28.8,73,53,2,Flood Alert (HIGH),Raining
11279,2026-09-30 07:29:27.810256+00,98,0,,28.8,73,53,2,Flood Alert (HIGH),Raining
11280,2026-09-30 07:29:34.115056+00,98,0,,28.8,73,53,2,Flood Alert (HIGH),Raining
11281,2026-09-30 07:29:40.431802+00,99,0,,28.8,73,53,2,Flood Alert (HIGH),Raining
11282,2026-09-30 07:29:46.813625+00,99,0,,28.8,73,53,2,Flood Alert (HIGH),Raining
11283,2026-09-30 07:29:53.118962+00,97,0,,28.8,73,53,0,Safe (LOW),Raining
11284,2026-09-30 07:29:59.383689+00,97,0,,28.8,73,53,0,Safe (LOW),Raining
11285,2026-09-30 07:30:05.72359+00,97,0,,28.8,73,53,2,Flood Alert (HIGH),Raining
11286,2026-09-30 07:30:11.703899+00,97,0,,28.8,73,53,2,Flood Alert (HIGH),Raining
11287,2026-09-30 07:30:17.999647+00,80,0,,28.8,73,53,2,Flood Alert (HIGH),Raining
11288,2026-09-30 07:30:24.265387+00,98,0,,28.8,73,53,2,Flood Alert (HIGH),Raining
11289,2026-09-30 07:30:30.308122+00,73,0,,28.8,73,53,0,Safe (LOW),Raining
11290,2026-09-30 07:30:36.662042+00,92,0,,28.8,73,53,0,Safe (LOW),Raining
11291,2026-09-30 07:30:42.688072+00,50,89.9207,,28.8,73,53,2,Alert (HIGH),Raining
11292,2026-09-30 07:30:48.842025+00,0,0,,28.8,73,53,1,Warning (MODERATE),Clear
11293,2026-09-30 07:30:54.845583+00,79,0,,28.8,73,53,1,Warning (MODERATE),Raining
11294,2026-09-30 07:31:00.867415+00,85,0,,28.8,73,53,0,Safe (LOW),Raining
11295,2026-09-30 07:31:06.811063+00,86,0,,28.8,73,53,1,Warning (MODERATE),Raining
11296,2026-09-30 07:31:12.765403+00,88,0,,28.8,73,53,0,Safe (LOW),Raining
11297,2026-09-30 07:31:18.756647+00,100,0,,28.8,73,53,2,Flood Alert (HIGH),Raining
11298,2026-09-30 07:31:24.727441+00,98,0,,28.8,73,53,2,Flood Alert (HIGH),Raining
11299,2026-09-30 07:31:30.807766+00,98,0,,28.8,73,53,2,Flood Alert (HIGH),Raining
11300,2026-09-30 07:31:36.742492+00,99,0,,28.8,73,53,2,Flood Alert (HIGH),Raining
11301,2026-09-30 07:31:42.686612+00,100,0,,28.8,73,53,0,Safe (LOW),Raining
11302,2026-09-30 07:31:48.651268+00,98,0,,28.8,73,53,0,Safe (LOW),Raining
11303,2026-09-30 07:31:54.662357+00,100,0,,28.8,73,53,0,Safe (LOW),Raining
11304,2026-09-30 07:32:00.644431+00,97,0,,28.8,73,53,0,Safe (LOW),Raining
11305,2026-09-30 07:32:06.624231+00,100,0,,28.8,73,53,0,Safe (LOW),Raining
11306,2026-09-30 07:32:12.636287+00,99,0,,28.8,73,53,2,Flood Alert (HIGH),Raining
11307,2026-09-30 07:32:18.622362+00,98,0,,28.8,73,53,2,Flood Alert (HIGH),Raining
11308,2026-09-30 07:32:24.700456+00,97,0,,28.8,73,53,0,Safe (LOW),Raining
11309,2026-09-30 07:32:30.745945+00,99,0,,28.8,73,53,0,Safe (LOW),Raining
11310,2026-09-30 07:32:36.74532+00,98,0,,28.8,73,53,2,Flood Alert (HIGH),Raining
11311,2026-09-30 07:32:42.712464+00,98,0,,28.8,73,53,2,Flood Alert (HIGH),Raining
11312,2026-09-30 07:32:48.759295+00,98,0,,28.8,73,53,2,Flood Alert (HIGH),Raining
11313,2026-09-30 07:32:54.979868+00,100,0,,28.8,73,53,2,Flood Alert (HIGH),Raining
11314,2026-09-30 07:33:00.883223+00,99,0,,28.8,73,53,0,Safe (LOW),Raining
11315,2026-09-30 07:33:06.877817+00,97,0,,28.8,73,53,0,Safe (LOW),Raining
11316,2026-09-30 07:33:12.882467+00,98,0,,28.8,73,53,0,Safe (LOW),Raining
11317,2026-09-30 07:33:18.808488+00,98,0,,28.8,73,53,0,Safe (LOW),Raining
11318,2026-09-30 07:33:24.736063+00,97,0,,28.8,73,53,0,Safe (LOW),Raining
11319,2026-09-30 07:33:30.680341+00,97,0,,28.8,73,53,0,Safe (LOW),Raining
11320,2026-09-30 07:33:36.646628+00,98,0,,28.8,73,53,2,Flood Alert (HIGH),Raining
11321,2026-09-30 07:33:42.579368+00,99,0,,28.8,73,53,0,Safe (LOW),Raining
11322,2026-09-30 07:33:48.516898+00,97,0,,28.8,73,53,0,Safe (LOW),Raining
11323,2026-09-30 07:33:54.489514+00,99,0,,28.8,73,53,0,Safe (LOW),Raining
11324,2026-09-30 07:34:00.57332+00,99,0,,28.8,73,53,0,Safe (LOW),Raining
11325,2026-09-30 07:34:06.533851+00,97,0,,28.8,73,53,0,Safe (LOW),Raining
11326,2026-09-30 07:34:12.520696+00,100,0,,28.8,73,53,0,Safe (LOW),Raining
11327,2026-09-30 07:34:19.016184+00,97,0,,28.8,73,53,0,Safe (LOW),Raining
11328,2026-09-30 07:34:24.991974+00,97,0,,28.8,73,53,0,Safe (LOW),Raining
11329,2026-09-30 07:34:30.909915+00,97,0,,28.8,73,53,0,Safe (LOW),Raining
11330,2026-09-30 07:34:37.178777+00,97,0,,28.8,73,53,0,Safe (LOW),Raining
11331,2026-09-30 07:34:43.465273+00,98,0,,28.8,73,53,2,Flood Alert (HIGH),Raining
11332,2026-09-30 07:34:49.77194+00,97,0,,28.8,73,53,0,Safe (LOW),Raining
11333,2026-09-30 07:34:56.141378+00,97,0,,28.8,73,53,2,Flood Alert (HIGH),Raining
11334,2026-09-30 07:35:02.496169+00,99,0,,28.8,73,53,0,Safe (LOW),Raining
11335,2026-09-30 07:35:08.837751+00,97,0,,28.8,73,53,2,Flood Alert (HIGH),Raining
11336,2026-09-30 07:35:15.191739+00,99,0,,28.8,73,53,2,Flood Alert (HIGH),Raining
11337,2026-09-30 07:35:21.557459+00,100,0,,28.8,73,53,2,Flood Alert (HIGH),Raining
11338,2026-09-30 07:35:27.869309+00,99,0,,28.8,73,53,0,Safe (LOW),Raining
11339,2026-09-30 07:35:33.939941+00,97,0,,28.8,73,53,0,Safe (LOW),Raining
11340,2026-09-30 07:35:40.27282+00,99,0,,28.8,73,53,2,Flood Alert (HIGH),Raining
11341,2026-09-30 07:35:46.648737+00,97,0,,28.8,73,53,2,Flood Alert (HIGH),Raining
11342,2026-09-30 07:35:52.644698+00,97,0,,28.8,73,53,2,Flood Alert (HIGH),Raining
11343,2026-09-30 07:35:58.628221+00,98,0,,28.8,73,53,2,Flood Alert (HIGH),Raining
11344,2026-09-30 07:36:04.953379+00,97,0,,28.8,73,53,2,Flood Alert (HIGH),Raining
11345,2026-09-30 07:36:10.989788+00,99,0,,28.8,73,53,2,Flood Alert (HIGH),Raining
11346,2026-09-30 07:36:16.89302+00,100,0,,28.8,73,53,2,Flood Alert (HIGH),Raining
11347,2026-09-30 07:36:22.870624+00,96,0,,28.8,73,53,2,Flood Alert (HIGH),Raining
11348,2026-09-30 07:36:29.098812+00,96,0,,28.8,73,53,0,Safe (LOW),Raining
11349,2026-09-30 07:36:35.043987+00,95,0,,28.8,73,53,0,Safe (LOW),Raining
11350,2026-09-30 07:36:41.013803+00,100,0,,28.8,73,53,2,Flood Alert (HIGH),Raining
11351,2026-09-30 07:36:47.109397+00,95,0,,28.8,73,53,2,Flood Alert (HIGH),Raining
11352,2026-09-30 07:36:53.096509+00,95,0,,28.8,73,53,2,Flood Alert (HIGH),Raining
11353,2026-09-30 07:36:59.083966+00,99,0,,28.8,73,53,2,Flood Alert (HIGH),Raining
11354,2026-09-30 07:37:05.033206+00,98,0,,28.8,73,53,0,Safe (LOW),Raining
11355,2026-09-30 07:37:10.980371+00,98,0,,28.8,73,53,0,Safe (LOW),Raining
11356,2026-09-30 07:37:16.896254+00,98,0,,28.8,73,53,0,Safe (LOW),Raining
11357,2026-09-30 07:37:22.900019+00,97,0,,28.9,72,53,2,Flood Alert (HIGH),Raining
11358,2026-09-30 07:37:28.908881+00,97,0,,28.9,72,53,2,Flood Alert (HIGH),Raining
11359,2026-09-30 07:37:34.82254+00,97,0,,28.9,72,53,2,Flood Alert (HIGH),Raining
11360,2026-09-30 07:37:40.8608+00,99,0,,28.9,72,53,0,Safe (LOW),Raining
11361,2026-09-30 07:37:46.814759+00,97,0,,28.9,72,53,0,Safe (LOW),Raining
11362,2026-09-30 07:37:52.772074+00,98,0,,28.9,72,53,0,Safe (LOW),Raining
11363,2026-09-30 07:37:58.698205+00,98,0,,28.9,72,53,2,Flood Alert (HIGH),Raining
11364,2026-09-30 07:38:04.729928+00,97,0,,28.9,72,53,2,Flood Alert (HIGH),Raining
11365,2026-09-30 07:38:10.667866+00,98,0,,28.9,72,53,2,Flood Alert (HIGH),Raining
11366,2026-09-30 07:38:16.608447+00,99,0,,28.9,72,53,2,Flood Alert (HIGH),Raining
11367,2026-09-30 07:38:22.570094+00,97,0,,28.9,72,53,0,Safe (LOW),Raining
11368,2026-09-30 07:38:28.520629+00,98,0,,28.9,72,53,0,Safe (LOW),Raining
11369,2026-09-30 07:38:34.580826+00,99,0,,28.9,72,53,0,Safe (LOW),Raining
11370,2026-09-30 07:38:40.594581+00,97,0,,28.9,72,53,0,Safe (LOW),Raining
11371,2026-09-30 07:38:46.547418+00,98,0,,28.9,72,53,0,Safe (LOW),Raining
11372,2026-09-30 07:38:52.598347+00,100,0,,28.9,72,53,2,Flood Alert (HIGH),Raining
11373,2026-09-30 07:38:58.914504+00,97,0,,28.9,72,53,0,Safe (LOW),Raining
11374,2026-09-30 07:39:05.190776+00,98,0,,28.9,72,53,2,Flood Alert (HIGH),Raining
11375,2026-09-30 07:39:11.519928+00,98,0,,28.9,72,53,2,Flood Alert (HIGH),Raining
11376,2026-09-30 07:39:17.769928+00,97,0,,28.9,72,53,2,Flood Alert (HIGH),Raining
11377,2026-09-30 07:39:24.140242+00,100,0,,28.9,72,53,2,Flood Alert (HIGH),Raining
11378,2026-09-30 07:39:30.479631+00,98,0,,28.9,72,53,0,Safe (LOW),Raining
11379,2026-09-30 07:39:37.076991+00,97,0,,28.9,72,53,0,Safe (LOW),Raining
11380,2026-09-30 07:39:43.068251+00,97,0,,28.9,72,53,2,Flood Alert (HIGH),Raining
11381,2026-09-30 07:39:49.416171+00,98,0,,28.9,72,53,2,Flood Alert (HIGH),Raining
11382,2026-09-30 07:39:55.457359+00,99,0,,28.9,72,53,2,Flood Alert (HIGH),Raining
11383,2026-09-30 07:40:01.807469+00,98,0,,28.9,72,53,0,Safe (LOW),Raining
11384,2026-09-30 07:40:08.157514+00,98,0,,28.9,72,53,0,Safe (LOW),Raining
11385,2026-09-30 07:40:14.515315+00,98,0,,28.9,72,53,0,Safe (LOW),Raining
11386,2026-09-30 07:40:20.840672+00,98,0,,28.9,72,53,2,Flood Alert (HIGH),Raining
11387,2026-09-30 07:40:26.78687+00,97,0,,28.9,72,53,2,Flood Alert (HIGH),Raining
11388,2026-09-30 07:40:33.119915+00,98,0,,28.9,72,53,0,Safe (LOW),Raining
11389,2026-09-30 07:40:39.381757+00,99,0,,28.9,72,53,0,Safe (LOW),Raining
11390,2026-09-30 07:40:45.403776+00,98,0,,28.9,72,53,0,Safe (LOW),Raining
11391,2026-09-30 07:40:51.374922+00,98,0,,28.9,72,53,0,Safe (LOW),Raining
11392,2026-09-30 07:40:57.7147+00,97,0,,28.9,72,53,0,Safe (LOW),Raining
11393,2026-09-30 07:41:04.073495+00,98,0,,28.9,72,53,2,Flood Alert (HIGH),Raining
11394,2026-09-30 07:41:10.40396+00,97,0,,28.9,72,53,2,Flood Alert (HIGH),Raining
11395,2026-09-30 07:41:16.640456+00,97,0,,28.9,72,53,2,Flood Alert (HIGH),Raining
11396,2026-09-30 07:41:22.908394+00,97,0,,28.9,72,53,2,Flood Alert (HIGH),Raining
11397,2026-09-30 07:41:29.266914+00,97,0,,28.9,72,53,2,Flood Alert (HIGH),Raining
11398,2026-09-30 07:41:35.585031+00,100,0,,28.9,72,53,0,Safe (LOW),Raining
11399,2026-09-30 07:41:41.547212+00,98,0,,28.9,72,53,0,Safe (LOW),Raining
11400,2026-09-30 07:41:47.869546+00,98,0,,28.9,72,53,0,Safe (LOW),Raining
11401,2026-09-30 07:41:53.82892+00,98,0,,28.9,72,53,2,Flood Alert (HIGH),Raining
11402,2026-09-30 07:41:59.836372+00,100,0,,28.9,72,53,2,Flood Alert (HIGH),Raining
11403,2026-09-30 07:42:06.110425+00,98,0,,28.9,72,53,0,Safe (LOW),Raining
11404,2026-09-30 07:42:12.164429+00,99,0,,28.9,72,53,0,Safe (LOW),Raining
11405,2026-09-30 07:42:18.504805+00,99,0,,28.9,72,53,0,Safe (LOW),Raining
11406,2026-09-30 07:42:24.538165+00,97,0,,28.9,72,53,0,Safe (LOW),Raining
11407,2026-09-30 07:42:31.029527+00,99,0,,28.9,72,53,2,Flood Alert (HIGH),Raining
11408,2026-09-30 07:42:37.341906+00,98,0,,28.9,72,53,0,Safe (LOW),Raining
11409,2026-09-30 07:42:43.681197+00,99,0,,28.9,72,53,2,Flood Alert (HIGH),Raining
11410,2026-09-30 07:42:49.929376+00,99,0,,28.9,72,53,2,Flood Alert (HIGH),Raining
11411,2026-09-30 07:42:55.863073+00,97,0,,28.9,72,53,2,Flood Alert (HIGH),Raining
11412,2026-09-30 07:43:01.85427+00,99,0,,28.9,72,53,2,Flood Alert (HIGH),Raining
11413,2026-09-30 07:43:07.813403+00,99,0,,28.9,72,53,2,Flood Alert (HIGH),Raining
11414,2026-09-30 07:43:13.784313+00,97,0,,28.9,72,53,0,Safe (LOW),Raining
11415,2026-09-30 07:43:19.794248+00,97,0,,28.9,72,53,0,Safe (LOW),Raining
11416,2026-09-30 07:43:25.802528+00,99,0,,28.9,72,53,0,Safe (LOW),Raining
11417,2026-09-30 07:43:31.820081+00,97,0,,28.9,72,53,0,Safe (LOW),Raining
11418,2026-09-30 07:43:37.873526+00,97,0,,28.9,72,53,0,Safe (LOW),Raining
11419,2026-09-30 07:43:44.201085+00,97,0,,28.9,72,53,0,Safe (LOW),Raining
11420,2026-09-30 07:43:50.467115+00,97,0,,28.9,72,53,0,Safe (LOW),Raining
11421,2026-09-30 07:43:56.467436+00,99,0,,28.9,72,53,2,Flood Alert (HIGH),Raining
11422,2026-09-30 07:44:02.715473+00,99,0,,28.9,72,53,0,Safe (LOW),Raining
11423,2026-09-30 07:44:08.983818+00,97,0,,28.9,72,53,2,Flood Alert (HIGH),Raining
11424,2026-09-30 07:44:15.831263+00,98,0,,28.9,72,53,0,Safe (LOW),Raining
11425,2026-09-30 07:44:22.120145+00,98,0,,28.9,72,53,2,Flood Alert (HIGH),Raining
11426,2026-09-30 07:44:28.438902+00,98,0,,28.9,72,53,0,Safe (LOW),Raining
11427,2026-09-30 07:44:34.80125+00,97,0,,28.9,72,53,0,Safe (LOW),Raining
11428,2026-09-30 07:44:41.177909+00,97,0,,28.9,72,53,0,Safe (LOW),Raining
11429,2026-09-30 07:44:47.526548+00,97,0,,28.9,72,53,0,Safe (LOW),Raining
11430,2026-09-30 07:44:53.868072+00,99,0,,28.9,72,53,0,Safe (LOW),Raining
11431,2026-09-30 07:45:00.282927+00,97,0,,28.9,72,53,0,Safe (LOW),Raining
11432,2026-09-30 07:45:06.73225+00,98,0,,28.9,72,53,0,Safe (LOW),Raining
11433,2026-09-30 07:45:13.067034+00,99,0,,28.9,72,53,0,Safe (LOW),Raining
11434,2026-09-30 07:45:20.145373+00,97,0,,28.9,72,53,2,Flood Alert (HIGH),Raining
11435,2026-09-30 07:45:26.147278+00,100,0,,28.9,72,53,2,Flood Alert (HIGH),Raining
11436,2026-09-30 07:45:32.442613+00,99,0,,28.9,72,53,0,Safe (LOW),Raining
11437,2026-09-30 07:45:38.821421+00,99,0,,28.9,72,53,2,Flood Alert (HIGH),Raining
11438,2026-09-30 07:45:45.226518+00,99,0,,28.9,72,53,2,Flood Alert (HIGH),Raining
11439,2026-09-30 07:45:51.504733+00,97,0,,28.9,72,53,2,Flood Alert (HIGH),Raining
11440,2026-09-30 07:45:57.852456+00,99,0,,28.9,72,53,2,Flood Alert (HIGH),Raining
11441,2026-09-30 07:46:04.165892+00,97,0,,28.9,72,53,0,Safe (LOW),Raining
11442,2026-09-30 07:46:10.428515+00,97,0,,28.9,72,53,0,Safe (LOW),Raining
11443,2026-09-30 07:46:16.471991+00,98,0,,28.9,72,53,2,Flood Alert (HIGH),Raining
11444,2026-09-30 07:46:22.80163+00,97,0,,28.9,72,53,2,Flood Alert (HIGH),Raining
11445,2026-09-30 07:46:28.993135+00,98,0,,28.9,72,53,2,Flood Alert (HIGH),Raining
11446,2026-09-30 07:46:35.294424+00,97,0,,28.9,72,53,0,Safe (LOW),Raining
11447,2026-09-30 07:46:41.564933+00,97,0,,28.9,72,53,2,Flood Alert (HIGH),Raining
11448,2026-09-30 07:46:47.90204+00,100,0,,28.9,72,53,0,Safe (LOW),Raining
11449,2026-09-30 07:46:54.226438+00,99,0,,28.9,72,53,0,Safe (LOW),Raining
11450,2026-09-30 07:47:00.487724+00,99,0,,28.9,72,53,0,Safe (LOW),Raining
11451,2026-09-30 07:47:06.836692+00,100,0,,28.9,72,53,0,Safe (LOW),Raining
11452,2026-09-30 07:47:13.105187+00,99,0,,28.9,72,53,2,Flood Alert (HIGH),Raining
11453,2026-09-30 07:47:19.449137+00,99,0,,28.9,72,53,2,Flood Alert (HIGH),Raining
11454,2026-09-30 07:47:25.805103+00,100,0,,29.1,71,53,2,Flood Alert (HIGH),Raining
11455,2026-09-30 07:47:31.815649+00,97,0,,29.1,71,53,2,Flood Alert (HIGH),Raining
11456,2026-09-30 07:47:37.723394+00,98,0,,29.1,71,53,2,Flood Alert (HIGH),Raining
11457,2026-09-30 07:47:43.700194+00,99,0,,29.1,71,53,2,Flood Alert (HIGH),Raining
11458,2026-09-30 07:47:49.724745+00,97,0,,29.1,71,53,2,Flood Alert (HIGH),Raining
11459,2026-09-30 07:47:55.981014+00,97,0,,29.1,71,53,2,Flood Alert (HIGH),Raining
11460,2026-09-30 07:48:01.954188+00,99,0,,29.1,71,53,2,Flood Alert (HIGH),Raining
11461,2026-09-30 07:48:07.966767+00,100,0,,29.1,71,53,2,Flood Alert (HIGH),Raining
11462,2026-09-30 07:48:13.926314+00,96,0,,29.1,71,53,2,Flood Alert (HIGH),Raining
11463,2026-09-30 07:48:19.943239+00,85,0,,29.1,71,53,2,Flood Alert (HIGH),Raining
11464,2026-09-30 07:48:26.192897+00,95,0,,29.1,71,53,2,Flood Alert (HIGH),Raining
11465,2026-09-30 07:48:32.431986+00,97,0,,29.1,71,53,2,Flood Alert (HIGH),Raining
11466,2026-09-30 07:48:38.362534+00,0,211.41,,29.1,71,53,2,Flood Alert (HIGH),Clear
11467,2026-09-30 07:48:44.339481+00,0,3.56222,,29.1,71,53,2,Flood Alert (HIGH),Clear
11468,2026-09-30 07:48:50.379237+00,95,0,,29.1,71,53,2,Flood Alert (HIGH),Raining
11469,2026-09-30 07:48:56.361669+00,99,0,,29.1,71,53,0,Safe (LOW),Raining
11470,2026-09-30 07:49:02.310981+00,98,0,,29.1,71,53,0,Safe (LOW),Raining
11471,2026-09-30 07:49:08.27627+00,96,0,,29.1,71,53,0,Safe (LOW),Raining
11472,2026-09-30 07:49:14.224128+00,0,211.41,,29.1,71,53,0,Safe (LOW),Clear
11473,2026-09-30 07:49:25.296421+00,0,196.136,,29.1,71,53,0,Safe (LOW),Clear
11474,2026-09-30 07:49:31.315621+00,98,0,,29.1,71,53,0,Safe (LOW),Raining
11475,2026-09-30 07:49:37.56837+00,97,0,,29.1,71,53,0,Safe (LOW),Raining
11476,2026-09-30 07:49:43.498911+00,99,0,,29.1,71,53,0,Safe (LOW),Raining
11477,2026-09-30 07:49:49.424224+00,99,0,,29.1,71,53,0,Safe (LOW),Raining
11478,2026-09-30 07:49:56.518252+00,97,0,,29.1,71,53,0,Safe (LOW),Raining
11479,2026-09-30 07:50:02.58379+00,99,0,,29.1,71,53,0,Safe (LOW),Raining
11480,2026-09-30 07:50:08.643086+00,97,0,,29.1,71,53,0,Safe (LOW),Raining
11481,2026-09-30 07:50:14.624629+00,97,0,,29.1,71,53,0,Safe (LOW),Raining
11482,2026-09-30 07:50:20.869965+00,97,0,,29.1,71,53,2,Flood Alert (HIGH),Raining
11483,2026-09-30 07:50:27.124626+00,98,0,,29.1,71,53,2,Flood Alert (HIGH),Raining
11484,2026-09-30 07:50:33.050439+00,100,0,,29.1,71,53,2,Flood Alert (HIGH),Raining
11485,2026-09-30 07:50:38.986375+00,99,0,,29.1,71,53,0,Safe (LOW),Raining
11486,2026-09-30 07:50:44.923519+00,98,0,,29.1,71,53,0,Safe (LOW),Raining
11487,2026-09-30 07:50:50.8683+00,97,0,,29.1,71,53,0,Safe (LOW),Raining
11488,2026-09-30 07:50:56.837756+00,98,0,,29.1,71,53,2,Flood Alert (HIGH),Raining
11489,2026-09-30 07:51:02.921774+00,97,0,,29.1,71,53,2,Flood Alert (HIGH),Raining
11490,2026-09-30 07:51:08.886907+00,97,0,,29.1,71,53,2,Flood Alert (HIGH),Raining
11491,2026-09-30 07:51:14.820589+00,98,0,,29.1,71,53,2,Flood Alert (HIGH),Raining
11492,2026-09-30 07:51:20.797388+00,99,0,,29.1,71,53,2,Flood Alert (HIGH),Raining
11493,2026-09-30 07:51:26.798158+00,97,0,,29.1,71,53,2,Flood Alert (HIGH),Raining
11494,2026-09-30 07:51:32.753845+00,99,0,,29.1,71,53,2,Flood Alert (HIGH),Raining
11495,2026-09-30 07:51:38.698225+00,97,0,,29.1,71,53,2,Flood Alert (HIGH),Raining
11496,2026-09-30 07:51:44.627134+00,99,0,,29.1,71,53,2,Flood Alert (HIGH),Raining
11497,2026-09-30 07:51:50.545903+00,99,0,,29.1,71,53,2,Flood Alert (HIGH),Raining
11498,2026-09-30 07:51:56.577632+00,99,0,,29.1,71,53,2,Flood Alert (HIGH),Raining
11499,2026-09-30 07:52:02.526955+00,99,0,,29.1,71,53,2,Flood Alert (HIGH),Raining
11500,2026-09-30 07:52:08.636177+00,99,0,,29.1,71,53,2,Flood Alert (HIGH),Raining
11501,2026-09-30 07:52:14.633358+00,99,0,,29.1,71,53,2,Flood Alert (HIGH),Raining
11502,2026-09-30 07:52:20.551332+00,99,0,,29.1,71,53,2,Flood Alert (HIGH),Raining
11503,2026-09-30 07:52:26.50529+00,98,0,,29.1,71,53,0,Safe (LOW),Raining
11504,2026-09-30 07:52:32.459713+00,98,0,,29.1,71,53,0,Safe (LOW),Raining
11505,2026-09-30 07:52:38.416013+00,98,0,,29.1,71,53,2,Flood Alert (HIGH),Raining
11506,2026-09-30 07:52:44.434185+00,99,0,,29.1,71,53,2,Flood Alert (HIGH),Raining
11507,2026-09-30 07:52:50.350219+00,99,0,,29.1,71,53,0,Safe (LOW),Raining
11508,2026-09-30 07:52:56.30128+00,98,0,,29.1,71,53,0,Safe (LOW),Raining
11509,2026-09-30 07:53:02.249944+00,97,0,,29.1,71,53,2,Flood Alert (HIGH),Raining
11510,2026-09-30 07:53:08.194661+00,97,0,,29.1,71,53,0,Safe (LOW),Raining
11511,2026-09-30 07:53:14.452289+00,98,0,,29.1,71,53,2,Flood Alert (HIGH),Raining
11512,2026-09-30 07:53:20.467547+00,99,0,,29.1,71,53,2,Flood Alert (HIGH),Raining
11513,2026-09-30 07:53:26.395912+00,98,0,,29.1,71,53,2,Flood Alert (HIGH),Raining
11514,2026-09-30 07:53:32.37092+00,97,0,,29.1,71,53,2,Flood Alert (HIGH),Raining
11515,2026-09-30 07:53:38.403245+00,99,0,,29.1,71,53,2,Flood Alert (HIGH),Raining
11516,2026-09-30 07:53:44.351537+00,97,0,,29.1,71,53,2,Flood Alert (HIGH),Raining
11517,2026-09-30 07:53:50.348933+00,99,0,,29.1,71,53,2,Flood Alert (HIGH),Raining
11518,2026-09-30 07:53:56.300287+00,99,0,,29.1,71,53,2,Flood Alert (HIGH),Raining
11519,2026-09-30 07:54:02.253225+00,98,0,,29.1,71,53,2,Flood Alert (HIGH),Raining
11520,2026-09-30 07:54:08.210799+00,99,0,,29.1,71,53,2,Flood Alert (HIGH),Raining
11521,2026-09-30 07:54:14.233828+00,98,0,,29.1,71,53,2,Flood Alert (HIGH),Raining
11522,2026-09-30 07:54:20.185635+00,98,0,,29.1,71,53,2,Flood Alert (HIGH),Raining
11523,2026-09-30 07:54:26.307447+00,97,0,,29.1,71,53,2,Flood Alert (HIGH),Raining
11524,2026-09-30 07:54:32.258985+00,99,0,,29.1,71,53,2,Flood Alert (HIGH),Raining
11525,2026-09-30 07:54:38.759992+00,97,0,,29.1,71,53,2,Flood Alert (HIGH),Raining
11526,2026-09-30 07:54:44.805746+00,99,0,,29.1,71,53,2,Flood Alert (HIGH),Raining
11527,2026-09-30 07:54:50.716854+00,98,0,,29.1,71,53,2,Flood Alert (HIGH),Raining
11528,2026-09-30 07:54:56.743737+00,98,0,,29.1,71,53,2,Flood Alert (HIGH),Raining
11529,2026-09-30 07:55:02.772371+00,98,0,,29.1,71,53,2,Flood Alert (HIGH),Raining
11530,2026-09-30 07:55:08.684856+00,100,0,,29.1,71,53,2,Flood Alert (HIGH),Raining
11531,2026-09-30 07:55:14.695737+00,98,0,,29.1,71,53,2,Flood Alert (HIGH),Raining
11532,2026-09-30 07:55:20.680607+00,100,0,,29.1,71,53,2,Flood Alert (HIGH),Raining
11533,2026-09-30 07:55:26.610274+00,100,0,,29.1,71,53,2,Flood Alert (HIGH),Raining
11534,2026-09-30 07:55:32.541634+00,100,0,,29.1,71,53,2,Flood Alert (HIGH),Raining
11535,2026-09-30 07:55:38.496277+00,98,0,,29.1,71,53,2,Flood Alert (HIGH),Raining
11536,2026-09-30 07:55:44.427067+00,100,0,,29.1,71,53,2,Flood Alert (HIGH),Raining
11537,2026-09-30 07:55:50.387668+00,100,0,,29.1,71,53,2,Flood Alert (HIGH),Raining
11538,2026-09-30 07:55:56.305624+00,99,0,,29.1,71,53,2,Flood Alert (HIGH),Raining
11539,2026-09-30 07:56:02.252954+00,98,0,,29.1,71,53,2,Flood Alert (HIGH),Raining
11540,2026-09-30 07:56:08.265945+00,98,0,,29.1,71,53,2,Flood Alert (HIGH),Raining
11541,2026-09-30 07:56:14.228216+00,100,0,,29.1,71,53,2,Flood Alert (HIGH),Raining
11542,2026-09-30 07:56:20.197368+00,98,0,,29.1,71,53,2,Flood Alert (HIGH),Raining
11543,2026-09-30 07:56:26.209973+00,97,0,,29.1,71,53,2,Flood Alert (HIGH),Raining
11544,2026-09-30 07:56:32.154425+00,99,0,,29.1,71,53,2,Flood Alert (HIGH),Raining
11545,2026-09-30 07:56:38.095152+00,98,0,,29.1,71,53,2,Flood Alert (HIGH),Raining
11546,2026-09-30 07:56:44.028489+00,100,0,,29.1,71,53,2,Flood Alert (HIGH),Raining
11547,2026-09-30 07:56:50.049695+00,98,0,,29.1,71,53,0,Safe (LOW),Raining
11548,2026-09-30 07:56:56.01828+00,100,0,,29.1,71,53,0,Safe (LOW),Raining
11549,2026-09-30 07:57:01.951719+00,98,0,,29.1,71,53,0,Safe (LOW),Raining
11550,2026-09-30 07:57:07.895257+00,97,0,,29.1,71,53,0,Safe (LOW),Raining
11551,2026-09-30 07:57:13.865023+00,100,0,,29.1,71,53,0,Safe (LOW),Raining
11552,2026-09-30 07:57:19.878733+00,97,0,,29.1,71,53,2,Flood Alert (HIGH),Raining
11553,2026-09-30 07:57:25.865428+00,98,0,,29.1,71,53,2,Flood Alert (HIGH),Raining
11554,2026-09-30 07:57:32.192741+00,97,0,,29.1,71,53,2,Flood Alert (HIGH),Raining
11555,2026-09-30 07:57:38.287312+00,100,0,,29.1,71,53,2,Flood Alert (HIGH),Raining
11556,2026-09-30 07:57:44.212409+00,98,0,,29.1,71,53,2,Flood Alert (HIGH),Raining
11557,2026-09-30 07:57:50.21985+00,98,0,,29.1,71,53,2,Flood Alert (HIGH),Raining
11558,2026-09-30 07:57:56.292499+00,99,0,,29.1,71,53,2,Flood Alert (HIGH),Raining
11559,2026-09-30 07:58:02.170033+00,100,0,,29.1,71,53,2,Flood Alert (HIGH),Raining
11560,2026-09-30 07:58:08.11791+00,97,0,,29.1,71,53,2,Flood Alert (HIGH),Raining
11561,2026-09-30 07:58:14.047147+00,99,0,,29.1,71,53,2,Flood Alert (HIGH),Raining
11562,2026-09-30 07:58:19.988589+00,99,0,,29.1,71,53,2,Flood Alert (HIGH),Raining
11563,2026-09-30 07:58:25.929631+00,99,0,,29.1,71,53,2,Flood Alert (HIGH),Raining
11564,2026-09-30 07:58:31.988079+00,98,0,,29.1,71,53,2,Flood Alert (HIGH),Raining
11565,2026-09-30 07:58:38.002324+00,98,0,,29.1,71,53,2,Flood Alert (HIGH),Raining
11566,2026-09-30 07:58:43.966379+00,99,0,,29.1,71,53,2,Flood Alert (HIGH),Raining
11567,2026-09-30 07:58:49.883783+00,98,0,,29.1,71,53,2,Flood Alert (HIGH),Raining
11568,2026-09-30 07:58:55.812663+00,100,0,,29.1,71,53,2,Flood Alert (HIGH),Raining
11569,2026-09-30 07:59:01.758771+00,97,0,,29.1,71,53,2,Flood Alert (HIGH),Raining
11570,2026-09-30 07:59:07.892786+00,97,0,,29.1,71,53,2,Flood Alert (HIGH),Raining
11571,2026-09-30 07:59:13.853394+00,99,0,,29.1,71,53,2,Flood Alert (HIGH),Raining
11572,2026-09-30 07:59:19.787943+00,97,0,,29.1,71,53,2,Flood Alert (HIGH),Raining
11573,2026-09-30 07:59:28.309299+00,98,0,,29.1,71,53,2,Flood Alert (HIGH),Raining
11574,2026-09-30 07:59:34.300214+00,97,0,,29.1,71,53,2,Flood Alert (HIGH),Raining
11575,2026-09-30 07:59:40.26852+00,99,0,,29.1,71,53,2,Flood Alert (HIGH),Raining
11576,2026-09-30 07:59:46.229192+00,98,0,,29.1,71,53,2,Flood Alert (HIGH),Raining
11577,2026-09-30 07:59:52.251872+00,98,0,,29.1,71,53,2,Flood Alert (HIGH),Raining
11578,2026-09-30 07:59:58.495375+00,98,0,,29.1,71,53,2,Flood Alert (HIGH),Raining
11579,2026-09-30 08:00:04.563342+00,98,0,,29.1,71,53,2,Flood Alert (HIGH),Raining
11580,2026-09-30 08:00:10.689533+00,99,0,,29.1,71,53,2,Flood Alert (HIGH),Raining
11581,2026-09-30 08:00:16.702429+00,99,0,,29.1,71,53,2,Flood Alert (HIGH),Raining
11582,2026-09-30 08:00:22.656015+00,98,0,,29.1,71,53,2,Flood Alert (HIGH),Raining
11583,2026-09-30 08:00:28.614539+00,97,0,,29.1,71,53,2,Flood Alert (HIGH),Raining
11584,2026-09-30 08:00:34.554766+00,98,0,,29.1,71,53,2,Flood Alert (HIGH),Raining
11585,2026-09-30 08:00:40.475942+00,97,0,,29.1,71,53,2,Flood Alert (HIGH),Raining
11586,2026-09-30 08:00:46.383097+00,99,0,,29.1,71,53,2,Flood Alert (HIGH),Raining
11587,2026-09-30 08:00:52.277058+00,98,0,,29.1,71,53,2,Flood Alert (HIGH),Raining
11588,2026-09-30 08:00:58.318306+00,0,84.4572,,29.1,71,53,2,Flood Alert (HIGH),Clear
11589,2026-09-30 08:01:04.375397+00,100,0,,29.1,71,53,2,Flood Alert (HIGH),Raining
11590,2026-09-30 08:01:10.387205+00,79,0,,29.1,71,53,0,Safe (LOW),Raining
11591,2026-09-30 08:01:16.653047+00,97,0,,29.1,71,53,0,Safe (LOW),Raining
11592,2026-09-30 08:01:22.666873+00,99,0,,29.1,71,53,0,Safe (LOW),Raining
11593,2026-09-30 08:01:28.591627+00,100,0,,29.1,71,53,0,Safe (LOW),Raining
11594,2026-09-30 08:02:06.431506+00,0,196.723,874,29.2,72,53,2,Flood Alert (HIGH),Clear
11595,2026-09-30 08:02:13.067622+00,95,0,874,29.2,72,53,0,Safe (LOW),Raining
11596,2026-09-30 08:02:19.621003+00,95,0,873,29.2,72,53,2,Flood Alert (HIGH),Raining
11597,2026-09-30 08:02:26.083427+00,95,0,873,29.2,72,53,2,Flood Alert (HIGH),Raining
11598,2026-09-30 08:02:32.51351+00,95,0,874,29.2,72,53,2,Flood Alert (HIGH),Raining
11599,2026-09-30 08:02:39.494863+00,95,0,874,29.2,72,53,2,Flood Alert (HIGH),Raining
11600,2026-09-30 08:02:46.229865+00,96,0,874,29.2,72,53,0,Safe (LOW),Raining
11601,2026-09-30 08:02:52.276041+00,96,0,876,29.2,72,53,0,Safe (LOW),Raining
11602,2026-09-30 08:02:58.744422+00,96,0,875,29.2,72,53,2,Flood Alert (HIGH),Raining
11603,2026-09-30 08:03:05.490029+00,95,0,876,29.2,72,53,2,Flood Alert (HIGH),Raining
11604,2026-09-30 08:03:12.1486+00,95,0,876,29.2,72,53,2,Flood Alert (HIGH),Raining
11605,2026-09-30 08:03:18.799619+00,95,0,876,29.2,72,53,2,Flood Alert (HIGH),Raining
11606,2026-09-30 08:03:25.036715+00,95,0,877,29.2,72,53,2,Flood Alert (HIGH),Raining
11607,2026-09-30 08:03:31.300065+00,95,0,878,29.2,72,53,2,Flood Alert (HIGH),Raining
11608,2026-09-30 08:03:38.041761+00,96,0,878,29.2,72,53,2,Alert (HIGH),Raining
11609,2026-09-30 08:03:44.428161+00,97,0,880,29.2,72,53,2,Flood Alert (HIGH),Raining
11610,2026-09-30 08:03:50.791193+00,96,0,881,29.2,72,53,2,Flood Alert (HIGH),Raining
11611,2026-09-30 08:03:57.293299+00,96,0,880,29.2,72,53,2,Flood Alert (HIGH),Raining
11612,2026-09-30 08:04:03.671044+00,95,0,880,29.2,72,53,2,Flood Alert (HIGH),Raining
11613,2026-09-30 08:06:40.770879+00,0,190.731,42,29.2,72,53,2,Flood Alert (HIGH),Clear
11614,2026-09-30 08:06:47.293539+00,96,0,43,29.2,72,53,2,Flood Alert (HIGH),Raining
11615,2026-09-30 08:06:53.787784+00,96,0,42,29.2,72,53,2,Flood Alert (HIGH),Raining
11616,2026-09-30 08:07:00.088836+00,93,0,42,29.2,72,53,0,Safe (LOW),Raining
11617,2026-09-30 08:07:06.209177+00,94,0,42,29.2,72,53,0,Safe (LOW),Raining
11618,2026-09-30 08:07:12.401298+00,96,0,43,29.2,72,53,0,Safe (LOW),Raining
11619,2026-09-30 08:07:19.22458+00,96,0,42,29.2,72,53,0,Safe (LOW),Raining
11620,2026-09-30 08:09:26.16125+00,0,198.192,2211,29.2,72,53,0,Safe (LOW),Clear
11621,2026-09-30 08:09:32.557244+00,97,0,2216,29.2,72,53,0,Safe (LOW),Raining
11622,2026-09-30 08:09:38.613241+00,95,0,2218,29.2,72,53,0,Safe (LOW),Raining
11623,2026-09-30 08:09:44.988386+00,96,0,2215,29.2,72,53,0,Safe (LOW),Raining
11624,2026-09-30 08:09:51.500794+00,97,0,2218,29.2,72,53,0,Safe (LOW),Raining
11625,2026-09-30 08:09:58.26592+00,96,0,2219,29.2,72,53,0,Safe (LOW),Raining
11626,2026-09-30 08:10:04.495845+00,96,0,2216,29.2,72,53,0,Safe (LOW),Raining
11627,2026-09-30 08:10:10.684888+00,95,0,2208,29.2,72,53,0,Safe (LOW),Raining
11628,2026-09-30 08:10:17.155482+00,98,0,2205,29.2,72,53,0,Safe (LOW),Raining
11629,2026-09-30 08:10:23.77141+00,95,0,2202,29.2,72,53,2,Flood Alert (HIGH),Raining
11630,2026-09-30 08:10:31.342928+00,97,0,2203,29.2,72,53,2,Flood Alert (HIGH),Raining
11631,2026-09-30 08:10:37.773253+00,96,0,2206,29.2,72,53,2,Flood Alert (HIGH),Raining
11632,2026-09-30 08:10:44.336257+00,96,0,2205,29.2,72,53,2,Flood Alert (HIGH),Raining
11633,2026-09-30 08:10:50.701929+00,95,0,2205,29.2,72,53,2,Flood Alert (HIGH),Raining
11634,2026-09-30 08:10:57.034614+00,96,0,2207,29.2,72,53,2,Flood Alert (HIGH),Raining
11635,2026-09-30 08:11:03.471972+00,96,0,2206,29.2,72,53,2,Flood Alert (HIGH),Raining
11636,2026-09-30 08:11:09.845644+00,96,0,2207,29.2,72,53,2,Flood Alert (HIGH),Raining
11637,2026-09-30 08:11:16.394615+00,94,0,2204,29.2,72,53,2,Flood Alert (HIGH),Raining
11638,2026-09-30 08:11:22.949829+00,96,0,2206,29.2,72,53,2,Flood Alert (HIGH),Raining
11639,2026-09-30 08:11:29.625526+00,97,0,2206,29.2,72,53,2,Flood Alert (HIGH),Raining
11640,2026-09-30 08:11:55.50304+00,100,184.974,981,29.2,72,53,2,Flood Alert (HIGH),Raining
11641,2026-09-30 08:12:01.844074+00,92,0,981,29.2,72,53,2,Flood Alert (HIGH),Raining
11642,2026-09-30 08:12:08.212844+00,91,0,981,29.2,72,53,2,Flood Alert (HIGH),Raining
11643,2026-09-30 08:12:14.577299+00,92,0,981,29.2,72,53,2,Flood Alert (HIGH),Raining
11644,2026-09-30 08:12:20.875324+00,95,0,982,29.2,72,53,2,Flood Alert (HIGH),Raining
11645,2026-09-30 08:12:27.230961+00,91,0,982,29.2,72,53,2,Flood Alert (HIGH),Raining
11646,2026-09-30 08:12:33.68146+00,91,0,982,29.2,72,53,2,Flood Alert (HIGH),Raining
11647,2026-09-30 08:12:40.152779+00,95,0,988,29.2,72,53,2,Flood Alert (HIGH),Raining
11648,2026-09-30 08:12:46.927828+00,94,0,987,29.2,72,53,2,Flood Alert (HIGH),Raining
11649,2026-09-30 08:12:53.659801+00,94,0,988,29.2,72,53,2,Flood Alert (HIGH),Raining
11650,2026-09-30 08:13:00.322168+00,95,0,988,29.2,72,53,2,Flood Alert (HIGH),Raining
11651,2026-09-30 08:13:07.070973+00,93,0,989,29.2,72,53,2,Flood Alert (HIGH),Raining
11652,2026-09-30 08:13:13.218296+00,96,0,987,29.2,72,53,2,Flood Alert (HIGH),Raining
11653,2026-09-30 08:13:19.408165+00,92,0,982,29.2,72,53,2,Flood Alert (HIGH),Raining
11654,2026-09-30 08:13:25.920526+00,94,0,982,29.2,72,53,2,Flood Alert (HIGH),Raining
11655,2026-09-30 08:13:31.964598+00,92,0,983,29.2,72,53,2,Flood Alert (HIGH),Raining
11656,2026-09-30 08:13:38.31117+00,92,0,982,29.2,72,53,2,Flood Alert (HIGH),Raining
11657,2026-09-30 08:13:44.84903+00,92,0,982,29.2,72,53,2,Flood Alert (HIGH),Raining
11658,2026-09-30 08:13:50.947686+00,94,0,983,29.2,72,53,2,Flood Alert (HIGH),Raining
11659,2026-09-30 08:13:56.96099+00,92,0,982,29.2,72,53,2,Flood Alert (HIGH),Raining
11660,2026-09-30 08:14:03.296197+00,92,0,983,29.2,72,53,2,Flood Alert (HIGH),Raining
11661,2026-09-30 08:14:09.243402+00,92,0,982,29.2,72,53,2,Flood Alert (HIGH),Raining
11662,2026-09-30 08:14:15.468283+00,95,0,982,29.2,72,53,2,Flood Alert (HIGH),Raining
11663,2026-09-30 08:14:21.750095+00,93,0,983,29.2,72,53,2,Flood Alert (HIGH),Raining
11664,2026-09-30 08:14:27.918489+00,95,0,985,29.2,72,53,2,Flood Alert (HIGH),Raining
11665,2026-09-30 08:14:34.338763+00,94,0,986,29.2,72,53,2,Flood Alert (HIGH),Raining
11666,2026-09-30 08:14:40.434293+00,97,0,985,29.2,72,53,2,Flood Alert (HIGH),Raining
11667,2026-09-30 08:14:46.56327+00,95,0,986,29.2,72,53,2,Flood Alert (HIGH),Raining
11668,2026-09-30 08:14:52.972969+00,95,0,992,29.2,72,53,2,Flood Alert (HIGH),Raining
11669,2026-09-30 08:14:59.714963+00,93,0,995,29.2,72,53,2,Flood Alert (HIGH),Raining
11670,2026-09-30 08:15:06.382935+00,94,0,995,29.2,72,53,2,Flood Alert (HIGH),Raining
11671,2026-09-30 08:15:12.644508+00,94,0,996,29.2,72,53,2,Flood Alert (HIGH),Raining
11672,2026-09-30 08:15:19.279279+00,92,0,995,29.2,72,53,2,Alert (HIGH),Raining
11673,2026-09-30 08:15:25.84784+00,95,0,995,29.2,72,53,2,Flood Alert (HIGH),Raining
11674,2026-09-30 08:15:31.84846+00,96,0,995,29.2,72,53,2,Flood Alert (HIGH),Raining
11675,2026-09-30 08:15:38.354121+00,94,0,996,29.2,72,53,2,Flood Alert (HIGH),Raining
11676,2026-09-30 08:15:45.006254+00,96,0,997,29.2,72,53,2,Flood Alert (HIGH),Raining
11677,2026-09-30 08:15:51.431993+00,96,0,997,29.2,72,53,2,Flood Alert (HIGH),Raining
11678,2026-09-30 08:15:57.728991+00,96,0,998,29.2,72,53,2,Flood Alert (HIGH),Raining
11679,2026-09-30 08:16:04.445328+00,94,0,998,29.2,72,53,2,Flood Alert (HIGH),Raining
11680,2026-09-30 08:16:10.992474+00,95,0,998,29.2,72,53,2,Flood Alert (HIGH),Raining
11681,2026-09-30 08:16:17.434412+00,96,0,1005,29.2,72,53,2,Flood Alert (HIGH),Raining
11682,2026-09-30 08:16:23.777618+00,97,0,1004,29.2,72,53,2,Flood Alert (HIGH),Raining
11683,2026-09-30 08:16:30.239886+00,97,0,1004,29.2,72,53,2,Flood Alert (HIGH),Raining
11684,2026-09-30 08:16:36.405069+00,96,0,1004,29.2,72,53,2,Flood Alert (HIGH),Raining
11685,2026-09-30 08:16:42.762621+00,97,0,1005,29.2,72,53,2,Flood Alert (HIGH),Raining
11686,2026-09-30 08:16:49.222173+00,93,0,1003,29.2,72,53,2,Flood Alert (HIGH),Raining
11687,2026-09-30 08:16:55.616747+00,94,0,1004,29.2,72,53,2,Flood Alert (HIGH),Raining
11688,2026-09-30 08:17:02.136864+00,94,0,1005,29.2,72,53,2,Flood Alert (HIGH),Raining
11689,2026-09-30 08:17:27.095815+00,100,179.334,1089,29,73,53,2,Flood Alert (HIGH),Raining
11690,2026-09-30 08:17:33.409782+00,93,0,1089,29,73,53,2,Flood Alert (HIGH),Raining
11691,2026-09-30 08:17:39.615159+00,76,0,2673,29,73,53,2,Flood Alert (HIGH),Raining
11692,2026-09-30 08:17:46.219159+00,96,0,2697,29,73,53,2,Flood Alert (HIGH),Raining
11693,2026-09-30 08:17:52.509613+00,97,0,2703,29,73,53,0,Safe (LOW),Raining
11694,2026-09-30 08:17:58.940782+00,94,0,2697,29,73,53,0,Safe (LOW),Raining
11695,2026-09-30 08:18:05.078003+00,94,0,2694,29,73,53,0,Safe (LOW),Raining
11696,2026-09-30 08:18:11.659664+00,92,0,2696,29,73,53,0,Safe (LOW),Raining
11697,2026-09-30 08:18:18.31563+00,93,0,2700,29,73,53,0,Safe (LOW),Raining
11698,2026-09-30 08:18:24.961765+00,93,0,2700,29,73,53,0,Safe (LOW),Raining
11699,2026-09-30 08:18:31.429873+00,92,0,2707,29,73,53,0,Safe (LOW),Raining
11700,2026-09-30 08:18:37.991709+00,94,0,2708,29,73,53,0,Safe (LOW),Raining
11701,2026-09-30 08:18:44.410703+00,91,0,2708,29,73,53,0,Safe (LOW),Raining
11702,2026-09-30 08:18:51.089765+00,92,0,2709,29,73,53,0,Safe (LOW),Raining
11703,2026-09-30 08:18:57.536211+00,92,0,2705,29,73,53,0,Safe (LOW),Raining
11704,2026-09-30 08:19:04.08091+00,94,0,2705,29,73,53,0,Safe (LOW),Raining
11705,2026-09-30 08:19:10.756326+00,92,0,2707,29,73,53,0,Safe (LOW),Raining
11706,2026-09-30 08:19:16.896038+00,93,0,2705,29,73,53,0,Safe (LOW),Raining
11707,2026-09-30 08:19:23.23325+00,93,0,2705,29,73,53,0,Safe (LOW),Raining
11708,2026-09-30 08:19:29.685108+00,92,0,2708,29,73,53,0,Safe (LOW),Raining
11709,2026-09-30 08:19:36.358919+00,92,0,2707,29,73,53,0,Safe (LOW),Raining
11710,2026-09-30 08:19:42.885217+00,93,0,2704,29,73,53,0,Safe (LOW),Raining
11711,2026-09-30 08:19:49.144364+00,93,0,2705,29,73,53,0,Safe (LOW),Raining
11712,2026-09-30 08:19:55.400389+00,93,0,2697,29,73,53,0,Safe (LOW),Raining
11713,2026-09-30 08:20:01.943969+00,94,0,2698,29,73,53,0,Safe (LOW),Raining
11714,2026-09-30 08:20:08.294627+00,94,0,2697,29,73,53,0,Safe (LOW),Raining
11715,2026-09-30 08:20:32.860738+00,100,179.099,2696,29,73,53,2,Flood Alert (HIGH),Raining
11716,2026-09-30 08:20:39.238798+00,92,0,2695,29,73,53,2,Flood Alert (HIGH),Raining
11717,2026-09-30 08:20:45.567617+00,92,0,2698,29,73,53,2,Flood Alert (HIGH),Raining
11718,2026-09-30 08:20:52.016776+00,93,0,2696,29,73,53,0,Safe (LOW),Raining
11719,2026-09-30 08:20:58.60147+00,94,0,2698,29,73,53,2,Flood Alert (HIGH),Raining
11720,2026-09-30 08:21:04.938109+00,92,0,2698,29,73,53,2,Flood Alert (HIGH),Raining
11721,2026-09-30 08:21:11.375618+00,94,0,2698,29,73,53,0,Safe (LOW),Raining
11722,2026-09-30 08:21:17.834333+00,92,0,2699,29,73,53,0,Safe (LOW),Raining
11723,2026-09-30 08:21:24.385933+00,92,0,2699,29,73,53,0,Safe (LOW),Raining
11724,2026-09-30 08:21:30.659546+00,95,0,2697,29,73,53,0,Safe (LOW),Raining
11725,2026-09-30 08:21:37.030116+00,92,0,2701,29,73,53,0,Safe (LOW),Raining
11726,2026-09-30 08:21:43.452877+00,94,0,2705,29,73,53,0,Safe (LOW),Raining
11727,2026-09-30 08:22:26.956891+00,100,184.915,2691,29,73,53,2,Flood Alert (HIGH),Raining
11728,2026-09-30 08:22:33.296904+00,93,0,2693,29,73,53,2,Flood Alert (HIGH),Raining
11729,2026-09-30 08:22:39.857876+00,93,0,2692,29,73,53,2,Flood Alert (HIGH),Raining
11730,2026-09-30 08:22:46.492906+00,93,0,2693,29,73,53,2,Flood Alert (HIGH),Raining
11731,2026-09-30 08:22:53.061769+00,93,0,2693,29,73,53,2,Flood Alert (HIGH),Raining
11732,2026-09-30 08:22:59.310438+00,92,0,2694,29,73,53,2,Flood Alert (HIGH),Raining
11733,2026-09-30 08:23:05.867801+00,94,0,2696,29,73,53,0,Safe (LOW),Raining
11734,2026-09-30 08:23:12.007798+00,94,0,2699,29,73,53,0,Safe (LOW),Raining
11735,2026-09-30 08:23:18.569514+00,94,0,2699,29,73,53,0,Safe (LOW),Raining
11736,2026-09-30 08:23:24.832377+00,92,0,2699,29,73,53,0,Safe (LOW),Raining
11737,2026-09-30 08:23:31.464297+00,94,0,2698,29,73,53,0,Safe (LOW),Raining
11738,2026-09-30 08:23:37.939799+00,93,0,2697,29,73,53,0,Safe (LOW),Raining
11739,2026-09-30 08:23:44.558024+00,92,0,2697,29,73,53,0,Safe (LOW),Raining
11740,2026-09-30 08:23:50.809372+00,92,0,2696,29,73,53,0,Safe (LOW),Raining
11741,2026-09-30 08:23:57.472204+00,92,0,2698,29,73,53,0,Safe (LOW),Raining
11742,2026-09-30 08:24:03.820195+00,92,0,2735,29,73,53,0,Safe (LOW),Raining
11743,2026-09-30 08:24:09.977759+00,92,0,2759,29,73,53,0,Safe (LOW),Raining
11744,2026-09-30 08:24:16.425819+00,92,0,2760,29,73,53,0,Safe (LOW),Raining
11745,2026-09-30 08:24:22.900342+00,92,0,2763,29,73,53,0,Safe (LOW),Raining
11746,2026-09-30 08:24:29.420942+00,91,0,2762,29,73,53,0,Safe (LOW),Raining
11747,2026-09-30 08:24:35.784047+00,93,0,2762,29,73,53,0,Safe (LOW),Raining
11748,2026-09-30 08:24:42.325171+00,92,0,2766,29,73,53,0,Safe (LOW),Raining
11749,2026-09-30 08:24:49.014489+00,94,0,2766,29,73,53,0,Safe (LOW),Raining
11750,2026-09-30 08:24:55.787593+00,94,0,2768,29,73,53,0,Safe (LOW),Raining
11751,2026-09-30 08:25:02.310459+00,92,0,2768,29,73,53,0,Safe (LOW),Raining
11752,2026-09-30 08:25:08.957867+00,93,0,2765,29,73,53,0,Safe (LOW),Raining
11753,2026-09-30 08:25:15.375922+00,95,0,2761,29,73,53,0,Safe (LOW),Raining
11754,2026-09-30 08:25:21.529525+00,92,0,2764,29,73,53,0,Safe (LOW),Raining
11755,2026-09-30 08:25:28.122222+00,93,0,2940,29,73,53,0,Safe (LOW),Raining
11756,2026-09-30 08:25:34.352153+00,92,0,1053,29,73,53,2,Flood Alert (HIGH),Raining
11757,2026-09-30 08:25:40.493003+00,92,0,22,29,73,53,2,Flood Alert (HIGH),Raining
11758,2026-09-30 08:25:46.425969+00,92,0,26,29,73,53,2,Flood Alert (HIGH),Raining
11759,2026-09-30 08:25:52.679058+00,93,0,34,29,73,53,2,Flood Alert (HIGH),Raining
11760,2026-09-30 08:25:59.335221+00,95,0,33,29,73,53,2,Flood Alert (HIGH),Raining
11761,2026-09-30 08:26:05.837773+00,94,0,34,29,73,53,2,Flood Alert (HIGH),Raining
11762,2026-09-30 08:26:12.378315+00,93,0,31,29,73,53,2,Flood Alert (HIGH),Raining
11763,2026-09-30 08:26:19.000744+00,94,0,35,29,73,53,2,Flood Alert (HIGH),Raining
11764,2026-09-30 08:26:25.324357+00,93,0,30,29,73,53,2,Flood Alert (HIGH),Raining
11765,2026-09-30 08:26:31.68401+00,93,0,34,29,73,53,2,Flood Alert (HIGH),Raining
11766,2026-09-30 08:26:38.043253+00,94,0,35,29,73,53,2,Flood Alert (HIGH),Raining
11767,2026-09-30 08:26:44.287302+00,94,0,38,29,73,53,2,Flood Alert (HIGH),Raining
11768,2026-09-30 08:26:50.543317+00,92,0,31,29,73,53,2,Flood Alert (HIGH),Raining
11769,2026-09-30 08:26:57.088815+00,95,0,29,29,73,53,2,Flood Alert (HIGH),Raining
11770,2026-09-30 08:27:03.440962+00,95,0,31,29,73,53,2,Flood Alert (HIGH),Raining
11771,2026-09-30 08:27:10.205297+00,93,0,30,29,73,53,2,Flood Alert (HIGH),Raining
11772,2026-09-30 08:27:16.361184+00,94,0,32,29,73,53,2,Flood Alert (HIGH),Raining
11773,2026-09-30 08:27:22.940897+00,93,0,36,29,73,53,2,Flood Alert (HIGH),Raining
11774,2026-09-30 08:27:28.965133+00,95,0,33,29,73,53,2,Flood Alert (HIGH),Raining
11775,2026-09-30 08:27:35.41102+00,94,0,35,29,73,53,2,Flood Alert (HIGH),Raining
11776,2026-09-30 08:27:41.639012+00,92,0,35,29,73,53,2,Flood Alert (HIGH),Raining
11777,2026-09-30 08:27:48.077253+00,93,0,34,29,73,53,2,Flood Alert (HIGH),Raining
11778,2026-09-30 08:27:54.138502+00,93,0,34,29,73,53,2,Flood Alert (HIGH),Raining
11779,2026-09-30 08:28:00.586348+00,92,0,36,29,73,53,2,Flood Alert (HIGH),Raining
11780,2026-09-30 08:28:06.940879+00,93,0,34,29,73,53,2,Flood Alert (HIGH),Raining
11781,2026-09-30 08:28:14.018859+00,94,0,30,29,73,53,2,Flood Alert (HIGH),Raining
11782,2026-09-30 08:28:20.462436+00,94,0,30,29,73,53,2,Flood Alert (HIGH),Raining
11783,2026-09-30 08:28:26.695973+00,92,0,30,29,73,53,2,Flood Alert (HIGH),Raining
11784,2026-09-30 08:28:32.807487+00,94,0,32,29,73,53,2,Flood Alert (HIGH),Raining
11785,2026-09-30 08:28:39.02744+00,95,0,31,29,73,53,2,Flood Alert (HIGH),Raining
11786,2026-09-30 08:28:45.419703+00,94,0,32,29,73,53,2,Flood Alert (HIGH),Raining
11787,2026-09-30 08:28:51.528965+00,94,0,32,29,73,53,2,Flood Alert (HIGH),Raining
11788,2026-09-30 08:28:57.788982+00,94,0,32,29,73,53,2,Flood Alert (HIGH),Raining
11789,2026-09-30 08:29:04.075369+00,94,0,32,29,73,53,2,Flood Alert (HIGH),Raining
11790,2026-09-30 08:29:10.690117+00,94,0,34,29,73,53,2,Flood Alert (HIGH),Raining
11791,2026-09-30 08:29:16.698934+00,94,0,31,29,73,53,2,Flood Alert (HIGH),Raining
11792,2026-09-30 08:29:23.022019+00,94,0,30,29,73,53,2,Flood Alert (HIGH),Raining
11793,2026-09-30 08:29:28.994475+00,94,0,31,29,73,53,2,Flood Alert (HIGH),Raining
11794,2026-09-30 08:29:35.180204+00,94,0,32,29,73,53,2,Flood Alert (HIGH),Raining
11795,2026-09-30 08:29:41.156122+00,93,0,33,29,73,53,2,Flood Alert (HIGH),Raining
11796,2026-09-30 08:29:47.105478+00,94,0,34,29,73,53,2,Alert (HIGH),Raining
11797,2026-09-30 08:29:53.537547+00,94,0,31,29,73,53,2,Flood Alert (HIGH),Raining
11798,2026-09-30 08:29:59.921908+00,94,0,33,29,73,53,2,Flood Alert (HIGH),Raining
11799,2026-09-30 08:30:06.110622+00,93,0,30,29,73,53,2,Flood Alert (HIGH),Raining
11800,2026-09-30 08:30:12.445837+00,93,0,29,29,73,53,2,Flood Alert (HIGH),Raining
11801,2026-09-30 08:30:19.068723+00,94,0,30,29,73,53,2,Flood Alert (HIGH),Raining
11802,2026-09-30 08:30:25.515058+00,95,0,34,29,73,53,2,Flood Alert (HIGH),Raining
11803,2026-09-30 08:30:32.25254+00,93,0,34,29,73,53,2,Flood Alert (HIGH),Raining
11804,2026-09-30 08:30:38.51629+00,94,0,36,29,73,53,2,Flood Alert (HIGH),Raining
11805,2026-09-30 08:30:45.189963+00,94,0,33,29,73,53,2,Flood Alert (HIGH),Raining
11806,2026-09-30 08:30:51.914066+00,93,0,35,29,73,53,2,Flood Alert (HIGH),Raining
11807,2026-09-30 08:30:58.180661+00,94,0,29,29,73,53,2,Flood Alert (HIGH),Raining
11808,2026-09-30 08:31:04.939492+00,93,0,31,29,73,53,2,Flood Alert (HIGH),Raining
11809,2026-09-30 08:31:11.597371+00,94,0,34,29,73,53,2,Flood Alert (HIGH),Raining
11810,2026-09-30 08:31:18.141998+00,94,0,32,29,73,53,2,Flood Alert (HIGH),Raining
11811,2026-09-30 08:31:24.652524+00,95,0,29,29,73,53,2,Flood Alert (HIGH),Raining
11812,2026-09-30 08:31:30.985534+00,94,0,31,29,73,53,2,Flood Alert (HIGH),Raining
11813,2026-09-30 08:31:37.270796+00,95,0,29,29,73,53,2,Flood Alert (HIGH),Raining
11814,2026-09-30 08:31:43.398806+00,99,0,65,29,73,53,2,Flood Alert (HIGH),Raining
11815,2026-09-30 08:31:49.399265+00,93,0,29,29,73,53,2,Flood Alert (HIGH),Raining
11816,2026-09-30 08:31:55.605512+00,0,0,1095,29,73,53,2,Flood Alert (HIGH),Clear
11817,2026-09-30 08:32:01.84768+00,100,0,39,29,73,53,2,Flood Alert (HIGH),Raining
11818,2026-09-30 08:32:07.961314+00,96,0,64,29,73,53,2,Flood Alert (HIGH),Raining
11819,2026-09-30 08:32:14.194238+00,0,0,83,29,73,53,0,Safe (LOW),Clear
11820,2026-09-30 08:32:20.31838+00,100,0,68,29,73,53,0,Safe (LOW),Raining
11821,2026-09-30 08:32:26.84946+00,21,0,97,29,73,53,0,Safe (LOW),Raining
11822,2026-09-30 08:32:33.16574+00,97,0,31,28.7,75,53,0,Safe (LOW),Raining
11823,2026-09-30 08:32:39.355289+00,94,0,55,28.7,75,53,0,Safe (LOW),Raining
11824,2026-09-30 08:32:45.721512+00,93,0,2270,28.7,75,53,0,Safe (LOW),Raining
11825,2026-09-30 08:32:52.256002+00,95,0,2175,28.7,75,53,0,Safe (LOW),Raining
11826,2026-09-30 08:32:58.678837+00,99,0,2137,28.7,75,53,0,Safe (LOW),Raining
11827,2026-09-30 08:33:05.109121+00,95,0,2154,28.7,75,53,0,Safe (LOW),Raining
11828,2026-09-30 08:33:11.282124+00,99,0,2148,28.7,75,53,0,Safe (LOW),Raining
11829,2026-09-30 08:33:17.273088+00,100,0,2300,28.7,75,53,0,Safe (LOW),Raining
11830,2026-09-30 08:33:23.460394+00,92,0,2604,28.7,75,53,0,Safe (LOW),Raining
11831,2026-09-30 08:33:29.538022+00,93,0,1864,28.7,75,53,2,Flood Alert (HIGH),Raining
11832,2026-09-30 08:33:35.689208+00,94,0,1909,28.7,75,53,2,Flood Alert (HIGH),Raining
11833,2026-09-30 08:33:42.020115+00,96,0,2520,28.7,75,53,2,Flood Alert (HIGH),Raining
11834,2026-09-30 08:33:49.020132+00,94,0,2376,28.7,75,53,2,Flood Alert (HIGH),Raining
11835,2026-09-30 08:33:55.269073+00,93,0,1095,28.7,75,53,2,Flood Alert (HIGH),Raining
11836,2026-09-30 08:34:01.404039+00,91,0,1108,28.7,75,53,2,Flood Alert (HIGH),Raining
11837,2026-09-30 08:34:07.580774+00,93,0,1113,28.7,75,53,2,Flood Alert (HIGH),Raining
11838,2026-09-30 08:34:13.667812+00,93,0,1116,28.7,75,53,2,Flood Alert (HIGH),Raining
11839,2026-09-30 08:34:19.967468+00,95,0,1120,28.7,75,53,2,Flood Alert (HIGH),Raining
11840,2026-09-30 08:34:25.981093+00,95,0,1124,28.7,75,53,2,Flood Alert (HIGH),Raining
11841,2026-09-30 08:34:32.147866+00,94,0,1126,28.7,75,53,2,Flood Alert (HIGH),Raining
11842,2026-09-30 08:34:38.566802+00,92,0,1128,28.7,75,53,2,Flood Alert (HIGH),Raining
11843,2026-09-30 08:34:44.955673+00,93,0,1130,28.7,75,53,2,Flood Alert (HIGH),Raining
11844,2026-09-30 08:34:50.997006+00,94,0,1132,28.7,75,53,2,Flood Alert (HIGH),Raining
11845,2026-09-30 08:34:57.346931+00,93,0,1133,28.7,75,53,2,Flood Alert (HIGH),Raining
11846,2026-09-30 08:35:03.337244+00,95,0,1134,28.7,75,53,2,Flood Alert (HIGH),Raining
11847,2026-09-30 08:35:09.387441+00,93,0,1134,28.7,75,53,2,Flood Alert (HIGH),Raining
11848,2026-09-30 08:35:15.559497+00,95,0,1151,28.7,75,53,2,Flood Alert (HIGH),Raining
11849,2026-09-30 08:35:21.697279+00,94,0,1160,28.7,75,53,2,Flood Alert (HIGH),Raining
11850,2026-09-30 08:35:28.346484+00,93,0,1158,28.7,75,53,2,Flood Alert (HIGH),Raining
11851,2026-09-30 08:35:34.615142+00,95,0,1156,28.7,75,53,2,Flood Alert (HIGH),Raining
11852,2026-09-30 08:35:40.991312+00,93,0,1148,28.7,75,53,2,Flood Alert (HIGH),Raining
11853,2026-09-30 08:35:47.525062+00,93,0,1149,28.7,75,53,2,Flood Alert (HIGH),Raining
11854,2026-09-30 08:35:54.213862+00,97,0,1150,28.7,75,53,2,Flood Alert (HIGH),Raining
11855,2026-09-30 08:36:00.484424+00,96,0,1149,28.7,75,53,2,Flood Alert (HIGH),Raining
11856,2026-09-30 08:36:07.794657+00,94,0,1167,28.7,75,53,2,Flood Alert (HIGH),Raining
11857,2026-09-30 08:36:14.476777+00,96,0,1154,28.7,75,53,2,Flood Alert (HIGH),Raining
11858,2026-09-30 08:36:20.399459+00,95,0,1160,28.7,75,53,2,Flood Alert (HIGH),Raining
11859,2026-09-30 08:36:26.978687+00,94,0,1164,28.7,75,53,2,Flood Alert (HIGH),Raining
11860,2026-09-30 08:36:33.148308+00,96,0,48,28.7,75,53,2,Flood Alert (HIGH),Raining
11861,2026-09-30 08:36:39.657153+00,95,0,1068,28.7,75,53,2,Alert (HIGH),Raining
11862,2026-09-30 08:36:45.871277+00,94,0,1070,28.7,75,53,2,Flood Alert (HIGH),Raining
11863,2026-09-30 08:36:52.250341+00,95,0,1069,28.7,75,53,2,Flood Alert (HIGH),Raining
11864,2026-09-30 08:36:58.431595+00,94,0,1073,28.7,75,53,2,Flood Alert (HIGH),Raining
11865,2026-09-30 08:37:04.484053+00,95,0,1070,28.7,75,53,2,Flood Alert (HIGH),Raining
11866,2026-09-30 08:37:10.698219+00,95,0,1070,28.7,75,53,2,Flood Alert (HIGH),Raining
11867,2026-09-30 08:37:16.935868+00,94,0,1130,28.7,75,53,2,Flood Alert (HIGH),Raining
11868,2026-09-30 08:37:23.312344+00,95,0,1131,28.7,75,53,2,Flood Alert (HIGH),Raining
11869,2026-09-30 08:37:29.635921+00,94,0,1136,28.7,75,53,2,Flood Alert (HIGH),Raining
11870,2026-09-30 08:37:35.595427+00,95,0,1138,28.7,75,53,2,Flood Alert (HIGH),Raining
11871,2026-09-30 08:37:41.816626+00,95,0,1139,28.7,75,53,2,Flood Alert (HIGH),Raining
11872,2026-09-30 08:38:11.416542+00,100,34.6395,1137,28.7,75,53,2,Flood Alert (HIGH),Raining
11873,2026-09-30 08:38:17.771781+00,100,0,1138,28.7,75,53,2,Flood Alert (HIGH),Raining
11874,2026-09-30 08:38:23.756406+00,100,0,1138,28.7,75,53,2,Flood Alert (HIGH),Raining
11875,2026-09-30 08:38:29.806351+00,100,0,1138,28.7,75,53,2,Flood Alert (HIGH),Raining
11876,2026-09-30 08:38:36.075395+00,100,0,1143,28.7,75,53,2,Flood Alert (HIGH),Raining
11877,2026-09-30 08:38:42.192681+00,100,0,1143,28.7,75,53,2,Flood Alert (HIGH),Raining
11878,2026-09-30 08:38:48.908695+00,100,0,1146,28.7,75,53,2,Flood Alert (HIGH),Raining
11879,2026-09-30 08:38:55.968618+00,100,0,1147,28.7,75,53,2,Flood Alert (HIGH),Raining
11880,2026-09-30 08:39:02.034708+00,100,0,1145,28.7,75,53,2,Flood Alert (HIGH),Raining
11881,2026-09-30 08:39:08.087973+00,100,0,1144,28.7,75,53,2,Flood Alert (HIGH),Raining
11882,2026-09-30 08:39:14.919219+00,100,0,1144,28.7,75,53,2,Flood Alert (HIGH),Raining
11883,2026-09-30 08:39:21.0329+00,100,0,1163,28.7,75,53,2,Flood Alert (HIGH),Raining
11884,2026-09-30 08:39:27.331445+00,100,0,1156,28.7,75,53,2,Flood Alert (HIGH),Raining
11885,2026-09-30 08:39:33.452865+00,100,0,1157,28.7,75,53,2,Flood Alert (HIGH),Raining
11886,2026-09-30 08:39:39.839401+00,100,0,1169,28.7,75,53,2,Flood Alert (HIGH),Raining
11887,2026-09-30 08:39:46.120192+00,100,0,1143,28.7,75,53,2,Flood Alert (HIGH),Raining
11888,2026-09-30 08:39:52.444793+00,100,0,1146,28.7,75,53,2,Flood Alert (HIGH),Raining
11889,2026-09-30 08:39:58.633403+00,100,0,1157,28.7,75,53,2,Flood Alert (HIGH),Raining
11890,2026-09-30 08:40:05.044793+00,100,0,1153,28.7,75,53,2,Flood Alert (HIGH),Raining
11891,2026-09-30 08:40:11.132959+00,100,0,1161,28.7,75,53,2,Flood Alert (HIGH),Raining
11892,2026-09-30 08:40:21.085523+00,100,0,1169,28.7,75,53,2,Flood Alert (HIGH),Raining
11893,2026-09-30 08:40:27.893986+00,100,0,1172,28.7,75,53,2,Flood Alert (HIGH),Raining
11894,2026-09-30 08:40:34.934054+00,100,0,1171,28.7,75,53,2,Alert (HIGH),Raining
11895,2026-09-30 08:40:41.538779+00,100,0,1169,28.7,75,53,2,Flood Alert (HIGH),Raining
11896,2026-09-30 08:40:47.819625+00,100,0,1170,28.7,75,53,2,Flood Alert (HIGH),Raining
11897,2026-09-30 08:40:54.423045+00,100,0,1172,28.7,75,53,2,Flood Alert (HIGH),Raining
11898,2026-09-30 08:41:00.491512+00,100,0,1171,28.7,75,53,2,Flood Alert (HIGH),Raining
11899,2026-09-30 08:41:07.047327+00,100,0,1170,28.7,75,53,2,Flood Alert (HIGH),Raining
11900,2026-09-30 08:41:13.962456+00,100,0,1170,28.7,75,53,2,Flood Alert (HIGH),Raining
11901,2026-09-30 08:41:20.924371+00,100,0,1171,28.7,75,53,2,Flood Alert (HIGH),Raining
11902,2026-09-30 08:41:27.239055+00,100,0,1168,28.7,75,53,2,Flood Alert (HIGH),Raining
11903,2026-09-30 08:41:33.746489+00,100,0,1165,28.7,75,53,2,Flood Alert (HIGH),Raining
11904,2026-09-30 08:41:40.151826+00,100,0,1157,28.7,75,53,2,Flood Alert (HIGH),Raining
11905,2026-09-30 08:41:46.569267+00,100,0,1098,28.7,75,53,2,Flood Alert (HIGH),Raining
11906,2026-09-30 08:41:52.971341+00,100,0,1108,28.7,75,53,2,Flood Alert (HIGH),Raining
11907,2026-09-30 08:41:59.180548+00,100,0,1106,28.7,75,53,2,Flood Alert (HIGH),Raining
11908,2026-09-30 08:42:05.390453+00,100,0,1105,28.7,75,53,2,Flood Alert (HIGH),Raining
11909,2026-09-30 08:42:11.773343+00,100,0,1107,28.7,75,53,2,Flood Alert (HIGH),Raining
11910,2026-09-30 08:42:18.120426+00,100,0,1109,28.7,75,53,2,Flood Alert (HIGH),Raining
11911,2026-09-30 08:42:24.316154+00,100,0,1110,28.7,75,53,2,Flood Alert (HIGH),Raining
11912,2026-09-30 08:42:30.730838+00,100,0,1109,28.7,75,53,2,Flood Alert (HIGH),Raining
11913,2026-09-30 08:42:36.855671+00,100,0,1109,28.7,75,53,2,Flood Alert (HIGH),Raining
11914,2026-09-30 08:42:43.233179+00,100,0,1109,28.7,75,53,2,Flood Alert (HIGH),Raining
11915,2026-09-30 08:42:49.522897+00,100,0,1109,28.7,75,53,2,Flood Alert (HIGH),Raining
11916,2026-09-30 08:42:55.910244+00,100,0,1108,28.7,75,53,2,Flood Alert (HIGH),Raining
11917,2026-09-30 08:43:02.147145+00,100,0,1110,28.7,75,53,2,Flood Alert (HIGH),Raining
11918,2026-09-30 08:43:08.148586+00,100,0,1111,28.7,75,53,2,Flood Alert (HIGH),Raining
11919,2026-09-30 08:43:14.69765+00,100,0,1111,28.7,75,53,2,Flood Alert (HIGH),Raining
11920,2026-09-30 08:43:20.765213+00,100,0,1112,28.7,75,53,2,Flood Alert (HIGH),Raining
11921,2026-09-30 08:43:27.049851+00,100,0,1110,28.7,75,53,2,Flood Alert (HIGH),Raining
11922,2026-09-30 08:43:33.12598+00,100,0,1096,28.7,75,53,2,Flood Alert (HIGH),Raining
11923,2026-09-30 08:43:39.662667+00,100,0,1098,28.7,75,53,2,Flood Alert (HIGH),Raining
11924,2026-09-30 08:43:46.321371+00,100,0,1098,28.7,75,53,2,Flood Alert (HIGH),Raining
11925,2026-09-30 08:43:52.738022+00,100,0,1099,28.7,75,53,2,Flood Alert (HIGH),Raining
11926,2026-09-30 08:43:58.791919+00,100,0,1102,28.7,75,53,2,Flood Alert (HIGH),Raining
11927,2026-09-30 08:44:04.8575+00,100,0,1102,28.7,75,53,2,Flood Alert (HIGH),Raining
11928,2026-09-30 08:44:11.564109+00,100,0,1101,28.7,75,53,2,Flood Alert (HIGH),Raining
11929,2026-09-30 08:44:18.375926+00,100,0,1101,28.7,75,53,2,Flood Alert (HIGH),Raining
11930,2026-09-30 08:44:25.344271+00,100,0,1099,28.7,75,53,2,Flood Alert (HIGH),Raining
11931,2026-09-30 08:44:31.868503+00,100,0,1099,28.7,75,53,2,Flood Alert (HIGH),Raining
11932,2026-09-30 08:44:38.866909+00,100,0,1098,28.7,75,53,2,Flood Alert (HIGH),Raining
11933,2026-09-30 08:44:45.510212+00,100,0,1098,28.7,75,53,2,Flood Alert (HIGH),Raining
11934,2026-09-30 08:44:52.781934+00,100,0,1099,28.7,75,53,2,Flood Alert (HIGH),Raining
11935,2026-09-30 08:44:59.341051+00,100,0,1099,28.7,75,53,2,Flood Alert (HIGH),Raining
11936,2026-09-30 08:45:06.133704+00,100,0,1096,28.7,75,53,2,Flood Alert (HIGH),Raining
11937,2026-09-30 08:45:12.826236+00,100,0,1096,28.7,75,53,2,Flood Alert (HIGH),Raining
11938,2026-09-30 08:45:20.264465+00,100,0,1097,28.7,75,53,2,Flood Alert (HIGH),Raining
11939,2026-09-30 08:45:26.745158+00,100,0,1098,28.7,75,53,2,Flood Alert (HIGH),Raining
11940,2026-09-30 08:45:33.555077+00,100,0,1099,28.7,75,53,2,Flood Alert (HIGH),Raining
11941,2026-09-30 08:45:42.08704+00,100,0,1096,28.7,75,53,2,Flood Alert (HIGH),Raining
11942,2026-09-30 08:45:51.077585+00,100,0,1097,28.7,75,53,2,Flood Alert (HIGH),Raining
11943,2026-09-30 08:46:01.197288+00,100,0,1099,28.7,75,53,2,Flood Alert (HIGH),Raining
11944,2026-09-30 08:46:08.023942+00,100,0,1098,28.7,75,53,2,Flood Alert (HIGH),Raining
11945,2026-09-30 08:46:14.576016+00,100,0,1099,28.7,75,53,2,Flood Alert (HIGH),Raining
11946,2026-09-30 08:46:21.93954+00,100,0,1103,28.7,75,53,2,Flood Alert (HIGH),Raining
11947,2026-09-30 08:46:29.383279+00,100,0,1101,28.7,75,53,2,Flood Alert (HIGH),Raining
11948,2026-09-30 08:46:36.908606+00,100,0,1102,28.7,75,53,2,Flood Alert (HIGH),Raining
11949,2026-09-30 08:46:43.575631+00,100,0,1102,28.7,75,53,2,Flood Alert (HIGH),Raining
11950,2026-09-30 08:46:50.085922+00,100,0,1104,28.7,75,53,2,Flood Alert (HIGH),Raining
11951,2026-09-30 08:46:56.365317+00,100,0,1104,28.7,75,53,2,Flood Alert (HIGH),Raining
11952,2026-09-30 08:47:02.617716+00,100,0,1104,28.7,75,53,2,Flood Alert (HIGH),Raining
11953,2026-09-30 08:47:08.883792+00,100,0,1103,28.7,75,53,2,Flood Alert (HIGH),Raining
11954,2026-09-30 08:47:15.379089+00,100,0,1102,28.7,75,53,2,Flood Alert (HIGH),Raining
11955,2026-09-30 08:47:21.776134+00,100,0,1104,28.7,75,53,2,Flood Alert (HIGH),Raining
11956,2026-09-30 08:47:28.574429+00,100,0,1104,28.7,75,53,2,Flood Alert (HIGH),Raining
11957,2026-09-30 08:47:34.823933+00,100,0,1103,28.7,75,53,2,Flood Alert (HIGH),Raining
11958,2026-09-30 08:47:41.433749+00,100,0,1103,28.7,75,53,2,Flood Alert (HIGH),Raining
11959,2026-09-30 08:47:47.449079+00,100,0,1103,28.7,75,53,2,Flood Alert (HIGH),Raining
11960,2026-09-30 08:47:53.604939+00,100,0,1103,28.7,75,53,2,Flood Alert (HIGH),Raining
11961,2026-09-30 08:47:59.773978+00,100,0,1103,28.7,75,53,2,Flood Alert (HIGH),Raining
11962,2026-09-30 08:48:05.846296+00,100,0,1102,28.7,75,53,2,Flood Alert (HIGH),Raining
11963,2026-09-30 08:48:14.501621+00,100,0,1102,28.4,77,53,2,Flood Alert (HIGH),Raining
11964,2026-09-30 08:48:21.031727+00,100,0,1102,28.4,77,53,2,Flood Alert (HIGH),Raining
11965,2026-09-30 08:48:27.272902+00,100,0,1102,28.4,77,53,2,Flood Alert (HIGH),Raining
11966,2026-09-30 08:48:33.626817+00,100,0,1101,28.4,77,53,2,Flood Alert (HIGH),Raining
11967,2026-09-30 08:48:40.039899+00,100,0,1102,28.4,77,53,2,Flood Alert (HIGH),Raining
11968,2026-09-30 08:48:47.222201+00,100,0,1103,28.4,77,53,2,Flood Alert (HIGH),Raining
11969,2026-09-30 08:48:53.397491+00,100,0,1101,28.4,77,53,2,Flood Alert (HIGH),Raining
11970,2026-09-30 08:48:59.721502+00,100,0,1101,28.4,77,53,2,Flood Alert (HIGH),Raining
11971,2026-09-30 08:49:06.050719+00,100,0,1102,28.4,77,53,2,Flood Alert (HIGH),Raining
11972,2026-09-30 08:49:12.394185+00,100,0,1103,28.4,77,53,2,Flood Alert (HIGH),Raining
11973,2026-09-30 08:49:18.685748+00,100,0,1103,28.4,77,53,2,Flood Alert (HIGH),Raining
11974,2026-09-30 08:49:24.787163+00,100,0,1102,28.4,77,53,2,Flood Alert (HIGH),Raining
11975,2026-09-30 08:49:31.187044+00,100,0,1104,28.4,77,53,2,Flood Alert (HIGH),Raining
11976,2026-09-30 08:49:37.253424+00,100,0,1103,28.4,77,53,2,Flood Alert (HIGH),Raining
11977,2026-09-30 08:49:43.818611+00,100,0,1102,28.4,77,53,2,Flood Alert (HIGH),Raining
11978,2026-09-30 08:49:50.410485+00,100,0,1104,28.4,77,53,2,Flood Alert (HIGH),Raining
11979,2026-09-30 08:49:56.758236+00,100,0,1104,28.4,77,53,2,Flood Alert (HIGH),Raining
11980,2026-09-30 08:50:03.025698+00,100,0,1102,28.4,77,53,2,Flood Alert (HIGH),Raining
11981,2026-09-30 08:50:09.132388+00,100,0,1103,28.4,77,53,2,Flood Alert (HIGH),Raining
11982,2026-09-30 08:50:15.566732+00,100,0,1103,28.4,77,53,2,Flood Alert (HIGH),Raining
11983,2026-09-30 08:50:21.996945+00,100,0,1103,28.4,77,53,2,Flood Alert (HIGH),Raining
11984,2026-09-30 08:50:28.410246+00,100,0,46,28.4,77,53,2,Flood Alert (HIGH),Raining
11985,2026-09-30 08:50:34.558127+00,100,0,46,28.4,77,53,2,Flood Alert (HIGH),Raining
11986,2026-09-30 08:50:40.8964+00,100,0,46,28.4,77,53,2,Flood Alert (HIGH),Raining
11987,2026-09-30 08:50:47.146911+00,100,0,46,28.4,77,53,2,Flood Alert (HIGH),Raining
11988,2026-09-30 08:50:53.688409+00,100,0,46,28.4,77,53,2,Flood Alert (HIGH),Raining
11989,2026-09-30 08:51:00.240129+00,100,0,46,28.4,77,53,2,Flood Alert (HIGH),Raining
11990,2026-09-30 08:51:06.805071+00,100,0,46,28.4,77,53,2,Flood Alert (HIGH),Raining
11991,2026-09-30 08:51:13.078467+00,100,0,47,28.4,77,53,2,Alert (HIGH),Raining
11992,2026-09-30 08:51:19.784422+00,100,0,46,28.4,77,53,2,Flood Alert (HIGH),Raining
11993,2026-09-30 08:51:26.279629+00,100,0,46,28.4,77,53,2,Flood Alert (HIGH),Raining
11994,2026-09-30 08:51:33.112726+00,100,0,46,28.4,77,53,2,Flood Alert (HIGH),Raining
11995,2026-09-30 08:51:39.116509+00,100,0,47,28.4,77,53,2,Flood Alert (HIGH),Raining
11996,2026-09-30 08:51:45.811628+00,100,0,46,28.4,77,53,2,Flood Alert (HIGH),Raining
11997,2026-09-30 08:51:52.665608+00,100,0,47,28.4,77,53,2,Flood Alert (HIGH),Raining
11998,2026-09-30 08:51:59.212911+00,100,0,47,28.4,77,53,2,Flood Alert (HIGH),Raining
11999,2026-09-30 08:52:05.677349+00,100,0,47,28.4,77,53,2,Flood Alert (HIGH),Raining
12000,2026-09-30 08:52:12.336143+00,100,0,47,28.4,77,53,2,Flood Alert (HIGH),Raining
12001,2026-09-30 08:52:18.607222+00,100,0,47,28.4,77,53,2,Flood Alert (HIGH),Raining
12002,2026-09-30 08:52:24.715965+00,100,0,47,28.4,77,53,2,Flood Alert (HIGH),Raining
12003,2026-09-30 08:52:31.278195+00,100,0,46,28.4,77,53,2,Flood Alert (HIGH),Raining
12004,2026-09-30 08:52:37.342841+00,100,0,46,28.4,77,53,2,Flood Alert (HIGH),Raining
12005,2026-09-30 08:52:43.394662+00,100,0,47,28.4,77,53,2,Flood Alert (HIGH),Raining
12006,2026-09-30 08:52:50.205255+00,100,0,47,28.4,77,53,2,Flood Alert (HIGH),Raining
12007,2026-09-30 08:52:56.690083+00,100,0,47,28.4,77,53,2,Flood Alert (HIGH),Raining
12008,2026-09-30 08:53:03.534967+00,100,0,47,28.4,77,53,2,Flood Alert (HIGH),Raining
12009,2026-09-30 08:53:10.081579+00,100,0,47,28.4,77,53,2,Flood Alert (HIGH),Raining
12010,2026-09-30 08:53:16.666451+00,100,0,47,28.4,77,53,2,Flood Alert (HIGH),Raining
12011,2026-09-30 08:53:22.976393+00,100,0,48,28.4,77,53,2,Flood Alert (HIGH),Raining
12012,2026-09-30 08:53:28.985266+00,100,0,47,28.4,77,53,2,Flood Alert (HIGH),Raining
12013,2026-09-30 08:53:35.523924+00,100,0,48,28.4,77,53,2,Flood Alert (HIGH),Raining
12014,2026-09-30 08:53:41.602031+00,100,0,48,28.4,77,53,2,Flood Alert (HIGH),Raining
12015,2026-09-30 08:53:47.950476+00,100,0,47,28.4,77,53,2,Flood Alert (HIGH),Raining
12016,2026-09-30 08:53:54.2107+00,100,0,48,28.4,77,53,2,Flood Alert (HIGH),Raining
12017,2026-09-30 08:54:00.479473+00,100,0,48,28.4,77,53,2,Flood Alert (HIGH),Raining
12018,2026-09-30 08:54:06.644623+00,100,0,48,28.4,77,53,2,Flood Alert (HIGH),Raining
12019,2026-09-30 08:54:13.151313+00,100,0,47,28.4,77,53,2,Flood Alert (HIGH),Raining
12020,2026-09-30 08:54:19.327523+00,100,0,46,28.4,77,53,2,Flood Alert (HIGH),Raining
12021,2026-09-30 08:54:25.771503+00,100,0,45,28.4,77,53,2,Flood Alert (HIGH),Raining
12022,2026-09-30 08:54:32.326246+00,100,0,46,28.4,77,53,2,Flood Alert (HIGH),Raining
12023,2026-09-30 08:54:38.866327+00,100,0,48,28.4,77,53,2,Flood Alert (HIGH),Raining
12024,2026-09-30 08:54:46.097112+00,100,0,49,28.4,77,53,2,Flood Alert (HIGH),Raining
12025,2026-09-30 08:54:53.026035+00,100,0,49,28.4,77,53,2,Flood Alert (HIGH),Raining
12026,2026-09-30 08:54:59.556718+00,100,0,48,28.4,77,53,2,Flood Alert (HIGH),Raining
12027,2026-09-30 08:55:05.555903+00,100,0,49,28.4,77,53,2,Flood Alert (HIGH),Raining
12028,2026-09-30 08:55:11.737029+00,100,0,49,28.4,77,53,2,Flood Alert (HIGH),Raining
12029,2026-09-30 08:55:18.017488+00,100,0,48,28.4,77,53,2,Flood Alert (HIGH),Raining
12030,2026-09-30 08:55:24.660841+00,100,0,55,28.4,77,53,2,Flood Alert (HIGH),Raining
12031,2026-09-30 08:55:31.232766+00,100,0,55,28.4,77,53,2,Flood Alert (HIGH),Raining
12032,2026-09-30 08:55:37.366834+00,100,0,52,28.4,77,53,2,Flood Alert (HIGH),Raining
12033,2026-09-30 08:55:43.530695+00,100,0,54,28.4,77,53,2,Flood Alert (HIGH),Raining
12034,2026-09-30 08:55:50.158291+00,100,0,50,28.4,77,53,2,Flood Alert (HIGH),Raining
12035,2026-09-30 08:55:56.88331+00,100,0,51,28.4,77,53,2,Flood Alert (HIGH),Raining
12036,2026-09-30 08:56:02.989106+00,100,0,51,28.4,77,53,2,Flood Alert (HIGH),Raining
12037,2026-09-30 08:56:09.08774+00,100,0,46,28.4,77,53,2,Flood Alert (HIGH),Raining
12038,2026-09-30 08:56:16.5956+00,100,0,44,28.4,77,53,2,Flood Alert (HIGH),Raining
12039,2026-09-30 08:56:22.738708+00,100,0,54,28.4,77,53,2,Flood Alert (HIGH),Raining
12040,2026-09-30 08:56:28.849264+00,100,0,54,28.4,77,53,2,Flood Alert (HIGH),Raining
12041,2026-09-30 08:56:36.450496+00,100,0,54,28.4,77,53,2,Alert (HIGH),Raining
12042,2026-09-30 08:56:42.913624+00,100,0,60,28.4,77,53,2,Flood Alert (HIGH),Raining
12043,2026-09-30 08:56:49.583346+00,100,0,64,28.4,77,53,2,Flood Alert (HIGH),Raining
12044,2026-09-30 08:56:55.930267+00,100,0,43,28.4,77,53,2,Flood Alert (HIGH),Raining
12045,2026-09-30 08:57:02.257621+00,100,0,57,28.4,77,53,2,Flood Alert (HIGH),Raining
12046,2026-09-30 08:57:08.314484+00,100,0,56,28.4,77,53,2,Flood Alert (HIGH),Raining
12047,2026-09-30 08:57:14.64287+00,100,0,55,28.4,77,53,2,Flood Alert (HIGH),Raining
12048,2026-09-30 08:57:20.917182+00,100,0,55,28.4,77,53,2,Flood Alert (HIGH),Raining
12049,2026-09-30 08:57:27.153312+00,100,0,55,28.4,77,53,2,Flood Alert (HIGH),Raining
12050,2026-09-30 08:57:33.590465+00,100,0,54,28.4,77,53,2,Flood Alert (HIGH),Raining
12051,2026-09-30 08:57:39.772903+00,100,0,57,28.4,77,53,2,Flood Alert (HIGH),Raining
12052,2026-09-30 08:57:45.946768+00,100,0,58,28.4,77,53,2,Flood Alert (HIGH),Raining
12053,2026-09-30 08:57:52.158748+00,100,0,58,28.4,77,53,2,Flood Alert (HIGH),Raining
12054,2026-09-30 08:57:58.578834+00,100,0,56,28.4,77,53,2,Flood Alert (HIGH),Raining
12055,2026-09-30 08:58:05.123773+00,100,0,63,28.4,77,53,2,Flood Alert (HIGH),Raining
12056,2026-09-30 08:58:11.185004+00,100,0,63,28.4,77,53,2,Flood Alert (HIGH),Raining
12057,2026-09-30 08:58:17.49124+00,100,0,63,28.4,77,53,,,Raining