timestamp,rainfall_mm,water_level_m,soil_moisture,temperature_c
2022-01-01 00:00:00,0.0,1.367,0.252,21.14
2022-01-01 01:00:00,0.0,1.34,0.2491,20.52
2022-01-01 02:00:00,0.0,1.315,0.2475,19.44
2022-01-01 03:00:00,0.0,1.281,0.249,19.8
2022-01-01 04:00:00,0.0,1.234,0.2408,20.62
2022-01-01 05:00:00,0.0,1.224,0.2416,21.26
2022-01-01 06:00:00,0.0,1.222,0.2379,21.1
2022-01-01 07:00:00,0.0,1.197,0.2376,22.46
2022-01-01 08:00:00,0.0,1.225,0.2336,23.7
2022-01-01 09:00:00,0.0,1.242,0.2345,23.56
2022-01-01 10:00:00,0.0,1.297,0.2348,25.22
2022-01-01 11:00:00,0.0,1.27,0.2239,26.12
2022-01-01 12:00:00,0.0,1.274,0.2287,27.39
2022-01-01 13:00:00,0.0,1.268,0.2274,27.07
2022-01-01 14:00:00,0.0,1.252,0.2247,28.05
2022-01-01 15:00:00,0.0,1.264,0.2185,27.9
2022-01-01 16:00:00,0.0,1.257,0.2243,28.1
2022-01-01 17:00:00,0.0,1.267,0.2222,28.1
2022-01-01 18:00:00,0.0,1.222,0.2208,27.59
2022-01-01 19:00:00,0.0,1.204,0.2138,26.64
2022-01-01 20:00:00,0.0,1.167,0.2143,24.57
2022-01-01 21:00:00,0.0,1.144,0.21,23.79
2022-01-01 22:00:00,0.0,1.162,0.2074,23.49
2022-01-01 23:00:00,0.0,1.166,0.2058,22.33
2022-01-02 00:00:00,0.0,1.209,0.2084,21.06
2022-01-02 01:00:00,0.0,1.234,0.2091,20.1
2022-01-02 02:00:00,0.0,1.244,0.2094,18.2
2022-01-02 03:00:00,0.0,1.234,0.2042,19.22
2022-01-02 04:00:00,0.0,1.218,0.2011,20.0
2022-01-02 05:00:00,0.0,1.231,0.2016,20.41
2022-01-02 06:00:00,0.0,1.231,0.2034,21.4
2022-01-02 07:00:00,0.0,1.187,0.204,22.32
2022-01-02 08:00:00,0.0,1.178,0.2011,24.11
2022-01-02 09:00:00,0.0,1.183,0.1994,23.64
2022-01-02 10:00:00,0.0,1.24,0.1987,24.08
2022-01-02 11:00:00,0.0,1.221,0.1933,25.56
2022-01-02 12:00:00,0.0,1.229,0.1921,27.69
2022-01-02 13:00:00,0.0,1.189,0.1927,27.49
2022-01-02 14:00:00,0.0,1.204,0.1893,28.39
2022-01-02 15:00:00,0.0,1.169,0.1887,27.74
2022-01-02 16:00:00,0.0,1.169,0.1826,27.63
2022-01-02 17:00:00,0.0,1.151,0.187,26.63
2022-01-02 18:00:00,0.0,1.151,0.1797,26.68
2022-01-02 19:00:00,0.0,1.155,0.183,26.03
2022-01-02 20:00:00,0.0,1.158,0.178,25.49
2022-01-02 21:00:00,0.0,1.139,0.1752,24.3
2022-01-02 22:00:00,0.0,1.127,0.1695,23.98
2022-01-02 23:00:00,0.0,1.139,0.1737,21.94
2022-01-03 00:00:00,0.0,1.138,0.1694,21.31
2022-01-03 01:00:00,0.0,1.124,0.1693,20.54
2022-01-03 02:00:00,0.0,1.113,0.1726,19.8
2022-01-03 03:00:00,0.0,1.121,0.1655,20.22
2022-01-03 04:00:00,0.0,1.15,0.1727,20.01
2022-01-03 05:00:00,0.0,1.191,0.1755,21.38
2022-01-03 06:00:00,0.0,1.15,0.1654,20.79
2022-01-03 07:00:00,0.0,1.155,0.1693,21.84
2022-01-03 08:00:00,0.0,1.123,0.1604,22.36
2022-01-03 09:00:00,0.0,1.145,0.1645,24.18
2022-01-03 10:00:00,0.0,1.167,0.1631,24.39
2022-01-03 11:00:00,0.0,1.135,0.1699,26.01
2022-01-03 12:00:00,0.0,1.111,0.1582,26.26
2022-01-03 13:00:00,0.0,1.073,0.1593,26.99
2022-01-03 14:00:00,0.0,1.1,0.1559,27.5
2022-01-03 15:00:00,0.0,1.069,0.1539,28.38
2022-01-03 16:00:00,0.0,1.089,0.1532,27.83
2022-01-03 17:00:00,0.0,1.071,0.1517,27.42
2022-01-03 18:00:00,0.0,1.052,0.149,27.12
2022-01-03 19:00:00,0.0,1.032,0.1504,25.68
2022-01-03 20:00:00,0.0,1.06,0.1458,24.07
2022-01-03 21:00:00,0.0,1.103,0.1462,23.47
2022-01-03 22:00:00,0.0,1.155,0.1521,22.84
2022-01-03 23:00:00,0.0,1.089,0.145,21.99
2022-01-04 00:00:00,0.0,1.112,0.1471,21.46
2022-01-04 01:00:00,0.0,1.123,0.1433,20.47
2022-01-04 02:00:00,0.0,1.142,0.1449,20.65
2022-01-04 03:00:00,,1.111,0.1412,20.19
2022-01-04 04:00:00,0.0,1.045,0.1332,19.44
2022-01-04 05:00:00,0.0,1.089,0.14,19.27
2022-01-04 06:00:00,0.0,1.102,0.1362,20.68
2022-01-04 07:00:00,0.0,1.099,0.1374,22.08
2022-01-04 08:00:00,0.0,1.068,0.1394,23.16
2022-01-04 09:00:00,0.0,1.041,0.1417,23.96
2022-01-04 10:00:00,0.0,1.096,0.1309,25.11
2022-01-04 11:00:00,0.0,1.137,0.1333,26.67
2022-01-04 12:00:00,0.0,1.149,0.1329,26.85
2022-01-04 13:00:00,0.0,1.103,0.1318,27.65
2022-01-04 14:00:00,0.0,1.106,0.1305,28.67
2022-01-04 15:00:00,0.0,1.104,0.1309,27.1
2022-01-04 16:00:00,0.0,1.077,0.1267,28.73
2022-01-04 17:00:00,0.0,1.048,0.1263,26.19
2022-01-04 18:00:00,0.0,1.047,0.127,26.43
2022-01-04 19:00:00,0.0,1.058,0.1227,25.73
2022-01-04 20:00:00,0.0,1.085,0.122,24.23
2022-01-04 21:00:00,0.0,1.073,0.1227,23.93
2022-01-04 22:00:00,0.0,1.047,0.1202,22.95
2022-01-04 23:00:00,0.0,1.005,0.1182,22.38
2022-01-05 00:00:00,0.0,1.03,0.1171,21.53
2022-01-05 01:00:00,0.0,1.046,0.1195,20.63
2022-01-05 02:00:00,0.0,1.068,0.1229,20.7
2022-01-05 03:00:00,0.0,1.036,0.1193,20.33
2022-01-05 04:00:00,0.0,1.001,0.1145,19.98
2022-01-05 05:00:00,0.0,1.021,0.1213,20.6
2022-01-05 06:00:00,0.0,1.039,0.1144,
2022-01-05 07:00:00,0.0,1.053,0.1199,21.39
2022-01-05 08:00:00,0.0,1.017,0.1141,23.18
2022-01-05 09:00:00,0.0,0.995,0.1143,23.26
2022-01-05 10:00:00,0.0,1.022,0.1115,24.95
2022-01-05 11:00:00,0.0,1.059,0.1108,24.86
2022-01-05 12:00:00,0.0,1.086,0.1149,26.87
2022-01-05 13:00:00,0.0,1.046,0.1092,27.11
2022-01-05 14:00:00,0.0,1.05,0.1115,28.15
2022-01-05 15:00:00,0.0,1.028,0.1079,27.9
2022-01-05 16:00:00,0.0,1.029,0.1064,27.81
2022-01-05 17:00:00,0.0,1.018,0.1077,27.5
2022-01-05 18:00:00,0.0,1.019,0.1045,26.53
2022-01-05 19:00:00,0.0,1.027,0.1016,25.72
2022-01-05 20:00:00,0.0,1.034,0.1009,24.76
2022-01-05 21:00:00,0.0,1.038,0.1041,23.94
2022-01-05 22:00:00,0.0,1.004,0.095,22.69
2022-01-05 23:00:00,0.0,0.987,0.1021,22.23
2022-01-06 00:00:00,0.0,0.952,0.096,20.29
2022-01-06 01:00:00,0.0,0.982,0.1003,19.79
2022-01-06 02:00:00,0.0,0.986,0.1031,21.08
2022-01-06 03:00:00,0.0,0.983,0.0959,19.79
2022-01-06 04:00:00,0.0,0.978,0.0995,19.63
2022-01-06 05:00:00,0.0,1.016,0.1007,20.53
2022-01-06 06:00:00,0.0,0.983,0.095,21.56
2022-01-06 07:00:00,0.0,0.942,0.0941,22.32
2022-01-06 08:00:00,0.0,0.925,0.0965,22.59
2022-01-06 09:00:00,0.0,0.959,0.0984,23.75
2022-01-06 10:00:00,0.0,1.024,0.1007,24.87
2022-01-06 11:00:00,0.0,1.003,0.0909,26.16
2022-01-06 12:00:00,0.0,0.986,0.0942,26.85
2022-01-06 13:00:00,0.0,0.959,0.09,27.01
2022-01-06 14:00:00,0.0,0.999,0.0873,27.61
2022-01-06 15:00:00,0.0,1.025,0.0891,27.87
2022-01-06 16:00:00,0.0,1.028,0.0883,28.61
2022-01-06 17:00:00,0.0,1.026,0.0884,27.38
2022-01-06 18:00:00,0.0,1.034,0.0886,28.49
2022-01-06 19:00:00,0.0,1.026,0.0873,25.87
2022-01-06 20:00:00,0.0,0.979,0.0896,24.2
2022-01-06 21:00:00,0.0,0.967,0.0909,24.18
2022-01-06 22:00:00,0.0,0.964,0.0847,23.49
2022-01-06 23:00:00,0.0,0.961,0.0826,22.24
2022-01-07 00:00:00,0.0,0.976,0.0829,21.27
2022-01-07 01:00:00,0.0,0.961,0.0823,20.35
2022-01-07 02:00:00,0.0,0.972,0.0807,20.0
2022-01-07 03:00:00,0.0,0.934,0.0776,18.84
2022-01-07 04:00:00,0.0,0.942,0.0775,20.57
2022-01-07 05:00:00,0.0,0.968,0.0831,20.35
2022-01-07 06:00:00,,0.965,0.0828,21.75
2022-01-07 07:00:00,0.0,0.964,0.0809,21.74
2022-01-07 08:00:00,0.0,0.963,0.0787,22.94
2022-01-07 09:00:00,0.0,0.992,0.0772,24.63
2022-01-07 10:00:00,0.0,0.981,0.074,25.7
2022-01-07 11:00:00,0.0,0.963,0.0755,26.42
2022-01-07 12:00:00,0.0,0.943,0.0746,25.89
2022-01-07 13:00:00,0.0,0.911,0.0719,26.83
2022-01-07 14:00:00,0.0,0.914,0.0761,28.22
2022-01-07 15:00:00,0.0,0.906,0.0725,27.65
2022-01-07 16:00:00,0.0,0.92,0.0742,27.9
2022-01-07 17:00:00,0.0,0.922,0.0689,27.57
2022-01-07 18:00:00,0.0,0.963,0.0745,26.96
2022-01-07 19:00:00,0.0,1.002,0.0734,25.47
2022-01-07 20:00:00,0.0,0.983,0.07,25.55
2022-01-07 21:00:00,0.0,0.998,0.0751,23.74
2022-01-07 22:00:00,0.0,0.979,0.0703,23.26
2022-01-07 23:00:00,0.0,0.977,0.0704,21.9
2022-01-08 00:00:00,0.0,0.945,0.0649,22.13
2022-01-08 01:00:00,0.0,0.93,0.0667,21.26
2022-01-08 02:00:00,0.0,0.907,0.0667,21.2
2022-01-08 03:00:00,0.0,0.885,0.0705,20.83
2022-01-08 04:00:00,0.0,0.898,0.0707,20.07
2022-01-08 05:00:00,0.0,0.896,0.0657,20.27
2022-01-08 06:00:00,0.0,0.951,0.0675,20.6
2022-01-08 07:00:00,0.0,0.959,0.0691,22.13
2022-01-08 08:00:00,0.0,0.988,0.065,22.98
2022-01-08 09:00:00,0.0,0.924,0.0611,23.98
2022-01-08 10:00:00,0.0,0.937,0.0671,24.62
2022-01-08 11:00:00,0.0,0.939,0.0657,26.18
2022-01-08 12:00:00,0.0,0.978,0.0648,26.64
2022-01-08 13:00:00,0.0,0.979,0.0662,27.22
2022-01-08 14:00:00,0.0,0.991,0.0659,27.95
2022-01-08 15:00:00,0.0,0.961,0.064,27.96
2022-01-08 16:00:00,0.0,0.93,0.0581,27.15
2022-01-08 17:00:00,0.0,0.883,0.0565,27.07
2022-01-08 18:00:00,0.0,0.918,0.0616,27.09
2022-01-08 19:00:00,0.0,0.915,0.0602,25.98
2022-01-08 20:00:00,0.0,0.907,0.06,24.06
2022-01-08 21:00:00,0.0,0.903,0.0642,24.35
2022-01-08 22:00:00,0.0,0.868,0.0614,22.94
2022-01-08 23:00:00,0.0,0.885,0.0577,21.47
2022-01-09 00:00:00,0.0,0.881,0.0557,20.84
2022-01-09 01:00:00,0.0,0.915,0.0595,20.62
2022-01-09 02:00:00,0.0,0.929,0.0586,19.03
2022-01-09 03:00:00,0.0,0.892,0.0563,20.21
2022-01-09 04:00:00,0.0,0.888,0.05,20.63
2022-01-09 05:00:00,0.0,0.881,0.0533,20.98
2022-01-09 06:00:00,0.0,0.921,0.0583,21.75
2022-01-09 07:00:00,0.0,0.926,0.0516,21.61
2022-01-09 08:00:00,0.0,0.923,0.0568,23.48
2022-01-09 09:00:00,0.0,0.92,0.0559,24.14
2022-01-09 10:00:00,0.0,0.892,0.0512,24.62
2022-01-09 11:00:00,0.0,0.906,0.0564,26.23
2022-01-09 12:00:00,0.0,0.875,0.053,27.05
2022-01-09 13:00:00,0.0,0.897,0.0523,28.23
2022-01-09 14:00:00,0.0,0.886,0.05,28.46
2022-01-09 15:00:00,0.0,0.911,0.0557,27.65
2022-01-09 16:00:00,0.0,0.837,0.05,28.03
2022-01-09 17:00:00,0.0,0.851,0.05,27.63
2022-01-09 18:00:00,0.0,0.868,0.0508,26.95
2022-01-09 19:00:00,0.0,0.925,0.05,25.85
2022-01-09 20:00:00,0.0,0.93,0.0562,25.91
2022-01-09 21:00:00,0.0,0.919,0.05,23.69
2022-01-09 22:00:00,0.0,0.919,0.0524,23.8
2022-01-09 23:00:00,0.0,0.954,0.0549,21.29
2022-01-10 00:00:00,0.0,0.95,0.0521,20.98
2022-01-10 01:00:00,,0.923,0.05,20.92
2022-01-10 02:00:00,0.0,0.923,0.051,19.61
2022-01-10 03:00:00,0.0,0.943,0.0541,19.63
2022-01-10 04:00:00,0.0,0.912,0.05,20.4
2022-01-10 05:00:00,0.0,,0.0533,19.67
2022-01-10 06:00:00,0.0,0.896,0.0515,21.72
2022-01-10 07:00:00,0.0,0.946,0.0557,22.74
2022-01-10 08:00:00,0.0,0.926,0.0513,23.73
2022-01-10 09:00:00,0.0,0.9,0.0505,24.16
2022-01-10 10:00:00,0.0,0.915,0.0521,24.82
2022-01-10 11:00:00,0.0,0.919,0.05,25.82
2022-01-10 12:00:00,0.0,0.924,0.05,26.97
2022-01-10 13:00:00,0.0,0.899,0.0502,27.53
2022-01-10 14:00:00,0.0,0.895,0.05,27.67
2022-01-10 15:00:00,0.0,0.895,0.05,28.79
2022-01-10 16:00:00,0.0,0.929,0.0561,27.74
2022-01-10 17:00:00,0.0,0.935,0.0554,28.18
2022-01-10 18:00:00,0.0,0.933,0.05,26.88
2022-01-10 19:00:00,0.0,0.91,0.0501,26.02
2022-01-10 20:00:00,0.0,0.913,0.05,25.29
2022-01-10 21:00:00,0.0,0.898,0.0535,24.25
2022-01-10 22:00:00,0.0,0.899,0.0507,22.89
2022-01-10 23:00:00,0.0,0.87,0.0544,22.28
2022-01-11 00:00:00,0.0,0.872,0.05,21.52
2022-01-11 01:00:00,0.0,0.86,0.05,21.36
2022-01-11 02:00:00,0.0,0.887,0.05,20.17
2022-01-11 03:00:00,0.0,0.884,0.05,19.61
2022-01-11 04:00:00,0.0,0.901,0.05,19.8
2022-01-11 05:00:00,0.0,0.897,0.0536,21.72
2022-01-11 06:00:00,0.0,0.915,0.0514,20.23
2022-01-11 07:00:00,0.0,0.929,0.05,21.41
2022-01-11 08:00:00,0.0,0.923,0.0502,22.98
2022-01-11 09:00:00,0.0,0.918,0.05,23.69
2022-01-11 10:00:00,0.0,0.888,0.05,25.45
2022-01-11 11:00:00,0.0,0.929,0.0536,26.37
2022-01-11 12:00:00,0.0,0.893,0.05,26.56
2022-01-11 13:00:00,0.0,0.926,0.0543,28.22
2022-01-11 14:00:00,0.0,0.896,0.05,27.31
2022-01-11 15:00:00,0.0,0.911,0.0504,27.63
2022-01-11 16:00:00,0.0,0.891,0.0525,28.65
2022-01-11 17:00:00,0.0,0.88,0.0528,26.81
2022-01-11 18:00:00,0.0,0.891,0.05,27.0
2022-01-11 19:00:00,0.0,0.885,0.0502,26.79
2022-01-11 20:00:00,0.0,0.911,0.05,23.74
2022-01-11 21:00:00,0.0,0.896,0.0511,23.83
2022-01-11 22:00:00,0.0,0.902,0.0506,23.44
2022-01-11 23:00:00,0.0,0.909,0.05,21.87
2022-01-12 00:00:00,0.0,0.889,0.0504,21.21
2022-01-12 01:00:00,0.0,0.853,0.05,20.63
2022-01-12 02:00:00,0.0,0.825,0.05,20.3
2022-01-12 03:00:00,0.0,0.849,0.0504,19.6
2022-01-12 04:00:00,0.0,0.882,0.05,20.52
2022-01-12 05:00:00,0.0,0.882,0.05,20.67
2022-01-12 06:00:00,0.0,0.911,0.05,20.6
2022-01-12 07:00:00,0.0,0.936,0.05,21.77
2022-01-12 08:00:00,0.0,0.909,0.0523,22.26
2022-01-12 09:00:00,0.0,0.868,0.0514,24.11
2022-01-12 10:00:00,0.0,0.857,0.0529,25.29
2022-01-12 11:00:00,0.0,0.913,0.0562,26.11
2022-01-12 12:00:00,0.0,0.905,0.0533,27.11
2022-01-12 13:00:00,0.0,0.914,0.05,27.54
2022-01-12 14:00:00,0.0,0.893,0.05,28.25
2022-01-12 15:00:00,0.0,0.914,0.054,27.94
2022-01-12 16:00:00,0.0,0.883,0.05,28.22
2022-01-12 17:00:00,0.0,0.902,0.05,26.83
2022-01-12 18:00:00,0.0,0.895,0.051,26.13
2022-01-12 19:00:00,0.0,0.903,0.05,26.05
2022-01-12 20:00:00,0.0,0.895,0.0551,25.38
2022-01-12 21:00:00,0.0,0.9,0.05,23.87
2022-01-12 22:00:00,0.0,0.896,0.0572,23.29
2022-01-12 23:00:00,0.0,0.919,0.05,22.16
2022-01-13 00:00:00,0.0,0.91,0.05,20.16
2022-01-13 01:00:00,0.0,0.922,0.05,21.71
2022-01-13 02:00:00,0.0,0.917,0.05,19.51
2022-01-13 03:00:00,0.0,0.929,0.0522,19.54
2022-01-13 04:00:00,0.0,0.935,0.05,20.72
2022-01-13 05:00:00,0.0,0.897,0.05,20.55
2022-01-13 06:00:00,0.0,0.906,0.0516,20.8
2022-01-13 07:00:00,0.0,0.886,0.05,21.77
2022-01-13 08:00:00,0.0,0.92,0.05,22.53
2022-01-13 09:00:00,0.0,0.919,0.05,23.61
2022-01-13 10:00:00,0.0,0.934,0.0512,25.44
2022-01-13 11:00:00,0.0,0.928,0.05,25.76
2022-01-13 12:00:00,0.0,0.94,0.0513,26.3
2022-01-13 13:00:00,0.0,0.894,0.05,27.09
2022-01-13 14:00:00,0.0,0.879,0.0545,27.79
2022-01-13 15:00:00,0.0,0.858,0.0527,27.63
2022-01-13 16:00:00,0.0,0.867,0.05,27.72
2022-01-13 17:00:00,0.0,0.876,0.05,27.65
2022-01-13 18:00:00,0.0,0.88,0.05,26.6
2022-01-13 19:00:00,0.0,0.931,0.0528,25.58
2022-01-13 20:00:00,0.0,0.942,0.05,24.69
2022-01-13 21:00:00,0.0,0.95,0.05,24.7
2022-01-13 22:00:00,0.0,0.925,0.05,24.06
2022-01-13 23:00:00,0.0,0.884,0.05,22.03
2022-01-14 00:00:00,0.0,0.86,0.05,21.55
2022-01-14 01:00:00,0.0,0.834,0.0511,20.08
2022-01-14 02:00:00,0.0,0.87,0.05,19.85
2022-01-14 03:00:00,0.0,0.889,0.0526,20.24
2022-01-14 04:00:00,0.0,0.919,0.0522,18.97
2022-01-14 05:00:00,0.0,0.914,0.05,20.93
2022-01-14 06:00:00,0.0,0.904,0.05,20.9
2022-01-14 07:00:00,0.0,0.879,0.05,21.47
2022-01-14 08:00:00,0.0,0.863,0.05,23.17
2022-01-14 09:00:00,0.0,0.888,0.0544,24.73
2022-01-14 10:00:00,0.0,0.873,0.0506,24.89
2022-01-14 11:00:00,0.0,0.882,0.05,26.16
2022-01-14 12:00:00,0.0,0.855,0.05,27.07
2022-01-14 13:00:00,0.0,0.893,0.05,27.6
2022-01-14 14:00:00,0.0,0.871,0.0513,27.38
2022-01-14 15:00:00,0.0,0.912,0.0554,28.12
2022-01-14 16:00:00,0.0,0.873,0.0524,27.97
2022-01-14 17:00:00,0.0,0.874,0.05,26.11
2022-01-14 18:00:00,0.0,0.872,0.05,27.27
2022-01-14 19:00:00,0.0,0.901,0.0543,25.26
2022-01-14 20:00:00,0.0,0.876,0.05,25.11
2022-01-14 21:00:00,0.0,0.876,0.05,24.77
2022-01-14 22:00:00,0.0,0.846,0.0511,22.86
2022-01-14 23:00:00,0.0,0.874,0.05,21.49
2022-01-15 00:00:00,0.0,0.9,0.052,21.47
2022-01-15 01:00:00,0.0,0.933,0.05,21.25
2022-01-15 02:00:00,0.0,0.93,0.05,19.6
2022-01-15 03:00:00,0.0,0.894,0.05,18.84
2022-01-15 04:00:00,0.0,0.881,0.0532,20.74
2022-01-15 05:00:00,0.0,0.883,0.05,20.98
2022-01-15 06:00:00,0.0,0.921,0.05,21.38
2022-01-15 07:00:00,0.0,0.933,0.0506,21.12
2022-01-15 08:00:00,0.0,0.916,0.05,23.28
2022-01-15 09:00:00,0.0,0.901,0.0569,24.53
2022-01-15 10:00:00,0.0,0.907,0.05,26.13
2022-01-15 11:00:00,0.0,0.922,0.05,25.88
2022-01-15 12:00:00,0.0,0.914,0.0524,26.93
2022-01-15 13:00:00,0.0,0.906,0.05,26.41
2022-01-15 14:00:00,0.0,0.88,0.05,28.37
2022-01-15 15:00:00,0.0,0.892,0.0578,28.49
2022-01-15 16:00:00,0.0,0.829,0.0502,28.08
2022-01-15 17:00:00,0.0,0.86,0.0542,28.08
2022-01-15 18:00:00,0.0,0.86,0.0519,26.45
2022-01-15 19:00:00,0.0,0.917,0.0522,25.91
2022-01-15 20:00:00,0.0,0.9,0.05,24.96
2022-01-15 21:00:00,0.0,,0.05,24.57
2022-01-15 22:00:00,0.0,0.906,0.0533,23.54
2022-01-15 23:00:00,0.0,0.928,0.0517,22.18
2022-01-16 00:00:00,0.0,0.923,0.0516,21.33
2022-01-16 01:00:00,0.0,0.924,0.05,20.83
2022-01-16 02:00:00,0.0,0.918,0.05,19.99
2022-01-16 03:00:00,0.0,0.904,0.054,20.7
2022-01-16 04:00:00,0.0,0.917,0.051,19.93
2022-01-16 05:00:00,0.0,0.955,0.05,20.77
2022-01-16 06:00:00,0.0,0.941,0.05,20.9
2022-01-16 07:00:00,0.0,0.922,0.05,22.5
2022-01-16 08:00:00,0.0,0.872,0.05,22.94
2022-01-16 09:00:00,0.0,0.904,0.05,25.06
2022-01-16 10:00:00,0.0,0.891,0.0578,25.0
2022-01-16 11:00:00,0.0,0.863,0.05,26.49
2022-01-16 12:00:00,0.0,0.884,0.05,26.54
2022-01-16 13:00:00,0.0,0.936,0.05,27.33
2022-01-16 14:00:00,0.0,0.926,0.05,27.87
2022-01-16 15:00:00,0.0,0.931,0.05,28.2
2022-01-16 16:00:00,0.0,0.894,0.05,27.51
2022-01-16 17:00:00,0.0,0.945,0.0551,27.2
2022-01-16 18:00:00,0.0,0.905,0.0527,26.9
2022-01-16 19:00:00,0.0,0.917,0.05,26.22
2022-01-16 20:00:00,0.0,0.915,0.055,25.04
2022-01-16 21:00:00,0.0,0.923,0.05,23.93
2022-01-16 22:00:00,0.0,0.911,0.05,22.32
2022-01-16 23:00:00,0.0,0.939,0.05,22.27
2022-01-17 00:00:00,0.0,0.942,0.05,21.62
2022-01-17 01:00:00,0.0,0.945,0.05,21.05
2022-01-17 02:00:00,0.0,0.919,0.052,20.24
2022-01-17 03:00:00,0.0,0.9,0.051,19.73
2022-01-17 04:00:00,0.0,0.898,0.05,20.01
2022-01-17 05:00:00,0.0,,0.0514,20.64
2022-01-17 06:00:00,0.0,0.906,0.0515,21.19
2022-01-17 07:00:00,0.0,0.919,0.05,21.61
2022-01-17 08:00:00,0.0,0.916,0.05,22.15
2022-01-17 09:00:00,0.0,0.909,0.0524,23.75
2022-01-17 10:00:00,0.0,0.88,0.0513,24.93
2022-01-17 11:00:00,0.0,0.925,0.0552,26.18
2022-01-17 12:00:00,0.0,0.929,0.0513,26.65
2022-01-17 13:00:00,0.0,0.941,0.05,27.37
2022-01-17 14:00:00,0.0,0.915,0.05,27.95
2022-01-17 15:00:00,0.0,0.916,0.05,28.81
2022-01-17 16:00:00,0.0,0.913,0.0524,27.81
2022-01-17 17:00:00,0.0,0.907,0.051,26.72
2022-01-17 18:00:00,0.0,0.903,0.05,26.52
2022-01-17 19:00:00,0.0,0.892,0.05,26.93
2022-01-17 20:00:00,0.0,0.91,0.0544,25.78
2022-01-17 21:00:00,0.0,0.94,0.0543,24.5
2022-01-17 22:00:00,0.0,0.924,0.05,23.35
2022-01-17 23:00:00,0.0,0.934,0.052,22.39
2022-01-18 00:00:00,0.0,0.869,0.0508,21.09
2022-01-18 01:00:00,0.0,0.876,0.0521,21.01
2022-01-18 02:00:00,0.0,0.859,0.0546,20.63
2022-01-18 03:00:00,0.0,0.888,0.0543,20.46
2022-01-18 04:00:00,0.0,0.915,0.0515,19.87
2022-01-18 05:00:00,0.0,0.916,0.05,20.41
2022-01-18 06:00:00,0.0,0.89,0.05,20.89
2022-01-18 07:00:00,0.0,0.878,0.05,22.54
2022-01-18 08:00:00,0.0,0.866,0.0582,23.15
2022-01-18 09:00:00,0.0,0.882,0.0501,24.23
2022-01-18 10:00:00,0.0,0.882,0.0523,25.36
2022-01-18 11:00:00,0.0,0.928,0.0512,25.33
2022-01-18 12:00:00,0.0,0.896,0.05,27.31
2022-01-18 13:00:00,0.0,0.914,0.0514,27.23
2022-01-18 14:00:00,0.0,0.863,0.05,27.68
2022-01-18 15:00:00,0.0,0.902,0.05,27.62
2022-01-18 16:00:00,0.0,0.904,0.0518,27.94
2022-01-18 17:00:00,0.0,0.924,0.05,27.47
2022-01-18 18:00:00,0.0,0.899,0.0526,26.17
2022-01-18 19:00:00,0.0,0.885,0.0517,25.14
2022-01-18 20:00:00,0.0,0.895,0.0538,24.97
2022-01-18 21:00:00,0.0,0.871,0.0514,24.44
2022-01-18 22:00:00,0.0,0.868,0.05,23.36
2022-01-18 23:00:00,0.0,0.869,0.0533,22.54
2022-01-19 00:00:00,0.0,0.913,0.0535,21.12
2022-01-19 01:00:00,0.0,0.908,0.0527,20.41
2022-01-19 02:00:00,0.0,0.896,0.0522,20.13
2022-01-19 03:00:00,0.0,0.873,0.05,20.45
2022-01-19 04:00:00,0.0,0.897,0.0526,
2022-01-19 05:00:00,0.0,0.91,0.05,20.35
2022-01-19 06:00:00,0.0,0.912,0.05,21.09
2022-01-19 07:00:00,0.0,0.903,0.05,22.06
2022-01-19 08:00:00,0.0,0.899,0.05,22.88
2022-01-19 09:00:00,0.0,0.89,0.0505,23.76
2022-01-19 10:00:00,0.0,0.875,0.05,25.02
2022-01-19 11:00:00,0.0,0.886,0.054,25.65
2022-01-19 12:00:00,0.0,0.9,0.0536,27.24
2022-01-19 13:00:00,0.0,0.908,0.0505,28.25
2022-01-19 14:00:00,0.0,0.881,0.0524,27.77
2022-01-19 15:00:00,0.0,0.887,0.05,28.88
2022-01-19 16:00:00,0.0,0.863,0.05,27.86
2022-01-19 17:00:00,0.0,0.871,0.0504,27.16
2022-01-19 18:00:00,0.0,0.838,0.05,27.22
2022-01-19 19:00:00,0.0,0.855,0.0506,25.58
2022-01-19 20:00:00,0.0,0.878,0.052,25.39
2022-01-19 21:00:00,0.0,0.907,0.05,24.17
2022-01-19 22:00:00,0.0,0.931,0.05,22.81
2022-01-19 23:00:00,0.0,0.909,0.0523,21.79
2022-01-20 00:00:00,0.0,0.858,0.05,20.79
2022-01-20 01:00:00,0.0,0.859,0.05,21.11
2022-01-20 02:00:00,0.0,0.891,0.053,20.08
2022-01-20 03:00:00,0.0,0.898,0.05,20.21
2022-01-20 04:00:00,0.0,0.892,0.0513,20.19
2022-01-20 05:00:00,0.0,0.912,0.0504,20.49
2022-01-20 06:00:00,0.0,0.941,0.0527,21.39
2022-01-20 07:00:00,0.0,0.913,0.05,22.31
2022-01-20 08:00:00,0.0,0.858,0.05,23.09
2022-01-20 09:00:00,0.0,0.86,0.05,23.96
2022-01-20 10:00:00,0.0,0.881,0.055,
2022-01-20 11:00:00,0.0,0.893,0.05,25.75
2022-01-20 12:00:00,0.0,0.858,0.05,26.73
2022-01-20 13:00:00,0.0,0.864,0.05,27.53
2022-01-20 14:00:00,0.0,0.868,0.05,27.05
2022-01-20 15:00:00,0.0,0.897,0.05,28.37
2022-01-20 16:00:00,0.0,0.912,0.0517,28.08
2022-01-20 17:00:00,0.0,0.907,0.0503,27.23
2022-01-20 18:00:00,0.0,0.939,0.05,26.43
2022-01-20 19:00:00,0.0,0.926,0.0522,25.71
2022-01-20 20:00:00,0.0,0.948,0.0508,24.43
2022-01-20 21:00:00,0.0,0.91,0.054,23.89
2022-01-20 22:00:00,0.0,0.915,0.0509,22.93
2022-01-20 23:00:00,0.0,0.886,0.05,22.52
2022-01-21 00:00:00,0.0,0.906,0.05,21.48
2022-01-21 01:00:00,0.0,0.938,0.0504,21.23
2022-01-21 02:00:00,0.0,0.937,0.0511,20.26
2022-01-21 03:00:00,0.0,0.885,0.05,19.61
2022-01-21 04:00:00,0.0,0.833,0.05,21.07
2022-01-21 05:00:00,0.0,0.86,0.0519,20.44
2022-01-21 06:00:00,0.0,0.899,0.0513,20.47
2022-01-21 07:00:00,0.0,0.9,0.0501,22.18
2022-01-21 08:00:00,0.0,0.916,0.052,22.24
2022-01-21 09:00:00,0.0,0.903,0.05,24.02
2022-01-21 10:00:00,0.0,0.925,0.05,24.86
2022-01-21 11:00:00,0.0,0.905,0.0519,26.33
2022-01-21 12:00:00,0.0,0.898,0.0524,27.37
2022-01-21 13:00:00,0.0,0.885,0.052,27.37
2022-01-21 14:00:00,0.0,0.89,0.05,27.73
2022-01-21 15:00:00,0.0,0.938,0.0511,28.45
2022-01-21 16:00:00,0.0,0.941,,27.55
2022-01-21 17:00:00,0.0,0.945,0.0512,27.56
2022-01-21 18:00:00,0.0,0.925,0.0555,27.17
2022-01-21 19:00:00,0.0,0.897,0.05,25.67
2022-01-21 20:00:00,0.0,0.889,0.0501,24.95
2022-01-21 21:00:00,0.0,0.878,0.05,24.12
2022-01-21 22:00:00,0.0,0.889,0.05,23.7
2022-01-21 23:00:00,0.0,0.868,0.05,21.46
2022-01-22 00:00:00,0.0,0.848,0.05,21.17
2022-01-22 01:00:00,0.0,0.833,0.05,21.29
2022-01-22 02:00:00,0.0,0.844,0.05,20.7
2022-01-22 03:00:00,0.0,0.878,0.05,19.94
2022-01-22 04:00:00,0.0,0.881,0.05,20.18
2022-01-22 05:00:00,0.0,0.904,0.05,20.84
2022-01-22 06:00:00,0.0,0.895,0.0531,21.49
2022-01-22 07:00:00,0.0,0.936,0.0507,22.77
2022-01-22 08:00:00,0.0,0.926,0.0522,23.61
2022-01-22 09:00:00,0.0,0.944,0.0529,23.39
2022-01-22 10:00:00,0.0,0.899,0.0542,24.32
2022-01-22 11:00:00,0.0,0.894,0.0529,25.81
2022-01-22 12:00:00,0.0,0.889,0.05,25.98
2022-01-22 13:00:00,0.0,0.905,0.0526,28.2
2022-01-22 14:00:00,0.0,0.921,0.051,27.19
2022-01-22 15:00:00,0.0,0.937,0.054,27.93
2022-01-22 16:00:00,0.0,0.963,0.0501,27.51
2022-01-22 17:00:00,0.0,0.97,0.0534,26.75
2022-01-22 18:00:00,0.0,0.947,0.0503,27.5
2022-01-22 19:00:00,0.0,0.907,0.0504,25.79
2022-01-22 20:00:00,0.0,0.886,0.052,26.07
2022-01-22 21:00:00,0.0,0.875,0.05,24.78
2022-01-22 22:00:00,0.0,0.888,0.0517,23.04
2022-01-22 23:00:00,0.0,0.916,0.05,21.03
2022-01-23 00:00:00,0.0,0.932,0.0515,21.09
2022-01-23 01:00:00,0.0,,0.05,21.77
2022-01-23 02:00:00,0.0,0.885,0.0517,20.44
2022-01-23 03:00:00,0.0,0.862,0.05,20.01
2022-01-23 04:00:00,0.0,0.87,0.05,19.92
2022-01-23 05:00:00,0.0,0.9,0.0502,21.07
2022-01-23 06:00:00,0.0,0.929,0.0502,21.45
2022-01-23 07:00:00,0.0,0.941,0.05,22.23
2022-01-23 08:00:00,0.0,0.919,0.0522,23.62
2022-01-23 09:00:00,0.0,0.893,0.0528,24.63
2022-01-23 10:00:00,0.0,0.901,0.0576,25.34
2022-01-23 11:00:00,0.0,0.92,0.0501,25.3
2022-01-23 12:00:00,0.0,0.938,0.0531,26.43
2022-01-23 13:00:00,0.0,0.944,0.05,27.25
2022-01-23 14:00:00,0.0,0.946,0.05,27.93
2022-01-23 15:00:00,0.0,0.957,0.05,28.84
2022-01-23 16:00:00,0.0,0.936,0.05,28.98
2022-01-23 17:00:00,0.0,0.89,0.0507,27.75
2022-01-23 18:00:00,0.0,0.868,0.0531,27.19
2022-01-23 19:00:00,0.0,0.857,0.051,25.33
2022-01-23 20:00:00,0.0,0.918,0.054,24.91
2022-01-23 21:00:00,0.0,0.956,0.0541,23.81
2022-01-23 22:00:00,0.0,0.938,0.0501,22.74
2022-01-23 23:00:00,0.0,,0.05,22.38
2022-01-24 00:00:00,0.0,0.89,0.05,21.05
2022-01-24 01:00:00,0.0,0.858,0.05,19.69
2022-01-24 02:00:00,0.0,0.874,0.05,20.66
2022-01-24 03:00:00,0.0,0.851,0.05,20.7
2022-01-24 04:00:00,0.0,0.848,0.05,20.38
2022-01-24 05:00:00,0.0,0.823,0.0516,20.55
2022-01-24 06:00:00,0.0,0.853,0.0509,20.82
2022-01-24 07:00:00,0.0,0.911,0.053,21.68
2022-01-24 08:00:00,0.0,0.934,0.0512,23.6
2022-01-24 09:00:00,0.0,0.953,0.05,23.73
2022-01-24 10:00:00,0.0,0.961,0.0523,26.14
2022-01-24 11:00:00,0.0,0.911,0.05,26.58
2022-01-24 12:00:00,0.0,0.892,0.0529,27.1
2022-01-24 13:00:00,0.0,0.887,0.05,28.92
2022-01-24 14:00:00,0.0,0.894,0.05,28.6
2022-01-24 15:00:00,0.0,0.919,0.0516,27.89
2022-01-24 16:00:00,0.0,0.91,0.05,27.45
2022-01-24 17:00:00,0.0,0.921,0.0535,27.35
2022-01-24 18:00:00,0.0,0.925,0.0529,26.88
2022-01-24 19:00:00,0.0,,0.05,25.72
2022-01-24 20:00:00,0.0,0.901,0.0546,24.58
2022-01-24 21:00:00,0.0,0.894,0.05,24.22
2022-01-24 22:00:00,0.0,0.901,0.0514,23.51
2022-01-24 23:00:00,0.0,0.926,0.0543,23.03
2022-01-25 00:00:00,0.0,0.894,0.05,21.33
2022-01-25 01:00:00,0.0,0.897,0.0563,20.95
2022-01-25 02:00:00,0.0,0.933,0.0505,19.33
2022-01-25 03:00:00,0.0,0.915,0.0511,20.55
2022-01-25 04:00:00,0.0,0.935,0.0535,19.75
2022-01-25 05:00:00,0.0,0.89,0.0513,20.8
2022-01-25 06:00:00,0.0,0.923,0.05,21.27
2022-01-25 07:00:00,0.0,0.911,0.05,22.0
2022-01-25 08:00:00,0.0,0.928,0.05,22.34
2022-01-25 09:00:00,0.0,0.909,0.05,23.74
2022-01-25 10:00:00,0.0,0.907,0.05,24.67
2022-01-25 11:00:00,0.0,0.888,0.05,25.82
2022-01-25 12:00:00,0.0,0.899,0.05,27.54
2022-01-25 13:00:00,0.0,0.925,0.05,27.4
2022-01-25 14:00:00,0.0,0.906,0.0516,27.64
2022-01-25 15:00:00,0.0,0.918,0.0531,28.44
2022-01-25 16:00:00,0.0,0.91,0.05,28.14
2022-01-25 17:00:00,0.0,0.948,0.0521,28.6
2022-01-25 18:00:00,0.0,0.928,0.05,27.45
2022-01-25 19:00:00,0.0,0.905,0.0508,25.12
2022-01-25 20:00:00,0.0,0.906,0.0536,25.55
2022-01-25 21:00:00,0.0,0.907,0.0515,24.46
2022-01-25 22:00:00,0.0,0.888,0.05,23.91
2022-01-25 23:00:00,0.0,0.894,0.05,22.02
2022-01-26 00:00:00,0.0,0.891,0.0557,21.85
2022-01-26 01:00:00,0.0,0.905,0.0558,20.49
2022-01-26 02:00:00,0.0,0.9,0.0521,20.41
2022-01-26 03:00:00,0.0,0.918,0.054,19.6
2022-01-26 04:00:00,0.0,0.918,0.05,
2022-01-26 05:00:00,0.0,0.899,0.0523,
2022-01-26 06:00:00,0.0,0.892,0.0525,21.3
2022-01-26 07:00:00,0.0,0.89,0.05,21.49
2022-01-26 08:00:00,0.0,0.923,0.05,23.5
2022-01-26 09:00:00,0.0,0.9,0.0526,22.76
2022-01-26 10:00:00,0.0,0.949,0.0556,24.76
2022-01-26 11:00:00,0.0,0.956,0.0537,25.3
2022-01-26 12:00:00,0.0,0.977,0.051,27.56
2022-01-26 13:00:00,0.0,0.938,0.0508,27.38
2022-01-26 14:00:00,0.0,0.902,0.051,28.03
2022-01-26 15:00:00,0.0,0.924,0.05,28.28
2022-01-26 16:00:00,0.0,0.923,0.05,28.4
2022-01-26 17:00:00,0.0,0.927,0.05,27.94
2022-01-26 18:00:00,0.0,0.929,0.05,27.36
2022-01-26 19:00:00,0.0,0.9,0.0532,26.0
2022-01-26 20:00:00,0.0,0.887,0.0508,25.59
2022-01-26 21:00:00,0.0,0.869,0.05,23.8
2022-01-26 22:00:00,0.0,0.897,0.0507,22.9
2022-01-26 23:00:00,0.0,0.878,0.0538,21.36
2022-01-27 00:00:00,0.0,0.867,0.05,22.16
2022-01-27 01:00:00,0.0,0.863,0.05,20.19
2022-01-27 02:00:00,0.0,0.885,0.05,20.99
2022-01-27 03:00:00,0.0,0.884,0.0503,20.42
2022-01-27 04:00:00,0.0,0.865,0.05,20.38
2022-01-27 05:00:00,0.0,0.867,0.05,20.87
2022-01-27 06:00:00,0.0,0.866,0.0549,20.79
2022-01-27 07:00:00,0.0,0.864,0.0506,22.95
2022-01-27 08:00:00,0.0,0.876,0.05,22.93
2022-01-27 09:00:00,0.0,0.876,0.055,24.65
2022-01-27 10:00:00,0.0,0.898,0.0508,24.91
2022-01-27 11:00:00,0.0,0.903,0.05,25.43
2022-01-27 12:00:00,0.0,0.923,0.0507,27.97
2022-01-27 13:00:00,0.0,0.931,0.05,27.31
2022-01-27 14:00:00,0.0,0.955,0.05,28.24
2022-01-27 15:00:00,0.0,0.97,0.0518,26.63
2022-01-27 16:00:00,0.0,0.953,0.055,27.98
2022-01-27 17:00:00,0.0,0.924,0.05,27.91
2022-01-27 18:00:00,0.0,0.886,0.0519,27.05
2022-01-27 19:00:00,0.0,0.927,0.05,26.1
2022-01-27 20:00:00,0.0,0.912,0.0515,25.08
2022-01-27 21:00:00,0.0,0.956,0.0554,24.58
2022-01-27 22:00:00,0.0,0.881,0.0501,22.46
2022-01-27 23:00:00,0.0,0.894,0.05,22.03
2022-01-28 00:00:00,0.0,0.891,0.05,22.05
2022-01-28 01:00:00,0.0,0.918,0.0515,19.96
2022-01-28 02:00:00,0.0,0.89,0.0502,20.25
2022-01-28 03:00:00,0.0,0.873,0.05,19.61
2022-01-28 04:00:00,0.0,0.867,0.052,20.45
2022-01-28 05:00:00,0.0,0.846,0.05,20.72
2022-01-28 06:00:00,0.0,0.869,0.0526,20.86
2022-01-28 07:00:00,0.0,0.903,0.05,22.18
2022-01-28 08:00:00,0.0,0.94,0.052,23.16
2022-01-28 09:00:00,0.0,0.924,0.0525,23.86
2022-01-28 10:00:00,0.0,0.898,0.05,24.99
2022-01-28 11:00:00,0.0,0.848,0.05,25.84
2022-01-28 12:00:00,0.0,0.89,0.05,25.85
2022-01-28 13:00:00,0.0,0.875,0.05,28.09
2022-01-28 14:00:00,0.0,0.928,0.05,28.62
2022-01-28 15:00:00,0.0,0.9,0.0509,27.29
2022-01-28 16:00:00,0.0,0.917,0.05,28.63
2022-01-28 17:00:00,0.0,0.949,0.0508,27.83
2022-01-28 18:00:00,0.0,0.913,0.05,26.44
2022-01-28 19:00:00,0.0,0.908,0.0502,26.06
2022-01-28 20:00:00,0.0,0.889,0.0576,24.85
2022-01-28 21:00:00,0.0,0.903,0.05,24.62
2022-01-28 22:00:00,0.0,0.886,0.05,22.67
2022-01-28 23:00:00,0.0,0.897,0.05,23.22
2022-01-29 00:00:00,0.0,0.903,0.05,21.93
2022-01-29 01:00:00,0.0,0.915,0.05,20.1
2022-01-29 02:00:00,0.0,0.895,0.0501,21.14
2022-01-29 03:00:00,0.0,0.892,0.05,20.55
2022-01-29 04:00:00,0.0,0.903,0.05,20.24
2022-01-29 05:00:00,0.0,0.922,0.0525,21.05
2022-01-29 06:00:00,0.0,0.915,0.0539,21.81
2022-01-29 07:00:00,0.0,0.891,0.05,21.8
2022-01-29 08:00:00,0.0,0.901,0.0511,23.56
2022-01-29 09:00:00,0.0,0.94,0.05,23.96
2022-01-29 10:00:00,0.0,0.973,,25.62
2022-01-29 11:00:00,0.0,0.994,0.0558,26.11
2022-01-29 12:00:00,0.0,0.963,0.0524,26.51
2022-01-29 13:00:00,0.0,0.948,0.0505,27.96
2022-01-29 14:00:00,0.0,0.927,0.05,27.85
2022-01-29 15:00:00,0.0,0.911,0.05,28.26
2022-01-29 16:00:00,0.0,0.894,0.0513,28.25
2022-01-29 17:00:00,0.0,,0.0531,28.38
2022-01-29 18:00:00,0.0,0.91,0.05,26.79
2022-01-29 19:00:00,0.0,0.93,0.0523,25.76
2022-01-29 20:00:00,0.0,0.927,0.05,26.04
2022-01-29 21:00:00,0.0,0.908,0.05,24.18
2022-01-29 22:00:00,0.0,0.883,0.05,22.87
2022-01-29 23:00:00,0.0,0.88,0.0505,22.36
2022-01-30 00:00:00,0.0,0.882,0.0503,21.2
2022-01-30 01:00:00,0.0,0.901,0.0512,20.6
2022-01-30 02:00:00,0.0,0.907,0.0509,21.62
2022-01-30 03:00:00,0.0,0.898,0.0522,19.7
2022-01-30 04:00:00,0.0,0.893,0.0563,19.62
2022-01-30 05:00:00,0.0,0.881,0.0522,21.35
2022-01-30 06:00:00,0.0,0.899,0.05,21.18
2022-01-30 07:00:00,0.0,0.898,0.05,22.36
2022-01-30 08:00:00,0.0,0.876,0.05,23.48
2022-01-30 09:00:00,0.0,0.849,0.05,23.32
2022-01-30 10:00:00,0.0,0.867,0.0525,25.8
2022-01-30 11:00:00,0.0,0.905,0.0554,25.92
2022-01-30 12:00:00,0.0,0.903,0.05,27.98
2022-01-30 13:00:00,0.0,0.889,0.0538,27.26
2022-01-30 14:00:00,0.0,0.857,0.0532,28.85
2022-01-30 15:00:00,0.0,0.839,0.0508,29.07
2022-01-30 16:00:00,0.0,0.853,0.0525,27.82
2022-01-30 17:00:00,0.0,0.845,0.05,27.57
2022-01-30 18:00:00,0.0,0.877,0.0535,26.87
2022-01-30 19:00:00,0.0,0.893,0.0538,26.96
2022-01-30 20:00:00,0.0,0.891,0.0514,25.32
2022-01-30 21:00:00,0.0,0.87,0.0509,24.46
2022-01-30 22:00:00,0.0,0.858,0.05,23.09
2022-01-30 23:00:00,0.0,0.873,0.0528,22.43
2022-01-31 00:00:00,0.0,0.888,0.05,21.66
2022-01-31 01:00:00,0.0,0.906,0.05,20.45
2022-01-31 02:00:00,0.0,0.922,0.0528,21.24
2022-01-31 03:00:00,0.0,0.885,0.05,20.12
2022-01-31 04:00:00,0.0,0.871,0.05,20.87
2022-01-31 05:00:00,0.0,0.875,0.0533,20.12
2022-01-31 06:00:00,0.0,0.906,0.05,21.73
2022-01-31 07:00:00,0.0,0.946,0.0522,22.75
2022-01-31 08:00:00,0.0,0.932,0.05,23.32
2022-01-31 09:00:00,0.0,0.911,0.05,24.76
2022-01-31 10:00:00,0.0,0.881,0.052,24.9
2022-01-31 11:00:00,0.0,0.909,0.051,26.45
2022-01-31 12:00:00,0.0,0.953,0.05,26.29
2022-01-31 13:00:00,0.0,0.941,0.05,27.76
2022-01-31 14:00:00,0.0,0.914,0.051,27.68
2022-01-31 15:00:00,0.0,0.865,0.05,28.18
2022-01-31 16:00:00,0.0,0.87,0.0524,28.77
2022-01-31 17:00:00,0.0,0.875,0.05,28.55
2022-01-31 18:00:00,0.0,0.891,0.05,26.4
2022-01-31 19:00:00,0.0,0.906,0.0533,26.84
2022-01-31 20:00:00,1.09,0.884,0.0508,25.84
2022-01-31 21:00:00,2.87,0.876,0.0606,24.09
2022-01-31 22:00:00,4.75,0.917,0.0807,23.39
2022-01-31 23:00:00,8.73,1.012,0.1186,21.14
2022-02-01 00:00:00,11.9,1.154,0.1705,19.96
2022-02-01 01:00:00,20.6,1.369,0.2468,18.52
2022-02-01 02:00:00,18.47,1.626,0.3162,18.88
2022-02-01 03:00:00,24.86,1.983,0.4141,18.19
2022-02-01 04:00:00,30.93,2.397,0.5,18.02
2022-02-01 05:00:00,28.35,2.755,0.4948,18.44
2022-02-01 06:00:00,30.82,3.26,0.4944,19.41
2022-02-01 07:00:00,23.93,3.839,0.5,19.81
2022-02-01 08:00:00,23.96,4.401,0.5,21.54
2022-02-01 09:00:00,23.22,4.951,0.5,22.83
2022-02-01 10:00:00,20.28,5.415,0.5,23.76
2022-02-01 11:00:00,13.92,5.853,0.5,26.3
2022-02-01 12:00:00,9.09,6.135,0.4994,26.36
2022-02-01 13:00:00,7.38,6.307,0.4989,27.81
2022-02-01 14:00:00,7.81,6.3,0.4998,27.41
2022-02-01 15:00:00,5.12,6.198,0.5,27.59
2022-02-01 16:00:00,2.66,6.023,0.5,27.89
2022-02-01 17:00:00,1.02,5.798,0.4989,27.68
2022-02-01 18:00:00,0.0,5.476,0.4957,27.0
2022-02-01 19:00:00,0.0,5.137,0.4962,25.7
2022-02-01 20:00:00,0.0,4.748,0.4888,24.78
2022-02-01 21:00:00,0.0,4.372,0.4783,24.8
2022-02-01 22:00:00,0.0,4.015,0.4848,23.62
2022-02-01 23:00:00,0.0,3.634,0.4772,23.13
2022-02-02 00:00:00,0.0,3.275,0.4646,21.23
2022-02-02 01:00:00,0.0,2.991,0.469,20.55
2022-02-02 02:00:00,0.0,2.78,0.4652,19.82
2022-02-02 03:00:00,0.0,2.623,0.463,20.79
2022-02-02 04:00:00,0.0,2.443,0.4616,19.95
2022-02-02 05:00:00,0.0,2.265,0.4609,20.78
2022-02-02 06:00:00,0.0,2.113,0.4595,21.59
2022-02-02 07:00:00,0.0,2.002,0.4566,21.48
2022-02-02 08:00:00,0.0,1.932,,23.61
2022-02-02 09:00:00,0.0,1.877,0.4452,24.76
2022-02-02 10:00:00,0.0,1.793,0.4359,25.43
2022-02-02 11:00:00,0.0,1.754,0.4309,26.21
2022-02-02 12:00:00,0.0,1.751,0.4368,27.07
2022-02-02 13:00:00,0.0,1.78,0.4303,28.42
2022-02-02 14:00:00,0.0,1.77,0.431,28.15
2022-02-02 15:00:00,0.0,1.72,0.4239,28.25
2022-02-02 16:00:00,0.0,1.692,0.4134,27.78
2022-02-02 17:00:00,0.0,1.684,0.4133,26.32
2022-02-02 18:00:00,0.0,1.67,0.4126,27.63
2022-02-02 19:00:00,0.0,1.645,0.4045,26.26
2022-02-02 20:00:00,0.0,1.619,0.4091,24.86
2022-02-02 21:00:00,0.0,1.616,0.4,25.31
2022-02-02 22:00:00,0.0,1.602,0.3974,23.44
2022-02-02 23:00:00,0.0,1.613,0.3908,22.15
2022-02-03 00:00:00,0.0,1.616,0.399,21.96
2022-02-03 01:00:00,0.0,1.616,0.3898,21.0
2022-02-03 02:00:00,0.0,1.628,0.3888,20.59
2022-02-03 03:00:00,0.0,1.637,0.3833,19.97
2022-02-03 04:00:00,0.0,1.614,0.382,20.76
2022-02-03 05:00:00,0.0,1.614,,21.28
2022-02-03 06:00:00,0.0,1.595,0.3796,21.15
2022-02-03 07:00:00,0.0,1.58,0.3775,21.33
2022-02-03 08:00:00,0.0,1.571,0.376,23.72
2022-02-03 09:00:00,0.0,1.551,0.3721,24.59
2022-02-03 10:00:00,0.0,1.566,0.3686,25.74
2022-02-03 11:00:00,0.0,1.519,0.3619,26.3
2022-02-03 12:00:00,0.0,1.515,0.3599,27.59
2022-02-03 13:00:00,0.0,1.472,0.3536,27.42
2022-02-03 14:00:00,0.0,1.529,0.3525,28.05
2022-02-03 15:00:00,0.0,1.521,0.3521,27.76
2022-02-03 16:00:00,0.0,1.525,0.3487,28.72
2022-02-03 17:00:00,0.0,1.447,0.3463,27.72
2022-02-03 18:00:00,0.0,1.485,0.3457,27.22
2022-02-03 19:00:00,0.0,1.45,0.3344,26.5
2022-02-03 20:00:00,0.0,1.5,0.33,25.19
2022-02-03 21:00:00,0.0,1.459,0.3322,24.69
2022-02-03 22:00:00,0.0,1.461,0.3348,24.07
2022-02-03 23:00:00,0.0,1.445,0.3324,22.77
2022-02-04 00:00:00,0.0,1.425,0.3266,20.61
2022-02-04 01:00:00,0.0,1.442,0.3231,20.89
2022-02-04 02:00:00,0.0,1.414,0.3227,20.52
2022-02-04 03:00:00,0.0,1.477,0.3232,20.92
2022-02-04 04:00:00,0.0,1.485,0.3156,20.16
2022-02-04 05:00:00,0.0,1.516,0.3143,20.32
2022-02-04 06:00:00,0.0,1.519,0.3141,21.89
2022-02-04 07:00:00,0.0,1.48,0.315,22.29
2022-02-04 08:00:00,0.0,1.466,0.312,22.95
2022-02-04 09:00:00,0.0,1.39,0.3012,24.17
2022-02-04 10:00:00,0.0,1.427,0.3072,24.63
2022-02-04 11:00:00,0.0,1.409,0.302,26.39
2022-02-04 12:00:00,0.0,1.403,0.3013,26.98
2022-02-04 13:00:00,0.0,1.377,0.296,28.03
2022-02-04 14:00:00,0.0,1.371,0.2954,28.06
2022-02-04 15:00:00,0.0,1.385,0.2913,28.32
2022-02-04 16:00:00,0.0,1.407,0.2869,27.94
2022-02-04 17:00:00,0.0,1.381,0.2836,27.64
2022-02-04 18:00:00,0.0,1.367,0.2828,26.56
2022-02-04 19:00:00,0.0,1.276,0.2771,26.82
2022-02-04 20:00:00,0.0,1.305,0.2773,25.32
2022-02-04 21:00:00,0.0,1.327,0.2757,23.31
2022-02-04 22:00:00,0.0,1.395,0.2778,22.47
2022-02-04 23:00:00,0.0,1.377,0.2747,22.82
2022-02-05 00:00:00,0.0,1.356,0.277,21.47
2022-02-05 01:00:00,0.0,1.296,0.2642,20.85
2022-02-05 02:00:00,0.0,1.311,0.2668,20.46
2022-02-05 03:00:00,0.0,1.315,0.2696,20.57
2022-02-05 04:00:00,0.0,1.298,0.265,21.23
2022-02-05 05:00:00,0.0,1.299,0.2618,21.08
2022-02-05 06:00:00,0.0,1.299,0.2579,21.65
2022-02-05 07:00:00,0.0,1.336,0.261,22.04
2022-02-05 08:00:00,0.0,1.256,0.2577,22.52
2022-02-05 09:00:00,0.0,1.254,0.2541,24.56
2022-02-05 10:00:00,0.0,1.251,0.256,25.64
2022-02-05 11:00:00,0.0,1.341,0.2575,26.87
2022-02-05 12:00:00,0.0,1.315,0.2458,28.01
2022-02-05 13:00:00,0.0,1.272,0.248,27.21
2022-02-05 14:00:00,0.0,1.23,0.2444,27.88
2022-02-05 15:00:00,0.0,1.233,0.2437,28.66
2022-02-05 16:00:00,0.0,1.305,0.2434,28.19
2022-02-05 17:00:00,0.0,1.304,0.2415,28.51
2022-02-05 18:00:00,0.0,1.281,0.2336,27.06
2022-02-05 19:00:00,0.0,1.245,0.2281,27.32
2022-02-05 20:00:00,0.0,1.301,0.2308,25.39
2022-02-05 21:00:00,0.0,1.313,0.229,25.14
2022-02-05 22:00:00,0.0,1.292,0.2194,22.09
2022-02-05 23:00:00,0.0,1.28,0.2291,22.57
2022-02-06 00:00:00,0.0,1.239,0.223,21.53
2022-02-06 01:00:00,0.0,1.231,0.2231,19.84
2022-02-06 02:00:00,0.0,1.198,0.2202,20.48
2022-02-06 03:00:00,0.0,1.186,0.22,19.73
2022-02-06 04:00:00,0.0,1.223,0.2231,20.22
2022-02-06 05:00:00,0.0,1.208,0.2181,21.04
2022-02-06 06:00:00,0.0,1.251,0.2228,21.46
2022-02-06 07:00:00,0.0,1.212,0.2168,22.53
2022-02-06 08:00:00,0.0,1.229,0.2154,23.39
2022-02-06 09:00:00,0.0,1.251,0.2109,25.52
2022-02-06 10:00:00,0.0,1.252,0.2096,25.51
2022-02-06 11:00:00,0.0,1.241,0.2111,26.4
2022-02-06 12:00:00,0.0,1.182,0.2097,27.39
2022-02-06 13:00:00,0.0,1.174,0.2051,27.8
2022-02-06 14:00:00,0.0,1.147,0.2041,27.42
2022-02-06 15:00:00,0.0,1.187,0.2001,28.69
2022-02-06 16:00:00,0.0,,0.1993,28.86
2022-02-06 17:00:00,0.0,1.191,0.197,28.59
2022-02-06 18:00:00,0.0,1.158,0.1951,27.52
2022-02-06 19:00:00,0.0,1.184,0.1963,26.21
2022-02-06 20:00:00,0.0,1.187,0.1916,25.51
2022-02-06 21:00:00,0.0,1.203,0.1883,25.24
2022-02-06 22:00:00,0.0,1.183,0.188,23.2
2022-02-06 23:00:00,0.0,1.171,0.1867,21.75
2022-02-07 00:00:00,0.0,1.151,0.1875,22.65
2022-02-07 01:00:00,0.0,1.148,0.1834,20.4
2022-02-07 02:00:00,0.0,1.187,0.1873,19.72
2022-02-07 03:00:00,0.0,1.192,0.182,20.53
2022-02-07 04:00:00,0.0,1.195,0.1864,20.71
2022-02-07 05:00:00,0.0,1.139,0.1806,21.14
2022-02-07 06:00:00,0.0,1.135,0.1809,21.98
2022-02-07 07:00:00,0.0,1.122,0.181,22.29
2022-02-07 08:00:00,0.0,1.147,0.1804,23.26
2022-02-07 09:00:00,0.0,1.139,0.1773,24.09
2022-02-07 10:00:00,0.0,1.203,0.1818,25.48
2022-02-07 11:00:00,0.0,1.225,0.1724,26.64
2022-02-07 12:00:00,0.0,1.212,0.1663,27.65
2022-02-07 13:00:00,0.0,1.149,0.1692,27.39
2022-02-07 14:00:00,0.0,1.092,0.1702,27.61
2022-02-07 15:00:00,0.0,1.077,0.1676,28.81
2022-02-07 16:00:00,0.0,1.094,0.1616,27.97
2022-02-07 17:00:00,0.0,1.117,0.1622,27.34
2022-02-07 18:00:00,0.0,1.117,0.1594,26.28
2022-02-07 19:00:00,0.0,1.1,0.1584,27.08
2022-02-07 20:00:00,0.0,1.109,0.1588,25.55
2022-02-07 21:00:00,0.0,1.091,0.1592,24.65
2022-02-07 22:00:00,0.0,1.106,0.1545,23.56
2022-02-07 23:00:00,0.0,1.126,0.1537,22.48
2022-02-08 00:00:00,0.0,1.131,0.1567,21.56
2022-02-08 01:00:00,,1.119,0.151,20.9
2022-02-08 02:00:00,0.0,1.078,0.1499,20.05
2022-02-08 03:00:00,0.0,1.094,0.1583,19.51
2022-02-08 04:00:00,0.0,1.075,0.1491,21.66
2022-02-08 05:00:00,0.0,1.059,0.1443,20.95
2022-02-08 06:00:00,0.0,1.093,0.1451,21.35
2022-02-08 07:00:00,0.0,1.095,0.1418,22.0
2022-02-08 08:00:00,0.0,1.158,0.1516,23.89
2022-02-08 09:00:00,0.0,1.146,0.1453,24.47
2022-02-08 10:00:00,0.0,1.138,0.1412,25.0
2022-02-08 11:00:00,0.0,1.08,0.1448,26.25
2022-02-08 12:00:00,0.0,1.087,0.147,27.38
2022-02-08 13:00:00,0.0,1.075,0.14,27.67
2022-02-08 14:00:00,0.0,1.105,0.1441,28.67
2022-02-08 15:00:00,0.0,1.106,0.1369,29.46
2022-02-08 16:00:00,0.0,1.101,0.1331,28.05
2022-02-08 17:00:00,0.0,1.133,0.1408,27.72
2022-02-08 18:00:00,0.0,1.097,0.132,26.81
2022-02-08 19:00:00,0.0,1.088,0.1313,26.32
2022-02-08 20:00:00,0.0,1.095,0.1351,24.45
2022-02-08 21:00:00,0.0,1.07,0.131,24.95
2022-02-08 22:00:00,0.0,1.081,0.1297,22.7
2022-02-08 23:00:00,0.0,1.05,0.1284,21.99
2022-02-09 00:00:00,0.0,1.053,0.1263,21.64
2022-02-09 01:00:00,0.0,1.06,0.128,21.65
2022-02-09 02:00:00,0.0,1.087,0.1281,20.13
2022-02-09 03:00:00,0.0,1.092,0.1252,20.33
2022-02-09 04:00:00,0.0,1.069,0.1268,20.71
2022-02-09 05:00:00,0.0,1.048,0.1255,20.62
2022-02-09 06:00:00,0.0,1.048,0.1246,21.54
2022-02-09 07:00:00,0.0,1.067,0.1218,21.63
2022-02-09 08:00:00,0.0,1.073,0.1206,23.12
2022-02-09 09:00:00,0.0,1.069,0.1219,25.04
2022-02-09 10:00:00,0.0,1.037,0.1162,25.87
2022-02-09 11:00:00,0.0,1.063,0.1275,26.2
2022-02-09 12:00:00,0.0,1.039,0.1102,26.75
2022-02-09 13:00:00,0.0,1.039,0.115,27.78
2022-02-09 14:00:00,0.0,1.032,0.1171,27.56
2022-02-09 15:00:00,0.0,1.005,0.1167,28.33
2022-02-09 16:00:00,0.0,0.995,0.1109,28.08
2022-02-09 17:00:00,0.0,1.0,0.1105,27.66
2022-02-09 18:00:00,0.0,1.0,0.1116,27.18
2022-02-09 19:00:00,0.0,0.972,0.1064,26.69
2022-02-09 20:00:00,0.0,0.977,0.106,24.94
2022-02-09 21:00:00,0.0,1.0,0.1114,24.9
2022-02-09 22:00:00,0.0,1.003,0.1103,23.95
2022-02-09 23:00:00,0.0,0.983,0.1071,23.52
2022-02-10 00:00:00,0.0,0.966,0.1087,21.77
2022-02-10 01:00:00,0.0,0.973,0.1059,21.72
2022-02-10 02:00:00,0.0,0.976,0.1027,21.08
2022-02-10 03:00:00,0.0,0.962,0.1009,20.55
2022-02-10 04:00:00,0.0,0.952,0.1056,19.98
2022-02-10 05:00:00,0.0,0.95,0.101,21.43
2022-02-10 06:00:00,0.0,0.979,0.1048,21.74
2022-02-10 07:00:00,0.0,0.99,0.1007,23.34
2022-02-10 08:00:00,0.0,1.026,0.1047,23.79
2022-02-10 09:00:00,0.0,1.022,0.0971,24.98
2022-02-10 10:00:00,0.0,0.99,0.0958,25.2
2022-02-10 11:00:00,0.0,0.959,0.099,26.57
2022-02-10 12:00:00,0.0,0.955,0.0965,26.32
2022-02-10 13:00:00,0.0,0.976,0.0971,28.19
2022-02-10 14:00:00,0.0,0.967,0.0955,28.92
2022-02-10 15:00:00,0.0,0.972,0.0932,29.15
2022-02-10 16:00:00,0.0,0.976,0.0931,28.14
2022-02-10 17:00:00,0.0,0.965,0.0865,27.01
2022-02-10 18:00:00,0.0,0.956,0.0967,27.01
2022-02-10 19:00:00,0.0,0.977,0.0895,26.41
2022-02-10 20:00:00,0.0,0.977,0.092,25.69
2022-02-10 21:00:00,0.0,0.971,0.0838,23.44
2022-02-10 22:00:00,0.0,0.947,0.0867,23.36
2022-02-10 23:00:00,0.0,0.983,0.0895,21.93
2022-02-11 00:00:00,0.0,0.981,0.0936,22.37
2022-02-11 01:00:00,0.0,0.96,0.0889,19.85
2022-02-11 02:00:00,0.0,0.962,0.0887,21.12
2022-02-11 03:00:00,0.0,1.009,0.085,20.4
2022-02-11 04:00:00,0.0,1.016,0.0859,19.59
2022-02-11 05:00:00,0.0,0.989,0.0848,21.85
2022-02-11 06:00:00,0.0,0.991,0.0857,22.32
2022-02-11 07:00:00,0.0,0.999,0.0879,23.1
2022-02-11 08:00:00,0.0,0.993,0.0825,23.49
2022-02-11 09:00:00,0.0,0.957,0.083,24.14
2022-02-11 10:00:00,0.0,0.966,0.0811,25.55
2022-02-11 11:00:00,0.0,0.975,0.0808,26.75
2022-02-11 12:00:00,0.0,0.995,0.0842,27.04
2022-02-11 13:00:00,0.0,0.96,0.0814,27.51
2022-02-11 14:00:00,0.0,0.95,0.0803,28.59
2022-02-11 15:00:00,0.0,0.947,0.0782,28.58
2022-02-11 16:00:00,0.0,0.927,0.0752,28.8
2022-02-11 17:00:00,0.0,0.916,0.0792,28.7
2022-02-11 18:00:00,0.0,0.909,0.0789,27.73
2022-02-11 19:00:00,0.0,0.948,0.0784,25.9
2022-02-11 20:00:00,0.0,0.953,0.0751,25.51
2022-02-11 21:00:00,0.0,0.94,0.0722,24.67
2022-02-11 22:00:00,0.0,0.954,0.0759,23.85
2022-02-11 23:00:00,0.0,0.951,0.0767,22.91
2022-02-12 00:00:00,0.0,0.942,0.0755,21.65
2022-02-12 01:00:00,0.0,0.905,0.0702,20.8
2022-02-12 02:00:00,0.0,0.945,0.0732,21.15
2022-02-12 03:00:00,0.0,0.905,0.0657,20.7
2022-02-12 04:00:00,0.0,0.941,0.0752,20.78
2022-02-12 05:00:00,0.0,0.927,0.0712,20.69
2022-02-12 06:00:00,0.0,0.986,0.0708,22.73
2022-02-12 07:00:00,0.0,0.992,0.0743,22.63
2022-02-12 08:00:00,0.0,1.011,0.0674,23.43
2022-02-12 09:00:00,0.0,0.962,0.069,24.63
2022-02-12 10:00:00,0.0,0.968,0.0655,25.48
2022-02-12 11:00:00,0.0,0.905,0.063,25.86
2022-02-12 12:00:00,0.0,0.961,0.0678,27.48
2022-02-12 13:00:00,0.0,0.948,0.067,27.24
2022-02-12 14:00:00,0.0,0.927,0.0593,28.42
2022-02-12 15:00:00,0.0,0.937,0.0673,27.71
2022-02-12 16:00:00,0.0,0.925,0.0644,27.29
2022-02-12 17:00:00,0.0,0.924,0.0662,28.28
2022-02-12 18:00:00,0.0,0.894,0.0641,26.78
2022-02-12 19:00:00,0.0,0.922,0.066,26.72
2022-02-12 20:00:00,0.0,0.941,0.0658,25.63
2022-02-12 21:00:00,0.0,0.933,0.0624,24.58
2022-02-12 22:00:00,0.0,0.919,0.0641,23.16
2022-02-12 23:00:00,0.0,0.88,0.0636,22.44
2022-02-13 00:00:00,0.0,0.921,0.057,21.38
2022-02-13 01:00:00,0.0,0.922,0.0575,21.54
2022-02-13 02:00:00,0.0,0.976,0.0567,20.43
2022-02-13 03:00:00,,0.963,0.0614,20.41
2022-02-13 04:00:00,0.0,0.937,0.0569,21.04
2022-02-13 05:00:00,0.0,0.891,0.0525,20.76
2022-02-13 06:00:00,0.0,0.898,0.0552,20.81
2022-02-13 07:00:00,0.0,0.905,0.0567,22.01
2022-02-13 08:00:00,0.0,0.924,0.0588,24.03
2022-02-13 09:00:00,0.0,0.889,0.0609,24.58
2022-02-13 10:00:00,0.0,0.849,0.0594,25.72
2022-02-13 11:00:00,0.0,0.846,0.0566,26.68
2022-02-13 12:00:00,0.0,0.851,0.053,28.26
2022-02-13 13:00:00,0.0,0.913,0.05,26.96
2022-02-13 14:00:00,0.0,0.915,0.053,28.34
2022-02-13 15:00:00,0.0,0.906,0.0531,28.55
2022-02-13 16:00:00,0.0,0.898,0.0538,28.39
2022-02-13 17:00:00,0.0,0.925,0.0557,28.4
2022-02-13 18:00:00,0.0,0.913,0.0545,27.78
2022-02-13 19:00:00,0.0,0.867,0.0523,26.43
2022-02-13 20:00:00,0.0,0.885,0.0504,24.73
2022-02-13 21:00:00,0.0,0.93,0.05,25.79
2022-02-13 22:00:00,0.0,0.952,0.05,23.5
2022-02-13 23:00:00,0.0,0.909,0.05,22.58
2022-02-14 00:00:00,0.0,0.898,0.0579,22.37
2022-02-14 01:00:00,0.0,0.891,0.056,20.9
2022-02-14 02:00:00,0.0,0.874,0.05,21.35
2022-02-14 03:00:00,0.0,0.875,0.0512,20.41
2022-02-14 04:00:00,0.0,0.863,0.05,
2022-02-14 05:00:00,0.0,0.914,0.0507,21.33
2022-02-14 06:00:00,0.0,0.886,0.05,21.4
2022-02-14 07:00:00,0.0,0.875,0.05,23.66
2022-02-14 08:00:00,0.0,0.857,0.0532,23.83
2022-02-14 09:00:00,0.0,0.875,0.0511,24.26
2022-02-14 10:00:00,0.0,0.92,0.0526,24.9
2022-02-14 11:00:00,0.0,0.902,0.0515,
2022-02-14 12:00:00,0.0,0.9,0.05,28.09
2022-02-14 13:00:00,0.0,0.891,0.05,28.22
2022-02-14 14:00:00,0.0,0.898,0.05,28.59
2022-02-14 15:00:00,0.0,0.923,0.05,29.34
2022-02-14 16:00:00,0.0,0.912,0.05,28.73
2022-02-14 17:00:00,0.0,0.913,0.05,27.7
2022-02-14 18:00:00,0.0,0.887,,27.09
2022-02-14 19:00:00,0.0,0.901,0.054,26.84
2022-02-14 20:00:00,0.0,0.87,0.05,25.85
2022-02-14 21:00:00,0.0,0.873,0.05,25.11
2022-02-14 22:00:00,0.0,0.861,0.0508,23.71
2022-02-14 23:00:00,0.0,0.855,0.05,22.91
2022-02-15 00:00:00,0.0,0.844,0.05,21.94
2022-02-15 01:00:00,0.0,0.84,0.0563,21.61
2022-02-15 02:00:00,0.0,0.834,0.0517,21.11
2022-02-15 03:00:00,0.0,0.853,0.058,20.47
2022-02-15 04:00:00,0.0,0.881,0.05,20.64
2022-02-15 05:00:00,0.0,0.886,0.0563,21.29
2022-02-15 06:00:00,0.0,0.881,0.05,21.82
2022-02-15 07:00:00,0.0,0.886,0.0527,23.25
2022-02-15 08:00:00,0.0,0.9,0.05,23.67
2022-02-15 09:00:00,0.0,0.905,0.0509,23.88
2022-02-15 10:00:00,0.0,0.903,0.0511,25.04
2022-02-15 11:00:00,0.0,0.899,0.05,26.48
2022-02-15 12:00:00,0.0,0.885,0.05,27.79
2022-02-15 13:00:00,0.0,0.884,0.05,27.7
2022-02-15 14:00:00,0.0,0.873,0.0507,28.79
2022-02-15 15:00:00,0.0,0.845,0.05,28.21
2022-02-15 16:00:00,0.0,0.83,0.05,28.54
2022-02-15 17:00:00,0.0,0.839,0.05,28.27
2022-02-15 18:00:00,0.0,0.881,0.0514,26.85
2022-02-15 19:00:00,0.0,0.892,0.05,26.79
2022-02-15 20:00:00,0.0,0.891,0.05,26.44
2022-02-15 21:00:00,0.0,0.891,0.0505,24.5
2022-02-15 22:00:00,0.0,0.903,0.05,23.6
2022-02-15 23:00:00,0.0,0.911,0.05,22.72
2022-02-16 00:00:00,0.0,0.9,0.0528,21.84
2022-02-16 01:00:00,0.0,0.878,0.0529,21.18
2022-02-16 02:00:00,0.0,0.892,0.0523,20.74
2022-02-16 03:00:00,0.0,0.878,0.05,19.84
2022-02-16 04:00:00,0.0,0.896,0.05,20.99
2022-02-16 05:00:00,0.0,0.883,0.0537,20.63
2022-02-16 06:00:00,0.0,0.922,0.0524,21.99
2022-02-16 07:00:00,0.0,0.918,0.0538,22.98
2022-02-16 08:00:00,0.0,0.93,0.0503,23.8
2022-02-16 09:00:00,0.0,,0.0518,24.19
2022-02-16 10:00:00,0.0,0.944,0.052,25.82
2022-02-16 11:00:00,0.0,0.953,0.0543,26.52
2022-02-16 12:00:00,0.0,0.913,0.05,27.16
2022-02-16 13:00:00,0.0,0.908,0.0504,29.12
2022-02-16 14:00:00,0.0,0.877,0.0529,28.04
2022-02-16 15:00:00,0.0,0.874,0.0535,28.87
2022-02-16 16:00:00,0.0,0.853,0.05,29.25
2022-02-16 17:00:00,0.0,0.899,0.0512,28.28
2022-02-16 18:00:00,0.0,0.919,0.0522,27.15
2022-02-16 19:00:00,0.0,0.91,0.0538,26.35
2022-02-16 20:00:00,0.0,0.894,0.0511,24.96
2022-02-16 21:00:00,0.0,0.888,0.0508,24.67
2022-02-16 22:00:00,0.0,0.907,0.05,23.66
2022-02-16 23:00:00,,0.906,0.0534,22.5
2022-02-17 00:00:00,0.0,0.898,0.0537,22.54
2022-02-17 01:00:00,0.0,0.908,0.0531,21.18
2022-02-17 02:00:00,0.0,0.877,0.0522,20.02
2022-02-17 03:00:00,0.0,0.875,0.0507,21.42
2022-02-17 04:00:00,0.0,0.865,0.05,20.22
2022-02-17 05:00:00,0.0,0.941,0.05,21.47
2022-02-17 06:00:00,0.0,0.932,0.0531,22.17
2022-02-17 07:00:00,0.0,0.92,0.0534,22.64
2022-02-17 08:00:00,0.0,0.828,0.0507,24.11
2022-02-17 09:00:00,0.0,0.855,0.0507,24.72
2022-02-17 10:00:00,0.0,0.846,0.0506,25.54
2022-02-17 11:00:00,0.0,0.892,,25.64
2022-02-17 12:00:00,0.0,0.915,0.0523,26.64
2022-02-17 13:00:00,0.0,0.936,0.05,29.52
2022-02-17 14:00:00,0.0,0.932,0.0515,28.91
2022-02-17 15:00:00,0.0,0.918,0.05,29.31
2022-02-17 16:00:00,0.0,0.905,0.05,29.8
2022-02-17 17:00:00,0.0,0.893,0.05,27.97
2022-02-17 18:00:00,0.0,0.881,0.05,27.44
2022-02-17 19:00:00,0.0,0.887,0.05,25.86
2022-02-17 20:00:00,0.0,0.967,0.05,25.57
2022-02-17 21:00:00,0.0,0.997,0.0535,24.53
2022-02-17 22:00:00,0.0,0.994,0.05,23.45
2022-02-17 23:00:00,0.0,0.902,0.05,23.21
2022-02-18 00:00:00,0.0,0.884,0.05,22.25
2022-02-18 01:00:00,0.0,0.899,0.0517,21.71
2022-02-18 02:00:00,0.0,0.943,0.0541,20.24
2022-02-18 03:00:00,0.0,0.954,0.0516,20.73
2022-02-18 04:00:00,0.0,0.938,0.051,21.02
2022-02-18 05:00:00,0.48,0.944,0.05,22.14
2022-02-18 06:00:00,1.74,0.912,0.0579,21.77
2022-02-18 07:00:00,1.95,0.953,0.0675,22.44
2022-02-18 08:00:00,3.56,0.985,0.0829,23.87
2022-02-18 09:00:00,3.98,1.07,0.0964,24.19
2022-02-18 10:00:00,4.12,1.1,0.1166,25.57
2022-02-18 11:00:00,4.58,1.134,0.1255,26.48
2022-02-18 12:00:00,6.32,1.201,0.1497,26.65
2022-02-18 13:00:00,5.43,1.277,0.1734,27.29
2022-02-18 14:00:00,7.48,1.358,0.2044,27.79
2022-02-18 15:00:00,6.12,1.423,0.2275,27.86
2022-02-18 16:00:00,6.14,1.505,0.2397,27.19
2022-02-18 17:00:00,6.73,1.628,0.2708,27.84
2022-02-18 18:00:00,5.3,1.743,0.2921,27.28
2022-02-18 19:00:00,4.39,1.865,0.3072,25.88
2022-02-18 20:00:00,4.75,1.998,0.3227,24.83
2022-02-18 21:00:00,4.17,2.081,0.3349,24.52
2022-02-18 22:00:00,3.24,2.125,0.3364,24.21
2022-02-18 23:00:00,2.38,2.172,0.3587,22.96
2022-02-19 00:00:00,1.57,2.189,0.3582,22.34
2022-02-19 01:00:00,0.56,2.168,0.3537,21.05
2022-02-19 02:00:00,0.0,2.143,0.3531,21.07
2022-02-19 03:00:00,0.0,2.111,0.3526,20.66
2022-02-19 04:00:00,0.0,2.078,0.3511,20.5
2022-02-19 05:00:00,0.0,2.025,0.3432,21.36
2022-02-19 06:00:00,0.0,1.975,0.3421,21.46
2022-02-19 07:00:00,0.0,1.893,0.3442,22.35
2022-02-19 08:00:00,0.0,1.814,0.3384,23.47
2022-02-19 09:00:00,0.0,1.744,0.3322,24.56
2022-02-19 10:00:00,0.0,1.713,0.3323,25.75
2022-02-19 11:00:00,0.0,1.682,0.3319,25.69
2022-02-19 12:00:00,0.0,1.638,0.3241,27.09
2022-02-19 13:00:00,0.0,1.578,0.3308,28.97
2022-02-19 14:00:00,0.0,1.522,0.3263,28.58
2022-02-19 15:00:00,0.0,1.472,0.3224,29.01
2022-02-19 16:00:00,0.0,1.481,0.3169,28.8
2022-02-19 17:00:00,0.0,1.476,0.31,28.14
2022-02-19 18:00:00,0.0,1.483,0.3084,27.11
2022-02-19 19:00:00,0.0,1.469,0.3122,26.45
2022-02-19 20:00:00,0.0,1.439,0.3032,26.74
2022-02-19 21:00:00,0.0,1.452,0.3031,24.46
2022-02-19 22:00:00,0.0,1.447,0.3,24.55
2022-02-19 23:00:00,0.0,1.408,0.2983,22.52
2022-02-20 00:00:00,0.0,1.38,0.2963,21.77
2022-02-20 01:00:00,0.0,1.392,0.2941,21.33
2022-02-20 02:00:00,0.0,1.435,0.2916,20.81
2022-02-20 03:00:00,0.0,1.418,0.2902,20.29
2022-02-20 04:00:00,0.0,1.39,0.2887,20.89
2022-02-20 05:00:00,0.0,1.375,0.2846,20.56
2022-02-20 06:00:00,0.0,1.375,0.2813,22.11
2022-02-20 07:00:00,0.0,1.39,0.2824,22.87
2022-02-20 08:00:00,0.0,1.36,0.2787,24.09
2022-02-20 09:00:00,0.0,1.364,0.2789,24.51
2022-02-20 10:00:00,0.0,1.335,0.2735,26.16
2022-02-20 11:00:00,0.0,1.331,0.2686,26.97
2022-02-20 12:00:00,0.0,1.322,0.2762,27.65
2022-02-20 13:00:00,0.0,1.3,0.2673,29.21
2022-02-20 14:00:00,0.0,1.265,0.26,28.86
2022-02-20 15:00:00,0.0,1.269,0.2664,28.53
2022-02-20 16:00:00,0.0,1.255,0.2601,29.39
2022-02-20 17:00:00,0.0,1.283,0.2589,28.48
2022-02-20 18:00:00,0.0,1.309,0.257,28.48
2022-02-20 19:00:00,0.0,1.339,0.2573,25.83
2022-02-20 20:00:00,1.15,1.326,0.2577,25.53
2022-02-20 21:00:00,4.24,1.318,0.2676,
2022-02-20 22:00:00,6.53,1.372,0.2924,22.13
2022-02-20 23:00:00,8.67,1.477,0.3244,21.97
2022-02-21 00:00:00,9.18,1.637,0.3618,20.86
2022-02-21 01:00:00,13.18,1.815,0.4152,19.01
2022-02-21 02:00:00,16.08,2.064,0.4736,18.94
2022-02-21 03:00:00,17.84,2.319,0.4977,19.7
2022-02-21 04:00:00,16.66,2.576,0.4976,19.72
2022-02-21 05:00:00,14.54,2.861,0.498,19.52
2022-02-21 06:00:00,20.52,3.183,0.5,19.59
2022-02-21 07:00:00,17.76,3.526,0.4989,21.45
2022-02-21 08:00:00,14.11,3.912,0.5,21.36
2022-02-21 09:00:00,14.01,4.215,0.4982,23.69
2022-02-21 10:00:00,16.52,4.481,0.4999,23.26
2022-02-21 11:00:00,16.93,4.691,0.4992,25.92
2022-02-21 12:00:00,15.95,4.886,0.5,26.36
2022-02-21 13:00:00,14.04,5.064,0.5,25.93
2022-02-21 14:00:00,10.39,5.17,0.4999,27.43
2022-02-21 15:00:00,9.59,5.27,0.5,27.99
2022-02-21 16:00:00,5.03,5.283,0.5,27.16
2022-02-21 17:00:00,2.98,5.278,0.4982,27.94
2022-02-21 18:00:00,0.97,5.116,0.5,27.77
2022-02-21 19:00:00,0.0,4.952,0.4987,25.76
2022-02-21 20:00:00,0.0,4.667,0.4869,26.2
2022-02-21 21:00:00,0.0,4.394,0.4807,24.73
2022-02-21 22:00:00,0.0,4.055,0.4839,24.22
2022-02-21 23:00:00,0.0,3.735,0.4795,22.68
2022-02-22 00:00:00,0.0,3.399,0.4693,21.47
2022-02-22 01:00:00,0.0,3.161,0.4741,20.79
2022-02-22 02:00:00,0.0,2.927,0.4708,20.81
2022-02-22 03:00:00,0.0,2.734,0.4659,20.73
2022-02-22 04:00:00,0.0,2.564,0.4694,21.5
2022-02-22 05:00:00,0.0,2.403,0.461,21.23
2022-02-22 06:00:00,0.0,2.273,0.4574,21.22
2022-02-22 07:00:00,0.0,2.194,0.4554,22.6
2022-02-22 08:00:00,0.0,2.064,0.448,23.03
2022-02-22 09:00:00,0.0,2.003,0.4457,25.0
2022-02-22 10:00:00,0.0,,0.4362,26.15
2022-02-22 11:00:00,0.0,1.872,0.4419,27.2
2022-02-22 12:00:00,0.0,1.8,0.4395,27.51
2022-02-22 13:00:00,0.0,1.766,0.4336,27.94
2022-02-22 14:00:00,0.0,1.734,0.4293,28.44
2022-02-22 15:00:00,0.0,1.722,0.4244,28.78
2022-02-22 16:00:00,0.0,1.676,0.4252,28.44
2022-02-22 17:00:00,0.0,1.659,0.4161,29.1
2022-02-22 18:00:00,0.0,1.652,0.4155,27.47
2022-02-22 19:00:00,0.0,1.674,0.4116,26.78
2022-02-22 20:00:00,0.0,1.657,0.4017,25.49
2022-02-22 21:00:00,0.0,1.653,0.4047,24.46
2022-02-22 22:00:00,0.0,1.637,0.3964,23.16
2022-02-22 23:00:00,0.0,1.621,0.3953,22.31
2022-02-23 00:00:00,0.0,1.612,0.3936,22.97
2022-02-23 01:00:00,0.0,1.603,0.3953,21.67
2022-02-23 02:00:00,0.0,1.559,0.3869,20.83
2022-02-23 03:00:00,0.0,1.523,0.3876,20.54
2022-02-23 04:00:00,0.0,1.494,0.3794,21.62
2022-02-23 05:00:00,0.0,1.487,0.381,20.98
2022-02-23 06:00:00,0.0,1.496,0.3777,21.18
2022-02-23 07:00:00,0.0,1.501,0.3802,23.1
2022-02-23 08:00:00,0.0,1.546,0.3714,23.37
2022-02-23 09:00:00,0.0,1.541,0.366,24.22
2022-02-23 10:00:00,0.0,1.561,0.3664,25.35
2022-02-23 11:00:00,0.0,1.483,0.3626,27.07
2022-02-23 12:00:00,0.0,1.506,0.3619,27.64
2022-02-23 13:00:00,0.0,1.508,0.3618,27.84
2022-02-23 14:00:00,0.0,1.504,0.3534,28.96
2022-02-23 15:00:00,0.0,1.486,0.3522,28.45
2022-02-23 16:00:00,0.0,1.45,0.3476,27.91
2022-02-23 17:00:00,0.0,1.474,0.3462,27.68
2022-02-23 18:00:00,0.0,1.475,0.3387,27.7
2022-02-23 19:00:00,0.0,1.503,0.3386,26.47
2022-02-23 20:00:00,0.0,1.493,0.3387,25.95
2022-02-23 21:00:00,0.0,1.446,0.3308,25.42
2022-02-23 22:00:00,0.0,1.413,0.3301,23.51
2022-02-23 23:00:00,0.0,1.389,0.3279,24.2
2022-02-24 00:00:00,0.0,1.387,0.3214,22.21
2022-02-24 01:00:00,0.0,1.405,0.3259,21.35
2022-02-24 02:00:00,0.0,1.408,0.32,20.37
2022-02-24 03:00:00,0.0,1.419,0.3195,20.73
2022-02-24 04:00:00,0.0,1.397,0.3195,20.91
2022-02-24 05:00:00,0.0,1.415,0.3177,21.82
2022-02-24 06:00:00,0.0,1.406,0.3098,21.78
2022-02-24 07:00:00,0.0,1.436,0.3124,23.12
2022-02-24 08:00:00,0.0,1.412,0.3117,23.89
2022-02-24 09:00:00,0.0,1.384,0.3043,25.39
2022-02-24 10:00:00,0.0,1.387,0.306,26.46
2022-02-24 11:00:00,0.0,1.396,0.3022,27.07
2022-02-24 12:00:00,0.0,1.397,0.2996,28.11
2022-02-24 13:00:00,0.0,1.405,0.2979,28.93
2022-02-24 14:00:00,0.0,1.382,0.2898,29.03
2022-02-24 15:00:00,0.0,1.369,0.2868,29.04
2022-02-24 16:00:00,0.0,1.345,0.2904,28.97
2022-02-24 17:00:00,0.0,1.352,0.2832,29.17
2022-02-24 18:00:00,0.0,1.36,0.2772,27.79
2022-02-24 19:00:00,0.0,1.411,0.2786,27.27
2022-02-24 20:00:00,0.0,1.376,0.2764,25.6
2022-02-24 21:00:00,0.0,1.369,0.2752,25.65
2022-02-24 22:00:00,0.0,1.329,0.2712,24.09
2022-02-24 23:00:00,0.0,1.357,0.2757,22.73
2022-02-25 00:00:00,0.0,1.358,0.2659,22.08
2022-02-25 01:00:00,0.0,1.384,0.261,21.37
2022-02-25 02:00:00,0.0,1.373,0.2607,21.08
2022-02-25 03:00:00,0.0,1.36,0.2612,21.04
2022-02-25 04:00:00,0.0,1.348,0.2632,20.98
2022-02-25 05:00:00,0.0,1.342,0.2595,20.68
2022-02-25 06:00:00,0.0,1.337,0.2593,23.0
2022-02-25 07:00:00,0.0,1.305,0.2543,23.07
2022-02-25 08:00:00,0.0,1.28,0.2556,24.04
2022-02-25 09:00:00,0.0,1.264,0.2476,24.91
2022-02-25 10:00:00,0.0,1.265,0.2507,26.43
2022-02-25 11:00:00,0.0,1.274,0.2498,26.96
2022-02-25 12:00:00,0.0,1.246,0.243,27.61
2022-02-25 13:00:00,0.0,1.301,0.2485,28.28
2022-02-25 14:00:00,0.0,1.287,0.2355,29.43
2022-02-25 15:00:00,0.0,1.291,0.2409,29.04
2022-02-25 16:00:00,0.0,1.242,0.239,28.78
2022-02-25 17:00:00,0.0,1.225,0.2317,28.19
2022-02-25 18:00:00,0.0,1.239,0.2331,27.61
2022-02-25 19:00:00,0.0,1.229,0.2275,27.48
2022-02-25 20:00:00,0.0,1.237,0.2291,25.52
2022-02-25 21:00:00,0.0,1.207,0.2257,25.27
2022-02-25 22:00:00,0.0,1.206,0.2246,24.26
2022-02-25 23:00:00,0.0,1.22,0.2212,23.05
2022-02-26 00:00:00,0.0,1.225,0.2197,22.05
2022-02-26 01:00:00,0.0,1.236,,20.77
2022-02-26 02:00:00,0.0,1.226,0.2205,21.45
2022-02-26 03:00:00,0.0,1.279,0.2223,20.18
2022-02-26 04:00:00,0.0,1.307,0.2227,21.2
2022-02-26 05:00:00,0.0,1.301,0.2173,21.54
2022-02-26 06:00:00,0.0,1.244,0.2129,22.53
2022-02-26 07:00:00,0.0,1.206,0.2144,22.53
2022-02-26 08:00:00,0.0,1.18,0.2109,23.47
2022-02-26 09:00:00,0.0,1.231,0.2072,25.24
2022-02-26 10:00:00,0.0,1.265,0.2124,25.93
2022-02-26 11:00:00,0.0,1.263,0.2077,25.97
2022-02-26 12:00:00,0.0,1.212,0.2006,27.8
2022-02-26 13:00:00,0.0,1.232,0.2038,29.34
2022-02-26 14:00:00,0.0,1.217,0.2007,29.11
2022-02-26 15:00:00,0.0,1.202,0.1943,28.38
2022-02-26 16:00:00,0.0,1.178,0.1954,29.08
2022-02-26 17:00:00,0.0,1.171,0.1932,28.93
2022-02-26 18:00:00,0.0,1.147,0.1838,26.94
2022-02-26 19:00:00,0.0,1.161,0.1857,26.83
2022-02-26 20:00:00,0.0,1.189,0.1916,26.66
2022-02-26 21:00:00,0.0,1.203,0.1847,24.21
2022-02-26 22:00:00,0.0,1.192,0.1872,23.8
2022-02-26 23:00:00,0.0,1.192,0.188,22.87
2022-02-27 00:00:00,0.0,1.127,0.1767,21.98
2022-02-27 01:00:00,0.0,1.155,0.1865,22.24
2022-02-27 02:00:00,0.0,1.113,0.1799,21.76
2022-02-27 03:00:00,0.0,1.142,0.1805,20.86
2022-02-27 04:00:00,0.0,1.18,0.184,20.64
2022-02-27 05:00:00,0.0,1.215,0.1798,22.19
2022-02-27 06:00:00,0.0,1.191,0.1752,22.57
2022-02-27 07:00:00,0.0,1.172,0.1728,23.01
2022-02-27 08:00:00,0.0,1.128,0.1717,24.31
2022-02-27 09:00:00,0.0,1.138,0.17,25.34
2022-02-27 10:00:00,0.0,1.173,0.1741,25.61
2022-02-27 11:00:00,0.0,1.197,0.1704,26.72
2022-02-27 12:00:00,0.0,1.181,0.1679,27.85
2022-02-27 13:00:00,0.0,1.127,0.1651,27.51
2022-02-27 14:00:00,0.0,1.127,0.1664,28.71
2022-02-27 15:00:00,0.0,1.112,0.157,28.62
2022-02-27 16:00:00,0.0,1.129,0.1666,28.96
2022-02-27 17:00:00,0.0,1.106,0.1588,27.92
2022-02-27 18:00:00,0.0,1.072,0.1553,28.06
2022-02-27 19:00:00,0.0,1.102,0.1602,27.13
2022-02-27 20:00:00,0.0,1.119,0.1588,26.0
2022-02-27 21:00:00,0.0,1.149,0.1539,25.25
2022-02-27 22:00:00,0.0,1.137,0.1569,24.28
2022-02-27 23:00:00,0.0,1.121,0.1549,22.9
2022-02-28 00:00:00,0.0,1.11,0.1519,22.24
2022-02-28 01:00:00,0.0,1.097,0.1449,21.25
2022-02-28 02:00:00,0.0,1.119,0.1493,20.85
2022-02-28 03:00:00,0.0,1.123,0.1479,21.84
2022-02-28 04:00:00,0.0,1.141,0.1462,21.09
2022-02-28 05:00:00,0.0,1.125,0.1448,21.58
2022-02-28 06:00:00,0.0,1.091,0.1472,22.19
2022-02-28 07:00:00,0.0,1.023,0.1402,23.24
2022-02-28 08:00:00,0.0,1.022,0.1464,23.75
2022-02-28 09:00:00,0.0,1.023,0.1415,24.83
2022-02-28 10:00:00,0.0,1.052,0.1379,26.56
2022-02-28 11:00:00,0.0,1.042,0.1384,26.31
2022-02-28 12:00:00,0.0,1.037,0.1386,27.98
2022-02-28 13:00:00,0.0,1.009,0.141,28.11
2022-02-28 14:00:00,0.0,0.998,0.1376,27.91
2022-02-28 15:00:00,0.0,1.01,0.1377,29.01
2022-02-28 16:00:00,0.0,1.024,0.1327,28.34
2022-02-28 17:00:00,0.0,1.061,0.131,27.85
2022-02-28 18:00:00,0.0,1.073,0.136,29.18
2022-02-28 19:00:00,0.0,1.042,0.1288,27.33
2022-02-28 20:00:00,0.0,1.015,0.1265,26.37
2022-02-28 21:00:00,0.0,1.026,0.1252,25.03
2022-02-28 22:00:00,0.0,1.017,0.1271,23.42
2022-02-28 23:00:00,0.0,1.032,0.122,22.97
2022-03-01 00:00:00,0.0,1.037,0.125,22.09
2022-03-01 01:00:00,0.0,1.098,0.1241,20.67
2022-03-01 02:00:00,0.0,1.086,0.1246,22.13
2022-03-01 03:00:00,0.0,1.057,0.1167,21.05
2022-03-01 04:00:00,0.0,1.029,0.1152,20.81
2022-03-01 05:00:00,0.0,,0.1191,21.69
2022-03-01 06:00:00,0.0,1.042,0.1192,21.58
2022-03-01 07:00:00,0.0,1.023,0.1154,22.62
2022-03-01 08:00:00,0.0,1.033,0.1137,24.83
2022-03-01 09:00:00,0.0,1.047,0.1182,24.83
2022-03-01 10:00:00,0.0,1.058,0.115,26.12
2022-03-01 11:00:00,0.0,1.058,0.1173,27.15
2022-03-01 12:00:00,0.0,1.031,0.1097,27.84
2022-03-01 13:00:00,0.0,1.021,0.1124,28.29
2022-03-01 14:00:00,0.0,0.992,0.1167,30.09
2022-03-01 15:00:00,0.0,0.955,0.1097,28.72
2022-03-01 16:00:00,0.0,0.949,0.1078,28.51
2022-03-01 17:00:00,0.0,0.998,0.1112,28.8
2022-03-01 18:00:00,0.0,0.999,0.1112,27.28
2022-03-01 19:00:00,0.0,0.986,0.1047,27.6
2022-03-01 20:00:00,0.0,0.992,0.104,26.03
2022-03-01 21:00:00,0.0,1.021,0.1074,25.16
2022-03-01 22:00:00,0.0,1.049,0.1049,24.21
2022-03-01 23:00:00,0.0,1.033,0.1042,22.92
2022-03-02 00:00:00,0.0,0.999,0.1032,22.76
2022-03-02 01:00:00,0.0,1.011,0.1017,21.99
2022-03-02 02:00:00,0.0,1.028,0.1042,21.53
2022-03-02 03:00:00,0.0,1.045,0.1047,20.38
2022-03-02 04:00:00,0.0,1.008,0.0968,21.1
2022-03-02 05:00:00,0.0,1.011,0.1019,21.61
2022-03-02 06:00:00,0.0,1.035,0.0984,23.17
2022-03-02 07:00:00,0.0,1.015,0.094,22.43
2022-03-02 08:00:00,0.0,1.006,0.0943,23.78
2022-03-02 09:00:00,0.0,0.991,0.095,25.67
2022-03-02 10:00:00,0.0,1.011,0.0987,25.7
2022-03-02 11:00:00,0.0,0.991,0.0915,26.81
2022-03-02 12:00:00,0.0,0.98,0.0883,28.8
2022-03-02 13:00:00,0.0,0.952,0.0921,28.78
2022-03-02 14:00:00,0.0,0.97,0.0905,29.43
2022-03-02 15:00:00,0.0,0.977,0.0943,29.5
2022-03-02 16:00:00,0.0,1.001,0.0909,29.06
2022-03-02 17:00:00,0.0,1.011,0.0915,28.64
2022-03-02 18:00:00,0.0,0.991,0.0873,28.41
2022-03-02 19:00:00,0.0,0.977,0.0841,26.71
2022-03-02 20:00:00,0.0,0.978,0.0909,27.04
2022-03-02 21:00:00,0.0,0.965,0.0845,24.87
2022-03-02 22:00:00,0.0,0.951,0.0875,24.61
2022-03-02 23:00:00,0.0,0.966,0.0838,23.39
2022-03-03 00:00:00,0.0,0.975,0.0863,22.07
2022-03-03 01:00:00,0.0,0.981,0.0847,21.95
2022-03-03 02:00:00,0.0,0.949,0.0836,21.37
2022-03-03 03:00:00,0.0,0.965,0.084,20.29
2022-03-03 04:00:00,0.0,0.959,0.0815,21.27
2022-03-03 05:00:00,0.0,0.941,0.0766,21.09
2022-03-03 06:00:00,0.0,0.945,0.082,22.6
2022-03-03 07:00:00,0.0,0.969,0.0839,23.1
2022-03-03 08:00:00,0.0,0.981,0.0797,24.58
2022-03-03 09:00:00,0.0,0.966,0.0783,24.83
2022-03-03 10:00:00,0.0,0.938,0.0794,25.56
2022-03-03 11:00:00,0.0,0.917,0.0808,26.64
2022-03-03 12:00:00,0.0,0.924,0.0763,29.01
2022-03-03 13:00:00,0.0,0.942,0.0719,30.15
2022-03-03 14:00:00,0.0,0.958,0.0761,30.04
2022-03-03 15:00:00,0.0,0.944,0.076,28.4
2022-03-03 16:00:00,0.0,0.912,0.0747,28.35
2022-03-03 17:00:00,0.0,0.914,0.072,28.11
2022-03-03 18:00:00,0.0,0.938,0.0738,28.39
2022-03-03 19:00:00,0.0,0.942,0.0715,28.23
2022-03-03 20:00:00,0.0,0.958,0.0702,26.66
2022-03-03 21:00:00,0.0,0.929,0.0701,25.27
2022-03-03 22:00:00,0.0,0.929,0.0709,23.68
2022-03-03 23:00:00,0.0,0.908,0.0708,23.03
2022-03-04 00:00:00,0.0,0.922,0.0679,22.43
2022-03-04 01:00:00,0.0,0.935,0.0695,22.19
2022-03-04 02:00:00,0.0,0.942,0.0697,21.1
2022-03-04 03:00:00,0.0,0.943,0.0697,21.42
2022-03-04 04:00:00,0.0,0.966,0.0691,21.49
2022-03-04 05:00:00,0.0,0.967,0.0711,21.8
2022-03-04 06:00:00,0.0,0.953,0.0688,22.19
2022-03-04 07:00:00,0.0,0.947,0.0722,23.28
2022-03-04 08:00:00,0.0,0.909,0.0688,24.13
2022-03-04 09:00:00,0.0,0.89,0.0682,24.82
2022-03-04 10:00:00,0.0,0.884,0.0609,26.69
2022-03-04 11:00:00,0.0,0.916,0.0663,28.0
2022-03-04 12:00:00,0.0,0.925,0.066,28.13
2022-03-04 13:00:00,0.0,0.91,0.0627,28.66
2022-03-04 14:00:00,0.0,0.904,0.0561,29.46
2022-03-04 15:00:00,0.0,0.93,0.0546,29.31
2022-03-04 16:00:00,0.0,0.927,0.0602,29.65
2022-03-04 17:00:00,0.0,0.948,0.0588,28.73
2022-03-04 18:00:00,0.0,0.919,0.0554,28.34
2022-03-04 19:00:00,0.0,0.952,0.0605,28.08
2022-03-04 20:00:00,0.0,0.922,0.0554,26.88
2022-03-04 21:00:00,0.0,0.91,0.0533,25.14
2022-03-04 22:00:00,0.0,0.915,0.064,24.72
2022-03-04 23:00:00,0.0,0.905,0.059,22.68
2022-03-05 00:00:00,0.0,0.91,0.0558,22.33
2022-03-05 01:00:00,0.0,0.892,0.0524,22.21
2022-03-05 02:00:00,0.0,0.916,0.0536,22.16
2022-03-05 03:00:00,0.0,0.923,0.054,20.88
2022-03-05 04:00:00,0.0,0.899,0.0539,21.38
2022-03-05 05:00:00,0.0,0.879,0.0542,21.8
2022-03-05 06:00:00,0.0,0.878,0.0512,22.38
2022-03-05 07:00:00,0.0,0.882,0.0518,22.65
2022-03-05 08:00:00,0.0,0.863,0.05,24.47
2022-03-05 09:00:00,0.0,0.87,0.05,24.62
2022-03-05 10:00:00,0.0,0.906,0.05,26.86
2022-03-05 11:00:00,0.0,0.922,0.0508,27.93
2022-03-05 12:00:00,0.0,0.888,0.0512,27.77
2022-03-05 13:00:00,0.0,0.875,0.053,28.09
2022-03-05 14:00:00,0.0,0.848,0.0524,29.11
2022-03-05 15:00:00,0.0,0.837,0.0525,29.0
2022-03-05 16:00:00,0.0,0.803,0.05,29.02
2022-03-05 17:00:00,0.0,0.865,0.052,28.77
2022-03-05 18:00:00,0.0,0.88,0.05,27.62
2022-03-05 19:00:00,0.0,0.931,0.0518,28.09
2022-03-05 20:00:00,0.0,0.911,0.05,25.97
2022-03-05 21:00:00,0.0,0.932,0.0529,25.73
2022-03-05 22:00:00,0.0,0.92,0.05,23.78
2022-03-05 23:00:00,0.0,0.912,0.0527,23.29
2022-03-06 00:00:00,0.0,0.938,0.05,22.7
2022-03-06 01:00:00,0.0,0.948,0.0534,21.9
2022-03-06 02:00:00,0.0,0.911,0.05,21.31
2022-03-06 03:00:00,0.0,0.861,0.0512,21.05
2022-03-06 04:00:00,0.0,0.842,0.05,21.23
2022-03-06 05:00:00,0.0,0.869,0.053,21.5
2022-03-06 06:00:00,0.0,0.862,0.0505,22.64
2022-03-06 07:00:00,0.0,0.876,0.0547,24.22
2022-03-06 08:00:00,0.0,0.867,0.05,24.44
2022-03-06 09:00:00,0.0,0.904,0.05,25.6
2022-03-06 10:00:00,0.0,0.898,0.05,26.88
2022-03-06 11:00:00,0.0,0.915,0.0519,27.07
2022-03-06 12:00:00,0.0,0.903,0.052,27.23
2022-03-06 13:00:00,0.0,0.925,0.05,28.77
2022-03-06 14:00:00,0.0,0.875,0.05,29.59
2022-03-06 15:00:00,0.0,0.843,0.0509,30.31
2022-03-06 16:00:00,0.0,0.812,0.0537,28.67
2022-03-06 17:00:00,0.0,0.867,0.05,29.31
2022-03-06 18:00:00,0.0,0.883,0.05,28.26
2022-03-06 19:00:00,0.0,0.895,0.053,27.11
2022-03-06 20:00:00,0.0,0.865,0.05,25.81
2022-03-06 21:00:00,0.0,0.916,0.0516,25.01
2022-03-06 22:00:00,0.0,0.921,0.05,24.55
2022-03-06 23:00:00,0.0,0.911,0.05,23.91
2022-03-07 00:00:00,0.0,0.893,0.05,21.15
2022-03-07 01:00:00,0.0,0.908,0.05,22.13
2022-03-07 02:00:00,0.0,0.928,0.0543,21.19
2022-03-07 03:00:00,0.0,0.896,0.05,21.1
2022-03-07 04:00:00,0.0,0.896,0.05,21.69
2022-03-07 05:00:00,0.0,0.851,0.05,22.84
2022-03-07 06:00:00,0.0,0.864,0.05,22.16
2022-03-07 07:00:00,0.0,0.849,0.0555,23.29
2022-03-07 08:00:00,0.0,0.907,0.05,23.52
2022-03-07 09:00:00,0.0,0.931,0.0556,25.56
2022-03-07 10:00:00,0.0,0.954,0.05,26.03
2022-03-07 11:00:00,0.0,0.963,0.0501,28.13
2022-03-07 12:00:00,0.0,0.989,0.05,28.35
2022-03-07 13:00:00,0.0,0.977,0.05,28.67
2022-03-07 14:00:00,0.0,0.944,0.05,29.07
2022-03-07 15:00:00,0.0,0.922,0.055,29.53
2022-03-07 16:00:00,0.0,0.93,0.0539,29.55
2022-03-07 17:00:00,0.0,0.882,0.0501,28.22
2022-03-07 18:00:00,0.0,0.865,0.05,28.1
2022-03-07 19:00:00,0.0,0.842,0.051,27.34
2022-03-07 20:00:00,0.0,0.886,0.05,26.48
2022-03-07 21:00:00,0.0,0.898,0.05,26.0
2022-03-07 22:00:00,0.0,0.917,0.0519,23.59
2022-03-07 23:00:00,0.0,0.895,0.05,23.82
2022-03-08 00:00:00,0.0,0.879,0.0503,22.74
2022-03-08 01:00:00,0.0,0.911,0.0513,21.67
2022-03-08 02:00:00,0.0,0.884,0.052,21.93
2022-03-08 03:00:00,0.0,0.94,0.05,21.19
2022-03-08 04:00:00,0.0,0.951,0.055,20.62
2022-03-08 05:00:00,0.0,0.98,0.0508,20.2
2022-03-08 06:00:00,0.0,0.938,0.05,21.95
2022-03-08 07:00:00,0.0,0.905,0.05,23.11
2022-03-08 08:00:00,0.0,0.905,0.05,24.44
2022-03-08 09:00:00,0.0,0.887,0.05,25.68
2022-03-08 10:00:00,0.0,0.878,,26.29
2022-03-08 11:00:00,0.0,0.894,0.0509,26.68
2022-03-08 12:00:00,0.0,0.885,0.05,28.02
2022-03-08 13:00:00,0.0,0.906,0.0543,28.74
2022-03-08 14:00:00,0.0,0.879,0.05,30.12
2022-03-08 15:00:00,0.0,0.927,0.0505,29.66
2022-03-08 16:00:00,0.0,0.95,0.0533,28.42
2022-03-08 17:00:00,0.0,0.938,0.05,28.69
2022-03-08 18:00:00,0.0,0.927,0.05,28.56
2022-03-08 19:00:00,0.0,0.915,0.05,27.4
2022-03-08 20:00:00,0.0,0.951,0.0526,25.61
2022-03-08 21:00:00,0.0,0.941,0.0501,25.8
2022-03-08 22:00:00,0.0,0.914,0.0519,24.53
2022-03-08 23:00:00,0.0,0.901,0.05,23.31
2022-03-09 00:00:00,0.0,0.884,0.05,22.2
2022-03-09 01:00:00,0.0,0.944,0.0517,22.47
2022-03-09 02:00:00,0.0,0.917,0.051,20.66
2022-03-09 03:00:00,0.0,0.928,0.05,20.65
2022-03-09 04:00:00,0.0,0.876,0.05,21.2
2022-03-09 05:00:00,0.0,0.927,0.05,22.12
2022-03-09 06:00:00,0.0,0.925,0.05,
2022-03-09 07:00:00,0.0,0.937,0.05,23.16
2022-03-09 08:00:00,0.0,0.925,0.05,24.22
2022-03-09 09:00:00,0.0,0.945,0.05,25.6
2022-03-09 10:00:00,0.0,0.96,0.05,26.33
2022-03-09 11:00:00,0.0,0.933,0.05,27.29
2022-03-09 12:00:00,0.0,0.884,0.05,27.91
2022-03-09 13:00:00,0.0,0.86,0.05,29.44
2022-03-09 14:00:00,0.0,0.85,0.054,29.62
2022-03-09 15:00:00,0.0,0.882,0.0508,29.74
2022-03-09 16:00:00,0.0,0.917,0.05,28.9
2022-03-09 17:00:00,0.0,0.925,0.0527,28.64
2022-03-09 18:00:00,0.0,0.921,0.05,28.5
2022-03-09 19:00:00,0.0,0.901,0.0522,27.14
2022-03-09 20:00:00,0.0,0.905,0.05,26.0
2022-03-09 21:00:00,0.0,0.895,0.0517,25.57
2022-03-09 22:00:00,0.0,0.908,0.0561,23.74
2022-03-09 23:00:00,0.0,0.878,0.0517,23.33
2022-03-10 00:00:00,0.0,0.861,0.05,23.09
2022-03-10 01:00:00,0.0,0.846,0.0534,22.08
2022-03-10 02:00:00,0.0,0.84,0.05,21.09
2022-03-10 03:00:00,0.0,0.838,0.0514,21.71
2022-03-10 04:00:00,0.0,0.871,0.0567,21.31
2022-03-10 05:00:00,0.0,0.864,0.05,22.43
2022-03-10 06:00:00,0.0,0.878,0.0515,22.9
2022-03-10 07:00:00,0.0,0.89,0.0559,23.3
2022-03-10 08:00:00,0.0,0.919,0.0529,24.06
2022-03-10 09:00:00,0.0,0.913,0.0521,25.05
2022-03-10 10:00:00,0.0,0.919,0.05,27.8
2022-03-10 11:00:00,0.0,0.921,0.05,26.33
2022-03-10 12:00:00,0.0,0.904,0.0525,27.42
2022-03-10 13:00:00,0.0,0.916,0.05,29.49
2022-03-10 14:00:00,0.0,0.923,0.05,29.78
2022-03-10 15:00:00,0.0,0.951,0.0535,29.65
2022-03-10 16:00:00,0.0,0.903,0.0519,28.34
2022-03-10 17:00:00,0.0,0.892,0.05,29.21
2022-03-10 18:00:00,0.0,0.89,0.0522,27.81
2022-03-10 19:00:00,0.0,0.884,0.05,27.42
2022-03-10 20:00:00,0.0,0.864,0.05,26.71
2022-03-10 21:00:00,0.0,0.898,0.0509,25.73
2022-03-10 22:00:00,0.0,0.938,0.05,24.11
2022-03-10 23:00:00,0.0,0.975,0.05,24.12
2022-03-11 00:00:00,0.0,0.951,0.05,23.1
2022-03-11 01:00:00,0.0,0.925,0.0504,21.57
2022-03-11 02:00:00,0.0,0.895,0.0522,21.42
2022-03-11 03:00:00,0.0,0.884,0.05,21.14
2022-03-11 04:00:00,0.0,0.875,0.05,21.62
2022-03-11 05:00:00,0.0,0.871,0.05,22.37
2022-03-11 06:00:00,0.0,0.913,0.05,21.76
2022-03-11 07:00:00,0.0,0.914,0.052,22.53
2022-03-11 08:00:00,0.0,0.921,0.05,24.07
2022-03-11 09:00:00,0.0,0.9,0.0506,26.2
2022-03-11 10:00:00,0.0,0.949,0.05,26.67
2022-03-11 11:00:00,0.0,0.958,0.0537,28.31
2022-03-11 12:00:00,0.0,0.936,0.05,28.27
2022-03-11 13:00:00,0.0,0.884,0.05,28.56
2022-03-11 14:00:00,0.0,0.864,0.05,28.54
2022-03-11 15:00:00,0.0,0.869,0.0504,29.1
2022-03-11 16:00:00,0.0,0.88,0.05,29.07
2022-03-11 17:00:00,0.0,0.896,0.051,27.77
2022-03-11 18:00:00,0.0,0.911,0.0537,27.93
2022-03-11 19:00:00,0.0,0.903,0.0526,27.09
2022-03-11 20:00:00,0.0,0.905,0.05,26.56
2022-03-11 21:00:00,0.0,0.921,0.0541,25.5
2022-03-11 22:00:00,0.0,0.894,0.0504,24.64
2022-03-11 23:00:00,0.0,0.89,0.05,22.71
2022-03-12 00:00:00,0.0,0.896,0.05,22.17
2022-03-12 01:00:00,0.0,0.934,0.0501,22.56
2022-03-12 02:00:00,0.0,0.923,0.0512,21.57
2022-03-12 03:00:00,0.0,0.907,0.05,21.99
2022-03-12 04:00:00,0.0,0.898,0.0533,21.63
2022-03-12 05:00:00,0.0,0.924,0.0537,22.19
2022-03-12 06:00:00,0.0,0.928,0.0573,23.0
2022-03-12 07:00:00,0.0,0.954,0.05,23.29
2022-03-12 08:00:00,0.0,0.938,0.05,24.19
2022-03-12 09:00:00,0.0,0.938,0.05,25.22
2022-03-12 10:00:00,0.0,,0.0518,26.56
2022-03-12 11:00:00,0.0,0.911,0.0535,27.85
2022-03-12 12:00:00,0.0,0.882,0.05,28.19
2022-03-12 13:00:00,0.0,0.91,0.05,29.61
2022-03-12 14:00:00,0.0,0.912,,30.3
2022-03-12 15:00:00,0.0,0.927,0.05,29.12
2022-03-12 16:00:00,0.0,0.922,0.051,30.02
2022-03-12 17:00:00,0.0,0.943,0.051,29.02
2022-03-12 18:00:00,0.0,0.987,0.0544,28.58
2022-03-12 19:00:00,0.0,0.949,0.05,27.5
2022-03-12 20:00:00,0.0,0.941,0.0526,27.21
2022-03-12 21:00:00,0.0,0.914,0.05,25.74
2022-03-12 22:00:00,0.0,0.926,0.05,24.35
2022-03-12 23:00:00,0.0,0.91,0.0529,23.36
2022-03-13 00:00:00,0.0,0.91,0.0512,22.18
2022-03-13 01:00:00,0.0,0.894,0.05,21.86
2022-03-13 02:00:00,0.0,0.911,0.05,22.36
2022-03-13 03:00:00,0.0,0.88,0.05,22.15
2022-03-13 04:00:00,0.0,0.897,0.0506,21.43
2022-03-13 05:00:00,0.0,0.864,0.0504,21.6
2022-03-13 06:00:00,0.0,0.858,0.05,23.26
2022-03-13 07:00:00,0.0,0.827,0.05,23.82
2022-03-13 08:00:00,0.0,0.898,0.0504,23.59
2022-03-13 09:00:00,0.0,0.894,0.0517,27.05
2022-03-13 10:00:00,0.0,0.935,,26.65
2022-03-13 11:00:00,0.0,0.878,0.05,28.46
2022-03-13 12:00:00,0.0,0.863,0.0501,28.52
2022-03-13 13:00:00,0.0,0.852,0.05,28.55
2022-03-13 14:00:00,0.0,0.908,0.05,29.57
2022-03-13 15:00:00,0.0,0.938,0.0518,28.88
2022-03-13 16:00:00,0.0,0.961,0.05,29.41
2022-03-13 17:00:00,0.0,0.951,0.05,28.53
2022-03-13 18:00:00,0.0,0.955,0.0545,28.34
2022-03-13 19:00:00,0.0,0.886,0.05,27.73
2022-03-13 20:00:00,0.0,0.841,0.0506,26.79
2022-03-13 21:00:00,0.0,0.882,0.0526,24.88
2022-03-13 22:00:00,0.0,0.871,0.05,24.25
2022-03-13 23:00:00,0.0,0.893,0.05,22.62
2022-03-14 00:00:00,0.0,0.884,0.0537,23.14
2022-03-14 01:00:00,0.0,0.899,0.05,22.29
2022-03-14 02:00:00,0.0,0.888,0.0527,21.2
2022-03-14 03:00:00,0.0,0.878,0.05,22.36
2022-03-14 04:00:00,0.0,0.89,0.05,22.02
2022-03-14 05:00:00,0.0,0.928,0.0509,22.14
2022-03-14 06:00:00,0.0,0.93,0.0543,22.59
2022-03-14 07:00:00,0.0,0.92,0.0504,23.34
2022-03-14 08:00:00,0.0,0.902,0.05,24.23
2022-03-14 09:00:00,0.0,0.896,0.0521,26.24
2022-03-14 10:00:00,0.0,0.921,0.05,26.83
2022-03-14 11:00:00,0.0,0.9,0.0519,27.13
2022-03-14 12:00:00,0.0,0.922,0.0509,29.13
2022-03-14 13:00:00,0.0,0.89,0.05,29.07
2022-03-14 14:00:00,0.0,0.906,0.0511,29.06
2022-03-14 15:00:00,0.0,0.929,0.05,30.64
2022-03-14 16:00:00,0.0,0.946,0.0541,28.97
2022-03-14 17:00:00,0.0,0.926,0.05,28.71
2022-03-14 18:00:00,0.0,0.877,0.05,28.48
2022-03-14 19:00:00,0.0,0.894,0.05,27.82
2022-03-14 20:00:00,0.0,0.921,0.0542,26.31
2022-03-14 21:00:00,0.0,0.92,0.05,24.55
2022-03-14 22:00:00,0.0,0.931,0.057,24.64
2022-03-14 23:00:00,0.0,0.896,0.05,23.13
2022-03-15 00:00:00,0.0,0.89,0.05,22.69
2022-03-15 01:00:00,0.0,0.874,0.0523,21.83
2022-03-15 02:00:00,0.0,0.878,0.05,21.3
2022-03-15 03:00:00,0.0,0.863,0.05,21.57
2022-03-15 04:00:00,0.0,0.857,0.05,21.52
2022-03-15 05:00:00,0.0,0.871,0.05,21.82
2022-03-15 06:00:00,0.0,0.894,0.05,23.36
2022-03-15 07:00:00,0.0,,0.0524,23.2
2022-03-15 08:00:00,0.0,0.876,0.0503,24.54
2022-03-15 09:00:00,0.0,0.89,0.0514,25.68
2022-03-15 10:00:00,0.0,0.896,0.05,25.89
2022-03-15 11:00:00,0.0,0.94,0.0519,27.14
2022-03-15 12:00:00,0.0,0.926,0.05,28.51
2022-03-15 13:00:00,0.0,0.914,0.05,29.13
2022-03-15 14:00:00,0.0,0.901,0.05,29.17
2022-03-15 15:00:00,0.0,0.912,0.0543,29.69
2022-03-15 16:00:00,0.0,0.918,0.05,29.7
2022-03-15 17:00:00,0.0,0.92,0.05,29.46
2022-03-15 18:00:00,0.0,0.906,0.0507,28.86
2022-03-15 19:00:00,0.0,0.876,0.05,28.31
2022-03-15 20:00:00,0.0,0.854,0.05,26.79
2022-03-15 21:00:00,0.0,0.843,0.05,25.01
2022-03-15 22:00:00,0.0,0.897,0.0522,24.52
2022-03-15 23:00:00,0.0,0.881,0.05,23.07
2022-03-16 00:00:00,0.0,0.934,0.0527,23.34
2022-03-16 01:00:00,0.0,0.881,0.05,22.97
2022-03-16 02:00:00,0.0,0.92,0.05,21.88
2022-03-16 03:00:00,0.0,0.924,0.0519,22.33
2022-03-16 04:00:00,0.0,0.914,0.0524,22.43
2022-03-16 05:00:00,0.0,0.892,0.0517,22.44
2022-03-16 06:00:00,0.0,0.898,0.05,23.18
2022-03-16 07:00:00,0.0,0.928,0.05,24.22
2022-03-16 08:00:00,0.0,0.945,0.05,24.02
2022-03-16 09:00:00,0.0,0.921,0.05,25.87
2022-03-16 10:00:00,0.0,0.936,0.0508,27.06
2022-03-16 11:00:00,0.0,0.94,0.05,27.03
2022-03-16 12:00:00,0.0,0.933,0.05,29.53
2022-03-16 13:00:00,0.0,0.918,0.05,29.76
2022-03-16 14:00:00,0.0,0.893,0.0504,30.16
2022-03-16 15:00:00,0.0,0.882,,29.95
2022-03-16 16:00:00,0.0,0.887,0.0504,29.14
2022-03-16 17:00:00,0.0,0.892,0.05,28.58
2022-03-16 18:00:00,0.0,0.934,0.05,28.53
2022-03-16 19:00:00,0.0,0.958,0.0514,28.1
2022-03-16 20:00:00,0.0,0.949,0.0521,27.05
2022-03-16 21:00:00,0.0,0.92,0.0515,26.6
2022-03-16 22:00:00,0.0,0.875,0.0504,24.56
2022-03-16 23:00:00,0.0,0.923,0.0581,23.57
2022-03-17 00:00:00,0.0,0.891,0.05,22.97
2022-03-17 01:00:00,0.0,0.916,0.0545,21.75
2022-03-17 02:00:00,0.0,0.861,0.0517,22.68
2022-03-17 03:00:00,0.0,0.919,0.0569,21.67
2022-03-17 04:00:00,0.0,0.912,0.05,22.06
2022-03-17 05:00:00,0.0,0.935,0.0546,22.74
2022-03-17 06:00:00,0.0,0.941,0.0549,22.59
2022-03-17 07:00:00,0.0,0.906,0.05,23.93
2022-03-17 08:00:00,0.0,0.919,0.05,24.76
2022-03-17 09:00:00,0.0,0.865,0.0564,26.28
2022-03-17 10:00:00,0.0,0.876,0.05,26.84
2022-03-17 11:00:00,0.0,0.874,0.0531,26.37
2022-03-17 12:00:00,0.0,0.91,0.0545,28.16
2022-03-17 13:00:00,0.0,0.874,0.05,28.51
2022-03-17 14:00:00,0.0,0.862,0.05,30.62
2022-03-17 15:00:00,0.0,0.867,0.0553,30.5
2022-03-17 16:00:00,0.0,0.894,0.05,28.58
2022-03-17 17:00:00,0.0,0.919,0.05,28.75
2022-03-17 18:00:00,0.0,0.914,0.05,27.93
2022-03-17 19:00:00,0.0,0.862,0.0534,27.9
2022-03-17 20:00:00,0.0,0.881,0.05,26.35
2022-03-17 21:00:00,0.0,0.859,0.0523,25.66
2022-03-17 22:00:00,0.0,0.91,0.05,24.07
2022-03-17 23:00:00,0.0,0.894,0.054,24.01
2022-03-18 00:00:00,0.0,0.932,0.0541,22.17
2022-03-18 01:00:00,0.0,0.895,0.05,23.63
2022-03-18 02:00:00,0.0,0.9,0.05,22.73
2022-03-18 03:00:00,0.0,0.925,0.0517,23.08
2022-03-18 04:00:00,0.0,0.958,0.0542,22.28
2022-03-18 05:00:00,0.0,0.956,0.0503,23.16
2022-03-18 06:00:00,0.0,0.913,0.0506,23.46
2022-03-18 07:00:00,0.0,0.884,0.051,23.34
2022-03-18 08:00:00,0.0,0.853,0.05,24.62
2022-03-18 09:00:00,0.0,0.879,0.05,26.06
2022-03-18 10:00:00,0.0,0.895,0.05,27.45
2022-03-18 11:00:00,0.0,0.93,0.053,27.84
2022-03-18 12:00:00,1.66,0.945,0.0615,28.78
2022-03-18 13:00:00,3.36,0.964,0.0663,28.81
2022-03-18 14:00:00,1.48,0.966,0.0765,29.35
2022-03-18 15:00:00,0.0,1.005,0.0742,29.11
2022-03-18 16:00:00,0.0,0.985,0.0713,29.93
2022-03-18 17:00:00,0.0,0.983,0.0693,29.06
2022-03-18 18:00:00,0.0,0.963,0.0722,28.03
2022-03-18 19:00:00,0.0,0.988,0.0691,27.55
2022-03-18 20:00:00,0.0,0.989,0.0713,27.02
2022-03-18 21:00:00,0.0,0.968,0.0666,26.18
2022-03-18 22:00:00,0.0,0.938,0.0658,24.72
2022-03-18 23:00:00,0.0,0.943,0.0718,24.38
2022-03-19 00:00:00,0.0,0.929,0.0686,23.81
2022-03-19 01:00:00,0.0,0.919,0.0681,22.28
2022-03-19 02:00:00,0.0,0.95,0.0656,22.51
2022-03-19 03:00:00,0.0,0.966,0.0689,21.56
2022-03-19 04:00:00,0.0,0.96,0.0656,21.38
2022-03-19 05:00:00,0.0,0.971,0.0681,21.95
2022-03-19 06:00:00,0.0,0.989,0.0639,22.63
2022-03-19 07:00:00,0.0,1.02,0.0616,23.67
2022-03-19 08:00:00,0.0,0.981,0.0621,25.85
2022-03-19 09:00:00,0.0,0.973,0.065,25.63
2022-03-19 10:00:00,0.0,0.969,0.0602,26.74
2022-03-19 11:00:00,0.0,0.985,0.068,27.97
2022-03-19 12:00:00,0.0,0.944,0.0579,28.06
2022-03-19 13:00:00,0.0,0.906,0.061,29.43
2022-03-19 14:00:00,0.0,0.923,0.0644,30.08
2022-03-19 15:00:00,0.0,0.95,0.061,30.63
2022-03-19 16:00:00,0.0,0.953,0.0585,30.41
2022-03-19 17:00:00,0.0,0.948,0.0624,29.54
2022-03-19 18:00:00,0.0,0.902,0.0556,28.61
2022-03-19 19:00:00,0.0,0.923,0.057,27.81
2022-03-19 20:00:00,0.0,0.876,0.0525,27.13
2022-03-19 21:00:00,0.0,0.898,0.0595,25.87
2022-03-19 22:00:00,0.0,0.872,0.0581,24.81
2022-03-19 23:00:00,0.0,0.907,0.0577,23.42
2022-03-20 00:00:00,0.0,0.868,0.056,23.45
2022-03-20 01:00:00,0.0,0.881,0.0555,22.62
2022-03-20 02:00:00,0.0,0.887,0.0552,21.7
2022-03-20 03:00:00,0.0,0.924,0.0554,22.68
2022-03-20 04:00:00,0.0,0.893,0.0545,22.18
2022-03-20 05:00:00,0.0,0.859,0.0509,21.76
2022-03-20 06:00:00,0.0,0.829,0.05,23.58
2022-03-20 07:00:00,0.0,0.863,0.0592,23.6
2022-03-20 08:00:00,0.0,0.847,0.0506,24.7
2022-03-20 09:00:00,0.0,0.871,0.0515,25.85
2022-03-20 10:00:00,0.0,0.91,0.0549,27.41
2022-03-20 11:00:00,0.0,0.893,0.0521,27.91
2022-03-20 12:00:00,0.0,0.874,0.05,29.08
2022-03-20 13:00:00,0.0,0.844,0.05,28.62
2022-03-20 14:00:00,0.0,0.887,0.0526,29.25
2022-03-20 15:00:00,0.0,0.919,0.0518,29.95
2022-03-20 16:00:00,0.0,0.911,0.05,29.44
2022-03-20 17:00:00,0.0,0.91,0.05,29.3
2022-03-20 18:00:00,0.0,0.882,0.0501,29.14
2022-03-20 19:00:00,0.0,0.898,0.0507,27.54
2022-03-20 20:00:00,0.0,0.932,0.0513,26.61
2022-03-20 21:00:00,0.0,0.935,0.05,25.99
2022-03-20 22:00:00,0.0,0.957,0.0521,23.84
2022-03-20 23:00:00,0.0,0.931,0.0518,24.44
2022-03-21 00:00:00,0.0,0.911,,23.22
2022-03-21 01:00:00,0.0,0.904,0.0523,22.57
2022-03-21 02:00:00,0.0,0.902,0.0522,21.85
2022-03-21 03:00:00,0.0,0.942,0.05,22.33
2022-03-21 04:00:00,0.0,0.937,0.05,22.04
2022-03-21 05:00:00,0.0,0.953,0.05,23.14
2022-03-21 06:00:00,0.0,0.918,0.0506,22.3
2022-03-21 07:00:00,0.0,0.887,0.05,24.02
2022-03-21 08:00:00,0.0,0.873,0.0514,24.97
2022-03-21 09:00:00,0.0,0.868,0.0536,26.14
2022-03-21 10:00:00,0.0,0.859,0.05,27.72
2022-03-21 11:00:00,0.0,0.847,0.05,27.31
2022-03-21 12:00:00,0.0,0.852,0.0515,28.12
2022-03-21 13:00:00,0.0,0.871,0.0531,29.27
2022-03-21 14:00:00,0.0,0.878,0.05,28.9
2022-03-21 15:00:00,0.0,0.89,0.0503,31.14
2022-03-21 16:00:00,,0.873,0.0509,30.32
2022-03-21 17:00:00,0.0,0.857,0.05,29.71
2022-03-21 18:00:00,0.0,0.872,0.0515,29.21
2022-03-21 19:00:00,0.0,0.886,0.05,28.62
2022-03-21 20:00:00,0.0,0.903,0.051,26.72
2022-03-21 21:00:00,0.0,0.893,0.0554,25.81
2022-03-21 22:00:00,0.0,0.897,0.0517,25.12
2022-03-21 23:00:00,0.0,0.905,0.0501,23.74
2022-03-22 00:00:00,0.0,0.898,0.05,22.74
2022-03-22 01:00:00,0.0,0.884,0.05,22.31
2022-03-22 02:00:00,0.0,0.845,0.0509,22.36
2022-03-22 03:00:00,0.0,0.879,0.0503,22.49
2022-03-22 04:00:00,0.0,0.923,0.05,21.54
2022-03-22 05:00:00,0.0,0.967,0.0507,22.48
2022-03-22 06:00:00,0.0,0.95,0.05,23.18
2022-03-22 07:00:00,0.0,0.915,0.05,23.34
2022-03-22 08:00:00,0.0,0.915,0.0527,25.23
2022-03-22 09:00:00,0.0,0.891,0.05,25.98
2022-03-22 10:00:00,0.0,0.889,0.05,26.6
2022-03-22 11:00:00,0.0,0.879,0.05,27.8
2022-03-22 12:00:00,0.0,0.897,0.05,29.13
2022-03-22 13:00:00,0.0,0.889,0.05,29.99
2022-03-22 14:00:00,0.0,0.896,0.0526,30.07
2022-03-22 15:00:00,0.0,0.877,0.05,30.99
2022-03-22 16:00:00,0.0,0.879,0.0536,30.46
2022-03-22 17:00:00,0.0,0.875,0.05,29.78
2022-03-22 18:00:00,0.0,0.899,0.0539,28.51
2022-03-22 19:00:00,0.0,0.904,0.05,28.6
2022-03-22 20:00:00,0.0,0.916,0.05,26.69
2022-03-22 21:00:00,0.0,0.915,0.05,26.41
2022-03-22 22:00:00,0.0,0.924,0.0568,23.78
2022-03-22 23:00:00,0.0,0.905,0.05,23.79
2022-03-23 00:00:00,0.0,0.949,0.0562,22.56
2022-03-23 01:00:00,0.0,0.938,0.0526,22.48
2022-03-23 02:00:00,0.0,0.929,0.05,21.45
2022-03-23 03:00:00,0.0,0.895,0.05,22.1
2022-03-23 04:00:00,0.0,0.889,0.0506,22.46
2022-03-23 05:00:00,0.0,0.88,0.0503,22.3
2022-03-23 06:00:00,0.0,0.894,0.05,23.1
2022-03-23 07:00:00,0.0,0.896,0.05,24.19
2022-03-23 08:00:00,0.0,0.924,0.0546,
2022-03-23 09:00:00,0.0,0.899,0.0505,26.76
2022-03-23 10:00:00,0.0,0.907,0.0514,26.78
2022-03-23 11:00:00,0.0,0.899,0.0504,28.35
2022-03-23 12:00:00,0.0,0.91,0.0501,29.04
2022-03-23 13:00:00,0.0,0.918,0.0565,28.75
2022-03-23 14:00:00,0.0,0.874,0.0517,29.99
2022-03-23 15:00:00,0.0,0.91,0.0579,30.04
2022-03-23 16:00:00,0.0,0.914,0.0523,29.7
2022-03-23 17:00:00,0.0,0.963,0.05,30.44
2022-03-23 18:00:00,0.0,0.933,0.0537,29.56
2022-03-23 19:00:00,0.0,0.929,0.05,27.7
2022-03-23 20:00:00,0.0,0.886,0.0546,27.44
2022-03-23 21:00:00,0.0,0.868,0.05,26.46
2022-03-23 22:00:00,0.0,0.855,0.05,25.12
2022-03-23 23:00:00,0.0,0.904,0.0503,23.54
2022-03-24 00:00:00,0.0,0.933,0.0544,22.83
2022-03-24 01:00:00,0.0,0.95,0.05,22.93
2022-03-24 02:00:00,0.0,0.959,0.0517,22.52
2022-03-24 03:00:00,0.0,0.968,0.05,21.99
2022-03-24 04:00:00,0.0,0.97,0.0528,22.93
2022-03-24 05:00:00,0.0,0.933,0.05,23.42
2022-03-24 06:00:00,0.0,0.943,0.0508,24.05
2022-03-24 07:00:00,0.0,0.932,0.05,24.88
2022-03-24 08:00:00,0.0,0.949,0.05,25.09
2022-03-24 09:00:00,0.0,0.92,0.05,25.47
2022-03-24 10:00:00,0.0,0.925,0.05,27.01
2022-03-24 11:00:00,0.0,0.913,0.05,28.08
2022-03-24 12:00:00,0.0,0.916,0.0513,28.65
2022-03-24 13:00:00,0.0,0.889,0.0556,29.41
2022-03-24 14:00:00,0.0,0.877,0.05,29.42
2022-03-24 15:00:00,0.0,0.89,0.05,30.49
2022-03-24 16:00:00,0.0,0.896,0.05,30.81
2022-03-24 17:00:00,0.0,0.899,0.0526,30.79
2022-03-24 18:00:00,0.0,0.894,0.0517,29.09
2022-03-24 19:00:00,0.0,0.929,0.0513,28.05
2022-03-24 20:00:00,0.0,0.931,0.051,27.15
2022-03-24 21:00:00,0.0,0.935,0.05,26.82
2022-03-24 22:00:00,,0.923,0.0541,25.77
2022-03-24 23:00:00,0.0,0.904,0.05,24.01
2022-03-25 00:00:00,0.0,0.89,0.05,23.96
2022-03-25 01:00:00,0.0,0.885,0.05,22.8
2022-03-25 02:00:00,0.0,0.886,0.05,21.95
2022-03-25 03:00:00,0.0,0.897,0.05,22.11
2022-03-25 04:00:00,0.0,0.914,0.05,23.17
2022-03-25 05:00:00,0.0,0.925,0.05,23.08
2022-03-25 06:00:00,0.0,0.922,0.05,23.1
2022-03-25 07:00:00,0.0,0.935,0.05,24.65
2022-03-25 08:00:00,0.0,0.951,0.0511,25.51
2022-03-25 09:00:00,0.0,0.947,0.05,26.03
2022-03-25 10:00:00,0.0,0.96,0.0548,26.85
2022-03-25 11:00:00,0.0,0.958,0.0528,27.63
2022-03-25 12:00:00,0.0,0.953,0.0502,28.19
2022-03-25 13:00:00,0.0,0.92,0.0517,29.32
2022-03-25 14:00:00,0.0,0.892,0.0526,29.96
2022-03-25 15:00:00,0.0,0.885,0.05,30.81
2022-03-25 16:00:00,0.0,0.89,0.05,30.46
2022-03-25 17:00:00,0.0,0.886,0.0532,29.75
2022-03-25 18:00:00,0.0,0.868,0.0534,28.08
2022-03-25 19:00:00,0.0,0.859,0.05,28.33
2022-03-25 20:00:00,0.0,0.88,0.0569,26.4
2022-03-25 21:00:00,0.0,0.852,0.05,26.62
2022-03-25 22:00:00,0.0,0.873,0.05,25.6
2022-03-25 23:00:00,0.0,0.91,0.0552,24.21
2022-03-26 00:00:00,0.0,0.946,0.0522,23.81
2022-03-26 01:00:00,0.0,0.893,0.0506,23.28
2022-03-26 02:00:00,0.0,0.877,0.0524,22.43
2022-03-26 03:00:00,0.0,0.869,0.05,22.16
2022-03-26 04:00:00,0.0,0.925,0.05,21.71
2022-03-26 05:00:00,0.0,0.965,0.05,22.59
2022-03-26 06:00:00,0.0,0.957,0.05,22.91
2022-03-26 07:00:00,0.0,0.939,0.05,23.73
2022-03-26 08:00:00,0.0,0.911,0.05,24.83
2022-03-26 09:00:00,0.0,0.901,0.05,25.25
2022-03-26 10:00:00,0.0,0.886,0.05,27.76
2022-03-26 11:00:00,0.0,0.894,0.0511,28.34
2022-03-26 12:00:00,0.0,0.917,0.0517,29.64
2022-03-26 13:00:00,0.0,0.925,0.0509,30.1
2022-03-26 14:00:00,0.0,0.882,0.05,30.35
2022-03-26 15:00:00,0.0,0.835,0.05,30.63
2022-03-26 16:00:00,0.0,0.837,0.05,30.17
2022-03-26 17:00:00,0.0,0.87,0.0536,30.35
2022-03-26 18:00:00,0.0,0.894,0.05,28.81
2022-03-26 19:00:00,0.0,0.91,0.05,28.22
2022-03-26 20:00:00,0.0,0.919,0.0521,27.13
2022-03-26 21:00:00,0.0,0.886,0.0503,27.24
2022-03-26 22:00:00,0.0,0.919,0.0575,24.88
2022-03-26 23:00:00,0.0,0.859,0.05,24.88
2022-03-27 00:00:00,0.0,0.882,0.05,22.77
2022-03-27 01:00:00,0.0,0.832,0.05,22.87
2022-03-27 02:00:00,0.0,0.882,0.05,22.33
2022-03-27 03:00:00,0.0,0.87,0.05,21.77
2022-03-27 04:00:00,0.0,0.898,0.05,22.09
2022-03-27 05:00:00,0.0,0.886,0.0506,23.07
2022-03-27 06:00:00,0.0,0.918,0.0502,23.29
2022-03-27 07:00:00,0.0,0.867,0.05,23.8
2022-03-27 08:00:00,0.0,0.876,0.0538,25.7
2022-03-27 09:00:00,0.0,0.872,0.0517,26.27
2022-03-27 10:00:00,0.0,0.894,0.0525,27.48
2022-03-27 11:00:00,0.0,0.899,0.0505,28.83
2022-03-27 12:00:00,0.0,0.893,0.0509,29.89
2022-03-27 13:00:00,0.0,0.92,0.0528,28.61
2022-03-27 14:00:00,0.0,0.903,0.05,30.09
2022-03-27 15:00:00,0.0,0.91,0.05,29.45
2022-03-27 16:00:00,0.0,0.912,0.0502,31.51
2022-03-27 17:00:00,0.0,0.923,0.0501,29.82
2022-03-27 18:00:00,0.0,0.901,0.05,29.6
2022-03-27 19:00:00,0.0,0.883,0.0523,27.97
2022-03-27 20:00:00,0.0,0.891,0.0543,27.14
2022-03-27 21:00:00,0.0,0.888,0.0541,26.83
2022-03-27 22:00:00,0.0,0.92,0.05,25.51
2022-03-27 23:00:00,0.0,0.951,0.0525,25.12
2022-03-28 00:00:00,0.0,0.946,0.05,23.09
2022-03-28 01:00:00,0.0,0.909,0.0502,22.76
2022-03-28 02:00:00,0.0,0.889,0.0533,22.73
2022-03-28 03:00:00,0.0,0.907,0.054,22.67
2022-03-28 04:00:00,0.0,0.912,0.05,22.68
2022-03-28 05:00:00,0.0,0.914,0.05,22.21
2022-03-28 06:00:00,0.0,0.93,0.0545,23.03
2022-03-28 07:00:00,0.0,0.909,0.05,24.51
2022-03-28 08:00:00,0.0,0.885,0.05,24.53
2022-03-28 09:00:00,0.0,0.844,0.0513,25.89
2022-03-28 10:00:00,0.0,0.826,0.05,27.39
2022-03-28 11:00:00,0.0,0.825,0.05,27.95
2022-03-28 12:00:00,0.0,0.854,0.0518,29.28
2022-03-28 13:00:00,0.0,0.892,0.05,29.75
2022-03-28 14:00:00,0.0,0.923,0.0523,29.8
2022-03-28 15:00:00,0.0,,0.05,29.95
2022-03-28 16:00:00,0.0,0.915,0.05,30.84
2022-03-28 17:00:00,0.0,0.944,0.051,29.99
2022-03-28 18:00:00,0.0,0.914,0.05,29.29
2022-03-28 19:00:00,0.0,0.913,0.05,28.36
2022-03-28 20:00:00,0.0,0.884,0.051,26.92
2022-03-28 21:00:00,0.0,0.887,0.0516,26.05
2022-03-28 22:00:00,0.0,0.883,0.05,24.1
2022-03-28 23:00:00,0.0,0.857,0.0519,24.02
2022-03-29 00:00:00,0.0,0.889,0.0621,23.25
2022-03-29 01:00:00,0.0,0.895,0.05,23.19
2022-03-29 02:00:00,0.0,0.922,0.05,22.22
2022-03-29 03:00:00,0.0,0.966,0.0534,22.78
2022-03-29 04:00:00,0.0,0.959,0.05,22.39
2022-03-29 05:00:00,0.0,0.934,0.0511,22.99
2022-03-29 06:00:00,0.0,0.884,0.0518,23.54
2022-03-29 07:00:00,0.0,0.88,0.05,24.73
2022-03-29 08:00:00,0.0,0.905,0.0508,25.95
2022-03-29 09:00:00,0.0,0.908,0.0551,25.89
2022-03-29 10:00:00,0.0,0.89,0.05,28.3
2022-03-29 11:00:00,0.0,0.925,0.0538,27.96
2022-03-29 12:00:00,0.0,0.966,0.05,29.12
2022-03-29 13:00:00,0.0,0.961,0.0511,29.58
2022-03-29 14:00:00,0.0,0.956,0.0515,31.0
2022-03-29 15:00:00,0.0,0.937,0.05,29.85
2022-03-29 16:00:00,0.0,0.918,0.0529,30.61
2022-03-29 17:00:00,0.0,0.911,0.0501,28.74
2022-03-29 18:00:00,0.0,0.901,0.051,29.62
2022-03-29 19:00:00,0.0,0.946,0.05,28.29
2022-03-29 20:00:00,0.0,0.922,0.05,27.23
2022-03-29 21:00:00,0.0,0.921,0.05,26.04
2022-03-29 22:00:00,0.0,0.872,0.05,25.32
2022-03-29 23:00:00,0.0,0.89,0.05,24.21
2022-03-30 00:00:00,0.0,0.937,0.0556,22.86
2022-03-30 01:00:00,0.0,0.957,0.05,22.58
2022-03-30 02:00:00,0.0,0.947,0.05,22.97
2022-03-30 03:00:00,0.0,0.907,0.05,22.23
2022-03-30 04:00:00,0.0,0.895,0.0561,22.18
2022-03-30 05:00:00,0.0,0.902,0.05,22.99
2022-03-30 06:00:00,0.0,0.899,0.05,23.85
2022-03-30 07:00:00,0.0,0.875,0.05,24.76
2022-03-30 08:00:00,0.0,0.905,0.05,25.57
2022-03-30 09:00:00,0.0,0.92,0.05,27.04
2022-03-30 10:00:00,0.0,0.949,0.05,27.5
2022-03-30 11:00:00,0.0,0.893,0.0526,28.32
2022-03-30 12:00:00,0.0,0.892,0.05,29.7
2022-03-30 13:00:00,0.0,0.884,0.0524,29.55
2022-03-30 14:00:00,0.0,0.88,0.05,30.1
2022-03-30 15:00:00,0.0,0.879,0.0505,29.64
2022-03-30 16:00:00,0.0,0.882,0.05,31.21
2022-03-30 17:00:00,0.0,0.873,0.05,30.94
2022-03-30 18:00:00,0.0,0.86,0.0514,29.18
2022-03-30 19:00:00,0.0,0.874,0.0535,28.82
2022-03-30 20:00:00,0.0,0.894,0.0555,27.82
2022-03-30 21:00:00,0.0,0.889,0.0511,26.53
2022-03-30 22:00:00,0.0,0.896,0.05,26.01
2022-03-30 23:00:00,0.0,0.889,0.05,23.8
2022-03-31 00:00:00,0.0,0.898,0.05,23.57
2022-03-31 01:00:00,0.0,0.888,0.0519,21.98
2022-03-31 02:00:00,0.0,0.893,0.05,22.12
2022-03-31 03:00:00,0.0,0.878,0.05,21.67
2022-03-31 04:00:00,0.0,0.857,0.05,21.7
2022-03-31 05:00:00,0.0,0.864,0.05,22.77
2022-03-31 06:00:00,0.0,0.897,0.052,23.84
2022-03-31 07:00:00,0.0,0.937,0.0551,24.15
2022-03-31 08:00:00,0.0,0.902,0.05,25.18
2022-03-31 09:00:00,0.0,0.862,0.05,26.12
2022-03-31 10:00:00,0.0,0.872,0.05,27.59
2022-03-31 11:00:00,0.0,0.899,0.05,28.18
2022-03-31 12:00:00,0.0,0.931,0.0536,28.81
2022-03-31 13:00:00,0.0,0.927,0.0515,30.42
2022-03-31 14:00:00,0.0,0.939,0.0557,29.91
2022-03-31 15:00:00,0.0,0.934,0.0532,29.85
2022-03-31 16:00:00,0.0,0.937,0.0503,30.72
2022-03-31 17:00:00,0.0,0.955,0.0504,29.11
2022-03-31 18:00:00,0.0,0.976,0.0512,29.93
2022-03-31 19:00:00,0.0,0.963,0.05,27.97
2022-03-31 20:00:00,0.0,0.939,0.0513,27.56
2022-03-31 21:00:00,0.0,0.924,0.0541,25.99
2022-03-31 22:00:00,0.0,0.915,0.05,25.46
2022-03-31 23:00:00,0.0,0.904,0.05,24.23
2022-04-01 00:00:00,0.0,0.906,0.052,23.22
2022-04-01 01:00:00,0.0,0.889,0.0545,22.27
2022-04-01 02:00:00,0.0,0.888,0.05,22.4
2022-04-01 03:00:00,0.0,0.877,0.0507,22.77
2022-04-01 04:00:00,0.0,0.882,0.05,23.01
2022-04-01 05:00:00,0.0,0.876,0.05,22.71
2022-04-01 06:00:00,0.0,0.908,0.05,23.35
2022-04-01 07:00:00,0.0,0.931,0.05,24.45
2022-04-01 08:00:00,0.0,0.947,0.05,25.5
2022-04-01 09:00:00,0.0,0.904,0.05,26.54
2022-04-01 10:00:00,0.0,0.895,0.05,27.36
2022-04-01 11:00:00,0.0,0.9,0.05,28.35
2022-04-01 12:00:00,0.0,0.919,0.05,29.22
2022-04-01 13:00:00,0.0,0.933,0.0556,28.79
2022-04-01 14:00:00,0.0,0.923,0.05,30.2
2022-04-01 15:00:00,0.0,0.901,0.05,30.93
2022-04-01 16:00:00,0.0,0.905,0.05,31.1
2022-04-01 17:00:00,0.0,0.886,0.05,30.59
2022-04-01 18:00:00,0.0,0.89,0.05,29.41
2022-04-01 19:00:00,0.0,0.887,0.0554,27.94
2022-04-01 20:00:00,0.0,0.873,0.05,27.3
2022-04-01 21:00:00,0.0,0.91,0.05,26.16
2022-04-01 22:00:00,0.0,0.923,0.0522,24.8
2022-04-01 23:00:00,0.0,0.934,0.05,24.07
2022-04-02 00:00:00,0.0,0.911,0.0523,23.4
2022-04-02 01:00:00,0.0,0.895,0.0526,22.43
2022-04-02 02:00:00,0.0,0.875,0.05,23.19
2022-04-02 03:00:00,0.0,0.899,0.0501,22.89
2022-04-02 04:00:00,0.0,0.929,0.05,22.7
2022-04-02 05:00:00,0.0,0.943,0.05,23.31
2022-04-02 06:00:00,0.0,0.918,0.05,23.91
2022-04-02 07:00:00,0.0,0.888,0.05,24.22
2022-04-02 08:00:00,0.0,0.886,0.05,26.45
2022-04-02 09:00:00,0.0,0.923,0.0517,26.2
2022-04-02 10:00:00,0.0,0.924,0.05,26.79
2022-04-02 11:00:00,0.0,0.932,0.0514,28.67
2022-04-02 12:00:00,0.0,0.884,0.05,29.7
2022-04-02 13:00:00,0.0,0.88,0.0519,29.9
2022-04-02 14:00:00,0.0,0.882,0.0527,31.07
2022-04-02 15:00:00,0.0,0.863,0.05,30.68
2022-04-02 16:00:00,0.0,0.893,0.0511,30.04
2022-04-02 17:00:00,0.0,0.885,0.05,29.76
2022-04-02 18:00:00,0.0,0.926,0.05,29.49
2022-04-02 19:00:00,0.0,0.876,0.0509,28.63
2022-04-02 20:00:00,0.0,0.884,0.0504,28.23
2022-04-02 21:00:00,0.0,0.914,0.05,27.01
2022-04-02 22:00:00,0.0,0.948,0.052,24.77
2022-04-02 23:00:00,0.0,0.921,0.0505,24.5
2022-04-03 00:00:00,0.0,0.883,0.05,23.19
2022-04-03 01:00:00,0.0,0.906,0.0533,23.9
2022-04-03 02:00:00,0.0,0.931,0.0532,22.29
2022-04-03 03:00:00,0.0,0.939,0.05,22.74
2022-04-03 04:00:00,0.0,0.922,0.05,22.43
2022-04-03 05:00:00,0.0,0.924,0.05,22.19
2022-04-03 06:00:00,0.0,0.905,0.055,23.18
2022-04-03 07:00:00,0.0,0.919,0.05,24.51
2022-04-03 08:00:00,0.0,0.924,0.0504,25.89
2022-04-03 09:00:00,0.0,0.938,0.0513,26.9
2022-04-03 10:00:00,0.0,0.945,0.05,
2022-04-03 11:00:00,0.0,0.939,0.05,28.8
2022-04-03 12:00:00,0.0,0.959,0.0566,29.94
2022-04-03 13:00:00,0.0,0.911,0.05,30.36
2022-04-03 14:00:00,0.0,0.907,0.05,30.32
2022-04-03 15:00:00,0.0,0.897,0.05,30.66
2022-04-03 16:00:00,0.0,0.927,0.05,30.58
2022-04-03 17:00:00,0.0,0.904,0.05,30.8
2022-04-03 18:00:00,0.0,0.956,0.05,30.32
2022-04-03 19:00:00,0.0,0.937,0.05,28.96
2022-04-03 20:00:00,0.0,0.926,0.0511,27.7
2022-04-03 21:00:00,0.0,0.907,0.0512,26.62
2022-04-03 22:00:00,0.0,0.893,0.05,25.64
2022-04-03 23:00:00,0.0,0.89,0.0529,24.74
2022-04-04 00:00:00,0.0,0.895,0.0504,23.6
2022-04-04 01:00:00,0.0,0.953,0.0532,24.21
2022-04-04 02:00:00,0.0,0.988,0.0509,22.43
2022-04-04 03:00:00,0.0,0.965,0.05,23.34
2022-04-04 04:00:00,0.0,0.927,0.05,21.73
2022-04-04 05:00:00,0.0,0.931,0.0511,23.09
2022-04-04 06:00:00,0.0,0.921,0.0538,23.69
2022-04-04 07:00:00,0.0,0.906,0.0504,24.81
2022-04-04 08:00:00,0.0,0.893,0.0506,25.47
2022-04-04 09:00:00,0.0,0.9,0.0517,27.38
2022-04-04 10:00:00,0.0,0.877,0.05,27.6
2022-04-04 11:00:00,0.0,0.896,0.05,28.18
2022-04-04 12:00:00,0.0,0.899,0.0507,29.04
2022-04-04 13:00:00,0.0,0.93,0.05,29.92
2022-04-04 14:00:00,0.0,0.922,0.05,30.92
2022-04-04 15:00:00,0.0,0.883,0.05,31.14
2022-04-04 16:00:00,0.0,0.893,0.0572,29.95
2022-04-04 17:00:00,0.0,0.884,0.05,29.75
2022-04-04 18:00:00,0.0,0.907,0.05,28.99
2022-04-04 19:00:00,0.0,0.901,0.0506,28.55
2022-04-04 20:00:00,0.0,0.887,0.0531,28.21
2022-04-04 21:00:00,0.0,0.904,0.0516,26.78
2022-04-04 22:00:00,0.0,0.902,0.0514,25.93
2022-04-04 23:00:00,0.0,0.876,0.05,25.06
2022-04-05 00:00:00,0.0,0.853,0.05,23.62
2022-04-05 01:00:00,0.0,0.865,0.05,22.64
2022-04-05 02:00:00,0.0,0.902,0.05,22.58
2022-04-05 03:00:00,0.0,0.958,0.05,23.15
2022-04-05 04:00:00,0.0,0.953,0.0528,23.18
2022-04-05 05:00:00,0.0,0.929,0.0586,23.32
2022-04-05 06:00:00,0.0,0.897,0.0504,24.39
2022-04-05 07:00:00,0.0,0.917,0.0516,24.81
2022-04-05 08:00:00,0.0,0.929,0.05,25.54
2022-04-05 09:00:00,0.0,0.919,0.05,25.96
2022-04-05 10:00:00,0.0,0.916,0.0546,28.41
2022-04-05 11:00:00,0.0,0.906,0.0503,28.69
2022-04-05 12:00:00,0.0,0.897,0.05,29.34
2022-04-05 13:00:00,0.0,0.899,0.0587,30.15
2022-04-05 14:00:00,0.0,0.879,0.0536,31.36
2022-04-05 15:00:00,0.0,0.869,0.0523,31.24
2022-04-05 16:00:00,0.0,0.885,0.05,30.43
2022-04-05 17:00:00,0.0,0.91,0.0508,30.44
2022-04-05 18:00:00,0.0,0.914,0.0564,30.18
2022-04-05 19:00:00,0.0,0.912,0.0567,28.92
2022-04-05 20:00:00,0.0,0.896,0.05,27.84
2022-04-05 21:00:00,0.0,0.892,0.05,25.7
2022-04-05 22:00:00,0.0,0.887,0.0501,26.33
2022-04-05 23:00:00,0.0,0.891,0.0523,24.23
2022-04-06 00:00:00,0.0,0.943,0.0554,23.03
2022-04-06 01:00:00,0.0,0.943,0.05,22.43
2022-04-06 02:00:00,0.0,0.96,0.05,22.5
2022-04-06 03:00:00,0.0,0.907,0.0533,23.04
2022-04-06 04:00:00,0.0,0.898,0.05,23.51
2022-04-06 05:00:00,0.0,0.899,0.05,23.5
2022-04-06 06:00:00,0.0,0.901,0.05,24.83
2022-04-06 07:00:00,0.0,0.875,0.05,24.59
2022-04-06 08:00:00,0.0,0.855,0.0538,25.64
2022-04-06 09:00:00,0.0,0.895,0.0516,25.86
2022-04-06 10:00:00,0.0,0.926,0.05,27.54
2022-04-06 11:00:00,0.0,0.926,0.05,27.77
2022-04-06 12:00:00,,0.906,0.0584,28.95
2022-04-06 13:00:00,0.0,0.833,0.05,30.57
2022-04-06 14:00:00,0.0,0.818,0.05,29.81
2022-04-06 15:00:00,0.0,0.825,0.05,30.0
2022-04-06 16:00:00,0.0,0.852,0.0509,29.78
2022-04-06 17:00:00,0.0,0.884,0.0534,30.65
2022-04-06 18:00:00,0.0,0.899,0.05,30.44
2022-04-06 19:00:00,0.0,0.914,0.05,28.76
2022-04-06 20:00:00,0.0,0.903,0.05,28.3
2022-04-06 21:00:00,0.0,0.891,0.05,26.21
2022-04-06 22:00:00,0.0,0.883,0.0548,26.37
2022-04-06 23:00:00,0.0,0.877,0.05,24.44
2022-04-07 00:00:00,0.0,0.876,0.0507,24.35
2022-04-07 01:00:00,0.0,0.906,0.0526,23.37
2022-04-07 02:00:00,0.0,0.932,0.0542,22.02
2022-04-07 03:00:00,0.0,0.914,0.05,22.4
2022-04-07 04:00:00,0.0,0.902,0.05,23.07
2022-04-07 05:00:00,0.0,0.898,0.05,22.46
2022-04-07 06:00:00,0.0,,0.05,24.16
2022-04-07 07:00:00,0.0,0.904,0.05,24.14
2022-04-07 08:00:00,0.0,0.909,0.05,26.08
2022-04-07 09:00:00,0.0,0.924,0.0512,26.16
2022-04-07 10:00:00,0.0,0.935,0.054,28.1
2022-04-07 11:00:00,0.0,0.905,0.0553,29.25
2022-04-07 12:00:00,0.0,0.858,0.05,29.59
2022-04-07 13:00:00,0.0,0.872,0.0553,30.27
2022-04-07 14:00:00,0.0,0.887,0.05,31.45
2022-04-07 15:00:00,0.0,0.897,0.0504,30.45
2022-04-07 16:00:00,0.0,0.915,0.0531,30.44
2022-04-07 17:00:00,0.0,0.897,0.0517,30.63
2022-04-07 18:00:00,0.0,0.89,0.0542,29.88
2022-04-07 19:00:00,0.0,0.874,0.05,28.72
2022-04-07 20:00:00,0.0,0.878,0.05,27.27
2022-04-07 21:00:00,0.0,0.904,0.05,27.33
2022-04-07 22:00:00,0.0,0.917,0.0534,25.19
2022-04-07 23:00:00,0.0,0.937,0.05,25.98
2022-04-08 00:00:00,0.0,0.95,0.0507,23.47
2022-04-08 01:00:00,0.0,0.928,0.05,22.88
2022-04-08 02:00:00,0.0,0.876,0.0511,23.2
2022-04-08 03:00:00,0.0,0.875,0.05,23.17
2022-04-08 04:00:00,0.0,0.882,0.05,22.55
2022-04-08 05:00:00,0.0,0.898,0.05,
2022-04-08 06:00:00,0.0,0.879,0.05,24.23
2022-04-08 07:00:00,0.0,0.903,0.05,24.77
2022-04-08 08:00:00,0.0,0.937,0.0523,26.05
2022-04-08 09:00:00,0.0,0.96,0.05,27.5
2022-04-08 10:00:00,0.0,0.952,0.05,28.74
2022-04-08 11:00:00,0.0,0.954,0.0565,28.99
2022-04-08 12:00:00,0.0,0.905,0.05,29.09
2022-04-08 13:00:00,0.0,0.889,0.05,29.73
2022-04-08 14:00:00,0.0,0.897,0.0509,30.05
2022-04-08 15:00:00,0.0,0.911,0.05,30.58
2022-04-08 16:00:00,0.0,0.913,0.05,30.78
2022-04-08 17:00:00,0.0,0.922,0.055,30.47
2022-04-08 18:00:00,0.0,0.93,0.05,30.29
2022-04-08 19:00:00,0.0,0.941,0.05,27.86
2022-04-08 20:00:00,0.0,0.926,0.05,27.93
2022-04-08 21:00:00,0.0,0.888,0.05,27.13
2022-04-08 22:00:00,0.0,0.898,0.05,24.46
2022-04-08 23:00:00,0.0,0.922,0.0564,25.12
2022-04-09 00:00:00,0.0,0.926,0.05,25.48
2022-04-09 01:00:00,0.0,0.87,0.05,23.87
2022-04-09 02:00:00,,0.876,0.05,23.24
2022-04-09 03:00:00,0.0,0.889,0.05,22.81
2022-04-09 04:00:00,0.0,0.916,0.05,23.2
2022-04-09 05:00:00,0.0,0.919,0.0543,24.25
2022-04-09 06:00:00,0.0,0.929,0.0518,23.95
2022-04-09 07:00:00,0.0,0.915,0.0533,25.55
2022-04-09 08:00:00,0.0,0.923,0.0507,26.15
2022-04-09 09:00:00,0.0,0.889,0.0535,27.76
2022-04-09 10:00:00,0.0,0.884,0.05,28.53
2022-04-09 11:00:00,0.0,0.861,0.0502,29.04
2022-04-09 12:00:00,0.0,0.902,0.0515,29.84
2022-04-09 13:00:00,0.0,0.913,0.054,30.26
2022-04-09 14:00:00,0.0,0.91,0.0512,31.3
2022-04-09 15:00:00,0.0,0.863,0.0513,30.65
2022-04-09 16:00:00,0.0,0.883,0.0507,30.87
2022-04-09 17:00:00,0.0,0.87,0.05,30.32
2022-04-09 18:00:00,0.0,0.887,0.05,29.11
2022-04-09 19:00:00,0.0,0.893,0.05,29.06
2022-04-09 20:00:00,0.0,0.901,0.0525,27.22
2022-04-09 21:00:00,0.0,0.914,0.0515,26.72
2022-04-09 22:00:00,0.0,0.91,0.0545,26.25
2022-04-09 23:00:00,0.0,0.919,0.0515,25.03
2022-04-10 00:00:00,0.0,0.892,0.05,24.25
2022-04-10 01:00:00,0.0,0.898,0.0538,23.1
2022-04-10 02:00:00,0.0,0.883,0.05,23.66
2022-04-10 03:00:00,0.0,0.895,0.05,22.56
2022-04-10 04:00:00,0.0,0.904,0.05,23.49
2022-04-10 05:00:00,0.0,0.886,0.05,24.19
2022-04-10 06:00:00,0.0,0.88,0.05,23.41
2022-04-10 07:00:00,0.0,0.868,0.05,24.8
2022-04-10 08:00:00,0.0,0.915,0.0506,25.72
2022-04-10 09:00:00,0.0,0.895,0.05,27.14
2022-04-10 10:00:00,0.0,0.9,0.0508,27.56
2022-04-10 11:00:00,0.0,0.871,0.0507,28.42
2022-04-10 12:00:00,0.0,0.913,0.05,29.8
2022-04-10 13:00:00,0.0,0.899,0.0505,30.18
2022-04-10 14:00:00,0.0,0.897,0.05,30.79
2022-04-10 15:00:00,0.0,0.87,0.05,31.45
2022-04-10 16:00:00,0.0,0.876,0.0507,30.06
2022-04-10 17:00:00,0.0,0.889,0.0502,30.41
2022-04-10 18:00:00,0.0,0.911,0.0504,29.53
2022-04-10 19:00:00,0.0,0.917,0.0521,29.01
2022-04-10 20:00:00,0.0,0.917,0.05,27.74
2022-04-10 21:00:00,0.0,0.951,0.05,26.41
2022-04-10 22:00:00,0.0,0.942,0.05,26.16
2022-04-10 23:00:00,0.0,0.936,0.05,26.39
2022-04-11 00:00:00,0.0,0.913,0.0581,24.17
2022-04-11 01:00:00,0.0,0.928,0.05,23.22
2022-04-11 02:00:00,0.0,0.91,0.05,22.82
2022-04-11 03:00:00,0.0,0.926,0.05,23.52
2022-04-11 04:00:00,0.0,0.906,0.05,22.75
2022-04-11 05:00:00,0.0,0.911,0.05,24.24
2022-04-11 06:00:00,,0.897,0.05,23.4
2022-04-11 07:00:00,0.0,0.901,0.05,25.15
2022-04-11 08:00:00,0.0,0.896,0.0531,26.35
2022-04-11 09:00:00,0.0,0.888,0.05,27.43
2022-04-11 10:00:00,0.0,0.908,0.05,28.43
2022-04-11 11:00:00,0.0,0.904,0.0505,29.18
2022-04-11 12:00:00,0.0,0.911,0.05,30.46
2022-04-11 13:00:00,0.0,0.911,0.0526,30.02
2022-04-11 14:00:00,0.0,0.932,0.054,30.59
2022-04-11 15:00:00,0.0,0.913,0.05,30.85
2022-04-11 16:00:00,0.0,0.896,0.05,31.66
2022-04-11 17:00:00,0.0,0.881,0.05,30.75
2022-04-11 18:00:00,0.0,0.882,0.0503,30.22
2022-04-11 19:00:00,0.0,0.91,0.05,28.96
2022-04-11 20:00:00,0.0,0.923,0.05,28.5
2022-04-11 21:00:00,0.0,0.927,0.05,26.28
2022-04-11 22:00:00,0.0,0.884,0.0509,25.81
2022-04-11 23:00:00,0.0,0.891,0.05,24.94
2022-04-12 00:00:00,0.0,0.874,0.05,24.04
2022-04-12 01:00:00,0.0,0.886,0.05,
2022-04-12 02:00:00,0.0,0.834,0.05,23.51
2022-04-12 03:00:00,0.0,0.852,0.05,23.22
2022-04-12 04:00:00,0.0,0.858,0.05,23.84
2022-04-12 05:00:00,0.0,0.899,0.0542,22.6
2022-04-12 06:00:00,0.0,0.889,0.0537,25.02
2022-04-12 07:00:00,0.0,0.874,0.0532,24.78
2022-04-12 08:00:00,0.0,0.891,0.0502,26.73
2022-04-12 09:00:00,0.0,0.892,0.0507,26.89
2022-04-12 10:00:00,0.0,0.925,0.05,28.32
2022-04-12 11:00:00,0.0,0.94,0.0513,28.56
2022-04-12 12:00:00,0.0,0.957,0.0546,29.32
2022-04-12 13:00:00,0.0,0.95,0.05,30.86
2022-04-12 14:00:00,0.0,0.953,0.0511,29.63
2022-04-12 15:00:00,0.0,0.957,0.05,30.5
2022-04-12 16:00:00,0.0,0.916,0.05,31.35
2022-04-12 17:00:00,0.0,0.898,0.05,30.36
2022-04-12 18:00:00,0.0,0.896,0.0507,29.49
2022-04-12 19:00:00,0.0,0.904,0.0518,29.86
2022-04-12 20:00:00,0.0,0.936,0.0537,29.08
2022-04-12 21:00:00,0.0,0.935,0.05,27.1
2022-04-12 22:00:00,0.0,0.929,0.0523,26.7
2022-04-12 23:00:00,0.0,0.908,0.0551,25.86
2022-04-13 00:00:00,0.0,0.888,0.05,24.32
2022-04-13 01:00:00,0.0,0.915,0.05,23.43
2022-04-13 02:00:00,0.0,0.906,0.0504,23.34
2022-04-13 03:00:00,0.0,0.884,0.05,22.43
2022-04-13 04:00:00,0.0,0.894,0.05,23.58
2022-04-13 05:00:00,0.0,0.935,0.0543,23.53
2022-04-13 06:00:00,0.0,0.955,0.0571,24.35
2022-04-13 07:00:00,0.0,0.921,0.05,25.18
2022-04-13 08:00:00,0.0,0.924,0.0569,25.7
2022-04-13 09:00:00,0.0,0.909,0.05,27.14
2022-04-13 10:00:00,0.0,0.93,0.0523,27.51
2022-04-13 11:00:00,0.0,0.905,0.05,28.91
2022-04-13 12:00:00,0.0,0.9,0.05,29.43
2022-04-13 13:00:00,0.0,0.876,0.05,30.18
2022-04-13 14:00:00,0.0,0.881,0.0525,29.89
2022-04-13 15:00:00,0.0,0.891,0.0506,30.94
2022-04-13 16:00:00,0.0,0.881,0.05,31.26
2022-04-13 17:00:00,0.0,0.885,0.05,30.71
2022-04-13 18:00:00,0.0,0.847,0.05,30.53
2022-04-13 19:00:00,0.0,0.88,0.051,28.68
2022-04-13 20:00:00,0.0,0.888,0.0504,27.95
2022-04-13 21:00:00,0.0,0.912,0.0504,27.61
2022-04-13 22:00:00,0.0,0.902,0.0504,26.08
2022-04-13 23:00:00,0.0,0.881,0.05,25.25
2022-04-14 00:00:00,0.0,0.888,0.0505,25.44
2022-04-14 01:00:00,0.0,0.89,0.0543,23.62
2022-04-14 02:00:00,0.0,0.89,0.0517,23.1
2022-04-14 03:00:00,0.0,0.885,0.05,22.71
2022-04-14 04:00:00,0.0,0.893,0.05,23.2
2022-04-14 05:00:00,0.0,0.921,0.05,24.25
2022-04-14 06:00:00,0.0,0.942,0.0526,24.66
2022-04-14 07:00:00,0.0,0.93,0.05,25.92
2022-04-14 08:00:00,0.0,0.926,0.0505,26.35
2022-04-14 09:00:00,0.0,0.936,0.05,26.09
2022-04-14 10:00:00,0.0,0.954,0.05,28.56
2022-04-14 11:00:00,0.0,0.942,0.0506,29.26
2022-04-14 12:00:00,0.0,0.929,0.05,30.04
2022-04-14 13:00:00,0.0,0.93,0.0522,31.28
2022-04-14 14:00:00,0.0,0.938,0.05,30.93
2022-04-14 15:00:00,0.0,0.919,0.05,31.5
2022-04-14 16:00:00,0.0,0.906,0.05,30.53
2022-04-14 17:00:00,0.0,0.903,0.0508,29.91
2022-04-14 18:00:00,0.0,0.918,0.0518,29.74
2022-04-14 19:00:00,0.0,0.919,0.05,29.05
2022-04-14 20:00:00,0.0,0.923,0.0525,28.52
2022-04-14 21:00:00,0.0,0.901,0.05,26.66
2022-04-14 22:00:00,0.0,0.921,0.0529,26.92
2022-04-14 23:00:00,0.0,0.888,0.0517,24.72
2022-04-15 00:00:00,0.0,0.895,0.05,24.39
2022-04-15 01:00:00,0.0,0.859,0.0531,23.8
2022-04-15 02:00:00,0.0,0.862,0.0509,23.54
2022-04-15 03:00:00,0.0,0.883,0.0538,23.48
2022-04-15 04:00:00,0.0,0.905,0.05,24.53
2022-04-15 05:00:00,0.0,0.909,0.05,23.49
2022-04-15 06:00:00,0.0,0.91,0.0516,24.59
2022-04-15 07:00:00,0.0,0.911,0.0502,25.22
2022-04-15 08:00:00,0.0,0.897,0.05,26.71
2022-04-15 09:00:00,0.0,0.919,0.0556,27.48
2022-04-15 10:00:00,0.0,0.921,0.0553,28.4
2022-04-15 11:00:00,0.0,0.905,0.0506,28.51
2022-04-15 12:00:00,0.0,0.913,0.05,29.86
2022-04-15 13:00:00,0.0,0.898,0.05,30.23
2022-04-15 14:00:00,0.0,0.907,0.0512,30.9
2022-04-15 15:00:00,0.0,0.865,0.0543,30.84
2022-04-15 16:00:00,0.0,0.851,0.0579,30.86
2022-04-15 17:00:00,0.0,0.845,0.05,30.52
2022-04-15 18:00:00,0.0,0.853,0.05,29.89
2022-04-15 19:00:00,0.0,0.861,0.05,29.11
2022-04-15 20:00:00,0.0,0.866,0.0512,27.83
2022-04-15 21:00:00,0.0,0.901,0.05,27.28
2022-04-15 22:00:00,0.0,0.908,0.05,25.77
2022-04-15 23:00:00,0.0,0.908,0.05,24.96
2022-04-16 00:00:00,0.0,0.894,0.0509,24.46
2022-04-16 01:00:00,0.0,0.944,0.0551,22.55
2022-04-16 02:00:00,0.0,0.943,0.05,24.69
2022-04-16 03:00:00,0.0,0.948,0.0534,23.57
2022-04-16 04:00:00,0.0,0.925,0.05,23.61
2022-04-16 05:00:00,0.0,0.93,0.05,23.58
2022-04-16 06:00:00,0.0,0.894,0.05,24.53
2022-04-16 07:00:00,0.0,0.87,0.0512,24.7
2022-04-16 08:00:00,0.0,0.873,0.0508,26.52
2022-04-16 09:00:00,0.0,0.904,0.0568,26.47
2022-04-16 10:00:00,0.0,0.881,0.05,27.71
2022-04-16 11:00:00,0.0,0.874,0.0547,28.95
2022-04-16 12:00:00,0.0,0.883,0.05,30.89
2022-04-16 13:00:00,0.0,0.913,0.05,30.22
2022-04-16 14:00:00,0.0,0.918,0.05,31.34
2022-04-16 15:00:00,0.0,0.885,0.0534,30.28
2022-04-16 16:00:00,0.0,0.874,0.0504,31.19
2022-04-16 17:00:00,0.0,0.851,0.05,31.64
2022-04-16 18:00:00,0.0,0.891,0.05,30.39
2022-04-16 19:00:00,0.0,0.895,0.0507,28.27
2022-04-16 20:00:00,0.0,0.906,0.05,28.37
2022-04-16 21:00:00,0.0,0.877,0.0513,27.08
2022-04-16 22:00:00,0.0,0.887,0.05,26.89
2022-04-16 23:00:00,0.0,0.901,0.05,25.26
2022-04-17 00:00:00,0.0,0.911,0.0515,23.81
2022-04-17 01:00:00,0.0,0.922,0.0542,23.83
2022-04-17 02:00:00,0.0,0.911,0.0506,23.15
2022-04-17 03:00:00,0.0,0.922,0.0539,22.28
2022-04-17 04:00:00,0.0,0.908,0.05,23.41
2022-04-17 05:00:00,0.0,0.92,0.05,23.9
2022-04-17 06:00:00,0.0,0.953,0.0562,24.72
2022-04-17 07:00:00,0.0,0.927,0.05,25.87
2022-04-17 08:00:00,0.0,0.901,0.0528,26.18
2022-04-17 09:00:00,0.0,0.868,0.05,26.61
2022-04-17 10:00:00,0.0,0.86,0.0516,27.98
2022-04-17 11:00:00,0.0,0.845,0.051,29.35
2022-04-17 12:00:00,0.0,0.865,0.05,30.8
2022-04-17 13:00:00,0.0,0.883,0.0561,30.83
2022-04-17 14:00:00,0.0,0.907,0.0513,31.16
2022-04-17 15:00:00,0.0,0.926,0.05,31.24
2022-04-17 16:00:00,0.0,0.917,0.0547,31.22
2022-04-17 17:00:00,0.0,0.909,0.05,31.78
2022-04-17 18:00:00,0.0,0.864,0.05,30.15
2022-04-17 19:00:00,0.0,0.91,0.0526,29.23
2022-04-17 20:00:00,0.0,0.886,0.0507,28.42
2022-04-17 21:00:00,0.0,0.936,0.05,27.02
2022-04-17 22:00:00,0.0,0.901,0.0512,25.54
2022-04-17 23:00:00,0.0,0.927,0.0532,24.49
2022-04-18 00:00:00,0.0,0.898,0.05,24.22
2022-04-18 01:00:00,0.0,0.928,0.05,24.54
2022-04-18 02:00:00,0.0,0.905,0.0501,24.13
2022-04-18 03:00:00,0.0,0.879,0.0509,22.85
2022-04-18 04:00:00,0.0,0.858,0.0519,23.47
2022-04-18 05:00:00,0.0,0.884,0.05,24.01
2022-04-18 06:00:00,0.0,0.907,0.0516,24.22
2022-04-18 07:00:00,0.0,0.93,0.05,26.07
2022-04-18 08:00:00,0.0,0.904,0.05,26.76
2022-04-18 09:00:00,0.0,0.9,0.05,27.59
2022-04-18 10:00:00,0.0,0.882,0.0506,28.48
2022-04-18 11:00:00,0.0,0.896,0.052,28.63
2022-04-18 12:00:00,0.0,0.907,0.0502,30.92
2022-04-18 13:00:00,0.0,0.928,0.05,31.17
2022-04-18 14:00:00,0.0,0.921,0.05,31.48
2022-04-18 15:00:00,0.0,0.903,0.05,31.04
2022-04-18 16:00:00,0.0,0.887,0.05,30.95
2022-04-18 17:00:00,0.0,0.905,0.051,31.12
2022-04-18 18:00:00,0.0,0.929,0.05,30.79
2022-04-18 19:00:00,0.0,0.934,0.0542,30.27
2022-04-18 20:00:00,0.0,0.916,0.0501,28.08
2022-04-18 21:00:00,0.0,0.933,0.0528,27.33
2022-04-18 22:00:00,0.0,0.931,0.05,25.33
2022-04-18 23:00:00,0.0,0.951,0.0522,24.18
2022-04-19 00:00:00,0.0,0.895,0.0519,24.9
2022-04-19 01:00:00,0.0,0.883,0.05,23.57
2022-04-19 02:00:00,0.0,0.89,0.05,22.61
2022-04-19 03:00:00,0.0,0.926,0.0538,22.88
2022-04-19 04:00:00,0.0,0.92,0.05,23.77
2022-04-19 05:00:00,0.0,0.869,0.05,24.19
2022-04-19 06:00:00,0.0,0.865,0.05,23.82
2022-04-19 07:00:00,0.0,0.887,0.05,26.08
2022-04-19 08:00:00,0.0,0.923,0.0519,26.08
2022-04-19 09:00:00,0.0,0.929,0.05,27.6
2022-04-19 10:00:00,0.0,0.903,0.0502,28.52
2022-04-19 11:00:00,0.0,0.904,0.0534,29.46
2022-04-19 12:00:00,0.0,0.891,0.0503,29.82
2022-04-19 13:00:00,0.0,0.913,0.0547,30.91
2022-04-19 14:00:00,0.0,0.923,0.05,31.46
2022-04-19 15:00:00,0.0,0.933,0.05,31.36
2022-04-19 16:00:00,0.0,0.92,0.05,31.38
2022-04-19 17:00:00,0.0,0.91,0.05,31.48
2022-04-19 18:00:00,0.0,0.878,0.0503,30.06
2022-04-19 19:00:00,0.0,0.896,0.0546,29.79
2022-04-19 20:00:00,0.0,0.851,0.0506,28.39
2022-04-19 21:00:00,0.0,0.846,0.05,28.18
2022-04-19 22:00:00,0.0,0.845,0.05,25.72
2022-04-19 23:00:00,0.0,0.891,0.0516,26.11
2022-04-20 00:00:00,0.0,0.895,0.0512,24.42
2022-04-20 01:00:00,0.0,0.903,0.0524,25.11
2022-04-20 02:00:00,0.0,0.886,0.05,23.87
2022-04-20 03:00:00,0.0,0.939,0.0568,23.94
2022-04-20 04:00:00,0.0,0.941,0.05,23.57
2022-04-20 05:00:00,0.0,0.906,0.05,24.39
2022-04-20 06:00:00,0.0,0.926,0.0536,25.03
2022-04-20 07:00:00,0.0,0.916,0.0527,25.44
2022-04-20 08:00:00,0.0,0.957,0.05,26.86
2022-04-20 09:00:00,0.0,0.924,0.052,25.83
2022-04-20 10:00:00,0.0,0.913,0.05,28.23
2022-04-20 11:00:00,0.0,0.912,0.0513,29.52
2022-04-20 12:00:00,0.0,0.931,0.0507,30.59
2022-04-20 13:00:00,0.0,0.942,0.0576,31.46
2022-04-20 14:00:00,0.0,0.938,0.0542,31.25
2022-04-20 15:00:00,0.0,0.935,0.0532,31.32
2022-04-20 16:00:00,0.0,0.895,0.0523,31.81
2022-04-20 17:00:00,0.0,0.876,0.05,31.55
2022-04-20 18:00:00,0.0,0.865,0.0506,30.71
2022-04-20 19:00:00,0.0,0.89,0.05,29.44
2022-04-20 20:00:00,0.0,0.913,0.05,29.82
2022-04-20 21:00:00,0.0,0.941,0.0503,27.55
2022-04-20 22:00:00,0.0,0.949,0.05,26.59
2022-04-20 23:00:00,0.0,0.932,0.05,26.33
2022-04-21 00:00:00,0.0,0.908,0.0504,25.5
2022-04-21 01:00:00,0.0,0.884,0.0528,24.45
2022-04-21 02:00:00,0.0,0.862,0.05,23.25
2022-04-21 03:00:00,0.0,0.846,0.05,23.62
2022-04-21 04:00:00,0.0,0.885,0.05,23.96
2022-04-21 05:00:00,0.0,0.893,0.05,25.08
2022-04-21 06:00:00,0.0,0.906,0.05,26.21
2022-04-21 07:00:00,0.0,0.898,0.054,25.27
2022-04-21 08:00:00,0.0,0.897,0.0523,26.96
2022-04-21 09:00:00,0.0,0.944,0.0581,27.16
2022-04-21 10:00:00,0.0,0.933,0.05,28.54
2022-04-21 11:00:00,0.0,0.966,0.0526,29.13
2022-04-21 12:00:00,0.0,0.914,0.05,31.23
2022-04-21 13:00:00,0.0,0.902,0.0544,31.15
2022-04-21 14:00:00,0.0,0.885,0.05,31.58
2022-04-21 15:00:00,0.0,0.899,0.05,31.59
2022-04-21 16:00:00,0.0,0.936,0.0538,31.62
2022-04-21 17:00:00,0.0,0.951,0.0536,31.23
2022-04-21 18:00:00,0.0,0.944,0.05,30.05
2022-04-21 19:00:00,0.0,0.94,0.05,28.72
2022-04-21 20:00:00,,0.913,0.0543,27.94
2022-04-21 21:00:00,0.0,0.903,0.05,26.76
2022-04-21 22:00:00,0.0,0.903,0.0509,26.63
2022-04-21 23:00:00,0.0,0.918,0.0516,25.16
2022-04-22 00:00:00,0.0,0.926,0.0542,25.28
2022-04-22 01:00:00,0.0,0.891,0.052,24.27
2022-04-22 02:00:00,0.0,0.905,0.05,22.83
2022-04-22 03:00:00,0.0,0.901,0.05,23.41
2022-04-22 04:00:00,0.0,0.958,0.0521,22.69
2022-04-22 05:00:00,0.0,0.915,0.0505,23.58
2022-04-22 06:00:00,0.0,0.915,0.0553,24.54
2022-04-22 07:00:00,0.0,0.878,0.0517,25.14
2022-04-22 08:00:00,0.0,0.881,0.05,27.52
2022-04-22 09:00:00,0.0,0.896,0.05,27.99
2022-04-22 10:00:00,0.0,0.917,0.05,28.49
2022-04-22 11:00:00,0.0,0.949,0.0511,30.33
2022-04-22 12:00:00,0.0,0.934,0.0503,29.96
2022-04-22 13:00:00,0.0,0.905,0.05,30.91
2022-04-22 14:00:00,0.0,0.895,0.05,31.91
2022-04-22 15:00:00,0.0,0.885,0.05,31.06
2022-04-22 16:00:00,0.0,0.906,0.05,31.82
2022-04-22 17:00:00,0.0,0.89,0.05,31.23
2022-04-22 18:00:00,0.0,0.901,0.0507,30.74
2022-04-22 19:00:00,0.0,0.85,0.0543,30.51
2022-04-22 20:00:00,0.0,0.85,0.05,28.88
2022-04-22 21:00:00,0.0,0.877,0.05,27.68
2022-04-22 22:00:00,0.0,0.907,0.0512,25.83
2022-04-22 23:00:00,0.0,0.904,0.05,25.72
2022-04-23 00:00:00,0.0,0.894,0.0505,24.6
2022-04-23 01:00:00,0.0,0.907,0.0511,24.14
2022-04-23 02:00:00,0.0,0.907,0.05,23.57
2022-04-23 03:00:00,0.0,0.921,0.0536,23.91
2022-04-23 04:00:00,0.0,0.94,0.0573,23.31
2022-04-23 05:00:00,0.0,0.927,0.05,24.31
2022-04-23 06:00:00,0.0,0.913,0.0528,24.32
2022-04-23 07:00:00,0.0,0.931,0.0563,24.77
2022-04-23 08:00:00,0.0,0.889,0.0543,26.46
2022-04-23 09:00:00,0.0,0.898,0.05,27.9
2022-04-23 10:00:00,0.0,0.905,,28.31
2022-04-23 11:00:00,0.0,0.921,0.05,29.73
2022-04-23 12:00:00,0.0,0.895,0.05,30.31
2022-04-23 13:00:00,0.0,0.902,0.05,30.61
2022-04-23 14:00:00,0.0,0.923,0.0514,31.81
2022-04-23 15:00:00,0.0,0.908,0.05,31.34
2022-04-23 16:00:00,0.0,0.878,0.0502,31.72
2022-04-23 17:00:00,0.0,0.844,0.0506,30.4
2022-04-23 18:00:00,0.0,0.864,0.05,30.56
2022-04-23 19:00:00,0.0,0.872,,29.98
2022-04-23 20:00:00,0.0,0.906,0.05,28.88
2022-04-23 21:00:00,0.0,0.912,0.051,28.11
2022-04-23 22:00:00,0.0,0.937,0.05,26.95
2022-04-23 23:00:00,0.0,0.929,0.05,25.82
2022-04-24 00:00:00,0.0,0.902,0.0529,25.31
2022-04-24 01:00:00,0.0,0.88,0.05,24.07
2022-04-24 02:00:00,0.0,0.885,0.0523,24.11
2022-04-24 03:00:00,0.0,0.909,0.05,23.73
2022-04-24 04:00:00,0.0,0.917,0.05,24.78
2022-04-24 05:00:00,0.0,0.929,0.05,
2022-04-24 06:00:00,0.0,0.921,0.0522,24.24
2022-04-24 07:00:00,,0.918,0.0569,25.84
2022-04-24 08:00:00,0.0,0.927,0.0556,26.21
2022-04-24 09:00:00,0.0,0.931,0.05,28.08
2022-04-24 10:00:00,0.0,0.91,0.0524,29.12
2022-04-24 11:00:00,0.0,0.886,0.05,29.41
2022-04-24 12:00:00,0.0,0.88,0.05,30.03
2022-04-24 13:00:00,0.0,0.908,0.053,31.25
2022-04-24 14:00:00,0.0,0.881,0.0507,31.13
2022-04-24 15:00:00,0.0,0.892,0.0507,31.3
2022-04-24 16:00:00,0.0,0.88,0.05,31.33
2022-04-24 17:00:00,0.0,0.909,0.05,31.49
2022-04-24 18:00:00,0.67,0.926,0.05,29.74
2022-04-24 19:00:00,1.71,0.96,0.0601,29.17
2022-04-24 20:00:00,3.5,0.961,0.0742,29.6
2022-04-24 21:00:00,4.8,0.975,0.0957,28.21
2022-04-24 22:00:00,4.98,1.011,0.1068,26.79
2022-04-24 23:00:00,4.85,1.107,0.1334,25.25
2022-04-25 00:00:00,7.6,1.187,0.1567,24.55
2022-04-25 01:00:00,7.06,1.275,0.1849,23.4
2022-04-25 02:00:00,6.24,1.376,0.208,21.93
2022-04-25 03:00:00,8.08,1.525,0.24,22.67
2022-04-25 04:00:00,7.84,1.657,0.271,22.88
2022-04-25 05:00:00,5.99,1.78,0.2939,23.72
2022-04-25 06:00:00,5.92,1.877,0.3115,24.59
2022-04-25 07:00:00,6.69,2.011,0.3366,25.92
2022-04-25 08:00:00,5.95,2.101,0.3546,26.15
2022-04-25 09:00:00,3.89,2.213,0.3718,26.88
2022-04-25 10:00:00,2.54,2.302,0.3772,28.45
2022-04-25 11:00:00,1.71,2.362,0.3772,29.92
2022-04-25 12:00:00,0.61,2.375,0.3744,30.48
2022-04-25 13:00:00,0.0,2.331,0.3747,30.83
2022-04-25 14:00:00,0.0,2.298,0.3741,31.89
2022-04-25 15:00:00,0.0,2.199,0.371,31.19
2022-04-25 16:00:00,0.0,2.134,0.3586,31.19
2022-04-25 17:00:00,0.0,2.087,0.3614,31.44
2022-04-25 18:00:00,0.0,2.031,0.3574,30.2
2022-04-25 19:00:00,0.0,1.943,0.3557,29.59
2022-04-25 20:00:00,0.0,1.857,0.3496,28.81
2022-04-25 21:00:00,0.0,1.783,0.344,27.75
2022-04-25 22:00:00,0.0,1.744,0.3444,26.25
2022-04-25 23:00:00,0.0,1.645,0.3315,25.93
2022-04-26 00:00:00,0.0,1.635,0.3336,24.53
2022-04-26 01:00:00,0.0,1.587,0.3312,25.18
2022-04-26 02:00:00,0.0,1.523,0.3293,23.75
2022-04-26 03:00:00,0.0,1.465,0.3242,24.12
2022-04-26 04:00:00,0.0,1.451,0.3246,24.32
2022-04-26 05:00:00,0.0,1.509,0.3221,24.17
2022-04-26 06:00:00,0.0,1.508,0.3204,24.5
2022-04-26 07:00:00,0.0,1.486,0.3194,26.18
2022-04-26 08:00:00,0.0,1.438,0.3121,26.07
2022-04-26 09:00:00,0.0,1.385,0.3117,27.18
2022-04-26 10:00:00,0.0,1.41,0.3097,29.15
2022-04-26 11:00:00,0.0,1.395,0.3014,29.72
2022-04-26 12:00:00,0.0,1.439,0.3036,30.29
2022-04-26 13:00:00,0.0,1.424,0.3014,31.03
2022-04-26 14:00:00,0.0,1.413,0.2998,31.28
2022-04-26 15:00:00,0.0,1.399,0.2902,32.91
2022-04-26 16:00:00,0.0,1.396,0.2905,32.19
2022-04-26 17:00:00,0.0,1.391,0.2917,30.87
2022-04-26 18:00:00,0.0,1.372,0.2798,30.49
2022-04-26 19:00:00,0.0,1.376,0.2822,30.11
2022-04-26 20:00:00,0.0,1.357,0.275,28.36
2022-04-26 21:00:00,0.0,1.353,0.2757,27.54
2022-04-26 22:00:00,0.0,1.317,0.2722,26.63
2022-04-26 23:00:00,0.0,1.304,0.2735,25.38
2022-04-27 00:00:00,0.0,1.27,0.2693,25.59
2022-04-27 01:00:00,0.0,1.285,0.2642,24.04
2022-04-27 02:00:00,0.0,1.314,0.2706,23.94
2022-04-27 03:00:00,0.0,1.31,0.2646,23.92
2022-04-27 04:00:00,0.0,1.299,0.2649,24.79
2022-04-27 05:00:00,0.0,1.27,0.2566,24.36
2022-04-27 06:00:00,0.0,1.292,0.2565,26.11
2022-04-27 07:00:00,0.0,1.319,0.2586,25.68
2022-04-27 08:00:00,0.0,1.344,0.2511,26.72
2022-04-27 09:00:00,0.0,1.338,0.251,28.33
2022-04-27 10:00:00,0.0,1.313,0.2483,29.86
2022-04-27 11:00:00,0.0,1.242,0.239,29.73
2022-04-27 12:00:00,0.0,1.229,0.2433,31.31
2022-04-27 13:00:00,0.0,1.247,0.2396,31.75
2022-04-27 14:00:00,0.0,1.276,0.2378,31.35
2022-04-27 15:00:00,0.0,1.311,0.2336,
2022-04-27 16:00:00,0.0,1.249,0.2294,31.71
2022-04-27 17:00:00,0.0,1.243,0.2284,30.81
2022-04-27 18:00:00,0.0,1.192,0.2269,30.78
2022-04-27 19:00:00,0.0,1.19,0.228,29.91
2022-04-27 20:00:00,0.0,1.165,0.2223,29.09
2022-04-27 21:00:00,0.0,1.224,0.2223,27.9
2022-04-27 22:00:00,0.0,1.243,0.2206,26.5
2022-04-27 23:00:00,0.0,1.271,0.2165,27.09
2022-04-28 00:00:00,0.0,1.242,0.2192,25.19
2022-04-28 01:00:00,0.0,1.264,0.2135,25.1
2022-04-28 02:00:00,0.0,1.25,0.2113,24.27
2022-04-28 03:00:00,0.0,1.283,0.2146,24.67
2022-04-28 04:00:00,0.0,1.246,0.2101,23.66
2022-04-28 05:00:00,0.0,1.22,0.2009,24.41
2022-04-28 06:00:00,0.0,1.195,0.1984,24.86
2022-04-28 07:00:00,0.0,1.268,0.2095,25.63
2022-04-28 08:00:00,0.0,1.266,0.2031,27.01
2022-04-28 09:00:00,0.0,1.256,0.2005,27.79
2022-04-28 10:00:00,0.0,1.232,0.1925,28.24
2022-04-28 11:00:00,0.0,1.26,0.1968,29.76
2022-04-28 12:00:00,0.0,1.242,0.192,30.55
2022-04-28 13:00:00,0.0,1.214,0.1921,31.82
2022-04-28 14:00:00,0.0,1.165,0.1889,31.06
2022-04-28 15:00:00,0.0,1.148,0.1882,31.66
2022-04-28 16:00:00,0.0,1.146,0.1876,31.4
2022-04-28 17:00:00,0.0,1.098,0.1862,31.75
2022-04-28 18:00:00,0.0,1.119,0.183,30.47
2022-04-28 19:00:00,0.0,1.113,0.1816,30.44
2022-04-28 20:00:00,0.0,1.148,0.1742,28.93
2022-04-28 21:00:00,0.0,1.15,0.1776,28.16
2022-04-28 22:00:00,0.0,1.142,0.1769,27.43
2022-04-28 23:00:00,0.0,1.11,0.1746,25.31
2022-04-29 00:00:00,0.0,1.097,0.1779,25.01
2022-04-29 01:00:00,0.0,1.09,0.1713,24.71
2022-04-29 02:00:00,0.0,1.108,0.1668,24.2
2022-04-29 03:00:00,0.0,1.152,0.1695,23.32
2022-04-29 04:00:00,0.0,1.139,0.1665,24.45
2022-04-29 05:00:00,0.0,1.112,0.1617,24.52
2022-04-29 06:00:00,0.0,1.098,0.1646,25.2
2022-04-29 07:00:00,0.0,1.077,0.1686,25.85
2022-04-29 08:00:00,0.0,1.085,0.1617,25.34
2022-04-29 09:00:00,0.0,1.105,0.1646,28.24
2022-04-29 10:00:00,0.0,1.158,0.1619,29.29
2022-04-29 11:00:00,0.0,1.167,0.1653,29.75
2022-04-29 12:00:00,,1.124,0.1579,30.05
2022-04-29 13:00:00,0.0,1.085,0.1552,31.16
2022-04-29 14:00:00,0.0,1.074,0.1535,32.33
2022-04-29 15:00:00,0.0,1.079,0.1524,31.76
2022-04-29 16:00:00,0.0,1.064,0.1492,31.84
2022-04-29 17:00:00,0.0,1.052,0.1469,31.26
2022-04-29 18:00:00,0.0,1.083,0.1483,30.95
2022-04-29 19:00:00,0.0,1.099,0.1435,29.31
2022-04-29 20:00:00,0.0,1.113,0.1384,28.9
2022-04-29 21:00:00,0.0,1.085,0.1388,28.51
2022-04-29 22:00:00,0.0,1.117,0.1464,
2022-04-29 23:00:00,0.0,1.094,0.1393,25.83
2022-04-30 00:00:00,0.0,1.118,0.1414,25.71
2022-04-30 01:00:00,0.0,1.083,0.1359,24.92
2022-04-30 02:00:00,0.0,1.044,0.1396,24.38
2022-04-30 03:00:00,0.0,1.055,0.1371,24.21
2022-04-30 04:00:00,0.0,1.068,0.1408,24.34
2022-04-30 05:00:00,0.0,1.086,0.1377,24.43
2022-04-30 06:00:00,0.0,1.092,0.1349,25.74
2022-04-30 07:00:00,0.0,1.077,0.1298,25.78
2022-04-30 08:00:00,0.0,1.082,0.1269,26.48
2022-04-30 09:00:00,0.0,1.035,0.1289,27.32
2022-04-30 10:00:00,0.0,1.023,0.1281,28.74
2022-04-30 11:00:00,0.0,0.997,0.1256,29.7
2022-04-30 12:00:00,0.0,1.01,0.1276,30.49
2022-04-30 13:00:00,0.0,1.012,0.1244,30.89
2022-04-30 14:00:00,0.0,1.045,0.1229,32.06
2022-04-30 15:00:00,0.0,1.029,0.1261,31.54
2022-04-30 16:00:00,0.0,1.007,0.1206,32.15
2022-04-30 17:00:00,0.0,0.965,0.1149,31.84
2022-04-30 18:00:00,0.0,1.022,0.1207,32.13
2022-04-30 19:00:00,0.0,1.04,0.1171,29.79
2022-04-30 20:00:00,0.0,1.024,0.1146,28.97
2022-04-30 21:00:00,0.0,0.998,0.1115,27.64
2022-04-30 22:00:00,0.0,1.021,0.1171,26.39
2022-04-30 23:00:00,0.76,1.072,0.1205,25.73
2022-05-01 00:00:00,2.51,1.076,0.1226,24.59
2022-05-01 01:00:00,3.95,1.1,0.1404,23.61
2022-05-01 02:00:00,4.88,1.15,0.1593,23.83
2022-05-01 03:00:00,,1.225,0.1678,23.12
2022-05-01 04:00:00,3.33,1.275,0.1849,24.15
2022-05-01 05:00:00,3.63,1.336,0.1929,24.66
2022-05-01 06:00:00,1.97,1.358,0.2044,24.6
2022-05-01 07:00:00,0.84,1.406,0.2128,26.68
2022-05-01 08:00:00,0.0,1.381,0.1998,27.23
2022-05-01 09:00:00,0.0,1.423,0.2079,28.02
2022-05-01 10:00:00,0.0,1.444,0.2057,28.21
2022-05-01 11:00:00,0.0,1.423,0.1985,29.2
2022-05-01 12:00:00,0.0,1.396,0.1979,31.68
2022-05-01 13:00:00,0.0,1.341,0.1934,32.18
2022-05-01 14:00:00,0.0,1.327,0.1907,32.72
2022-05-01 15:00:00,0.0,1.315,0.1905,32.99
2022-05-01 16:00:00,0.0,1.304,0.1855,32.61
2022-05-01 17:00:00,0.0,1.285,0.1872,31.64
2022-05-01 18:00:00,0.0,1.285,0.184,31.17
2022-05-01 19:00:00,0.0,1.274,0.1789,29.72
2022-05-01 20:00:00,0.0,1.274,0.1824,29.22
2022-05-01 21:00:00,0.0,1.235,0.1808,28.43
2022-05-01 22:00:00,0.0,1.185,,27.41
2022-05-01 23:00:00,0.0,1.145,0.1741,26.0
2022-05-02 00:00:00,0.0,1.146,0.1773,
2022-05-02 01:00:00,0.0,1.156,0.1793,23.89
2022-05-02 02:00:00,0.0,1.154,0.1716,24.48
2022-05-02 03:00:00,0.0,1.151,0.1706,23.86
2022-05-02 04:00:00,0.0,1.146,0.1709,24.58
2022-05-02 05:00:00,0.0,1.138,0.1611,24.04
2022-05-02 06:00:00,0.0,1.144,0.1621,25.96
2022-05-02 07:00:00,0.0,1.162,0.1632,25.64
2022-05-02 08:00:00,0.0,1.155,0.1623,27.81
2022-05-02 09:00:00,0.0,1.133,0.1622,27.33
2022-05-02 10:00:00,0.0,1.119,0.1611,29.45
2022-05-02 11:00:00,0.0,1.081,0.1546,29.64
2022-05-02 12:00:00,0.0,1.114,0.1605,30.93
2022-05-02 13:00:00,0.0,1.122,0.1563,32.11
2022-05-02 14:00:00,0.0,1.175,0.1538,32.42
2022-05-02 15:00:00,0.0,1.149,0.1535,31.7
2022-05-02 16:00:00,0.0,1.135,0.1485,31.67
2022-05-02 17:00:00,0.0,1.077,0.1481,30.79
2022-05-02 18:00:00,0.0,1.093,0.1441,30.04
2022-05-02 19:00:00,0.0,1.096,0.1393,29.69
2022-05-02 20:00:00,0.0,1.113,0.1438,28.72
2022-05-02 21:00:00,0.0,1.121,0.1484,27.36
2022-05-02 22:00:00,0.0,1.085,0.1402,26.97
2022-05-02 23:00:00,0.0,1.1,0.1361,26.09
2022-05-03 00:00:00,0.0,1.096,0.1413,25.32
2022-05-03 01:00:00,0.0,1.041,0.1371,24.29
2022-05-03 02:00:00,0.0,1.008,0.1388,24.0
2022-05-03 03:00:00,0.0,1.054,0.1384,24.0
2022-05-03 04:00:00,0.0,1.078,0.1338,24.7
2022-05-03 05:00:00,0.0,1.099,0.1355,24.35
2022-05-03 06:00:00,0.0,1.041,0.1331,24.49
2022-05-03 07:00:00,0.0,1.055,0.1262,26.0
2022-05-03 08:00:00,0.0,1.072,0.1294,26.9
2022-05-03 09:00:00,0.0,1.073,0.1273,27.35
2022-05-03 10:00:00,0.0,1.08,0.124,28.99
2022-05-03 11:00:00,0.0,1.081,0.1247,29.71
2022-05-03 12:00:00,0.0,1.101,0.128,30.95
2022-05-03 13:00:00,0.0,1.071,0.1247,31.83
2022-05-03 14:00:00,0.0,1.036,0.1177,31.75
2022-05-03 15:00:00,0.0,1.019,0.1186,32.41
2022-05-03 16:00:00,0.0,1.005,0.1207,31.87
2022-05-03 17:00:00,0.0,1.016,0.1193,31.49
2022-05-03 18:00:00,0.0,1.031,0.1171,30.83
2022-05-03 19:00:00,0.0,1.061,0.1192,30.06
2022-05-03 20:00:00,0.0,1.063,0.1169,28.5
2022-05-03 21:00:00,0.0,1.05,0.1131,27.24
2022-05-03 22:00:00,0.0,1.062,0.1117,27.68
2022-05-03 23:00:00,0.0,1.019,0.1122,26.26
2022-05-04 00:00:00,0.0,1.036,0.1056,25.1
2022-05-04 01:00:00,0.0,1.026,0.1118,25.27
2022-05-04 02:00:00,0.0,1.03,0.1063,25.77
2022-05-04 03:00:00,0.0,1.012,0.1129,23.45
2022-05-04 04:00:00,0.0,1.019,0.1033,24.32
2022-05-04 05:00:00,0.0,1.031,0.1086,25.07
2022-05-04 06:00:00,0.0,1.018,0.1007,24.56
2022-05-04 07:00:00,0.0,0.981,0.1039,25.44
2022-05-04 08:00:00,0.0,1.003,0.106,27.65
2022-05-04 09:00:00,0.0,1.024,0.1066,28.18
2022-05-04 10:00:00,0.0,1.043,0.1055,28.89
2022-05-04 11:00:00,0.0,1.028,0.1039,29.38
2022-05-04 12:00:00,0.0,0.998,0.1032,31.2
2022-05-04 13:00:00,0.0,0.994,0.1024,30.97
2022-05-04 14:00:00,0.0,0.998,0.097,31.56
2022-05-04 15:00:00,0.0,1.018,0.0965,31.73
2022-05-04 16:00:00,0.0,1.003,0.0986,31.9
2022-05-04 17:00:00,0.0,0.987,0.0989,31.12
2022-05-04 18:00:00,0.0,0.987,0.0941,30.56
2022-05-04 19:00:00,0.0,1.008,0.092,30.68
2022-05-04 20:00:00,0.0,1.017,0.091,29.32
2022-05-04 21:00:00,0.0,1.002,0.0893,28.21
2022-05-04 22:00:00,0.0,0.961,0.0924,27.39
2022-05-04 23:00:00,0.0,0.973,0.0936,25.67
2022-05-05 00:00:00,0.0,0.996,0.0909,25.6
2022-05-05 01:00:00,0.0,1.032,0.0887,25.0
2022-05-05 02:00:00,0.0,1.036,0.0938,23.88
2022-05-05 03:00:00,0.0,0.975,0.0874,24.55
2022-05-05 04:00:00,0.0,0.965,0.0909,24.51
2022-05-05 05:00:00,0.0,0.936,0.0828,24.92
2022-05-05 06:00:00,0.0,0.963,0.086,26.26
2022-05-05 07:00:00,0.0,0.979,0.0817,26.31
2022-05-05 08:00:00,0.0,0.972,0.0811,26.75
2022-05-05 09:00:00,0.0,0.946,0.0807,28.32
2022-05-05 10:00:00,0.0,0.93,0.0825,29.29
2022-05-05 11:00:00,0.0,0.942,0.0801,29.7
2022-05-05 12:00:00,0.0,0.938,0.0745,30.07
2022-05-05 13:00:00,0.0,0.955,0.0785,31.68
2022-05-05 14:00:00,0.0,0.932,0.0771,32.59
2022-05-05 15:00:00,0.0,0.954,0.0728,32.73
2022-05-05 16:00:00,,0.971,0.0786,32.26
2022-05-05 17:00:00,0.0,0.98,0.0784,32.5
2022-05-05 18:00:00,0.0,0.938,0.0774,31.17
2022-05-05 19:00:00,0.0,0.931,0.0799,30.15
2022-05-05 20:00:00,0.0,0.941,0.0707,29.39
2022-05-05 21:00:00,0.0,0.978,0.0701,27.89
2022-05-05 22:00:00,0.0,0.979,0.0727,26.58
2022-05-05 23:00:00,0.0,0.951,0.0718,25.76
2022-05-06 00:00:00,0.0,0.898,0.072,25.23
2022-05-06 01:00:00,0.0,0.885,0.0735,25.27
2022-05-06 02:00:00,0.0,0.887,0.0697,23.71
2022-05-06 03:00:00,0.0,0.916,0.073,23.81
2022-05-06 04:00:00,0.0,0.925,0.0671,24.84
2022-05-06 05:00:00,0.0,0.915,0.0673,24.66
2022-05-06 06:00:00,0.0,0.921,0.0649,25.37
2022-05-06 07:00:00,0.0,0.914,0.0575,26.11
2022-05-06 08:00:00,0.0,0.948,0.0618,28.23
2022-05-06 09:00:00,0.0,1.001,0.0691,28.58
2022-05-06 10:00:00,0.0,0.981,0.0691,29.46
2022-05-06 11:00:00,0.0,0.927,0.0613,30.4
2022-05-06 12:00:00,0.0,0.923,0.0672,31.33
2022-05-06 13:00:00,0.0,0.918,0.0564,32.69
2022-05-06 14:00:00,0.0,0.959,0.0599,31.98
2022-05-06 15:00:00,0.0,0.916,0.0609,32.38
2022-05-06 16:00:00,0.0,0.907,0.0648,32.18
2022-05-06 17:00:00,0.0,0.911,0.0664,32.21
2022-05-06 18:00:00,0.0,0.894,0.0589,31.98
2022-05-06 19:00:00,0.0,0.937,0.0595,30.0
2022-05-06 20:00:00,0.0,0.942,0.0623,29.56
2022-05-06 21:00:00,0.0,0.957,0.0653,28.39
2022-05-06 22:00:00,0.0,0.952,0.0616,26.57
2022-05-06 23:00:00,0.0,0.931,0.0539,26.78
2022-05-07 00:00:00,0.0,0.951,0.0597,26.3
2022-05-07 01:00:00,0.0,0.917,0.0547,25.29
2022-05-07 02:00:00,0.0,0.887,0.0604,24.16
2022-05-07 03:00:00,0.0,0.862,0.0577,23.67
2022-05-07 04:00:00,0.0,0.863,0.0523,24.8
2022-05-07 05:00:00,0.0,0.911,0.0582,24.34
2022-05-07 06:00:00,0.0,0.953,0.056,25.03
2022-05-07 07:00:00,0.0,0.945,0.0552,
2022-05-07 08:00:00,0.0,0.918,0.0536,27.68
2022-05-07 09:00:00,0.0,0.872,0.0514,28.18
2022-05-07 10:00:00,0.0,0.858,0.0543,29.28
2022-05-07 11:00:00,0.0,0.877,0.0586,30.29
2022-05-07 12:00:00,0.0,0.894,0.0572,30.72
2022-05-07 13:00:00,0.4,0.917,0.0519,31.58
2022-05-07 14:00:00,1.71,0.938,0.0525,31.23
2022-05-07 15:00:00,2.34,0.985,0.0658,32.48
2022-05-07 16:00:00,3.0,1.004,0.0791,33.3
2022-05-07 17:00:00,4.36,1.029,0.0961,31.4
2022-05-07 18:00:00,4.85,1.04,0.1164,31.28
2022-05-07 19:00:00,4.1,1.095,0.1312,29.8
2022-05-07 20:00:00,6.34,1.177,0.1554,28.07
2022-05-07 21:00:00,5.65,1.282,0.1724,28.91
2022-05-07 22:00:00,4.83,1.339,0.1905,26.4
2022-05-07 23:00:00,4.32,1.442,0.2045,26.39
2022-05-08 00:00:00,5.13,1.548,0.2274,25.16
2022-05-08 01:00:00,4.71,1.626,0.2462,25.05
2022-05-08 02:00:00,3.29,1.673,0.2581,24.16
2022-05-08 03:00:00,3.24,1.66,0.2585,23.48
2022-05-08 04:00:00,2.28,1.726,0.2745,23.97
2022-05-08 05:00:00,1.4,1.727,0.2733,25.96
2022-05-08 06:00:00,0.58,1.764,0.2782,25.66
2022-05-08 07:00:00,0.0,1.756,0.2708,27.48
2022-05-08 08:00:00,0.0,1.747,0.2737,27.17
2022-05-08 09:00:00,0.0,1.719,0.267,28.75
2022-05-08 10:00:00,0.0,1.657,0.2645,28.78
2022-05-08 11:00:00,0.0,1.65,0.2661,30.41
2022-05-08 12:00:00,0.0,1.575,0.2591,32.33
2022-05-08 13:00:00,0.0,1.561,0.2609,31.46
2022-05-08 14:00:00,0.0,1.493,0.2575,31.91
2022-05-08 15:00:00,0.0,1.484,0.2521,32.8
2022-05-08 16:00:00,0.0,1.444,0.2483,32.31
2022-05-08 17:00:00,0.0,1.454,0.2507,32.8
2022-05-08 18:00:00,0.0,1.413,0.2468,31.1
2022-05-08 19:00:00,0.0,1.385,0.2467,30.43
2022-05-08 20:00:00,0.0,1.317,0.2342,29.58
2022-05-08 21:00:00,0.0,1.302,0.2364,27.85
2022-05-08 22:00:00,0.0,1.314,0.2338,26.71
2022-05-08 23:00:00,0.0,1.315,0.2348,25.7
2022-05-09 00:00:00,0.0,1.293,0.2286,23.95
2022-05-09 01:00:00,0.0,1.26,0.2272,24.93
2022-05-09 02:00:00,0.0,1.262,0.228,23.92
2022-05-09 03:00:00,0.0,1.242,0.2205,24.17
2022-05-09 04:00:00,0.0,1.235,0.2183,25.08
2022-05-09 05:00:00,0.0,1.216,0.2222,24.5
2022-05-09 06:00:00,0.0,1.251,0.2287,25.95
2022-05-09 07:00:00,0.0,1.218,0.2192,25.65
2022-05-09 08:00:00,0.0,1.235,0.2158,27.06
2022-05-09 09:00:00,0.0,1.218,0.2161,29.31
2022-05-09 10:00:00,0.0,1.23,0.2145,29.26
2022-05-09 11:00:00,0.0,1.201,0.2101,31.08
2022-05-09 12:00:00,0.0,1.193,0.2062,32.44
2022-05-09 13:00:00,0.0,1.183,0.2013,31.69
2022-05-09 14:00:00,0.0,1.195,0.2065,31.97
2022-05-09 15:00:00,0.0,1.199,0.2002,31.36
2022-05-09 16:00:00,0.0,1.206,0.2008,32.45
2022-05-09 17:00:00,0.0,1.215,0.2004,32.09
2022-05-09 18:00:00,0.0,1.173,0.1942,31.65
2022-05-09 19:00:00,0.0,1.181,0.1887,31.13
2022-05-09 20:00:00,0.0,1.205,0.1906,28.96
2022-05-09 21:00:00,0.0,1.219,0.1889,29.37
2022-05-09 22:00:00,0.0,1.226,0.1892,27.26
2022-05-09 23:00:00,0.0,1.187,0.1844,26.62
2022-05-10 00:00:00,0.0,1.195,0.1827,25.62
2022-05-10 01:00:00,0.0,1.164,0.1819,24.63
2022-05-10 02:00:00,0.0,1.167,0.1828,24.02
2022-05-10 03:00:00,0.0,1.175,0.183,24.59
2022-05-10 04:00:00,0.0,1.181,0.1859,24.14
2022-05-10 05:00:00,0.0,1.168,0.1833,24.91
2022-05-10 06:00:00,0.0,1.099,0.1756,25.45
2022-05-10 07:00:00,0.0,1.099,0.1724,26.3
2022-05-10 08:00:00,0.0,1.095,0.1712,26.55
2022-05-10 09:00:00,0.0,1.151,0.1676,26.9
2022-05-10 10:00:00,0.0,1.185,0.1702,29.94
2022-05-10 11:00:00,0.0,1.142,0.1651,31.04
2022-05-10 12:00:00,0.0,1.132,0.163,30.03
2022-05-10 13:00:00,0.0,1.087,0.1614,32.15
2022-05-10 14:00:00,0.0,1.166,0.1654,32.45
2022-05-10 15:00:00,0.0,1.147,0.1607,31.82
2022-05-10 16:00:00,0.0,1.171,0.1551,32.79
2022-05-10 17:00:00,0.0,1.19,0.1601,32.51
2022-05-10 18:00:00,0.0,1.152,0.1593,31.84
2022-05-10 19:00:00,0.0,1.099,0.1527,31.35
2022-05-10 20:00:00,0.0,1.077,0.1502,30.02
2022-05-10 21:00:00,0.0,1.095,0.1485,28.07
2022-05-10 22:00:00,0.0,1.128,0.1506,27.45
2022-05-10 23:00:00,0.0,1.11,0.1512,26.67
2022-05-11 00:00:00,0.0,,0.1477,26.46
2022-05-11 01:00:00,0.0,1.071,0.142,24.94
2022-05-11 02:00:00,0.0,1.122,0.1481,24.35
2022-05-11 03:00:00,0.0,1.14,0.1437,23.7
2022-05-11 04:00:00,0.0,1.128,0.1421,25.1
2022-05-11 05:00:00,0.0,1.123,0.1428,25.17
2022-05-11 06:00:00,0.0,,0.1435,25.26
2022-05-11 07:00:00,0.0,1.078,0.1357,26.91
2022-05-11 08:00:00,0.0,1.033,0.1339,27.32
2022-05-11 09:00:00,0.0,1.074,0.1365,27.86
2022-05-11 10:00:00,0.0,1.041,0.1352,30.23
2022-05-11 11:00:00,0.0,1.067,0.1367,29.49
2022-05-11 12:00:00,0.0,1.056,0.1363,31.43
2022-05-11 13:00:00,0.0,1.058,0.1296,31.93
2022-05-11 14:00:00,0.0,1.06,0.1307,31.57
2022-05-11 15:00:00,0.0,1.032,0.1297,32.69
2022-05-11 16:00:00,0.0,1.045,0.1286,32.04
2022-05-11 17:00:00,0.0,1.018,0.1206,32.83
2022-05-11 18:00:00,0.0,1.031,0.1257,31.86
2022-05-11 19:00:00,0.0,1.021,0.1204,30.64
2022-05-11 20:00:00,0.0,1.022,0.1234,28.32
2022-05-11 21:00:00,0.0,1.034,0.1171,28.25
2022-05-11 22:00:00,0.0,1.034,0.1197,27.17
2022-05-11 23:00:00,0.0,1.038,0.1175,27.13
2022-05-12 00:00:00,0.0,1.051,0.1239,25.83
2022-05-12 01:00:00,0.0,1.036,0.1138,25.26
2022-05-12 02:00:00,0.0,1.03,0.1127,25.22
2022-05-12 03:00:00,0.0,1.06,0.119,25.39
2022-05-12 04:00:00,0.0,1.064,0.1162,25.44
2022-05-12 05:00:00,0.0,1.053,0.1135,25.38
2022-05-12 06:00:00,1.44,1.032,0.1161,25.46
2022-05-12 07:00:00,3.03,1.043,0.1252,26.48
2022-05-12 08:00:00,3.38,1.117,0.1397,27.18
2022-05-12 09:00:00,1.36,1.165,0.1435,28.83
2022-05-12 10:00:00,0.0,1.154,0.1416,29.32
2022-05-12 11:00:00,0.0,1.135,0.1406,31.02
2022-05-12 12:00:00,0.0,1.111,0.139,31.42
2022-05-12 13:00:00,0.0,1.163,0.142,32.23
2022-05-12 14:00:00,0.0,1.158,0.1335,31.84
2022-05-12 15:00:00,0.0,1.16,0.1373,32.43
2022-05-12 16:00:00,0.0,1.119,0.1354,32.66
2022-05-12 17:00:00,0.0,1.085,0.133,31.94
2022-05-12 18:00:00,0.0,1.09,0.1338,30.23
2022-05-12 19:00:00,0.0,1.095,0.1318,29.95
2022-05-12 20:00:00,0.0,1.089,0.1295,29.78
2022-05-12 21:00:00,0.0,1.095,0.1313,29.32
2022-05-12 22:00:00,0.0,1.062,0.1195,27.42
2022-05-12 23:00:00,0.0,1.061,0.1323,26.33
2022-05-13 00:00:00,0.0,1.019,0.1282,26.31
2022-05-13 01:00:00,0.0,1.004,0.1288,25.16
2022-05-13 02:00:00,0.0,1.0,0.1201,25.12
2022-05-13 03:00:00,0.0,1.037,0.1219,24.47
2022-05-13 04:00:00,0.0,1.037,0.1217,24.55
2022-05-13 05:00:00,0.0,1.056,0.1187,25.56
2022-05-13 06:00:00,0.0,1.058,0.1193,26.12
2022-05-13 07:00:00,0.0,1.075,0.1186,26.45
2022-05-13 08:00:00,0.0,1.043,0.1131,27.02
2022-05-13 09:00:00,0.0,1.04,0.1179,27.78
2022-05-13 10:00:00,1.03,1.064,0.1207,28.78
2022-05-13 11:00:00,2.9,1.069,0.1271,30.01
2022-05-13 12:00:00,3.72,1.112,0.1388,31.23
2022-05-13 13:00:00,4.09,1.147,0.1579,30.84
2022-05-13 14:00:00,2.88,1.208,0.165,31.39
2022-05-13 15:00:00,0.77,1.248,0.1695,32.73
2022-05-13 16:00:00,0.0,1.247,0.1644,33.26
2022-05-13 17:00:00,0.0,1.277,0.1695,32.62
2022-05-13 18:00:00,0.0,1.26,0.1612,30.52
2022-05-13 19:00:00,0.0,1.235,0.1589,30.81
2022-05-13 20:00:00,0.0,1.221,0.16,30.13
2022-05-13 21:00:00,0.0,1.171,0.1537,28.37
2022-05-13 22:00:00,0.0,1.195,0.1545,27.46
2022-05-13 23:00:00,0.0,1.183,0.1507,26.78
2022-05-14 00:00:00,0.0,1.22,0.155,26.07
2022-05-14 01:00:00,0.0,1.181,0.1559,25.38
2022-05-14 02:00:00,0.0,1.157,0.1506,25.16
2022-05-14 03:00:00,0.0,1.142,0.1544,24.77
2022-05-14 04:00:00,0.0,1.171,0.147,24.48
2022-05-14 05:00:00,0.0,1.158,0.1469,24.97
2022-05-14 06:00:00,0.0,1.147,0.1498,25.44
2022-05-14 07:00:00,0.0,1.105,0.148,26.43
2022-05-14 08:00:00,0.0,1.127,0.1459,27.9
2022-05-14 09:00:00,0.0,1.149,0.1465,28.27
2022-05-14 10:00:00,0.0,1.146,0.1416,30.23
2022-05-14 11:00:00,0.0,1.112,0.1412,30.16
2022-05-14 12:00:00,0.0,1.083,0.1368,31.59
2022-05-14 13:00:00,0.0,1.108,0.143,32.54
2022-05-14 14:00:00,0.98,1.095,0.1383,32.65
2022-05-14 15:00:00,2.37,1.108,0.147,31.5
2022-05-14 16:00:00,3.62,1.088,0.1612,32.23
2022-05-14 17:00:00,5.11,1.121,0.1813,31.24
2022-05-14 18:00:00,6.89,1.223,0.207,30.14
2022-05-14 19:00:00,8.65,1.301,0.2295,29.9
2022-05-14 20:00:00,8.07,1.498,0.273,28.26
2022-05-14 21:00:00,9.09,1.619,0.3064,27.87
2022-05-14 22:00:00,6.26,1.796,0.3276,27.72
2022-05-14 23:00:00,6.45,1.931,0.3474,26.16
2022-05-15 00:00:00,5.53,2.075,0.37,25.2
2022-05-15 01:00:00,4.79,2.202,0.3833,24.68
2022-05-15 02:00:00,2.77,2.267,0.3912,25.02
2022-05-15 03:00:00,1.0,2.333,0.3936,24.45
2022-05-15 04:00:00,0.0,2.356,0.39,24.6
2022-05-15 05:00:00,0.0,2.377,0.3884,24.77
2022-05-15 06:00:00,0.0,2.337,0.3757,25.42
2022-05-15 07:00:00,0.0,2.307,0.3785,27.15
2022-05-15 08:00:00,0.0,2.217,0.3717,27.42
2022-05-15 09:00:00,0.0,2.17,0.3746,28.98
2022-05-15 10:00:00,0.0,2.053,0.3653,30.05
2022-05-15 11:00:00,0.0,1.988,0.3635,30.22
2022-05-15 12:00:00,0.0,1.907,0.3634,31.13
2022-05-15 13:00:00,0.0,1.832,0.3605,32.45
2022-05-15 14:00:00,0.0,1.763,0.3553,32.63
2022-05-15 15:00:00,0.0,1.673,0.351,
2022-05-15 16:00:00,0.0,1.626,0.3413,32.79
2022-05-15 17:00:00,0.0,1.585,0.338,32.67
2022-05-15 18:00:00,0.0,1.583,0.3334,31.51
2022-05-15 19:00:00,0.0,1.553,0.3308,30.42
2022-05-15 20:00:00,0.0,1.565,0.3312,29.79
2022-05-15 21:00:00,0.0,1.513,0.3306,28.3
2022-05-15 22:00:00,0.0,1.478,0.3276,27.74
2022-05-15 23:00:00,0.0,1.4,0.3163,26.7
2022-05-16 00:00:00,0.0,1.427,0.3191,25.51
2022-05-16 01:00:00,0.0,1.421,0.3158,25.08
2022-05-16 02:00:00,0.0,1.396,0.3072,24.72
2022-05-16 03:00:00,0.0,1.399,0.3141,25.11
2022-05-16 04:00:00,0.0,1.379,0.3116,24.44
2022-05-16 05:00:00,0.0,1.39,0.3049,24.87
2022-05-16 06:00:00,0.0,1.398,0.3032,25.73
2022-05-16 07:00:00,0.0,1.398,0.3019,27.02
2022-05-16 08:00:00,0.0,1.401,0.2999,28.07
2022-05-16 09:00:00,0.0,1.361,0.2939,28.87
2022-05-16 10:00:00,0.0,1.366,0.2903,30.14
2022-05-16 11:00:00,0.0,1.347,0.2865,31.32
2022-05-16 12:00:00,0.0,1.379,0.2912,31.65
2022-05-16 13:00:00,0.0,1.354,0.2873,31.81
2022-05-16 14:00:00,0.0,1.337,0.2772,32.57
2022-05-16 15:00:00,0.0,1.331,0.2748,32.06
2022-05-16 16:00:00,0.0,1.381,0.2712,32.8
2022-05-16 17:00:00,0.0,1.375,0.267,31.96
2022-05-16 18:00:00,0.0,1.415,0.2744,31.63
2022-05-16 19:00:00,0.0,1.346,0.2636,30.7
2022-05-16 20:00:00,0.0,1.313,0.2654,29.59
2022-05-16 21:00:00,0.0,1.299,0.2596,28.86
2022-05-16 22:00:00,0.0,1.317,0.2576,27.64
2022-05-16 23:00:00,0.0,1.369,0.2552,26.43
2022-05-17 00:00:00,0.0,1.365,0.2551,25.41
2022-05-17 01:00:00,0.0,1.37,0.2513,25.5
2022-05-17 02:00:00,0.0,1.349,0.2522,24.32
2022-05-17 03:00:00,0.0,1.314,0.2514,25.68
2022-05-17 04:00:00,0.0,1.264,0.244,25.56
2022-05-17 05:00:00,0.0,1.224,0.2445,24.53
2022-05-17 06:00:00,0.0,1.215,0.2369,26.27
2022-05-17 07:00:00,0.0,1.234,0.2381,27.35
2022-05-17 08:00:00,0.0,1.265,0.2376,27.46
2022-05-17 09:00:00,0.0,1.268,0.2347,28.96
2022-05-17 10:00:00,0.0,1.228,0.2326,29.76
2022-05-17 11:00:00,0.0,1.232,0.232,31.13
2022-05-17 12:00:00,0.0,1.254,0.2302,31.39
2022-05-17 13:00:00,0.0,1.254,0.2192,32.76
2022-05-17 14:00:00,0.0,1.235,0.2236,32.58
2022-05-17 15:00:00,0.0,1.176,0.2196,32.63
2022-05-17 16:00:00,0.0,1.173,0.2167,32.97
2022-05-17 17:00:00,0.0,1.197,0.2199,32.7
2022-05-17 18:00:00,0.0,1.203,0.2082,30.44
2022-05-17 19:00:00,0.0,1.232,0.2113,29.33
2022-05-17 20:00:00,0.0,1.227,0.2136,29.99
2022-05-17 21:00:00,0.0,1.203,0.2076,28.45
2022-05-17 22:00:00,0.0,1.153,0.2027,27.09
2022-05-17 23:00:00,0.0,1.179,0.2031,26.6
2022-05-18 00:00:00,0.0,1.19,0.2072,27.45
2022-05-18 01:00:00,0.0,1.206,0.2038,24.7
2022-05-18 02:00:00,0.0,1.205,0.1971,25.4
2022-05-18 03:00:00,0.0,1.223,0.2017,24.44
2022-05-18 04:00:00,0.0,1.246,0.1975,24.24
2022-05-18 05:00:00,0.0,1.215,0.1864,25.06
2022-05-18 06:00:00,0.0,1.217,0.1922,25.29
2022-05-18 07:00:00,0.0,1.179,0.1963,26.04
2022-05-18 08:00:00,0.0,1.148,0.1887,27.43
2022-05-18 09:00:00,0.0,1.179,0.1919,28.28
2022-05-18 10:00:00,0.0,1.153,0.1812,29.79
2022-05-18 11:00:00,0.0,1.143,0.1797,30.91
2022-05-18 12:00:00,0.0,1.122,0.1851,31.26
2022-05-18 13:00:00,0.0,1.133,0.1822,32.6
2022-05-18 14:00:00,0.0,1.14,0.1776,32.36
2022-05-18 15:00:00,0.0,1.159,0.1783,32.75
2022-05-18 16:00:00,0.0,1.157,0.1721,31.6
2022-05-18 17:00:00,0.0,1.12,0.1686,32.33
2022-05-18 18:00:00,0.0,1.134,0.1712,32.78
2022-05-18 19:00:00,0.0,1.14,0.1674,31.22
2022-05-18 20:00:00,0.0,1.16,0.1678,29.77
2022-05-18 21:00:00,0.0,1.129,0.1657,28.25
2022-05-18 22:00:00,0.0,1.119,0.1625,28.61
2022-05-18 23:00:00,0.0,1.156,0.1677,26.74
2022-05-19 00:00:00,0.0,1.157,0.1576,25.7
2022-05-19 01:00:00,0.0,1.136,0.1599,25.08
2022-05-19 02:00:00,0.0,1.092,0.1578,26.04
2022-05-19 03:00:00,0.0,1.095,0.1578,24.81
2022-05-19 04:00:00,0.0,1.077,0.1557,25.23
2022-05-19 05:00:00,0.0,1.075,0.1575,25.3
2022-05-19 06:00:00,0.0,1.062,0.1539,26.01
2022-05-19 07:00:00,0.0,1.106,0.1497,26.65
2022-05-19 08:00:00,0.0,1.143,0.1472,28.54
2022-05-19 09:00:00,0.0,1.145,0.1465,28.89
2022-05-19 10:00:00,0.0,1.081,0.1449,29.2
2022-05-19 11:00:00,0.0,1.026,0.1479,31.06
2022-05-19 12:00:00,0.0,1.009,0.144,31.64
2022-05-19 13:00:00,0.0,1.073,0.1439,32.52
2022-05-19 14:00:00,0.0,1.086,0.137,32.56
2022-05-19 15:00:00,0.0,1.106,0.1386,32.6
2022-05-19 16:00:00,0.0,1.084,0.1394,33.18
2022-05-19 17:00:00,0.0,1.089,0.1396,33.26
2022-05-19 18:00:00,0.0,1.05,0.1306,30.77
2022-05-19 19:00:00,0.0,1.032,0.1383,30.91
2022-05-19 20:00:00,0.0,1.046,0.1366,29.63
2022-05-19 21:00:00,0.0,1.037,0.1341,28.41
2022-05-19 22:00:00,0.0,1.078,0.1337,26.75
2022-05-19 23:00:00,0.0,1.055,0.1277,27.05
2022-05-20 00:00:00,0.0,1.056,0.1253,25.84
2022-05-20 01:00:00,0.0,1.01,0.1269,25.17
2022-05-20 02:00:00,0.0,1.018,0.1265,25.64
2022-05-20 03:00:00,0.0,1.024,0.1228,24.69
2022-05-20 04:00:00,0.0,1.085,0.1254,24.8
2022-05-20 05:00:00,0.0,1.069,0.1269,24.77
2022-05-20 06:00:00,0.0,1.06,0.1244,25.62
2022-05-20 07:00:00,0.0,1.038,0.1207,27.64
2022-05-20 08:00:00,0.0,1.014,0.1121,28.18
2022-05-20 09:00:00,0.0,1.002,0.1137,29.55
2022-05-20 10:00:00,0.0,0.982,0.1168,29.52
2022-05-20 11:00:00,0.0,0.987,0.1178,31.09
2022-05-20 12:00:00,0.0,0.976,0.1104,32.26
2022-05-20 13:00:00,0.0,0.991,0.1137,32.66
2022-05-20 14:00:00,0.0,1.01,0.1142,33.56
2022-05-20 15:00:00,0.0,1.02,0.1106,33.11
2022-05-20 16:00:00,0.0,1.035,0.1077,32.77
2022-05-20 17:00:00,0.0,1.041,0.104,31.19
2022-05-20 18:00:00,0.0,1.038,0.1096,31.94
2022-05-20 19:00:00,0.0,1.008,0.1042,31.21
2022-05-20 20:00:00,0.0,0.986,0.11,30.52
2022-05-20 21:00:00,0.0,0.992,0.1046,28.51
2022-05-20 22:00:00,0.0,1.016,,27.85
2022-05-20 23:00:00,0.0,1.058,0.1047,26.11
2022-05-21 00:00:00,0.0,1.043,0.1003,25.31
2022-05-21 01:00:00,0.0,1.022,0.102,25.74
2022-05-21 02:00:00,0.0,0.975,0.0978,25.72
2022-05-21 03:00:00,0.0,0.945,0.0965,25.6
2022-05-21 04:00:00,0.0,0.918,0.0954,25.3
2022-05-21 05:00:00,0.0,0.954,0.0958,26.5
2022-05-21 06:00:00,0.0,0.996,0.1026,25.92
2022-05-21 07:00:00,0.0,1.048,0.0929,27.4
2022-05-21 08:00:00,0.0,1.036,0.0966,27.25
2022-05-21 09:00:00,0.0,1.024,0.0932,27.37
2022-05-21 10:00:00,0.0,0.984,0.0896,29.74
2022-05-21 11:00:00,0.0,1.006,0.0944,30.89
2022-05-21 12:00:00,0.0,0.984,0.0895,31.89
2022-05-21 13:00:00,0.0,0.975,0.0887,32.32
2022-05-21 14:00:00,0.0,0.985,0.0923,32.99
2022-05-21 15:00:00,0.0,1.013,0.0872,33.82
2022-05-21 16:00:00,0.0,0.999,0.0877,33.18
2022-05-21 17:00:00,0.0,0.986,0.086,32.03
2022-05-21 18:00:00,0.0,0.959,0.0849,30.52
2022-05-21 19:00:00,0.0,0.961,0.0803,30.41
2022-05-21 20:00:00,0.0,0.986,0.086,30.65
2022-05-21 21:00:00,0.0,1.017,0.0833,28.69
2022-05-21 22:00:00,0.0,1.03,0.0843,28.25
2022-05-21 23:00:00,0.0,0.994,0.0815,27.27
2022-05-22 00:00:00,0.0,0.937,0.0836,26.13
2022-05-22 01:00:00,0.0,0.923,0.0803,25.48
2022-05-22 02:00:00,0.0,0.957,0.0833,24.79
2022-05-22 03:00:00,0.0,0.963,0.0758,26.1
2022-05-22 04:00:00,0.0,0.968,0.0755,24.64
2022-05-22 05:00:00,0.0,0.999,0.0826,26.08
2022-05-22 06:00:00,0.0,1.006,0.0791,26.57
2022-05-22 07:00:00,0.0,1.007,0.0815,27.29
2022-05-22 08:00:00,0.0,0.943,0.077,27.89
2022-05-22 09:00:00,0.0,0.939,0.0737,28.25
2022-05-22 10:00:00,0.0,0.959,0.0794,29.45
2022-05-22 11:00:00,0.0,0.972,0.0676,30.6
2022-05-22 12:00:00,0.0,0.951,0.0746,32.0
2022-05-22 13:00:00,0.0,0.92,0.0638,32.89
2022-05-22 14:00:00,0.0,0.939,0.0751,33.01
2022-05-22 15:00:00,0.0,0.918,0.0667,33.11
2022-05-22 16:00:00,0.0,0.924,0.0681,33.37
2022-05-22 17:00:00,0.0,0.927,,31.4
2022-05-22 18:00:00,0.0,0.948,0.0694,30.71
2022-05-22 19:00:00,0.0,0.958,0.0664,30.21
2022-05-22 20:00:00,0.0,0.948,0.0704,30.48
2022-05-22 21:00:00,0.0,0.947,0.0636,27.98
2022-05-22 22:00:00,0.0,0.941,0.0615,27.94
2022-05-22 23:00:00,0.0,0.933,0.063,26.53
2022-05-23 00:00:00,0.0,0.921,0.0688,26.27
2022-05-23 01:00:00,0.0,0.896,0.0665,25.49
2022-05-23 02:00:00,0.0,0.912,0.0663,25.28
2022-05-23 03:00:00,0.0,0.928,0.0607,24.82
2022-05-23 04:00:00,0.0,0.932,0.0579,25.51
2022-05-23 05:00:00,0.0,0.93,0.0656,26.29
2022-05-23 06:00:00,0.0,0.914,0.0567,26.83
2022-05-23 07:00:00,0.0,0.914,0.0603,26.84
2022-05-23 08:00:00,0.0,0.947,0.0577,27.56
2022-05-23 09:00:00,0.0,0.957,0.0594,29.12
2022-05-23 10:00:00,0.0,0.956,0.0534,31.05
2022-05-23 11:00:00,0.0,0.941,0.0605,31.0
2022-05-23 12:00:00,0.0,0.923,0.0614,32.27
2022-05-23 13:00:00,0.0,0.907,0.0598,32.88
2022-05-23 14:00:00,0.0,0.9,0.0527,33.27
2022-05-23 15:00:00,0.0,0.93,0.0567,33.66
2022-05-23 16:00:00,0.0,0.905,0.0543,32.23
2022-05-23 17:00:00,0.0,0.892,0.0542,32.01
2022-05-23 18:00:00,0.0,0.905,0.0586,31.88
2022-05-23 19:00:00,0.0,0.906,0.0517,31.64
2022-05-23 20:00:00,0.0,0.906,0.0545,30.67
2022-05-23 21:00:00,0.0,0.894,0.05,29.0
2022-05-23 22:00:00,0.0,0.915,0.0517,28.49
2022-05-23 23:00:00,0.0,0.938,0.0538,26.81
2022-05-24 00:00:00,0.0,0.923,0.0502,25.82
2022-05-24 01:00:00,0.0,0.913,0.0521,24.93
2022-05-24 02:00:00,0.0,0.906,0.05,25.13
2022-05-24 03:00:00,0.0,0.897,0.05,24.89
2022-05-24 04:00:00,0.0,0.897,0.05,25.7
2022-05-24 05:00:00,0.0,0.891,0.05,25.88
2022-05-24 06:00:00,0.0,0.88,0.0527,26.26
2022-05-24 07:00:00,0.0,0.878,0.0533,27.09
2022-05-24 08:00:00,0.0,0.874,0.0519,27.82
2022-05-24 09:00:00,0.0,0.853,0.05,28.17
2022-05-24 10:00:00,,0.872,0.05,29.51
2022-05-24 11:00:00,0.0,0.888,0.0525,31.45
2022-05-24 12:00:00,0.0,0.939,0.05,31.82
2022-05-24 13:00:00,0.0,0.907,0.05,31.87
2022-05-24 14:00:00,0.0,0.891,0.0528,33.61
2022-05-24 15:00:00,0.0,0.883,0.053,33.91
2022-05-24 16:00:00,0.0,0.882,0.0518,33.53
2022-05-24 17:00:00,0.0,0.895,0.05,32.74
2022-05-24 18:00:00,0.0,0.875,0.05,32.03
2022-05-24 19:00:00,0.0,0.923,,31.05
2022-05-24 20:00:00,0.86,0.921,0.05,30.09
2022-05-24 21:00:00,2.7,0.961,0.0682,29.11
2022-05-24 22:00:00,3.53,0.96,0.0772,28.03
2022-05-24 23:00:00,5.39,0.992,0.0956,26.75
2022-05-25 00:00:00,6.21,1.05,0.1202,24.01
2022-05-25 01:00:00,6.84,1.117,0.1518,25.53
2022-05-25 02:00:00,5.61,1.207,0.1656,24.77
2022-05-25 03:00:00,5.7,1.313,0.1852,23.85
2022-05-25 04:00:00,5.73,1.417,0.2094,24.76
2022-05-25 05:00:00,6.44,1.512,0.2373,25.14
2022-05-25 06:00:00,5.48,1.608,0.2612,24.94
2022-05-25 07:00:00,3.9,1.683,0.2735,26.39
2022-05-25 08:00:00,2.0,1.753,0.2741,27.31
2022-05-25 09:00:00,0.86,1.782,0.2771,28.53
2022-05-25 10:00:00,0.0,1.796,0.2745,30.42
2022-05-25 11:00:00,0.0,1.785,0.2713,30.79
2022-05-25 12:00:00,0.0,1.777,0.2618,31.97
2022-05-25 13:00:00,0.0,1.793,0.2638,32.93
2022-05-25 14:00:00,0.0,1.76,0.2642,32.75
2022-05-25 15:00:00,0.0,1.694,0.2644,33.49
2022-05-25 16:00:00,0.0,1.649,0.257,33.64
2022-05-25 17:00:00,0.0,1.596,0.2563,32.99
2022-05-25 18:00:00,0.0,1.544,0.2529,32.23
2022-05-25 19:00:00,0.0,1.48,0.2464,31.53
2022-05-25 20:00:00,0.0,1.44,0.2411,30.33
2022-05-25 21:00:00,0.0,1.472,0.2461,29.52
2022-05-25 22:00:00,0.0,1.458,0.246,27.48
2022-05-25 23:00:00,0.0,1.409,0.2371,27.06
2022-05-26 00:00:00,0.0,1.344,0.2399,26.5
2022-05-26 01:00:00,0.0,1.286,0.2348,25.63
2022-05-26 02:00:00,0.0,1.23,0.2282,26.52
2022-05-26 03:00:00,0.0,1.247,0.2306,25.04
2022-05-26 04:00:00,0.0,,0.227,24.38
2022-05-26 05:00:00,0.0,1.294,0.2281,25.7
2022-05-26 06:00:00,0.0,1.292,0.226,26.72
2022-05-26 07:00:00,0.0,1.275,0.2209,26.7
2022-05-26 08:00:00,0.0,1.289,0.2169,28.08
2022-05-26 09:00:00,0.0,1.282,0.2173,29.1
2022-05-26 10:00:00,0.0,1.272,0.2211,30.14
2022-05-26 11:00:00,0.95,1.223,0.2145,30.74
2022-05-26 12:00:00,2.75,1.276,0.2289,32.24
2022-05-26 13:00:00,3.88,1.302,0.2415,33.29
2022-05-26 14:00:00,4.32,1.383,0.2527,32.15
2022-05-26 15:00:00,6.92,1.43,0.2767,31.79
2022-05-26 16:00:00,8.83,1.547,0.3134,31.9
2022-05-26 17:00:00,8.03,1.649,0.3402,32.5
2022-05-26 18:00:00,8.27,1.811,0.3683,31.01
2022-05-26 19:00:00,11.64,2.002,0.4141,30.15
2022-05-26 20:00:00,11.37,2.233,0.4592,28.58
2022-05-26 21:00:00,10.06,2.431,0.4939,29.02
2022-05-26 22:00:00,12.69,2.684,0.5,26.68
2022-05-26 23:00:00,12.68,2.827,0.4899,25.99
2022-05-27 00:00:00,15.24,3.093,0.4993,24.42
2022-05-27 01:00:00,11.08,3.292,0.497,24.15
2022-05-27 02:00:00,12.46,3.558,,24.06
2022-05-27 03:00:00,12.57,3.733,0.499,23.97
2022-05-27 04:00:00,9.66,3.916,0.4991,24.77
2022-05-27 05:00:00,7.28,4.037,0.5,24.13
2022-05-27 06:00:00,5.35,4.17,0.4993,25.33
2022-05-27 07:00:00,2.75,4.176,0.4992,26.55
2022-05-27 08:00:00,0.82,4.188,0.5,28.11
2022-05-27 09:00:00,0.0,4.105,0.4908,28.61
2022-05-27 10:00:00,0.0,3.985,0.488,30.16
2022-05-27 11:00:00,0.0,3.776,0.4798,30.85
2022-05-27 12:00:00,0.0,3.555,0.4806,31.93
2022-05-27 13:00:00,0.0,3.332,0.4742,32.25
2022-05-27 14:00:00,0.0,3.089,0.4745,32.53
2022-05-27 15:00:00,0.0,2.823,0.4581,33.31
2022-05-27 16:00:00,0.0,2.631,0.4606,33.59
2022-05-27 17:00:00,0.0,2.469,0.4473,33.04
2022-05-27 18:00:00,0.0,2.334,0.4446,32.56
2022-05-27 19:00:00,0.0,2.204,0.4363,31.79
2022-05-27 20:00:00,0.0,2.121,0.4385,30.13
2022-05-27 21:00:00,0.0,2.03,0.4347,30.11
2022-05-27 22:00:00,0.0,1.929,0.4289,28.51
2022-05-27 23:00:00,0.0,1.844,0.4196,26.7
2022-05-28 00:00:00,0.0,1.827,0.4209,26.04
2022-05-28 01:00:00,0.0,1.81,0.4194,25.82
2022-05-28 02:00:00,0.0,1.751,0.4128,25.78
2022-05-28 03:00:00,0.0,1.702,0.4121,25.09
2022-05-28 04:00:00,0.0,1.671,0.4122,24.86
2022-05-28 05:00:00,0.0,1.652,0.4037,26.14
2022-05-28 06:00:00,0.0,1.599,0.3988,25.82
2022-05-28 07:00:00,0.0,1.598,0.3982,27.36
2022-05-28 08:00:00,0.0,1.587,0.4002,28.19
2022-05-28 09:00:00,0.0,1.617,0.3926,28.54
2022-05-28 10:00:00,0.0,1.567,0.3825,31.13
2022-05-28 11:00:00,0.0,1.557,0.387,31.21
2022-05-28 12:00:00,0.0,1.526,0.3776,31.44
2022-05-28 13:00:00,0.0,1.562,0.374,32.69
2022-05-28 14:00:00,0.0,1.563,0.3667,32.2
2022-05-28 15:00:00,0.0,1.553,0.3668,33.39
2022-05-28 16:00:00,0.0,1.496,0.3564,33.5
2022-05-28 17:00:00,0.0,1.495,0.3546,34.02
2022-05-28 18:00:00,0.0,1.485,0.356,32.08
2022-05-28 19:00:00,0.0,1.465,0.3508,30.88
2022-05-28 20:00:00,0.0,1.461,0.3447,30.34
2022-05-28 21:00:00,0.0,1.459,0.3429,29.93
2022-05-28 22:00:00,0.0,1.491,0.3423,28.42
2022-05-28 23:00:00,0.0,1.473,0.3383,27.62
2022-05-29 00:00:00,0.0,1.499,0.3362,26.79
2022-05-29 01:00:00,0.0,1.453,0.3278,26.03
2022-05-29 02:00:00,0.0,1.465,0.3267,24.68
2022-05-29 03:00:00,0.0,1.46,0.332,24.51
2022-05-29 04:00:00,0.0,1.434,0.3225,24.59
2022-05-29 05:00:00,0.0,1.403,0.3197,25.18
2022-05-29 06:00:00,0.0,1.389,0.3188,25.87
2022-05-29 07:00:00,0.0,1.415,0.3161,28.17
2022-05-29 08:00:00,0.0,1.398,0.3096,27.85
2022-05-29 09:00:00,0.0,1.374,0.302,29.29
2022-05-29 10:00:00,0.0,1.368,0.3054,30.15
2022-05-29 11:00:00,0.0,1.394,0.3031,31.34
2022-05-29 12:00:00,0.0,1.4,0.2946,32.1
2022-05-29 13:00:00,0.0,1.408,0.2974,32.08
2022-05-29 14:00:00,0.0,1.396,0.2943,33.4
2022-05-29 15:00:00,0.0,1.375,0.2929,32.9
2022-05-29 16:00:00,0.0,1.39,0.2835,32.75
2022-05-29 17:00:00,0.0,1.411,0.2847,32.55
2022-05-29 18:00:00,0.0,1.414,0.2822,32.47
2022-05-29 19:00:00,0.0,1.385,0.282,30.93
2022-05-29 20:00:00,0.0,1.346,0.2773,30.32
2022-05-29 21:00:00,0.0,1.341,0.2753,29.44
2022-05-29 22:00:00,0.0,1.344,0.27,28.33
2022-05-29 23:00:00,0.0,1.313,0.2658,27.34
2022-05-30 00:00:00,0.0,1.321,0.2687,25.74
2022-05-30 01:00:00,0.0,1.295,0.2589,25.87
2022-05-30 02:00:00,0.0,1.358,0.2652,24.95
2022-05-30 03:00:00,0.0,1.378,0.261,24.39
2022-05-30 04:00:00,0.0,1.347,0.2555,25.18
2022-05-30 05:00:00,0.0,1.296,0.2496,25.55
2022-05-30 06:00:00,0.0,1.271,0.2519,27.93
2022-05-30 07:00:00,0.0,1.299,0.2479,27.76
2022-05-30 08:00:00,0.0,1.308,0.2427,28.63
2022-05-30 09:00:00,0.0,1.364,0.2433,29.07
2022-05-30 10:00:00,0.0,1.354,0.2453,30.22
2022-05-30 11:00:00,0.0,1.365,0.2399,32.56
2022-05-30 12:00:00,0.0,1.309,0.2366,31.79
2022-05-30 13:00:00,0.0,1.272,0.23,32.87
2022-05-30 14:00:00,0.0,1.286,0.2314,34.06
2022-05-30 15:00:00,0.0,1.271,0.2341,32.91
2022-05-30 16:00:00,0.0,1.275,0.2269,33.21
2022-05-30 17:00:00,0.0,1.23,0.2232,32.73
2022-05-30 18:00:00,0.0,1.244,0.2241,31.66
2022-05-30 19:00:00,0.0,1.244,0.2233,31.66
2022-05-30 20:00:00,0.0,1.235,0.2215,29.75
2022-05-30 21:00:00,0.0,1.22,0.2162,29.66
2022-05-30 22:00:00,0.0,1.177,0.2082,28.45
2022-05-30 23:00:00,0.0,1.199,0.2142,27.72
2022-05-31 00:00:00,0.0,1.188,0.2082,26.38
2022-05-31 01:00:00,0.0,1.197,0.2061,26.04
2022-05-31 02:00:00,0.0,1.169,0.203,25.96
2022-05-31 03:00:00,0.0,1.175,0.2059,24.6
2022-05-31 04:00:00,0.0,1.18,0.2055,24.84
2022-05-31 05:00:00,0.68,1.166,0.2017,26.07
2022-05-31 06:00:00,1.7,1.193,0.2107,26.72
2022-05-31 07:00:00,3.68,1.238,0.2249,27.01
2022-05-31 08:00:00,4.84,1.313,0.24,28.25
2022-05-31 09:00:00,5.13,1.371,0.2572,28.61
2022-05-31 10:00:00,5.68,1.43,0.2768,30.41
2022-05-31 11:00:00,7.49,1.545,0.3024,30.52
2022-05-31 12:00:00,6.26,1.683,0.3285,31.12
2022-05-31 13:00:00,8.63,1.851,0.3606,32.62
2022-05-31 14:00:00,6.89,1.99,0.3811,32.9
2022-05-31 15:00:00,7.78,2.158,0.4064,32.3
2022-05-31 16:00:00,6.49,2.325,0.4307,32.31
2022-05-31 17:00:00,6.31,2.42,0.447,32.44
2022-05-31 18:00:00,6.15,2.551,0.4734,31.02
2022-05-31 19:00:00,4.08,2.633,0.4845,31.06
2022-05-31 20:00:00,2.67,2.772,0.4884,29.99
2022-05-31 21:00:00,1.67,2.826,0.4876,29.25
2022-05-31 22:00:00,0.56,2.853,0.4862,27.21
2022-05-31 23:00:00,0.0,2.803,0.4773,26.85
2022-06-01 00:00:00,0.0,2.769,0.4761,26.64
2022-06-01 01:00:00,0.0,2.716,0.4765,26.4
2022-06-01 02:00:00,0.0,2.604,0.4681,25.41
2022-06-01 03:00:00,0.0,2.527,0.4737,25.7
2022-06-01 04:00:00,0.0,2.39,0.4613,24.74
2022-06-01 05:00:00,0.0,2.26,0.4562,25.65
2022-06-01 06:00:00,0.0,2.145,0.456,26.65
2022-06-01 07:00:00,0.0,2.057,0.4521,27.31
2022-06-01 08:00:00,0.0,2.022,0.4508,28.69
2022-06-01 09:00:00,0.0,1.966,0.4416,29.21
2022-06-01 10:00:00,0.0,1.898,0.4352,30.25
2022-06-01 11:00:00,0.0,1.803,0.4315,31.67
2022-06-01 12:00:00,0.0,1.787,0.4322,31.9
2022-06-01 13:00:00,0.0,1.768,0.4288,32.35
2022-06-01 14:00:00,0.0,1.723,0.4173,33.44
2022-06-01 15:00:00,0.0,1.638,0.4139,32.86
2022-06-01 16:00:00,0.0,1.623,0.4137,33.91
2022-06-01 17:00:00,0.0,1.625,0.4074,31.88
2022-06-01 18:00:00,0.0,1.646,0.3991,32.02
2022-06-01 19:00:00,0.0,1.615,0.3929,32.15
2022-06-01 20:00:00,0.0,1.611,0.3903,31.36
2022-06-01 21:00:00,0.0,1.577,0.3909,29.3
2022-06-01 22:00:00,0.0,1.558,0.3802,28.86
2022-06-01 23:00:00,0.0,1.561,0.3818,27.73
2022-06-02 00:00:00,0.0,1.581,0.3768,26.3
2022-06-02 01:00:00,0.0,1.578,0.3725,26.14
2022-06-02 02:00:00,0.0,1.573,0.3703,25.08
2022-06-02 03:00:00,0.0,1.565,0.3714,24.59
2022-06-02 04:00:00,0.0,1.573,0.3673,25.76
2022-06-02 05:00:00,0.0,1.545,0.3658,26.19
2022-06-02 06:00:00,0.0,1.504,0.3572,25.95
2022-06-02 07:00:00,0.0,1.474,0.3514,27.3
2022-06-02 08:00:00,0.0,1.5,0.3537,27.74
2022-06-02 09:00:00,0.0,1.493,0.3497,29.14
2022-06-02 10:00:00,0.0,1.447,0.3448,
2022-06-02 11:00:00,0.0,1.426,0.3366,31.74
2022-06-02 12:00:00,0.0,1.452,0.3414,31.95
2022-06-02 13:00:00,0.0,1.478,0.3263,32.21
2022-06-02 14:00:00,0.0,1.498,0.3334,34.09
2022-06-02 15:00:00,0.0,1.484,0.3294,33.62
2022-06-02 16:00:00,0.0,1.439,0.3255,33.68
2022-06-02 17:00:00,0.0,1.427,0.3198,33.14
2022-06-02 18:00:00,0.0,1.398,0.3097,32.67
2022-06-02 19:00:00,0.0,1.418,0.3083,31.59
2022-06-02 20:00:00,0.0,1.424,0.3074,30.64
2022-06-02 21:00:00,0.0,1.465,0.3124,29.44
2022-06-02 22:00:00,0.0,1.45,0.3069,28.12
2022-06-02 23:00:00,0.0,1.439,0.3007,27.82
2022-06-03 00:00:00,0.0,1.385,0.2968,26.44
2022-06-03 01:00:00,0.0,1.385,0.2966,26.0
2022-06-03 02:00:00,0.0,1.388,0.2963,25.73
2022-06-03 03:00:00,0.0,1.404,0.2922,25.63
2022-06-03 04:00:00,0.0,1.383,0.2848,25.03
2022-06-03 05:00:00,0.0,1.38,0.2908,26.04
2022-06-03 06:00:00,0.0,1.395,0.2856,26.07
2022-06-03 07:00:00,0.0,1.357,0.28,27.49
2022-06-03 08:00:00,0.0,1.381,,28.76
2022-06-03 09:00:00,0.0,1.36,0.2797,30.3
2022-06-03 10:00:00,0.0,1.368,0.2744,30.73
2022-06-03 11:00:00,0.0,1.351,0.2716,31.84
2022-06-03 12:00:00,0.0,1.352,0.272,31.69
2022-06-03 13:00:00,0.0,1.324,0.2625,33.14
2022-06-03 14:00:00,0.0,1.325,0.2586,32.71
2022-06-03 15:00:00,0.0,1.319,0.2571,34.01
2022-06-03 16:00:00,0.0,1.324,0.2582,32.73
2022-06-03 17:00:00,0.0,1.328,0.2557,32.38
2022-06-03 18:00:00,0.0,1.324,0.2505,32.61
2022-06-03 19:00:00,0.0,1.332,0.2448,32.24
2022-06-03 20:00:00,0.0,1.334,0.2501,30.97
2022-06-03 21:00:00,0.0,1.302,0.2389,29.23
2022-06-03 22:00:00,0.0,1.31,0.2388,27.87
2022-06-03 23:00:00,0.0,1.3,0.2359,27.19
2022-06-04 00:00:00,0.0,1.297,0.2391,26.67
2022-06-04 01:00:00,0.0,1.269,0.2335,25.93
2022-06-04 02:00:00,0.0,1.255,0.237,25.06
2022-06-04 03:00:00,0.0,1.278,0.2326,26.08
2022-06-04 04:00:00,0.0,1.242,0.2254,26.22
2022-06-04 05:00:00,0.0,1.255,0.2252,26.91
2022-06-04 06:00:00,0.0,1.25,0.2227,25.78
2022-06-04 07:00:00,0.0,1.262,0.2265,27.03
2022-06-04 08:00:00,0.0,1.249,0.2228,28.52
2022-06-04 09:00:00,0.0,1.228,0.2133,29.44
2022-06-04 10:00:00,0.0,1.25,0.2175,30.25
2022-06-04 11:00:00,0.0,1.244,0.2135,31.01
2022-06-04 12:00:00,0.0,1.208,0.2075,31.76
2022-06-04 13:00:00,0.0,1.196,0.2064,33.91
2022-06-04 14:00:00,0.0,1.186,0.206,32.58
2022-06-04 15:00:00,0.0,1.163,0.1977,32.66
2022-06-04 16:00:00,0.0,1.163,0.2027,32.7
2022-06-04 17:00:00,0.0,1.188,0.2001,32.99
2022-06-04 18:00:00,0.0,1.2,0.1969,32.13
2022-06-04 19:00:00,0.0,1.216,0.1956,31.64
2022-06-04 20:00:00,0.0,1.179,0.1929,30.12
2022-06-04 21:00:00,0.0,1.155,0.1883,29.48
2022-06-04 22:00:00,0.0,1.148,0.1879,28.44
2022-06-04 23:00:00,0.0,1.146,0.1858,28.22
2022-06-05 00:00:00,0.0,1.142,0.1883,27.53
2022-06-05 01:00:00,0.0,1.153,0.1817,25.92
2022-06-05 02:00:00,0.0,1.129,0.1816,26.03
2022-06-05 03:00:00,0.0,1.148,0.1819,25.55
2022-06-05 04:00:00,0.0,1.109,0.1757,25.99
2022-06-05 05:00:00,0.0,1.159,0.1774,26.19
2022-06-05 06:00:00,0.0,1.152,0.1772,27.0
2022-06-05 07:00:00,0.0,1.17,0.176,27.89
2022-06-05 08:00:00,0.0,1.142,0.1749,28.64
2022-06-05 09:00:00,0.0,1.157,0.1699,29.53
2022-06-05 10:00:00,0.0,1.125,0.1671,31.02
2022-06-05 11:00:00,0.0,1.124,0.1671,31.4
2022-06-05 12:00:00,0.0,1.086,0.1673,32.0
2022-06-05 13:00:00,0.0,1.099,0.164,32.15
2022-06-05 14:00:00,0.0,1.103,0.1597,33.54
2022-06-05 15:00:00,0.0,1.115,0.1678,33.81
2022-06-05 16:00:00,0.0,1.077,0.157,32.47
2022-06-05 17:00:00,0.0,1.05,0.1536,32.62
2022-06-05 18:00:00,0.0,1.047,0.1538,32.67
2022-06-05 19:00:00,0.0,1.059,0.1569,31.39
2022-06-05 20:00:00,0.0,1.102,0.1544,30.53
2022-06-05 21:00:00,0.0,1.133,0.1565,29.92
2022-06-05 22:00:00,0.0,1.114,0.1467,28.38
2022-06-05 23:00:00,0.0,1.082,0.1475,27.66
2022-06-06 00:00:00,0.0,1.059,0.1502,26.12
2022-06-06 01:00:00,0.0,1.03,0.1427,26.21
2022-06-06 02:00:00,0.0,1.031,0.1482,24.96
2022-06-06 03:00:00,0.0,1.027,0.1437,24.85
2022-06-06 04:00:00,0.0,1.059,0.14,25.38
2022-06-06 05:00:00,0.0,1.097,0.136,26.3
2022-06-06 06:00:00,0.0,1.143,0.1415,26.69
2022-06-06 07:00:00,0.0,1.119,0.1432,27.1
2022-06-06 08:00:00,0.0,1.078,0.1384,28.9
2022-06-06 09:00:00,0.0,1.07,0.1372,29.65
2022-06-06 10:00:00,0.0,1.086,0.1354,31.05
2022-06-06 11:00:00,0.0,1.112,0.136,31.05
2022-06-06 12:00:00,0.0,1.082,0.1354,33.04
2022-06-06 13:00:00,0.0,1.051,0.1216,33.75
2022-06-06 14:00:00,0.0,1.037,0.1278,33.81
2022-06-06 15:00:00,0.0,1.047,0.1254,33.74
2022-06-06 16:00:00,0.0,1.02,0.1264,33.61
2022-06-06 17:00:00,0.0,0.99,0.1232,33.12
2022-06-06 18:00:00,0.0,1.02,0.1244,31.64
2022-06-06 19:00:00,0.0,1.057,0.1228,31.19
2022-06-06 20:00:00,0.0,1.046,0.1148,30.48
2022-06-06 21:00:00,0.0,0.991,0.1128,28.98
2022-06-06 22:00:00,0.0,0.992,0.1205,29.18
2022-06-06 23:00:00,0.0,0.998,0.1146,27.74
2022-06-07 00:00:00,0.0,1.015,0.1212,27.58
2022-06-07 01:00:00,0.0,1.041,0.1176,26.45
2022-06-07 02:00:00,0.0,1.046,0.1088,24.96
2022-06-07 03:00:00,0.0,1.059,0.1108,26.18
2022-06-07 04:00:00,0.0,1.051,0.113,25.43
2022-06-07 05:00:00,0.0,1.028,0.11,26.74
2022-06-07 06:00:00,0.0,1.057,0.1098,27.45
2022-06-07 07:00:00,0.0,1.014,0.1059,28.2
2022-06-07 08:00:00,0.0,1.027,0.1093,29.02
2022-06-07 09:00:00,0.0,1.048,0.1072,29.74
2022-06-07 10:00:00,0.0,1.084,0.1083,30.55
2022-06-07 11:00:00,0.0,1.078,0.1047,32.46
2022-06-07 12:00:00,0.0,1.005,0.1018,32.49
2022-06-07 13:00:00,0.0,1.002,0.103,32.79
2022-06-07 14:00:00,0.0,0.996,0.1025,33.61
2022-06-07 15:00:00,0.0,1.009,0.1002,34.1
2022-06-07 16:00:00,0.0,0.994,0.1028,33.94
2022-06-07 17:00:00,0.0,0.969,0.0947,32.44
2022-06-07 18:00:00,0.0,1.001,0.0996,32.89
2022-06-07 19:00:00,0.0,0.968,0.0922,31.87
2022-06-07 20:00:00,0.0,0.979,0.0968,30.38
2022-06-07 21:00:00,0.0,0.978,0.0878,29.11
2022-06-07 22:00:00,0.0,1.02,0.0921,29.2
2022-06-07 23:00:00,0.0,1.007,0.095,
2022-06-08 00:00:00,0.0,0.976,0.0901,27.51
2022-06-08 01:00:00,0.0,0.975,0.0903,25.43
2022-06-08 02:00:00,0.0,0.959,0.0906,25.58
2022-06-08 03:00:00,0.0,0.943,0.0821,25.58
2022-06-08 04:00:00,0.0,0.949,0.0892,26.44
2022-06-08 05:00:00,0.0,0.949,0.0847,26.49
2022-06-08 06:00:00,0.0,0.985,0.0896,26.61
2022-06-08 07:00:00,0.0,0.982,0.0857,27.63
2022-06-08 08:00:00,0.0,1.006,0.086,28.87
2022-06-08 09:00:00,0.0,0.949,0.0807,29.92
2022-06-08 10:00:00,0.0,0.956,0.0858,31.42
2022-06-08 11:00:00,0.0,0.959,0.0824,32.28
2022-06-08 12:00:00,0.0,0.985,0.077,33.0
2022-06-08 13:00:00,0.0,0.985,0.0791,32.63
2022-06-08 14:00:00,0.0,0.961,0.0817,33.06
2022-06-08 15:00:00,0.0,0.933,0.0792,33.05
2022-06-08 16:00:00,0.0,0.935,0.08,33.62
2022-06-08 17:00:00,0.0,0.976,0.0759,32.78
2022-06-08 18:00:00,0.0,0.99,0.0798,32.68
2022-06-08 19:00:00,0.0,0.998,0.0796,31.92
2022-06-08 20:00:00,0.0,0.941,0.0693,30.71
2022-06-08 21:00:00,0.0,0.954,0.0756,30.0
2022-06-08 22:00:00,0.0,0.938,0.0777,28.21
2022-06-08 23:00:00,0.0,0.942,0.0739,26.83
2022-06-09 00:00:00,0.0,0.945,0.0717,26.41
2022-06-09 01:00:00,0.0,0.95,0.0673,26.55
2022-06-09 02:00:00,0.0,0.971,0.0697,26.65
2022-06-09 03:00:00,0.0,0.978,0.0685,26.33
2022-06-09 04:00:00,0.0,1.005,0.0721,25.63
2022-06-09 05:00:00,0.0,0.987,0.0718,26.61
2022-06-09 06:00:00,0.0,0.94,0.0678,26.07
2022-06-09 07:00:00,0.0,0.898,0.0648,28.37
2022-06-09 08:00:00,0.0,0.898,0.0606,28.82
2022-06-09 09:00:00,0.0,0.933,0.0681,29.99
2022-06-09 10:00:00,0.0,0.947,0.0672,29.68
2022-06-09 11:00:00,0.0,0.912,0.0587,31.83
2022-06-09 12:00:00,0.0,0.922,0.0658,33.35
2022-06-09 13:00:00,0.0,0.901,0.0661,33.21
2022-06-09 14:00:00,0.0,0.876,0.0545,33.42
2022-06-09 15:00:00,0.0,0.881,0.059,33.47
2022-06-09 16:00:00,0.0,0.935,0.0688,33.1
2022-06-09 17:00:00,0.0,0.946,0.0609,33.11
2022-06-09 18:00:00,0.0,0.929,0.0669,31.82
2022-06-09 19:00:00,0.0,0.878,0.0601,31.83
2022-06-09 20:00:00,0.0,0.877,0.0621,31.19
2022-06-09 21:00:00,0.0,0.902,0.0573,29.39
2022-06-09 22:00:00,0.0,0.935,0.0557,28.76
2022-06-09 23:00:00,0.0,0.907,0.0524,27.57
2022-06-10 00:00:00,0.0,0.907,0.0583,27.0
2022-06-10 01:00:00,0.0,0.875,0.0536,26.62
2022-06-10 02:00:00,0.0,0.839,0.0528,25.97
2022-06-10 03:00:00,0.0,0.826,0.0506,26.06
2022-06-10 04:00:00,0.0,0.829,0.0549,26.02
2022-06-10 05:00:00,0.0,0.861,0.0566,26.59
2022-06-10 06:00:00,0.0,0.857,0.0531,26.96
2022-06-10 07:00:00,0.0,0.858,0.0524,27.79
2022-06-10 08:00:00,0.0,0.879,0.0574,28.94
2022-06-10 09:00:00,0.0,0.89,0.05,29.59
2022-06-10 10:00:00,0.0,0.872,0.0572,30.89
2022-06-10 11:00:00,0.0,0.846,0.05,31.18
2022-06-10 12:00:00,0.0,0.822,0.0504,31.55
2022-06-10 13:00:00,0.0,0.846,0.0513,33.14
2022-06-10 14:00:00,0.0,0.884,0.0529,33.09
2022-06-10 15:00:00,0.0,0.874,0.05,34.59
2022-06-10 16:00:00,0.0,0.908,0.0505,33.09
2022-06-10 17:00:00,0.0,0.875,0.05,33.47
2022-06-10 18:00:00,0.0,0.921,0.053,32.1
2022-06-10 19:00:00,0.0,0.894,0.05,31.61
2022-06-10 20:00:00,0.0,0.892,0.05,30.1
2022-06-10 21:00:00,0.0,0.87,0.0511,29.02
2022-06-10 22:00:00,0.0,0.906,0.05,28.73
2022-06-10 23:00:00,0.0,0.941,0.0553,27.43
2022-06-11 00:00:00,0.0,0.928,0.0529,27.19
2022-06-11 01:00:00,0.0,0.9,0.05,26.81
2022-06-11 02:00:00,0.0,0.888,0.0529,24.99
2022-06-11 03:00:00,0.0,0.918,0.0503,26.17
2022-06-11 04:00:00,0.0,0.932,0.0521,25.28
2022-06-11 05:00:00,0.0,0.937,0.05,26.0
2022-06-11 06:00:00,0.0,0.915,0.05,26.1
2022-06-11 07:00:00,0.0,0.896,0.0519,26.94
2022-06-11 08:00:00,0.0,0.897,0.0522,27.62
2022-06-11 09:00:00,0.0,0.899,,29.43
2022-06-11 10:00:00,0.0,0.928,0.0517,30.69
2022-06-11 11:00:00,0.0,0.917,0.05,31.44
2022-06-11 12:00:00,2.24,0.89,0.0591,31.34
2022-06-11 13:00:00,4.67,0.913,0.0715,31.65
2022-06-11 14:00:00,1.82,0.945,0.0855,33.31
2022-06-11 15:00:00,0.0,1.004,0.0839,34.02
2022-06-11 16:00:00,0.0,0.969,0.0785,33.62
2022-06-11 17:00:00,0.0,1.0,0.0812,34.03
2022-06-11 18:00:00,0.0,0.983,0.079,32.44
2022-06-11 19:00:00,0.0,1.005,0.0801,31.79
2022-06-11 20:00:00,0.0,1.009,0.0734,30.65
2022-06-11 21:00:00,0.0,0.997,0.0731,29.24
2022-06-11 22:00:00,0.0,1.024,0.0738,28.51
2022-06-11 23:00:00,0.0,1.034,0.0752,28.05
2022-06-12 00:00:00,0.0,1.029,0.0796,27.26
2022-06-12 01:00:00,0.0,0.977,0.0745,26.37
2022-06-12 02:00:00,0.0,0.937,0.0762,26.58
2022-06-12 03:00:00,0.0,0.938,0.0701,25.88
2022-06-12 04:00:00,0.0,0.969,0.0704,25.95
2022-06-12 05:00:00,0.0,0.985,0.0695,26.94
2022-06-12 06:00:00,0.0,0.98,0.0703,26.47
2022-06-12 07:00:00,0.0,0.95,0.0723,28.37
2022-06-12 08:00:00,0.0,0.917,0.0686,28.13
2022-06-12 09:00:00,0.0,0.926,0.068,29.52
2022-06-12 10:00:00,0.0,0.923,0.07,29.77
2022-06-12 11:00:00,0.0,0.899,0.066,31.78
2022-06-12 12:00:00,0.0,0.879,0.0644,33.14
2022-06-12 13:00:00,0.0,0.891,0.065,32.65
2022-06-12 14:00:00,0.0,0.917,0.0707,33.37
2022-06-12 15:00:00,0.0,0.888,0.0672,33.54
2022-06-12 16:00:00,0.0,0.893,0.0695,33.41
2022-06-12 17:00:00,0.0,0.857,0.0592,32.59
2022-06-12 18:00:00,0.0,0.9,0.0636,32.5
2022-06-12 19:00:00,0.0,0.88,0.0606,32.44
2022-06-12 20:00:00,0.0,0.906,0.0601,30.44
2022-06-12 21:00:00,0.0,0.893,0.0558,29.77
2022-06-12 22:00:00,0.0,0.954,0.0638,28.73
2022-06-12 23:00:00,0.0,0.935,0.0545,27.45
2022-06-13 00:00:00,0.0,0.948,0.0615,26.99
2022-06-13 01:00:00,0.0,0.915,0.0572,26.02
2022-06-13 02:00:00,0.0,0.907,0.0551,26.02
2022-06-13 03:00:00,0.0,0.899,0.0545,25.64
2022-06-13 04:00:00,,0.901,0.0571,25.11
2022-06-13 05:00:00,0.0,0.888,0.0553,25.31
2022-06-13 06:00:00,0.0,0.893,0.056,25.78
2022-06-13 07:00:00,0.0,0.878,0.05,27.47
2022-06-13 08:00:00,0.0,0.88,0.05,29.06
2022-06-13 09:00:00,0.0,0.885,0.05,29.31
2022-06-13 10:00:00,0.0,0.915,0.0563,30.59
2022-06-13 11:00:00,0.0,0.939,0.0576,31.35
2022-06-13 12:00:00,0.0,0.918,0.0519,32.09
2022-06-13 13:00:00,0.0,0.89,0.0543,34.24
2022-06-13 14:00:00,0.0,0.884,0.0525,33.14
2022-06-13 15:00:00,0.0,,0.0544,33.0
2022-06-13 16:00:00,0.0,0.965,0.054,33.09
2022-06-13 17:00:00,0.0,0.939,0.05,33.18
2022-06-13 18:00:00,0.0,0.908,0.0506,32.22
2022-06-13 19:00:00,0.0,0.906,0.0526,31.82
2022-06-13 20:00:00,0.0,0.911,0.0526,30.35
2022-06-13 21:00:00,0.0,0.891,0.0523,29.38
2022-06-13 22:00:00,0.0,0.901,0.05,28.29
2022-06-13 23:00:00,0.0,0.892,0.052,27.63
2022-06-14 00:00:00,0.0,0.919,0.05,27.23
2022-06-14 01:00:00,0.0,0.911,0.05,26.64
2022-06-14 02:00:00,0.0,0.957,0.0545,26.54
2022-06-14 03:00:00,0.0,0.951,0.0533,25.04
2022-06-14 04:00:00,0.0,0.906,0.0547,25.32
2022-06-14 05:00:00,0.0,0.849,0.05,25.78
2022-06-14 06:00:00,0.0,0.839,0.05,26.87
2022-06-14 07:00:00,0.0,0.905,0.05,27.16
2022-06-14 08:00:00,0.0,0.934,0.0558,28.32
2022-06-14 09:00:00,0.0,0.898,0.05,30.04
2022-06-14 10:00:00,0.0,0.883,0.05,31.27
2022-06-14 11:00:00,0.0,0.925,0.0537,32.05
2022-06-14 12:00:00,0.0,0.927,0.0502,32.69
2022-06-14 13:00:00,0.0,0.905,0.05,32.83
2022-06-14 14:00:00,0.0,0.909,0.0523,33.57
2022-06-14 15:00:00,0.0,0.897,0.05,34.27
2022-06-14 16:00:00,0.0,0.891,0.0514,33.89
2022-06-14 17:00:00,0.0,0.843,0.05,33.61
2022-06-14 18:00:00,0.0,0.867,0.05,33.0
2022-06-14 19:00:00,0.0,0.88,0.05,31.53
2022-06-14 20:00:00,0.0,0.896,0.054,31.05
2022-06-14 21:00:00,0.0,0.9,0.05,29.51
2022-06-14 22:00:00,0.0,0.918,0.05,28.96
2022-06-14 23:00:00,0.0,0.954,0.0507,28.31
2022-06-15 00:00:00,0.0,0.939,0.05,27.67
2022-06-15 01:00:00,0.0,0.938,0.05,26.55
2022-06-15 02:00:00,0.0,0.899,0.0521,26.05
2022-06-15 03:00:00,0.0,0.907,0.0508,26.41
2022-06-15 04:00:00,0.0,0.908,0.051,25.43
2022-06-15 05:00:00,0.0,0.911,0.05,26.98
2022-06-15 06:00:00,0.0,0.919,0.0546,26.96
2022-06-15 07:00:00,0.0,0.901,0.05,27.79
2022-06-15 08:00:00,0.0,0.93,0.0543,28.46
2022-06-15 09:00:00,0.0,0.927,0.05,29.13
2022-06-15 10:00:00,0.0,0.926,0.05,31.49
2022-06-15 11:00:00,0.0,0.947,0.0546,31.92
2022-06-15 12:00:00,0.0,0.904,0.05,32.36
2022-06-15 13:00:00,0.0,0.886,0.05,
2022-06-15 14:00:00,0.0,0.864,,33.42
2022-06-15 15:00:00,0.0,0.872,0.0508,32.87
2022-06-15 16:00:00,0.0,0.897,0.0543,33.5
2022-06-15 17:00:00,0.0,0.886,0.05,32.48
2022-06-15 18:00:00,0.0,0.9,0.0533,32.67
2022-06-15 19:00:00,0.0,0.886,0.0512,32.51
2022-06-15 20:00:00,0.0,0.893,0.05,30.44
2022-06-15 21:00:00,0.0,0.903,0.0524,30.12
2022-06-15 22:00:00,0.0,0.916,0.0529,28.37
2022-06-15 23:00:00,0.0,0.899,0.05,27.71
2022-06-16 00:00:00,0.0,0.869,0.05,26.47
2022-06-16 01:00:00,0.0,0.875,0.05,26.59
2022-06-16 02:00:00,0.0,0.871,0.0513,26.55
2022-06-16 03:00:00,0.0,0.904,0.05,25.84
2022-06-16 04:00:00,0.0,0.895,0.0516,26.15
2022-06-16 05:00:00,0.0,0.943,0.0509,26.55
2022-06-16 06:00:00,0.0,0.894,0.0511,26.79
2022-06-16 07:00:00,0.0,0.881,0.05,28.4
2022-06-16 08:00:00,0.0,0.851,0.05,28.45
2022-06-16 09:00:00,0.0,0.871,0.0514,28.96
2022-06-16 10:00:00,0.0,0.884,0.0525,30.32
2022-06-16 11:00:00,0.0,0.858,0.057,32.05
2022-06-16 12:00:00,0.0,0.871,0.05,32.38
2022-06-16 13:00:00,0.0,0.872,0.05,33.25
2022-06-16 14:00:00,0.0,0.912,0.05,33.49
2022-06-16 15:00:00,0.0,0.917,0.05,33.83
2022-06-16 16:00:00,0.0,0.905,0.0524,34.15
2022-06-16 17:00:00,0.0,0.895,0.0527,33.97
2022-06-16 18:00:00,0.0,0.899,0.0547,32.09
2022-06-16 19:00:00,0.0,0.893,0.0512,32.21
2022-06-16 20:00:00,0.0,0.906,0.05,30.88
2022-06-16 21:00:00,0.0,0.912,0.0507,29.13
2022-06-16 22:00:00,0.0,0.898,0.05,28.95
2022-06-16 23:00:00,0.0,0.882,0.05,28.67
2022-06-17 00:00:00,0.0,0.856,0.05,26.57
2022-06-17 01:00:00,0.0,0.853,0.0514,26.18
2022-06-17 02:00:00,0.0,0.843,0.0513,25.1
2022-06-17 03:00:00,0.0,0.851,0.05,25.7
2022-06-17 04:00:00,0.0,0.919,0.05,25.98
2022-06-17 05:00:00,0.0,0.92,0.0502,27.29
2022-06-17 06:00:00,0.0,0.929,0.0514,26.47
2022-06-17 07:00:00,0.0,0.901,0.0522,28.24
2022-06-17 08:00:00,0.0,0.899,0.05,28.88
2022-06-17 09:00:00,0.0,0.903,0.05,30.88
2022-06-17 10:00:00,0.0,0.886,0.05,30.89
2022-06-17 11:00:00,0.0,0.874,0.05,31.74
2022-06-17 12:00:00,0.0,0.859,0.05,33.01
2022-06-17 13:00:00,0.0,0.85,0.05,33.47
2022-06-17 14:00:00,0.0,0.886,0.0538,34.09
2022-06-17 15:00:00,0.0,0.895,0.0543,34.04
2022-06-17 16:00:00,0.0,0.903,0.0517,32.89
2022-06-17 17:00:00,0.0,0.905,0.053,33.49
2022-06-17 18:00:00,0.0,0.895,0.0524,32.84
2022-06-17 19:00:00,0.0,0.849,0.0505,31.39
2022-06-17 20:00:00,0.0,0.83,0.05,30.94
2022-06-17 21:00:00,0.0,0.866,0.0568,28.84
2022-06-17 22:00:00,0.0,0.919,0.05,28.86
2022-06-17 23:00:00,0.0,0.907,0.05,28.11
2022-06-18 00:00:00,0.0,0.893,0.0544,
2022-06-18 01:00:00,0.0,0.881,0.0505,26.67
2022-06-18 02:00:00,0.0,0.891,0.0576,25.48
2022-06-18 03:00:00,0.0,0.88,0.05,25.05
2022-06-18 04:00:00,0.0,0.879,0.0531,26.39
2022-06-18 05:00:00,0.0,0.921,0.05,26.52
2022-06-18 06:00:00,0.0,0.919,0.0503,27.2
2022-06-18 07:00:00,0.0,0.89,0.05,28.62
2022-06-18 08:00:00,0.0,0.854,0.05,27.94
2022-06-18 09:00:00,0.0,0.909,0.0539,30.68
2022-06-18 10:00:00,0.0,0.933,0.0516,30.54
2022-06-18 11:00:00,0.0,0.966,0.0513,32.2
2022-06-18 12:00:00,0.0,0.923,0.05,32.6
2022-06-18 13:00:00,0.0,0.905,0.05,33.07
2022-06-18 14:00:00,0.0,0.867,0.05,32.89
2022-06-18 15:00:00,0.0,0.859,0.05,33.45
2022-06-18 16:00:00,0.0,0.884,0.05,33.88
2022-06-18 17:00:00,0.0,0.882,0.0509,33.42
2022-06-18 18:00:00,0.0,0.906,0.0531,33.09
2022-06-18 19:00:00,0.0,0.878,0.0544,31.44
2022-06-18 20:00:00,0.0,0.887,0.0506,31.19
2022-06-18 21:00:00,0.0,0.872,0.05,29.82
2022-06-18 22:00:00,0.0,0.906,0.0522,29.06
2022-06-18 23:00:00,0.0,0.903,0.0506,28.04
2022-06-19 00:00:00,0.0,0.914,0.0514,26.74
2022-06-19 01:00:00,0.0,0.904,0.0536,26.46
2022-06-19 02:00:00,0.0,0.908,0.05,26.17
2022-06-19 03:00:00,0.0,0.907,0.0544,26.19
2022-06-19 04:00:00,0.0,0.907,0.05,26.69
2022-06-19 05:00:00,0.0,0.908,0.0522,26.02
2022-06-19 06:00:00,0.0,0.902,0.05,26.39
2022-06-19 07:00:00,0.0,0.92,0.0507,28.44
2022-06-19 08:00:00,0.0,0.927,0.051,28.12
2022-06-19 09:00:00,0.0,0.93,0.05,30.32
2022-06-19 10:00:00,0.0,0.901,0.05,30.38
2022-06-19 11:00:00,0.0,0.932,0.05,31.49
2022-06-19 12:00:00,0.0,0.956,0.0509,32.59
2022-06-19 13:00:00,0.0,0.951,0.0519,32.54
2022-06-19 14:00:00,0.0,0.928,0.0555,33.18
2022-06-19 15:00:00,0.0,0.912,0.05,32.96
2022-06-19 16:00:00,0.0,0.937,0.05,34.0
2022-06-19 17:00:00,0.0,0.93,0.0514,33.26
2022-06-19 18:00:00,0.0,0.896,0.05,32.64
2022-06-19 19:00:00,0.0,0.905,0.0548,31.77
2022-06-19 20:00:00,0.0,0.885,0.0523,30.83
2022-06-19 21:00:00,0.0,0.884,0.05,29.56
2022-06-19 22:00:00,0.0,0.868,0.05,29.24
2022-06-19 23:00:00,0.0,0.892,0.05,26.92
2022-06-20 00:00:00,0.0,0.924,0.0516,26.27
2022-06-20 01:00:00,0.0,0.921,0.05,27.03
2022-06-20 02:00:00,0.0,0.911,0.0522,26.09
2022-06-20 03:00:00,0.0,0.911,0.0528,24.81
2022-06-20 04:00:00,0.0,0.904,0.05,26.12
2022-06-20 05:00:00,0.0,0.869,,25.56
2022-06-20 06:00:00,0.0,0.88,0.0536,27.64
2022-06-20 07:00:00,0.0,0.902,0.0517,28.28
2022-06-20 08:00:00,0.0,0.962,0.0516,29.83
2022-06-20 09:00:00,0.0,0.935,0.05,29.67
2022-06-20 10:00:00,0.0,0.929,0.0561,30.25
2022-06-20 11:00:00,0.0,0.872,0.05,31.55
2022-06-20 12:00:00,0.0,0.862,0.05,32.39
2022-06-20 13:00:00,0.0,0.865,0.0528,33.48
2022-06-20 14:00:00,0.0,0.888,0.05,32.77
2022-06-20 15:00:00,0.0,0.901,0.05,33.82
2022-06-20 16:00:00,0.0,0.931,0.05,33.18
2022-06-20 17:00:00,0.0,0.931,0.05,33.03
2022-06-20 18:00:00,0.0,0.933,0.0572,33.34
2022-06-20 19:00:00,0.0,0.918,0.05,32.32
2022-06-20 20:00:00,0.0,0.914,0.0538,31.22
2022-06-20 21:00:00,0.0,0.909,0.05,30.14
2022-06-20 22:00:00,0.0,0.885,0.05,28.65
2022-06-20 23:00:00,0.0,0.885,0.05,27.8
2022-06-21 00:00:00,0.0,0.884,0.0522,26.22
2022-06-21 01:00:00,0.0,0.874,0.05,25.76
2022-06-21 02:00:00,0.0,0.91,0.0551,26.04
2022-06-21 03:00:00,0.0,0.903,0.0514,25.28
2022-06-21 04:00:00,0.0,0.902,0.05,26.32
2022-06-21 05:00:00,0.0,0.897,0.05,26.35
2022-06-21 06:00:00,0.0,0.893,0.05,26.86
2022-06-21 07:00:00,0.0,0.889,0.0535,27.53
2022-06-21 08:00:00,0.0,0.919,0.05,29.03
2022-06-21 09:00:00,0.0,0.926,0.05,30.18
2022-06-21 10:00:00,0.0,0.952,0.0534,30.43
2022-06-21 11:00:00,0.0,0.896,0.05,31.57
2022-06-21 12:00:00,0.0,0.872,0.05,32.57
2022-06-21 13:00:00,0.0,0.86,0.05,33.46
2022-06-21 14:00:00,0.0,0.846,0.05,33.85
2022-06-21 15:00:00,0.0,0.881,0.0506,33.79
2022-06-21 16:00:00,0.0,0.899,0.0519,34.05
2022-06-21 17:00:00,0.0,0.924,0.05,33.23
2022-06-21 18:00:00,0.0,0.898,0.05,31.97
2022-06-21 19:00:00,0.0,0.858,0.05,32.51
2022-06-21 20:00:00,0.0,0.813,0.0512,31.36
2022-06-21 21:00:00,0.0,0.834,0.05,29.15
2022-06-21 22:00:00,0.0,0.86,0.05,28.89
2022-06-21 23:00:00,0.0,0.877,0.05,28.49
2022-06-22 00:00:00,0.0,0.884,0.0523,26.87
2022-06-22 01:00:00,0.0,0.902,0.0506,26.77
2022-06-22 02:00:00,0.0,0.921,0.05,26.54
2022-06-22 03:00:00,0.0,0.903,0.0508,25.99
2022-06-22 04:00:00,0.0,0.884,0.05,27.06
2022-06-22 05:00:00,0.0,0.904,0.05,26.71
2022-06-22 06:00:00,0.0,0.932,0.0504,27.08
2022-06-22 07:00:00,0.0,0.931,0.05,27.77
2022-06-22 08:00:00,0.0,0.914,0.05,28.79
2022-06-22 09:00:00,0.0,0.979,0.0531,29.57
2022-06-22 10:00:00,0.0,1.026,0.0574,30.33
2022-06-22 11:00:00,0.0,1.01,0.05,31.4
2022-06-22 12:00:00,0.0,0.958,0.05,32.61
2022-06-22 13:00:00,0.0,0.936,0.0534,33.72
2022-06-22 14:00:00,0.0,0.953,0.05,33.88
2022-06-22 15:00:00,0.0,0.917,0.05,33.94
2022-06-22 16:00:00,0.0,0.934,0.0554,34.78
2022-06-22 17:00:00,0.0,0.916,0.05,34.16
2022-06-22 18:00:00,0.0,0.927,0.05,32.23
2022-06-22 19:00:00,0.0,0.908,0.05,32.21
2022-06-22 20:00:00,0.0,0.899,0.0521,30.29
2022-06-22 21:00:00,0.0,0.872,0.05,29.99
2022-06-22 22:00:00,0.0,0.873,0.05,28.13
2022-06-22 23:00:00,0.0,0.86,0.05,27.55
2022-06-23 00:00:00,0.0,0.897,0.05,27.35
2022-06-23 01:00:00,0.0,0.923,0.0556,26.18
2022-06-23 02:00:00,0.0,0.934,0.0512,25.47
2022-06-23 03:00:00,1.78,0.952,0.0574,25.35
2022-06-23 04:00:00,5.97,0.974,0.081,24.94
2022-06-23 05:00:00,10.65,1.08,0.122,25.55
2022-06-23 06:00:00,13.97,1.218,0.1807,26.24
2022-06-23 07:00:00,16.13,1.391,0.2422,26.16
2022-06-23 08:00:00,18.97,1.609,0.3097,27.45
2022-06-23 09:00:00,18.96,1.915,0.3895,27.69
2022-06-23 10:00:00,18.62,2.296,0.4581,28.99
2022-06-23 11:00:00,14.54,2.626,0.5,31.31
2022-06-23 12:00:00,14.68,2.917,0.494,31.14
2022-06-23 13:00:00,12.31,3.253,0.5,32.64
2022-06-23 14:00:00,7.63,3.569,0.4996,32.61
2022-06-23 15:00:00,5.64,3.792,0.4979,33.29
2022-06-23 16:00:00,1.77,3.95,0.5,33.13
2022-06-23 17:00:00,0.0,4.013,0.4894,33.37
2022-06-23 18:00:00,0.0,4.03,0.4979,32.82
2022-06-23 19:00:00,0.0,3.931,0.4801,32.25
2022-06-23 20:00:00,0.0,3.776,0.48,30.61
2022-06-23 21:00:00,0.0,3.584,0.4744,29.79
2022-06-23 22:00:00,0.0,3.341,0.4727,29.43
2022-06-23 23:00:00,0.0,3.104,0.47,27.26
2022-06-24 00:00:00,0.0,2.899,0.4598,25.82
2022-06-24 01:00:00,0.0,2.702,0.4578,26.09
2022-06-24 02:00:00,0.0,2.535,0.452,26.32
2022-06-24 03:00:00,0.0,2.351,0.4466,25.92
2022-06-24 04:00:00,0.0,2.21,0.4459,25.54
2022-06-24 05:00:00,0.0,2.105,0.4419,
2022-06-24 06:00:00,0.0,2.029,0.4382,26.87
2022-06-24 07:00:00,0.0,1.962,0.4331,27.1
2022-06-24 08:00:00,0.0,1.888,0.4312,28.68
2022-06-24 09:00:00,0.0,1.805,0.4282,30.26
2022-06-24 10:00:00,0.0,1.786,0.4178,30.78
2022-06-24 11:00:00,0.0,1.77,0.4189,31.13
2022-06-24 12:00:00,0.0,1.778,,33.57
2022-06-24 13:00:00,0.0,1.696,0.4038,32.85
2022-06-24 14:00:00,0.0,1.682,0.4034,33.93
2022-06-24 15:00:00,0.0,1.615,0.3996,34.3
2022-06-24 16:00:00,0.0,,0.396,33.96
2022-06-24 17:00:00,0.0,1.605,0.3919,33.23
2022-06-24 18:00:00,0.0,1.626,0.3886,31.8
2022-06-24 19:00:00,0.0,1.611,0.3812,32.47
2022-06-24 20:00:00,0.0,1.529,0.3739,30.34
2022-06-24 21:00:00,0.0,1.519,0.372,30.37
2022-06-24 22:00:00,0.0,1.519,0.3738,29.4
2022-06-24 23:00:00,0.0,1.542,0.3635,27.27
2022-06-25 00:00:00,0.0,1.516,0.3646,26.45
2022-06-25 01:00:00,0.0,1.532,0.3625,26.24
2022-06-25 02:00:00,0.0,1.502,0.3587,26.49
2022-06-25 03:00:00,0.0,1.505,0.3567,25.6
2022-06-25 04:00:00,0.0,1.481,0.3508,26.08
2022-06-25 05:00:00,0.0,1.512,0.3476,26.18
2022-06-25 06:00:00,0.0,1.547,0.3503,27.46
2022-06-25 07:00:00,0.0,1.543,0.3476,27.58
2022-06-25 08:00:00,0.0,1.494,0.3428,28.5
2022-06-25 09:00:00,0.0,1.494,0.3368,29.38
2022-06-25 10:00:00,0.0,1.481,0.33,30.4
2022-06-25 11:00:00,0.0,1.454,0.3285,32.43
2022-06-25 12:00:00,0.0,1.434,0.3241,32.55
2022-06-25 13:00:00,0.0,1.432,0.3242,32.89
2022-06-25 14:00:00,0.0,1.452,0.3185,32.93
2022-06-25 15:00:00,0.0,1.453,0.3154,33.76
2022-06-25 16:00:00,0.0,1.426,0.31,33.35
2022-06-25 17:00:00,0.0,1.398,0.2992,32.86
2022-06-25 18:00:00,0.0,1.39,0.3072,32.34
2022-06-25 19:00:00,0.0,1.395,0.2998,31.96
2022-06-25 20:00:00,0.0,1.393,0.2999,30.35
2022-06-25 21:00:00,0.0,1.366,0.293,29.74
2022-06-25 22:00:00,0.0,1.362,0.296,29.3
2022-06-25 23:00:00,0.0,1.345,0.2869,27.62
2022-06-26 00:00:00,0.0,1.387,0.2858,26.55
2022-06-26 01:00:00,0.0,1.352,0.2836,26.97
2022-06-26 02:00:00,0.0,1.361,0.2766,26.0
2022-06-26 03:00:00,0.0,1.306,0.2801,25.82
2022-06-26 04:00:00,0.0,1.336,0.2789,26.31
2022-06-26 05:00:00,0.0,1.296,0.2753,26.4
2022-06-26 06:00:00,0.0,1.311,0.2786,27.12
2022-06-26 07:00:00,0.0,1.31,0.2666,27.12
2022-06-26 08:00:00,0.0,1.33,0.2616,28.46
2022-06-26 09:00:00,0.0,1.355,0.2604,30.84
2022-06-26 10:00:00,0.0,1.337,0.2615,30.43
2022-06-26 11:00:00,0.0,1.314,0.2621,31.94
2022-06-26 12:00:00,0.0,1.293,0.256,33.61
2022-06-26 13:00:00,0.0,1.269,0.2511,33.72
2022-06-26 14:00:00,0.0,1.279,0.2541,33.92
2022-06-26 15:00:00,0.0,1.268,0.2465,33.51
2022-06-26 16:00:00,0.0,1.289,0.2399,33.46
2022-06-26 17:00:00,0.0,1.316,0.2442,33.22
2022-06-26 18:00:00,,1.317,0.2405,32.91
2022-06-26 19:00:00,0.0,1.271,0.2366,32.55
2022-06-26 20:00:00,0.0,1.272,0.2383,31.0
2022-06-26 21:00:00,0.0,1.21,0.2309,29.62
2022-06-26 22:00:00,0.0,1.213,0.2298,28.83
2022-06-26 23:00:00,0.0,1.173,0.2239,28.17
2022-06-27 00:00:00,0.0,1.206,0.2227,27.26
2022-06-27 01:00:00,0.0,1.21,0.2215,26.33
2022-06-27 02:00:00,0.0,1.227,0.2232,25.5
2022-06-27 03:00:00,0.0,1.221,0.2171,26.46
2022-06-27 04:00:00,0.0,1.228,0.2171,25.93
2022-06-27 05:00:00,0.0,1.253,0.2148,26.58
2022-06-27 06:00:00,0.0,1.237,0.2134,26.76
2022-06-27 07:00:00,0.0,1.213,0.2094,27.57
2022-06-27 08:00:00,0.0,1.188,0.209,29.14
2022-06-27 09:00:00,0.0,1.196,0.2041,29.29
2022-06-27 10:00:00,0.0,1.213,0.2054,30.38
2022-06-27 11:00:00,0.0,1.241,0.2031,32.68
2022-06-27 12:00:00,0.0,1.246,0.2011,33.16
2022-06-27 13:00:00,0.0,1.267,0.2003,33.59
2022-06-27 14:00:00,0.0,1.247,0.2018,33.25
2022-06-27 15:00:00,0.0,1.209,0.1891,34.03
2022-06-27 16:00:00,0.0,1.147,0.1907,33.75
2022-06-27 17:00:00,0.0,1.133,0.187,33.17
2022-06-27 18:00:00,0.0,1.129,0.1885,32.71
2022-06-27 19:00:00,0.0,1.164,0.1878,31.21
2022-06-27 20:00:00,0.0,1.165,0.1801,29.92
2022-06-27 21:00:00,0.0,1.154,0.1829,30.07
2022-06-27 22:00:00,0.0,1.176,0.1828,28.97
2022-06-27 23:00:00,0.0,1.164,0.1798,28.05
2022-06-28 00:00:00,0.0,1.182,0.1759,27.49
2022-06-28 01:00:00,0.0,1.181,0.1774,26.73
2022-06-28 02:00:00,0.0,1.132,0.1731,26.81
2022-06-28 03:00:00,0.0,1.138,0.1751,26.52
2022-06-28 04:00:00,0.0,1.093,0.172,26.1
2022-06-28 05:00:00,0.0,1.123,0.1689,26.55
2022-06-28 06:00:00,0.0,1.087,0.1642,27.22
2022-06-28 07:00:00,0.0,1.103,0.1665,27.17
2022-06-28 08:00:00,0.75,1.086,0.1646,29.28
2022-06-28 09:00:00,2.57,1.119,0.1731,29.97
2022-06-28 10:00:00,3.37,1.169,0.1871,29.8
2022-06-28 11:00:00,4.76,1.237,0.2049,32.23
2022-06-28 12:00:00,6.88,1.351,0.2268,31.86
2022-06-28 13:00:00,6.69,1.431,0.2541,32.67
2022-06-28 14:00:00,8.32,1.539,0.2843,32.89
2022-06-28 15:00:00,8.88,1.635,0.3156,32.96
2022-06-28 16:00:00,6.81,1.772,0.3401,34.31
2022-06-28 17:00:00,8.09,1.905,0.3715,32.46
2022-06-28 18:00:00,7.1,2.045,0.3928,31.89
2022-06-28 19:00:00,7.01,2.221,0.4196,31.24
2022-06-28 20:00:00,4.98,2.385,0.4333,30.05
2022-06-28 21:00:00,3.99,2.507,0.4483,29.68
2022-06-28 22:00:00,2.07,2.596,0.4518,28.28
2022-06-28 23:00:00,0.78,2.64,0.4477,28.11
2022-06-29 00:00:00,0.0,2.65,0.4424,26.59
2022-06-29 01:00:00,0.0,2.643,0.4421,26.19
2022-06-29 02:00:00,0.0,2.55,0.4355,25.58
2022-06-29 03:00:00,0.0,2.48,0.4287,25.68
2022-06-29 04:00:00,0.0,2.382,0.4321,25.19
2022-06-29 05:00:00,0.0,2.304,0.4246,25.26
2022-06-29 06:00:00,0.0,2.199,0.4165,26.95
2022-06-29 07:00:00,0.0,2.127,0.4187,27.18
2022-06-29 08:00:00,0.0,2.013,0.4176,29.78
2022-06-29 09:00:00,0.0,1.915,0.4089,29.76
2022-06-29 10:00:00,0.0,1.852,0.4053,31.33
2022-06-29 11:00:00,0.0,1.838,0.4035,32.1
2022-06-29 12:00:00,0.0,1.772,0.3962,32.24
2022-06-29 13:00:00,0.0,1.703,0.3928,33.2
2022-06-29 14:00:00,0.0,1.672,0.3912,34.18
2022-06-29 15:00:00,0.0,1.659,0.386,34.28
2022-06-29 16:00:00,0.0,1.629,0.3802,34.24
2022-06-29 17:00:00,0.0,1.562,0.3702,33.08
2022-06-29 18:00:00,0.11,1.541,0.3732,33.05
2022-06-29 19:00:00,0.37,1.525,0.3678,31.6
2022-06-29 20:00:00,0.75,1.546,0.3695,31.41
2022-06-29 21:00:00,0.85,1.56,0.3632,30.35
2022-06-29 22:00:00,1.18,1.572,0.3718,28.1
2022-06-29 23:00:00,1.18,1.567,0.3679,27.96
2022-06-30 00:00:00,1.69,1.559,0.3753,26.41
2022-06-30 01:00:00,1.7,1.619,0.3803,26.73
2022-06-30 02:00:00,2.06,1.664,0.3839,25.32
2022-06-30 03:00:00,1.7,1.694,0.3874,25.94
2022-06-30 04:00:00,1.91,1.734,0.3909,26.27
2022-06-30 05:00:00,1.66,1.76,0.3903,26.36
2022-06-30 06:00:00,1.61,1.821,0.4008,27.4
2022-06-30 07:00:00,1.89,1.845,0.4041,27.91
2022-06-30 08:00:00,1.95,1.829,0.4035,29.51
2022-06-30 09:00:00,1.43,1.869,0.3962,29.26
2022-06-30 10:00:00,1.59,1.906,0.4117,30.64
2022-06-30 11:00:00,1.39,1.949,0.4045,30.86
2022-06-30 12:00:00,1.09,1.93,0.4114,32.52
2022-06-30 13:00:00,0.97,1.899,0.4069,32.73
2022-06-30 14:00:00,0.66,1.89,0.4086,33.06
2022-06-30 15:00:00,0.46,1.868,0.4014,33.13
2022-06-30 16:00:00,0.14,1.872,0.4004,33.57
2022-06-30 17:00:00,0.0,1.833,0.3907,33.54
2022-06-30 18:00:00,0.0,1.84,0.3914,33.02
2022-06-30 19:00:00,0.0,1.824,0.387,32.45
2022-06-30 20:00:00,0.0,1.808,0.3851,31.46
2022-06-30 21:00:00,0.0,1.749,0.3778,29.39
2022-06-30 22:00:00,0.0,1.738,0.3765,28.55
2022-06-30 23:00:00,0.0,1.699,0.371,28.05
2022-07-01 00:00:00,0.0,1.662,0.3702,27.24
2022-07-01 01:00:00,0.0,1.624,0.3668,27.19
2022-07-01 02:00:00,0.0,1.591,0.3652,25.95
2022-07-01 03:00:00,0.0,1.563,0.3559,26.35
2022-07-01 04:00:00,0.0,1.551,0.3561,26.03
2022-07-01 05:00:00,0.0,1.544,0.3542,26.68
2022-07-01 06:00:00,0.0,1.563,0.3556,27.33
2022-07-01 07:00:00,0.0,1.524,0.3529,27.95
2022-07-01 08:00:00,0.0,1.448,0.3396,28.44
2022-07-01 09:00:00,0.0,1.425,0.3384,30.1
2022-07-01 10:00:00,0.0,1.416,0.3292,31.32
2022-07-01 11:00:00,0.0,1.479,0.3396,32.02
2022-07-01 12:00:00,0.0,1.419,0.3305,31.41
2022-07-01 13:00:00,0.0,1.427,0.3275,33.34
2022-07-01 14:00:00,0.0,1.418,0.321,34.17
2022-07-01 15:00:00,0.0,1.472,0.3183,33.47
2022-07-01 16:00:00,0.0,1.474,0.318,34.36
2022-07-01 17:00:00,0.0,1.421,0.3079,33.12
2022-07-01 18:00:00,0.0,1.384,0.3042,32.63
2022-07-01 19:00:00,0.0,1.365,0.3036,32.07
2022-07-01 20:00:00,0.0,1.376,0.3012,30.54
2022-07-01 21:00:00,0.0,1.371,0.2998,30.42
2022-07-01 22:00:00,0.0,1.368,0.2952,29.56
2022-07-01 23:00:00,0.0,1.368,0.29,27.41
2022-07-02 00:00:00,0.0,1.387,0.2888,27.05
2022-07-02 01:00:00,0.0,1.385,0.2879,27.45
2022-07-02 02:00:00,0.0,1.382,0.2868,26.66
2022-07-02 03:00:00,0.0,1.37,0.2856,25.16
2022-07-02 04:00:00,0.0,1.364,0.2793,26.69
2022-07-02 05:00:00,0.0,1.358,0.2758,24.8
2022-07-02 06:00:00,0.0,1.343,0.2727,27.45
2022-07-02 07:00:00,0.0,1.372,0.2764,27.54
2022-07-02 08:00:00,0.0,1.376,0.269,29.16
2022-07-02 09:00:00,0.0,1.394,0.2653,30.09
2022-07-02 10:00:00,0.0,1.382,0.2653,31.07
2022-07-02 11:00:00,0.0,1.365,0.2667,32.26
2022-07-02 12:00:00,0.0,1.327,0.2562,32.55
2022-07-02 13:00:00,0.0,1.33,0.2579,33.13
2022-07-02 14:00:00,0.0,1.317,0.2517,34.3
2022-07-02 15:00:00,0.0,1.333,0.2505,33.97
2022-07-02 16:00:00,0.0,1.338,0.2497,33.55
2022-07-02 17:00:00,0.0,1.305,0.2481,33.34
2022-07-02 18:00:00,0.0,1.285,0.2402,32.67
2022-07-02 19:00:00,0.0,1.247,0.2414,31.8
2022-07-02 20:00:00,0.0,1.262,0.2374,31.23
2022-07-02 21:00:00,0.0,1.238,0.2356,29.53
2022-07-02 22:00:00,0.0,1.273,0.2357,29.69
2022-07-02 23:00:00,0.0,1.267,0.2278,28.08
2022-07-03 00:00:00,0.0,1.286,0.2303,26.23
2022-07-03 01:00:00,0.0,1.233,0.2264,26.65
2022-07-03 02:00:00,0.0,1.219,0.2277,25.65
2022-07-03 03:00:00,0.0,1.202,0.2235,25.96
2022-07-03 04:00:00,0.0,1.226,0.2199,26.04
2022-07-03 05:00:00,0.0,1.23,0.221,26.85
2022-07-03 06:00:00,0.0,1.22,0.2148,27.48
2022-07-03 07:00:00,0.0,1.171,0.2133,28.09
2022-07-03 08:00:00,0.0,1.187,0.2101,29.9
2022-07-03 09:00:00,0.0,1.169,,29.61
2022-07-03 10:00:00,0.0,1.181,0.1998,31.69
2022-07-03 11:00:00,0.0,1.183,0.2042,32.67
2022-07-03 12:00:00,0.0,1.215,0.2032,32.97
2022-07-03 13:00:00,0.0,1.228,0.2033,33.67
2022-07-03 14:00:00,0.0,1.21,0.1959,34.32
2022-07-03 15:00:00,0.0,1.209,0.1949,33.82
2022-07-03 16:00:00,0.0,1.163,0.1936,33.59
2022-07-03 17:00:00,0.0,1.173,0.1943,33.21
2022-07-03 18:00:00,0.0,1.113,0.1904,32.95
2022-07-03 19:00:00,0.0,1.148,0.1889,31.74
2022-07-03 20:00:00,0.0,1.14,0.1885,30.65
2022-07-03 21:00:00,0.0,1.153,0.1856,29.46
2022-07-03 22:00:00,0.0,1.145,0.1805,28.45
2022-07-03 23:00:00,0.0,1.096,0.1858,27.66
2022-07-04 00:00:00,0.0,1.066,0.1734,26.85
2022-07-04 01:00:00,0.0,1.069,0.1802,26.57
2022-07-04 02:00:00,0.61,1.105,0.1798,25.67
2022-07-04 03:00:00,1.91,1.142,0.1884,26.04
2022-07-04 04:00:00,2.39,1.195,0.1919,26.86
2022-07-04 05:00:00,3.49,1.26,0.2034,26.79
2022-07-04 06:00:00,3.34,1.315,0.2132,26.29
2022-07-04 07:00:00,3.89,1.348,0.2269,27.44
2022-07-04 08:00:00,3.99,1.377,0.2435,27.91
2022-07-04 09:00:00,4.94,1.453,0.2588,29.59
2022-07-04 10:00:00,4.36,1.527,0.274,30.71
2022-07-04 11:00:00,2.87,1.625,0.2815,31.78
2022-07-04 12:00:00,2.77,1.696,0.2958,32.01
2022-07-04 13:00:00,1.38,1.735,0.2927,32.98
2022-07-04 14:00:00,0.5,1.768,0.2946,34.27
2022-07-04 15:00:00,0.0,1.747,0.2896,34.18
2022-07-04 16:00:00,0.0,1.718,,33.41
2022-07-04 17:00:00,0.0,1.67,0.2827,32.8
2022-07-04 18:00:00,0.0,1.61,0.2827,32.77
2022-07-04 19:00:00,0.0,1.58,0.2792,31.92
2022-07-04 20:00:00,0.0,1.569,0.2782,30.37
2022-07-04 21:00:00,0.0,1.585,0.2698,29.83
2022-07-04 22:00:00,0.0,1.541,0.2667,28.71
2022-07-04 23:00:00,0.0,1.498,0.2656,27.69
2022-07-05 00:00:00,0.0,1.441,0.2648,26.95
2022-07-05 01:00:00,0.0,1.431,0.2637,26.66
2022-07-05 02:00:00,0.0,1.378,0.2581,26.17
2022-07-05 03:00:00,0.0,1.36,0.2583,26.62
2022-07-05 04:00:00,0.0,1.322,0.255,26.22
2022-07-05 05:00:00,0.0,1.338,0.2525,26.93
2022-07-05 06:00:00,0.0,1.306,0.2511,26.5
2022-07-05 07:00:00,0.0,1.322,0.2533,28.06
2022-07-05 08:00:00,0.0,1.312,0.2488,28.77
2022-07-05 09:00:00,0.0,1.307,0.2471,30.35
2022-07-05 10:00:00,0.0,1.277,0.2424,31.15
2022-07-05 11:00:00,0.0,1.248,0.244,32.78
2022-07-05 12:00:00,0.0,1.286,0.2387,32.35
2022-07-05 13:00:00,0.0,1.298,0.2291,33.1
2022-07-05 14:00:00,0.0,1.334,0.2329,34.02
2022-07-05 15:00:00,0.0,1.306,0.229,33.92
2022-07-05 16:00:00,0.0,1.294,0.2273,33.38
2022-07-05 17:00:00,0.0,1.27,0.2184,33.64
2022-07-05 18:00:00,0.0,1.285,0.216,32.57
2022-07-05 19:00:00,0.0,1.274,0.2177,32.21
2022-07-05 20:00:00,0.0,1.208,0.2105,30.17
2022-07-05 21:00:00,0.0,1.184,0.2158,29.84
2022-07-05 22:00:00,0.0,1.184,0.2121,29.03
2022-07-05 23:00:00,0.0,1.227,0.2155,28.07
2022-07-06 00:00:00,0.0,1.242,0.2089,27.51
2022-07-06 01:00:00,0.0,1.217,0.2081,26.41
2022-07-06 02:00:00,0.0,1.233,0.206,26.35
2022-07-06 03:00:00,0.0,1.182,0.2028,25.96
2022-07-06 04:00:00,0.0,1.199,0.2011,26.49
2022-07-06 05:00:00,0.0,1.166,0.1989,25.76
2022-07-06 06:00:00,0.0,1.15,0.1903,25.86
2022-07-06 07:00:00,0.0,1.161,0.1989,28.62
2022-07-06 08:00:00,0.0,1.151,0.1971,28.67
2022-07-06 09:00:00,0.0,1.181,0.1945,29.14
2022-07-06 10:00:00,0.0,1.167,0.1901,30.95
2022-07-06 11:00:00,0.0,1.183,0.1874,31.73
2022-07-06 12:00:00,0.0,1.159,0.1823,33.0
2022-07-06 13:00:00,0.0,1.17,0.1798,33.7
2022-07-06 14:00:00,0.0,1.156,0.1797,33.65
2022-07-06 15:00:00,0.0,1.176,0.18,34.46
2022-07-06 16:00:00,0.0,1.198,0.1785,33.25
2022-07-06 17:00:00,0.0,,0.1739,32.28
2022-07-06 18:00:00,0.0,1.181,0.1695,32.89
2022-07-06 19:00:00,0.0,1.138,0.1696,31.86
2022-07-06 20:00:00,0.0,1.148,0.1695,30.08
2022-07-06 21:00:00,0.0,1.123,0.1635,30.3
2022-07-06 22:00:00,0.0,1.122,0.1671,28.11
2022-07-06 23:00:00,0.0,1.145,0.1699,27.94
2022-07-07 00:00:00,0.0,1.123,0.1612,27.55
2022-07-07 01:00:00,0.0,1.155,0.1685,26.66
2022-07-07 02:00:00,0.0,1.123,0.1587,26.23
2022-07-07 03:00:00,0.0,1.106,0.1588,25.76
2022-07-07 04:00:00,0.0,1.12,0.1595,26.22
2022-07-07 05:00:00,0.0,1.11,0.1566,26.79
2022-07-07 06:00:00,0.0,1.125,0.1503,26.84
2022-07-07 07:00:00,0.0,1.141,0.1547,27.43
2022-07-07 08:00:00,0.0,1.119,0.1527,29.35
2022-07-07 09:00:00,0.0,1.073,0.1501,30.92
2022-07-07 10:00:00,0.0,1.05,0.1495,
2022-07-07 11:00:00,0.0,1.057,0.149,30.68
2022-07-07 12:00:00,0.0,1.056,0.1434,33.45
2022-07-07 13:00:00,0.0,1.051,0.146,33.14
2022-07-07 14:00:00,0.0,1.089,0.1408,34.76
2022-07-07 15:00:00,0.0,1.129,0.1457,33.48
2022-07-07 16:00:00,0.0,1.122,0.1426,33.29
2022-07-07 17:00:00,0.0,1.043,0.1349,33.43
2022-07-07 18:00:00,0.0,1.024,0.14,32.62
2022-07-07 19:00:00,0.0,1.009,0.1361,31.82
2022-07-07 20:00:00,0.0,1.051,0.135,31.5
2022-07-07 21:00:00,0.0,1.054,0.1315,30.61
2022-07-07 22:00:00,0.0,1.063,0.1298,28.49
2022-07-07 23:00:00,0.0,1.048,0.1288,28.82
2022-07-08 00:00:00,0.0,1.021,0.1256,26.55
2022-07-08 01:00:00,0.0,1.019,0.1218,26.23
2022-07-08 02:00:00,0.0,1.053,0.1243,27.4
2022-07-08 03:00:00,0.0,1.058,0.1232,26.18
2022-07-08 04:00:00,,1.059,0.1209,25.81
2022-07-08 05:00:00,0.0,1.027,0.1248,26.67
2022-07-08 06:00:00,0.0,1.021,0.1227,27.52
2022-07-08 07:00:00,0.0,1.025,0.119,28.17
2022-07-08 08:00:00,0.0,1.017,0.1187,29.6
2022-07-08 09:00:00,0.0,1.028,0.1191,29.57
2022-07-08 10:00:00,0.0,0.992,0.1151,30.71
2022-07-08 11:00:00,0.0,1.022,0.1083,31.55
2022-07-08 12:00:00,0.0,1.033,0.1183,32.41
2022-07-08 13:00:00,0.0,1.016,0.1131,33.48
2022-07-08 14:00:00,0.0,0.99,0.1129,33.33
2022-07-08 15:00:00,0.0,0.996,0.1113,34.14
2022-07-08 16:00:00,0.0,1.023,0.1052,34.18
2022-07-08 17:00:00,0.0,1.019,0.1062,32.85
2022-07-08 18:00:00,0.0,1.03,0.1071,32.51
2022-07-08 19:00:00,0.0,0.992,0.1054,31.74
2022-07-08 20:00:00,0.0,1.011,0.1015,30.92
2022-07-08 21:00:00,0.0,1.026,0.1049,29.92
2022-07-08 22:00:00,0.0,1.051,0.1045,29.42
2022-07-08 23:00:00,0.0,1.039,0.1007,28.49
2022-07-09 00:00:00,0.0,1.035,0.104,26.77
2022-07-09 01:00:00,0.0,1.023,0.1017,26.88
2022-07-09 02:00:00,0.0,0.988,0.1004,26.82
2022-07-09 03:00:00,0.0,0.965,0.0968,26.6
2022-07-09 04:00:00,0.0,0.978,0.097,26.24
2022-07-09 05:00:00,,1.015,0.0992,26.51
2022-07-09 06:00:00,0.0,1.025,0.0915,26.47
2022-07-09 07:00:00,0.0,1.003,0.0908,27.79
2022-07-09 08:00:00,0.0,1.021,0.0929,28.22
2022-07-09 09:00:00,0.0,1.004,0.0931,30.57
2022-07-09 10:00:00,0.0,1.016,0.0919,30.9
2022-07-09 11:00:00,0.0,1.037,0.0927,31.96
2022-07-09 12:00:00,0.0,1.027,0.0909,32.52
2022-07-09 13:00:00,0.0,1.028,0.0892,32.76
2022-07-09 14:00:00,0.0,0.953,0.0872,34.22
2022-07-09 15:00:00,0.0,0.96,0.0895,34.25
2022-07-09 16:00:00,5.39,1.001,0.1113,33.79
2022-07-09 17:00:00,13.64,1.12,0.1602,31.22
2022-07-09 18:00:00,6.79,1.211,0.1877,32.81
2022-07-09 19:00:00,0.0,1.252,0.1837,31.94
2022-07-09 20:00:00,0.0,1.314,0.1789,31.42
2022-07-09 21:00:00,0.0,1.316,0.1758,28.68
2022-07-09 22:00:00,0.0,1.391,0.1826,29.17
2022-07-09 23:00:00,0.0,1.374,0.1798,27.96
2022-07-10 00:00:00,0.0,1.388,0.177,27.06
2022-07-10 01:00:00,0.0,1.312,0.1773,26.49
2022-07-10 02:00:00,0.0,1.28,0.1705,25.84
2022-07-10 03:00:00,0.0,1.278,0.1741,25.29
2022-07-10 04:00:00,0.0,1.293,0.1711,25.5
2022-07-10 05:00:00,0.0,1.27,0.1673,26.55
2022-07-10 06:00:00,0.0,1.238,0.1601,27.83
2022-07-10 07:00:00,0.0,1.21,0.1612,28.55
2022-07-10 08:00:00,0.0,1.201,0.169,29.08
2022-07-10 09:00:00,0.0,1.15,0.1673,29.76
2022-07-10 10:00:00,0.0,1.095,0.1563,32.07
2022-07-10 11:00:00,0.0,1.119,0.1528,32.34
2022-07-10 12:00:00,0.0,1.144,0.1609,33.13
2022-07-10 13:00:00,0.0,1.13,0.155,32.8
2022-07-10 14:00:00,0.0,1.1,0.1513,33.99
2022-07-10 15:00:00,0.0,1.113,0.148,33.38
2022-07-10 16:00:00,0.0,1.099,0.1461,34.9
2022-07-10 17:00:00,0.0,1.114,0.1521,33.04
2022-07-10 18:00:00,0.0,1.1,0.1473,32.53
2022-07-10 19:00:00,0.0,1.092,0.1396,31.68
2022-07-10 20:00:00,0.0,1.051,0.1414,30.85
2022-07-10 21:00:00,0.0,1.066,0.1468,30.34
2022-07-10 22:00:00,0.0,1.07,0.1416,28.97
2022-07-10 23:00:00,0.0,1.091,0.1352,28.02
2022-07-11 00:00:00,0.0,1.056,0.1362,27.53
2022-07-11 01:00:00,0.0,1.088,0.1366,25.78
2022-07-11 02:00:00,0.0,1.072,0.1386,26.51
2022-07-11 03:00:00,0.0,1.077,0.1344,26.07
2022-07-11 04:00:00,0.0,1.062,0.1377,25.78
2022-07-11 05:00:00,0.0,1.071,0.1332,26.6
2022-07-11 06:00:00,0.0,1.066,0.1243,27.23
2022-07-11 07:00:00,0.0,1.044,0.1317,26.69
2022-07-11 08:00:00,0.0,1.014,0.1282,29.65
2022-07-11 09:00:00,0.0,1.013,0.1259,30.6
2022-07-11 10:00:00,0.0,1.029,0.1274,30.38
2022-07-11 11:00:00,0.0,1.076,0.1241,31.62
2022-07-11 12:00:00,0.0,1.05,0.124,33.5
2022-07-11 13:00:00,0.0,1.043,0.1204,33.8
2022-07-11 14:00:00,0.0,1.011,0.1189,34.06
2022-07-11 15:00:00,0.0,1.031,0.1225,34.22
2022-07-11 16:00:00,0.0,1.016,0.1181,34.05
2022-07-11 17:00:00,0.0,1.013,0.1177,32.93
2022-07-11 18:00:00,0.0,1.046,0.1134,32.55
2022-07-11 19:00:00,0.0,1.056,0.1171,32.5
2022-07-11 20:00:00,0.0,1.02,0.1133,31.36
2022-07-11 21:00:00,0.0,0.99,0.1106,30.14
2022-07-11 22:00:00,0.0,1.002,0.1143,28.64
2022-07-11 23:00:00,0.0,1.001,0.1085,28.49
2022-07-12 00:00:00,0.0,1.003,0.1091,26.69
2022-07-12 01:00:00,0.0,1.007,0.104,27.27
2022-07-12 02:00:00,0.0,1.014,0.1048,25.77
2022-07-12 03:00:00,0.0,0.983,0.1081,25.56
2022-07-12 04:00:00,0.0,0.984,0.1047,26.15
2022-07-12 05:00:00,0.0,0.983,0.1043,26.64
2022-07-12 06:00:00,0.0,1.012,0.1028,27.22
2022-07-12 07:00:00,0.0,0.993,0.102,27.34
2022-07-12 08:00:00,0.0,1.008,0.0995,29.17
2022-07-12 09:00:00,0.0,1.006,0.0987,30.49
2022-07-12 10:00:00,0.0,1.029,0.0982,30.99
2022-07-12 11:00:00,0.0,1.03,0.0972,31.23
2022-07-12 12:00:00,0.0,0.995,0.0983,32.72
2022-07-12 13:00:00,0.0,0.965,0.0972,32.9
2022-07-12 14:00:00,0.0,0.96,0.0988,32.9
2022-07-12 15:00:00,0.0,0.98,0.0958,33.72
2022-07-12 16:00:00,0.0,0.995,0.0899,34.67
2022-07-12 17:00:00,0.0,0.999,0.0895,33.42
2022-07-12 18:00:00,0.0,0.982,0.0933,32.69
2022-07-12 19:00:00,0.0,0.952,0.0915,32.35
2022-07-12 20:00:00,0.0,0.946,0.0917,31.34
2022-07-12 21:00:00,0.0,0.956,0.0877,29.27
2022-07-12 22:00:00,0.0,0.97,0.0861,29.9
2022-07-12 23:00:00,0.0,0.981,0.0871,28.1
2022-07-13 00:00:00,0.0,0.989,0.0812,27.62
2022-07-13 01:00:00,0.0,0.996,0.084,26.24
2022-07-13 02:00:00,0.0,1.02,0.0898,25.16
2022-07-13 03:00:00,0.0,1.012,0.0822,25.94
2022-07-13 04:00:00,0.0,1.014,0.0824,25.58
2022-07-13 05:00:00,0.0,0.989,0.0812,27.12
2022-07-13 06:00:00,0.0,0.975,0.0856,26.46
2022-07-13 07:00:00,0.0,0.978,0.0768,28.01
2022-07-13 08:00:00,0.0,0.994,0.0816,29.26
2022-07-13 09:00:00,3.05,1.004,0.0897,29.9
2022-07-13 10:00:00,7.05,1.025,0.1163,30.08
2022-07-13 11:00:00,12.68,1.119,0.1627,29.84
2022-07-13 12:00:00,17.06,1.339,0.2395,30.37
2022-07-13 13:00:00,20.76,1.571,0.3171,31.08
2022-07-13 14:00:00,28.5,1.906,0.4216,31.16
2022-07-13 15:00:00,20.76,2.3,0.4962,31.96
2022-07-13 16:00:00,23.48,2.65,0.4981,31.48
2022-07-13 17:00:00,24.15,3.065,0.5,30.81
2022-07-13 18:00:00,18.13,3.54,0.4996,30.3
2022-07-13 19:00:00,18.03,3.993,0.4973,29.4
2022-07-13 20:00:00,11.51,4.449,0.4998,29.85
2022-07-13 21:00:00,9.62,4.783,0.5,28.67
2022-07-13 22:00:00,2.61,5.046,0.5,28.71
2022-07-13 23:00:00,0.0,5.142,0.49,27.96
2022-07-14 00:00:00,0.0,5.112,0.4879,27.06
2022-07-14 01:00:00,0.0,4.968,0.4864,26.85
2022-07-14 02:00:00,0.0,4.716,0.4832,25.39
2022-07-14 03:00:00,0.0,4.418,0.4826,26.32
2022-07-14 04:00:00,0.0,4.075,0.4745,26.33
2022-07-14 05:00:00,0.0,3.791,0.4721,26.43
2022-07-14 06:00:00,0.0,3.47,0.4598,26.76
2022-07-14 07:00:00,0.0,3.164,0.4609,28.01
2022-07-14 08:00:00,0.0,2.936,0.4597,29.18
2022-07-14 09:00:00,0.0,2.719,0.4589,29.29
2022-07-14 10:00:00,0.0,2.542,0.4444,31.33
2022-07-14 11:00:00,0.0,2.345,0.4429,32.86
2022-07-14 12:00:00,0.0,2.2,0.4332,32.79
2022-07-14 13:00:00,0.0,2.096,0.4328,34.11
2022-07-14 14:00:00,0.0,2.022,0.4315,34.09
2022-07-14 15:00:00,0.0,1.934,0.4261,34.13
2022-07-14 16:00:00,0.0,1.815,0.4184,33.51
2022-07-14 17:00:00,0.0,1.739,0.413,33.29
2022-07-14 18:00:00,0.0,1.71,0.4171,32.33
2022-07-14 19:00:00,0.0,1.684,0.4041,32.47
2022-07-14 20:00:00,0.0,1.641,0.399,30.66
2022-07-14 21:00:00,0.0,1.611,0.3948,30.87
2022-07-14 22:00:00,0.0,,0.3882,29.18
2022-07-14 23:00:00,0.0,,0.3903,28.19
2022-07-15 00:00:00,0.0,,0.3876,26.5
2022-07-15 01:00:00,0.0,,0.3841,26.86
2022-07-15 02:00:00,0.0,,0.3814,26.02
2022-07-15 03:00:00,0.0,1.505,0.3741,
2022-07-15 04:00:00,0.0,1.502,0.3723,25.8
2022-07-15 05:00:00,0.0,1.53,0.3731,25.91
2022-07-15 06:00:00,0.0,1.518,0.365,27.17
2022-07-15 07:00:00,0.0,1.542,0.3614,27.91
2022-07-15 08:00:00,0.0,1.539,0.3626,28.3
2022-07-15 09:00:00,0.0,1.535,0.3536,30.25
2022-07-15 10:00:00,0.0,1.508,0.3487,32.09
2022-07-15 11:00:00,0.0,1.509,0.3453,31.28
2022-07-15 12:00:00,0.0,1.491,0.3527,32.76
2022-07-15 13:00:00,0.0,1.479,0.3436,34.28
2022-07-15 14:00:00,0.0,1.48,0.3385,33.46
2022-07-15 15:00:00,0.0,1.48,0.3299,34.21
2022-07-15 16:00:00,0.0,1.454,0.3304,34.05
2022-07-15 17:00:00,0.0,1.423,0.3302,33.78
2022-07-15 18:00:00,0.0,1.41,0.3224,33.73
2022-07-15 19:00:00,0.0,1.403,0.3147,31.1
2022-07-15 20:00:00,0.0,1.406,0.3163,31.12
2022-07-15 21:00:00,0.0,1.388,0.3111,29.74
2022-07-15 22:00:00,0.0,1.422,0.309,28.93
2022-07-15 23:00:00,0.0,1.44,0.3029,28.01
2022-07-16 00:00:00,0.0,1.404,0.3008,27.01
2022-07-16 01:00:00,0.0,1.379,0.2991,25.98
2022-07-16 02:00:00,0.0,1.352,0.2957,25.61
2022-07-16 03:00:00,0.0,1.368,0.2952,27.05
2022-07-16 04:00:00,0.0,1.338,0.2909,25.43
2022-07-16 05:00:00,0.0,1.376,0.2953,27.13
2022-07-16 06:00:00,0.0,1.372,0.2894,26.64
2022-07-16 07:00:00,0.0,1.378,0.2875,28.03
2022-07-16 08:00:00,0.0,1.35,0.282,29.93
2022-07-16 09:00:00,0.0,1.332,0.2735,30.38
2022-07-16 10:00:00,0.0,1.374,0.2792,30.3
2022-07-16 11:00:00,0.0,1.348,0.2734,31.82
2022-07-16 12:00:00,0.0,1.341,0.2719,32.8
2022-07-16 13:00:00,0.0,1.318,0.2673,33.96
2022-07-16 14:00:00,0.0,1.319,0.2578,33.87
2022-07-16 15:00:00,0.0,1.314,0.2601,33.91
2022-07-16 16:00:00,0.0,1.282,0.2558,34.71
2022-07-16 17:00:00,0.0,1.279,0.2559,34.24
2022-07-16 18:00:00,0.0,1.296,0.2538,33.16
2022-07-16 19:00:00,0.0,1.325,0.2562,31.67
2022-07-16 20:00:00,0.0,1.303,0.2486,29.69
2022-07-16 21:00:00,0.0,1.288,0.2431,29.35
2022-07-16 22:00:00,0.0,1.306,0.2413,28.18
2022-07-16 23:00:00,0.0,1.309,0.2419,27.95
2022-07-17 00:00:00,0.0,1.303,0.2407,27.62
2022-07-17 01:00:00,0.0,1.246,0.2323,27.5
2022-07-17 02:00:00,0.0,1.238,0.2332,26.75
2022-07-17 03:00:00,0.0,1.248,0.2316,25.62
2022-07-17 04:00:00,0.0,1.265,0.2252,26.24
2022-07-17 05:00:00,0.0,1.257,0.2302,26.72
2022-07-17 06:00:00,0.0,1.255,0.2268,26.37
2022-07-17 07:00:00,0.0,1.234,0.2235,27.54
2022-07-17 08:00:00,0.0,1.296,0.2227,28.73
2022-07-17 09:00:00,0.0,,0.2216,31.04
2022-07-17 10:00:00,0.0,1.302,0.2231,31.21
2022-07-17 11:00:00,0.0,1.231,0.217,31.32
2022-07-17 12:00:00,0.0,1.178,0.2092,32.6
2022-07-17 13:00:00,0.0,1.191,0.2187,33.67
2022-07-17 14:00:00,0.0,1.211,0.2044,33.72
2022-07-17 15:00:00,0.0,1.228,0.2066,33.8
2022-07-17 16:00:00,0.0,1.232,0.2024,34.21
2022-07-17 17:00:00,0.0,1.195,0.2003,34.14
2022-07-17 18:00:00,0.0,1.195,0.1995,33.42
2022-07-17 19:00:00,0.0,1.181,0.1976,31.83
2022-07-17 20:00:00,0.0,1.209,0.1983,30.93
2022-07-17 21:00:00,0.0,1.211,0.1903,29.83
2022-07-17 22:00:00,0.0,1.196,0.1916,29.47
2022-07-17 23:00:00,0.0,1.142,0.1905,27.79
2022-07-18 00:00:00,0.0,1.149,0.1941,26.18
2022-07-18 01:00:00,0.0,1.176,0.1869,26.75
2022-07-18 02:00:00,0.0,1.175,0.1804,26.37
2022-07-18 03:00:00,0.0,1.166,0.1864,25.77
2022-07-18 04:00:00,0.0,1.153,0.1794,27.04
2022-07-18 05:00:00,0.0,1.173,0.1766,26.24
2022-07-18 06:00:00,0.0,1.19,0.1815,27.85
2022-07-18 07:00:00,0.0,1.171,0.1764,27.3
2022-07-18 08:00:00,0.0,1.151,0.1737,29.08
2022-07-18 09:00:00,0.0,1.152,0.1776,29.57
2022-07-18 10:00:00,0.0,1.144,0.1692,30.97
2022-07-18 11:00:00,0.0,1.133,0.1673,32.35
2022-07-18 12:00:00,0.0,1.135,0.1685,32.52
2022-07-18 13:00:00,0.0,1.125,0.1584,33.09
2022-07-18 14:00:00,0.0,1.132,0.1637,33.73
2022-07-18 15:00:00,0.0,1.164,0.1615,35.85
2022-07-18 16:00:00,0.0,1.129,0.1568,33.94
2022-07-18 17:00:00,0.0,1.145,0.1575,33.51
2022-07-18 18:00:00,0.0,1.124,0.1566,33.02
2022-07-18 19:00:00,0.0,1.13,0.154,31.12
2022-07-18 20:00:00,3.27,1.18,0.1681,31.14
2022-07-18 21:00:00,7.15,1.223,0.1934,29.61
2022-07-18 22:00:00,13.05,1.335,0.2427,26.74
2022-07-18 23:00:00,15.89,1.485,0.3066,27.59
2022-07-19 00:00:00,8.82,1.646,0.338,26.26
2022-07-19 01:00:00,7.32,1.854,0.3728,25.21
2022-07-19 02:00:00,5.93,2.06,0.3876,25.67
2022-07-19 03:00:00,4.75,2.225,0.3988,25.04
2022-07-19 04:00:00,1.75,2.323,0.399,25.12
2022-07-19 05:00:00,0.0,2.383,0.3987,26.37
2022-07-19 06:00:00,0.0,2.418,0.3911,27.02
2022-07-19 07:00:00,0.0,2.472,0.3957,27.18
2022-07-19 08:00:00,0.0,2.423,0.3891,28.54
2022-07-19 09:00:00,0.0,2.364,0.3838,29.45
2022-07-19 10:00:00,0.0,2.283,0.384,30.82
2022-07-19 11:00:00,0.0,2.186,0.3769,32.29
2022-07-19 12:00:00,0.0,2.112,0.375,32.87
2022-07-19 13:00:00,0.0,2.01,0.3687,33.41
2022-07-19 14:00:00,0.0,1.927,0.3656,32.92
2022-07-19 15:00:00,0.0,1.832,0.365,33.95
2022-07-19 16:00:00,0.0,1.742,0.3598,33.29
2022-07-19 17:00:00,0.0,1.701,0.3574,32.57
2022-07-19 18:00:00,0.0,1.659,0.3502,
2022-07-19 19:00:00,0.0,1.608,0.3401,31.3
2022-07-19 20:00:00,0.0,1.59,0.3398,31.05
2022-07-19 21:00:00,0.0,1.551,0.3337,29.72
2022-07-19 22:00:00,0.0,1.535,0.3381,28.45
2022-07-19 23:00:00,0.0,1.509,0.3322,28.58
2022-07-20 00:00:00,0.0,1.513,0.333,26.83
2022-07-20 01:00:00,0.0,1.511,0.3296,26.23
2022-07-20 02:00:00,0.0,1.497,0.3234,25.73
2022-07-20 03:00:00,0.0,1.462,0.3263,26.05
2022-07-20 04:00:00,0.0,1.477,0.3212,26.01
2022-07-20 05:00:00,0.0,1.461,0.3159,26.14
2022-07-20 06:00:00,0.0,1.484,0.3142,26.67
2022-07-20 07:00:00,0.0,1.445,0.3143,27.94
2022-07-20 08:00:00,0.0,1.434,0.3085,28.6
2022-07-20 09:00:00,0.0,1.414,0.3019,30.82
2022-07-20 10:00:00,0.0,1.428,0.2973,30.73
2022-07-20 11:00:00,0.0,1.436,0.2968,32.12
2022-07-20 12:00:00,0.0,1.411,0.2922,32.74
2022-07-20 13:00:00,0.0,1.419,0.2915,33.28
2022-07-20 14:00:00,0.0,1.398,0.286,34.27
2022-07-20 15:00:00,0.0,1.381,0.283,34.25
2022-07-20 16:00:00,0.0,1.389,0.2845,34.1
2022-07-20 17:00:00,0.0,1.364,0.2826,33.7
2022-07-20 18:00:00,0.0,1.366,0.2723,31.98
2022-07-20 19:00:00,0.0,1.34,0.2706,32.18
2022-07-20 20:00:00,0.0,1.328,0.2681,30.87
2022-07-20 21:00:00,0.0,1.337,0.2671,29.7
2022-07-20 22:00:00,0.0,1.32,0.2645,30.65
2022-07-20 23:00:00,0.0,1.305,0.2596,27.22
2022-07-21 00:00:00,0.0,1.278,0.2603,27.08
2022-07-21 01:00:00,0.0,1.245,0.2552,26.4
2022-07-21 02:00:00,0.0,1.24,0.2533,26.04
2022-07-21 03:00:00,0.0,1.263,0.2496,25.44
2022-07-21 04:00:00,0.0,1.275,0.2533,26.2
2022-07-21 05:00:00,0.0,1.298,0.2508,25.92
2022-07-21 06:00:00,0.0,1.264,0.2469,27.26
2022-07-21 07:00:00,0.0,1.305,0.2456,28.03
2022-07-21 08:00:00,0.0,1.297,0.2446,28.79
2022-07-21 09:00:00,0.0,1.28,0.2412,29.91
2022-07-21 10:00:00,0.0,1.266,0.2385,31.78
2022-07-21 11:00:00,0.0,1.248,0.2325,32.24
2022-07-21 12:00:00,0.0,1.268,0.2267,32.86
2022-07-21 13:00:00,1.27,1.272,0.2312,33.5
2022-07-21 14:00:00,4.28,1.31,0.2547,33.4
2022-07-21 15:00:00,7.14,1.346,0.2731,33.51
2022-07-21 16:00:00,7.98,1.433,0.3075,32.71
2022-07-21 17:00:00,11.18,1.583,0.3456,33.4
2022-07-21 18:00:00,14.17,1.782,0.3969,31.45
2022-07-21 19:00:00,14.29,2.008,0.4472,31.93
2022-07-21 20:00:00,16.16,2.311,0.4979,30.48
2022-07-21 21:00:00,15.21,2.556,0.4996,28.18
2022-07-21 22:00:00,12.73,2.846,0.4996,27.76
2022-07-21 23:00:00,14.65,3.119,0.5,26.67
2022-07-22 00:00:00,12.6,3.38,0.498,26.32
2022-07-22 01:00:00,8.35,3.7,0.4981,25.71
2022-07-22 02:00:00,7.28,3.942,0.5,25.95
2022-07-22 03:00:00,5.6,4.13,0.5,24.5
2022-07-22 04:00:00,4.17,4.204,0.5,25.35
2022-07-22 05:00:00,1.43,4.262,0.5,26.24
2022-07-22 06:00:00,0.0,4.178,0.4952,26.78
2022-07-22 07:00:00,0.0,4.018,0.4911,27.07
2022-07-22 08:00:00,0.0,3.775,0.4858,29.35
2022-07-22 09:00:00,0.0,3.572,0.4807,29.39
2022-07-22 10:00:00,0.0,3.33,0.4785,30.64
2022-07-22 11:00:00,0.0,3.143,0.4734,32.32
2022-07-22 12:00:00,0.0,2.932,0.4655,33.38
2022-07-22 13:00:00,0.0,2.757,0.4593,33.12
2022-07-22 14:00:00,0.0,2.532,0.4543,33.28
2022-07-22 15:00:00,0.0,2.396,0.4525,33.53
2022-07-22 16:00:00,0.0,2.246,0.4429,34.36
2022-07-22 17:00:00,0.0,2.18,0.4371,33.99
2022-07-22 18:00:00,0.0,2.059,0.436,32.94
2022-07-22 19:00:00,0.0,1.982,0.4303,32.06
2022-07-22 20:00:00,0.0,1.863,0.4257,30.31
2022-07-22 21:00:00,0.0,1.836,0.4243,30.17
2022-07-22 22:00:00,0.0,1.754,0.4176,29.3
2022-07-22 23:00:00,0.0,1.745,0.4119,28.02
2022-07-23 00:00:00,0.0,1.72,0.4107,27.2
2022-07-23 01:00:00,0.0,1.688,0.4048,25.95
2022-07-23 02:00:00,0.0,1.677,0.4059,26.65
2022-07-23 03:00:00,0.0,1.654,0.4001,25.25
2022-07-23 04:00:00,0.0,1.666,0.3935,26.06
2022-07-23 05:00:00,0.0,1.653,0.3936,26.69
2022-07-23 06:00:00,0.0,1.617,0.3872,27.67
2022-07-23 07:00:00,0.0,1.61,0.389,28.45
2022-07-23 08:00:00,0.0,1.566,0.3819,29.46
2022-07-23 09:00:00,0.0,1.552,0.3803,29.78
2022-07-23 10:00:00,0.0,1.528,0.3724,32.13
2022-07-23 11:00:00,0.0,1.57,0.3696,32.47
2022-07-23 12:00:00,0.0,1.564,0.3673,32.58
2022-07-23 13:00:00,0.0,1.555,0.3615,33.25
2022-07-23 14:00:00,0.0,1.514,0.3551,34.17
2022-07-23 15:00:00,0.0,1.523,0.3558,33.69
2022-07-23 16:00:00,0.0,1.5,0.3505,33.15
2022-07-23 17:00:00,0.0,1.496,0.3424,33.43
2022-07-23 18:00:00,0.0,1.484,0.3409,31.62
2022-07-23 19:00:00,0.0,1.499,0.3358,32.11
2022-07-23 20:00:00,0.0,1.463,0.3333,31.28
2022-07-23 21:00:00,0.0,1.455,0.33,29.8
2022-07-23 22:00:00,0.0,1.463,0.3274,29.47
2022-07-23 23:00:00,0.0,1.498,0.3208,28.35
2022-07-24 00:00:00,0.0,1.511,0.321,26.58
2022-07-24 01:00:00,0.0,1.471,0.3224,26.47
2022-07-24 02:00:00,0.0,1.406,0.322,25.79
2022-07-24 03:00:00,0.0,1.384,0.3108,25.75
2022-07-24 04:00:00,0.0,1.443,0.3148,26.63
2022-07-24 05:00:00,0.0,1.469,0.3155,26.76
2022-07-24 06:00:00,0.0,1.435,0.3055,26.73
2022-07-24 07:00:00,0.0,1.405,0.3048,28.03
2022-07-24 08:00:00,0.0,1.45,0.3035,28.5
2022-07-24 09:00:00,0.0,1.442,0.2962,29.67
2022-07-24 10:00:00,0.0,1.443,0.2972,31.72
2022-07-24 11:00:00,0.0,1.381,0.2904,33.19
2022-07-24 12:00:00,,1.38,0.2905,33.63
2022-07-24 13:00:00,0.0,1.393,0.2889,33.52
2022-07-24 14:00:00,0.0,1.38,0.2849,33.87
2022-07-24 15:00:00,0.0,1.378,0.2768,34.43
2022-07-24 16:00:00,0.0,1.375,0.2764,33.83
2022-07-24 17:00:00,0.0,1.36,0.2701,32.67
2022-07-24 18:00:00,0.0,1.347,0.265,33.65
2022-07-24 19:00:00,0.0,1.365,0.2649,31.32
2022-07-24 20:00:00,0.0,1.358,0.2652,31.56
2022-07-24 21:00:00,0.0,1.331,0.2593,30.3
2022-07-24 22:00:00,0.0,1.306,0.2619,29.81
2022-07-24 23:00:00,0.0,1.319,0.2554,28.35
2022-07-25 00:00:00,0.0,1.295,0.2497,26.78
2022-07-25 01:00:00,0.0,1.27,0.2499,26.98
2022-07-25 02:00:00,0.0,1.245,0.2467,25.86
2022-07-25 03:00:00,0.0,1.27,0.2505,25.42
2022-07-25 04:00:00,0.0,1.274,0.2461,25.12
2022-07-25 05:00:00,0.0,1.293,0.2423,26.38
2022-07-25 06:00:00,0.0,1.312,0.2427,26.23
2022-07-25 07:00:00,0.0,1.292,0.2358,28.62
2022-07-25 08:00:00,0.0,1.277,0.2325,28.08
2022-07-25 09:00:00,0.0,1.253,0.2299,29.71
2022-07-25 10:00:00,0.0,1.301,0.2257,30.77
2022-07-25 11:00:00,0.0,1.288,0.2255,31.99
2022-07-25 12:00:00,0.0,1.298,0.2279,32.3
2022-07-25 13:00:00,0.0,1.285,0.2258,33.94
2022-07-25 14:00:00,0.0,1.244,0.2184,33.85
2022-07-25 15:00:00,0.0,1.25,0.2124,33.89
2022-07-25 16:00:00,0.0,1.211,0.2148,33.44
2022-07-25 17:00:00,0.0,1.22,0.215,33.64
2022-07-25 18:00:00,0.0,1.198,0.2136,33.43
2022-07-25 19:00:00,0.0,1.204,0.2094,33.25
2022-07-25 20:00:00,0.0,1.226,0.2035,30.47
2022-07-25 21:00:00,0.0,1.24,0.2067,29.84
2022-07-25 22:00:00,0.0,1.229,0.2038,27.91
2022-07-25 23:00:00,0.0,1.246,0.203,28.24
2022-07-26 00:00:00,0.0,1.244,0.1964,26.38
2022-07-26 01:00:00,0.0,1.258,0.1989,26.56
2022-07-26 02:00:00,0.0,1.234,0.1982,26.64
2022-07-26 03:00:00,0.0,1.214,0.1899,25.68
2022-07-26 04:00:00,0.0,1.208,0.1906,25.56
2022-07-26 05:00:00,0.0,1.173,0.1861,27.09
2022-07-26 06:00:00,0.0,1.152,0.1866,27.42
2022-07-26 07:00:00,0.0,1.147,0.187,27.33
2022-07-26 08:00:00,0.0,1.158,0.1812,28.93
2022-07-26 09:00:00,0.0,1.152,0.187,29.46
2022-07-26 10:00:00,0.0,1.136,0.1851,31.46
2022-07-26 11:00:00,0.0,1.142,0.1794,31.95
2022-07-26 12:00:00,0.0,1.155,0.1758,33.48
2022-07-26 13:00:00,0.0,1.168,0.1756,32.89
2022-07-26 14:00:00,0.0,1.147,0.1781,33.87
2022-07-26 15:00:00,0.0,1.134,0.1736,33.88
2022-07-26 16:00:00,0.0,1.123,0.1643,33.88
2022-07-26 17:00:00,0.0,1.096,0.1611,33.07
2022-07-26 18:00:00,0.0,1.097,0.1633,31.59
2022-07-26 19:00:00,0.0,1.099,0.1641,32.23
2022-07-26 20:00:00,0.0,1.11,0.1574,30.95
2022-07-26 21:00:00,1.15,1.103,0.1649,29.36
2022-07-26 22:00:00,2.53,1.11,0.1691,28.35
2022-07-26 23:00:00,4.57,1.162,0.1909,26.85
2022-07-27 00:00:00,5.87,1.241,0.2135,25.53
2022-07-27 01:00:00,8.31,1.328,0.2494,26.1
2022-07-27 02:00:00,11.27,1.459,0.287,25.17
2022-07-27 03:00:00,9.57,1.624,0.3224,24.24
2022-07-27 04:00:00,10.48,1.845,0.3666,26.23
2022-07-27 05:00:00,10.95,2.088,0.4055,24.75
2022-07-27 06:00:00,14.43,2.357,0.458,25.96
2022-07-27 07:00:00,15.02,2.604,0.4991,26.38
2022-07-27 08:00:00,16.57,2.813,0.5,26.55
2022-07-27 09:00:00,16.66,3.053,0.4978,28.39
2022-07-27 10:00:00,12.13,3.342,0.4956,29.61
2022-07-27 11:00:00,16.22,3.595,0.4994,29.94
2022-07-27 12:00:00,14.94,3.874,0.4991,31.87
2022-07-27 13:00:00,12.95,4.121,0.5,32.36
2022-07-27 14:00:00,10.39,4.365,0.5,33.06
2022-07-27 15:00:00,10.65,4.532,0.5,32.7
2022-07-27 16:00:00,8.57,4.622,0.4923,33.06
2022-07-27 17:00:00,6.13,4.665,0.499,32.71
2022-07-27 18:00:00,3.81,4.664,0.5,32.57
2022-07-27 19:00:00,2.98,4.634,0.4968,31.09
2022-07-27 20:00:00,0.99,4.555,0.4982,29.63
2022-07-27 21:00:00,0.0,4.407,0.4965,30.55
2022-07-27 22:00:00,1.42,4.176,0.4934,28.69
2022-07-27 23:00:00,3.13,3.956,0.5,27.85
2022-07-28 00:00:00,5.36,3.717,0.4982,26.15
2022-07-28 01:00:00,7.44,3.549,0.4999,25.54
2022-07-28 02:00:00,10.18,3.388,0.5,25.74
2022-07-28 03:00:00,8.92,3.265,0.4967,25.15
2022-07-28 04:00:00,12.4,3.224,0.4976,25.86
2022-07-28 05:00:00,11.32,3.227,0.5,25.71
2022-07-28 06:00:00,10.01,3.323,0.4976,25.7
2022-07-28 07:00:00,9.05,3.434,0.5,27.18
2022-07-28 08:00:00,9.15,3.582,0.5,28.75
2022-07-28 09:00:00,7.68,3.65,0.5,29.2
2022-07-28 10:00:00,5.01,3.715,0.5,30.72
2022-07-28 11:00:00,3.6,3.768,0.5,32.21
2022-07-28 12:00:00,1.23,3.801,0.5,31.39
2022-07-28 13:00:00,0.0,3.745,0.4943,33.68
2022-07-28 14:00:00,0.0,3.623,0.4868,34.4
2022-07-28 15:00:00,0.0,3.526,0.485,33.48
2022-07-28 16:00:00,0.0,3.325,0.4746,34.25
2022-07-28 17:00:00,0.0,3.126,0.4754,33.32
2022-07-28 18:00:00,0.0,2.86,0.4648,31.84
2022-07-28 19:00:00,0.0,2.732,0.4601,32.26
2022-07-28 20:00:00,0.0,2.595,0.4535,30.89
2022-07-28 21:00:00,0.0,2.452,0.4495,29.82
2022-07-28 22:00:00,0.0,2.333,0.4512,29.15
2022-07-28 23:00:00,0.0,2.183,0.4447,27.39
2022-07-29 00:00:00,0.0,2.081,0.4395,
2022-07-29 01:00:00,0.0,1.954,0.4421,25.92
2022-07-29 02:00:00,0.0,1.893,0.4326,26.74
2022-07-29 03:00:00,0.0,1.851,0.4284,26.41
2022-07-29 04:00:00,0.0,1.817,0.4214,26.75
2022-07-29 05:00:00,0.0,1.797,0.4187,26.61
2022-07-29 06:00:00,0.0,1.747,0.4146,26.8
2022-07-29 07:00:00,0.0,1.712,0.4116,27.48
2022-07-29 08:00:00,0.0,1.674,0.4084,28.42
2022-07-29 09:00:00,0.0,1.691,0.4049,29.76
2022-07-29 10:00:00,0.0,1.69,0.4037,30.54
2022-07-29 11:00:00,0.0,1.659,0.3972,32.01
2022-07-29 12:00:00,0.0,1.638,0.3983,32.27
2022-07-29 13:00:00,0.0,1.606,0.3904,33.0
2022-07-29 14:00:00,0.75,1.6,0.385,33.44
2022-07-29 15:00:00,2.55,1.602,0.3943,33.2
2022-07-29 16:00:00,4.69,1.62,0.4078,33.07
2022-07-29 17:00:00,7.1,1.687,0.4354,32.89
2022-07-29 18:00:00,8.49,1.828,0.463,31.38
2022-07-29 19:00:00,8.71,2.005,0.4909,30.37
2022-07-29 20:00:00,10.44,2.169,0.5,29.75
2022-07-29 21:00:00,10.31,2.311,0.5,28.24
2022-07-29 22:00:00,10.31,2.494,0.5,28.45
2022-07-29 23:00:00,8.97,2.699,0.5,26.6
2022-07-30 00:00:00,9.19,2.897,0.5,26.11
2022-07-30 01:00:00,9.22,3.094,0.5,25.67
2022-07-30 02:00:00,10.15,3.244,0.4998,24.32
2022-07-30 03:00:00,7.65,3.399,0.4939,24.64
2022-07-30 04:00:00,7.01,3.519,0.4945,24.95
2022-07-30 05:00:00,3.96,3.617,0.4996,26.36
2022-07-30 06:00:00,2.22,3.647,0.4983,27.69
2022-07-30 07:00:00,1.08,3.642,0.4996,28.65
2022-07-30 08:00:00,0.0,3.621,0.4977,29.43
2022-07-30 09:00:00,0.0,3.501,0.4876,29.21
2022-07-30 10:00:00,0.0,3.34,0.4802,30.43
2022-07-30 11:00:00,0.0,3.12,0.4757,32.52
2022-07-30 12:00:00,0.0,2.934,0.4712,33.42
2022-07-30 13:00:00,0.0,2.787,0.4653,33.69
2022-07-30 14:00:00,0.0,2.664,0.4634,34.09
2022-07-30 15:00:00,0.0,2.512,0.4626,33.61
2022-07-30 16:00:00,0.0,2.343,0.4544,34.55
2022-07-30 17:00:00,0.0,2.214,0.4495,32.93
2022-07-30 18:00:00,0.0,2.145,0.4433,31.85
2022-07-30 19:00:00,0.0,2.048,0.4341,32.23
2022-07-30 20:00:00,0.0,1.981,0.4401,30.57
2022-07-30 21:00:00,0.0,1.881,0.4282,29.18
2022-07-30 22:00:00,0.0,1.843,0.4273,29.23
2022-07-30 23:00:00,0.0,1.802,0.4146,26.91
2022-07-31 00:00:00,0.0,1.784,0.4173,27.21
2022-07-31 01:00:00,0.0,1.777,0.4135,26.12
2022-07-31 02:00:00,0.0,1.718,0.4096,26.75
2022-07-31 03:00:00,0.0,1.674,0.4028,26.04
2022-07-31 04:00:00,0.0,1.629,0.4041,26.48
2022-07-31 05:00:00,0.0,1.618,0.4038,25.8
2022-07-31 06:00:00,0.0,1.593,0.403,26.14
2022-07-31 07:00:00,0.0,1.573,0.3981,27.63
2022-07-31 08:00:00,0.0,1.574,0.3931,29.08
2022-07-31 09:00:00,0.0,1.576,0.3906,29.85
2022-07-31 10:00:00,0.0,1.54,0.3869,31.42
2022-07-31 11:00:00,0.0,1.5,0.3745,32.08
2022-07-31 12:00:00,0.0,1.497,0.3739,32.11
2022-07-31 13:00:00,,1.504,0.3651,33.51
2022-07-31 14:00:00,0.0,1.529,0.3663,33.76
2022-07-31 15:00:00,0.0,1.52,0.3596,34.45
2022-07-31 16:00:00,0.0,1.504,0.3559,33.21
2022-07-31 17:00:00,0.0,1.496,0.3515,32.94
2022-07-31 18:00:00,0.0,1.483,0.3409,32.84
2022-07-31 19:00:00,0.0,1.475,0.3388,32.52
2022-07-31 20:00:00,0.0,1.511,0.3436,30.75
2022-07-31 21:00:00,0.0,1.452,0.3356,30.11
2022-07-31 22:00:00,0.0,1.482,0.3375,28.79
2022-07-31 23:00:00,0.0,1.452,0.3309,27.79
2022-08-01 00:00:00,0.0,1.492,0.3236,27.54
2022-08-01 01:00:00,0.0,1.482,0.3213,26.38
2022-08-01 02:00:00,0.0,1.443,0.3208,25.71
2022-08-01 03:00:00,0.0,1.451,0.3174,25.54
2022-08-01 04:00:00,0.0,1.423,0.3173,25.77
2022-08-01 05:00:00,0.0,1.425,0.3156,25.98
2022-08-01 06:00:00,0.0,1.378,0.3131,26.84
2022-08-01 07:00:00,0.0,1.373,0.31,27.82
2022-08-01 08:00:00,0.0,1.368,0.309,28.9
2022-08-01 09:00:00,0.0,1.357,0.3063,29.3
2022-08-01 10:00:00,0.0,1.328,0.2974,30.62
2022-08-01 11:00:00,0.0,1.339,0.2914,31.61
2022-08-01 12:00:00,0.0,1.347,0.2918,32.24
2022-08-01 13:00:00,0.0,1.373,0.2908,32.97
2022-08-01 14:00:00,0.0,1.365,0.2855,34.11
2022-08-01 15:00:00,0.0,1.37,0.2856,34.47
2022-08-01 16:00:00,0.0,1.345,0.2765,33.5
2022-08-01 17:00:00,0.0,1.36,0.2821,32.9
2022-08-01 18:00:00,0.0,1.346,0.2767,32.58
2022-08-01 19:00:00,0.0,1.331,0.2702,31.83
2022-08-01 20:00:00,0.0,1.313,0.2662,31.17
2022-08-01 21:00:00,0.0,1.337,0.2654,29.59
2022-08-01 22:00:00,0.0,1.343,0.2668,28.49
2022-08-01 23:00:00,0.0,1.342,0.2597,29.02
2022-08-02 00:00:00,0.0,1.299,0.2569,26.3
2022-08-02 01:00:00,0.0,1.308,0.2564,26.76
2022-08-02 02:00:00,0.0,1.29,0.2504,26.65
2022-08-02 03:00:00,0.0,1.301,0.2553,25.65
2022-08-02 04:00:00,0.0,1.288,0.2518,26.13
2022-08-02 05:00:00,0.0,1.265,0.2506,25.47
2022-08-02 06:00:00,0.0,1.264,0.2499,26.96
2022-08-02 07:00:00,0.0,1.252,0.241,28.35
2022-08-02 08:00:00,0.0,1.295,0.2411,28.8
2022-08-02 09:00:00,0.0,1.311,0.2384,29.79
2022-08-02 10:00:00,0.0,1.316,0.2409,31.68
2022-08-02 11:00:00,0.0,1.296,0.2324,32.18
2022-08-02 12:00:00,0.0,1.254,0.2256,32.96
2022-08-02 13:00:00,0.0,1.279,0.227,32.83
2022-08-02 14:00:00,0.0,1.252,0.2286,32.41
2022-08-02 15:00:00,0.0,1.271,0.2249,33.96
2022-08-02 16:00:00,0.0,1.251,0.2205,33.64
2022-08-02 17:00:00,0.0,1.259,0.2171,33.62
2022-08-02 18:00:00,0.0,,0.2168,32.66
2022-08-02 19:00:00,0.0,,0.2152,31.8
2022-08-02 20:00:00,0.0,,0.2119,30.82
2022-08-02 21:00:00,0.0,,0.2082,29.22
2022-08-02 22:00:00,0.0,1.201,0.2072,27.82
2022-08-02 23:00:00,0.0,1.21,0.2038,27.33
2022-08-03 00:00:00,0.0,1.206,0.2068,26.37
2022-08-03 01:00:00,0.0,1.181,0.2016,26.27
2022-08-03 02:00:00,0.0,1.136,0.1975,25.07
2022-08-03 03:00:00,0.0,1.164,0.2055,25.51
2022-08-03 04:00:00,0.0,1.175,0.1948,26.85
2022-08-03 05:00:00,0.0,1.253,0.1926,26.25
2022-08-03 06:00:00,0.0,1.257,0.19,26.95
2022-08-03 07:00:00,0.0,1.266,0.1898,27.76
2022-08-03 08:00:00,0.0,1.218,0.1922,28.82
2022-08-03 09:00:00,0.0,1.198,0.1834,29.49
2022-08-03 10:00:00,0.0,1.175,0.1867,30.71
2022-08-03 11:00:00,0.0,1.165,0.1825,31.48
2022-08-03 12:00:00,0.0,1.158,0.1798,31.83
2022-08-03 13:00:00,0.0,1.145,0.1749,33.8
2022-08-03 14:00:00,0.0,1.181,0.178,33.18
2022-08-03 15:00:00,0.0,1.177,0.1709,34.55
2022-08-03 16:00:00,0.0,1.175,0.1732,33.23
2022-08-03 17:00:00,0.0,1.156,0.1731,32.54
2022-08-03 18:00:00,0.0,1.144,0.1634,33.55
2022-08-03 19:00:00,2.47,1.169,0.1804,30.77
2022-08-03 20:00:00,6.93,1.215,0.1984,28.96
2022-08-03 21:00:00,10.09,1.331,0.2482,28.02
2022-08-03 22:00:00,10.08,1.467,0.2803,27.64
2022-08-03 23:00:00,9.72,1.624,0.3148,26.11
2022-08-04 00:00:00,6.49,1.788,0.3413,25.97
2022-08-04 01:00:00,2.03,1.902,0.3433,25.05
2022-08-04 02:00:00,0.0,1.975,0.3358,26.41
2022-08-04 03:00:00,0.0,2.076,0.3436,25.94
2022-08-04 04:00:00,0.0,2.098,0.3364,25.24
2022-08-04 05:00:00,0.0,2.088,0.335,25.11
2022-08-04 06:00:00,0.0,2.036,0.3314,26.45
2022-08-04 07:00:00,0.0,1.986,0.3263,28.06
2022-08-04 08:00:00,0.0,1.972,0.3223,29.23
2022-08-04 09:00:00,0.0,1.936,0.3246,29.61
2022-08-04 10:00:00,0.0,,0.3207,30.52
2022-08-04 11:00:00,0.0,1.824,0.3156,31.44
2022-08-04 12:00:00,0.0,1.754,0.3153,32.71
2022-08-04 13:00:00,0.0,1.626,0.3084,33.64
2022-08-04 14:00:00,0.0,1.573,0.3085,33.52
2022-08-04 15:00:00,0.0,1.513,0.3061,33.54
2022-08-04 16:00:00,0.0,1.483,0.3014,33.99
2022-08-04 17:00:00,0.88,1.469,0.2995,33.85
2022-08-04 18:00:00,2.87,1.461,0.3035,32.13
2022-08-04 19:00:00,4.45,1.507,0.3224,31.33
2022-08-04 20:00:00,5.6,1.524,0.3388,29.83
2022-08-04 21:00:00,5.16,1.622,0.3598,29.26
2022-08-04 22:00:00,6.4,1.739,0.3848,27.59
2022-08-04 23:00:00,4.7,1.855,0.395,27.97
2022-08-05 00:00:00,3.44,1.962,0.4022,26.98
2022-08-05 01:00:00,3.12,2.05,0.4166,26.8
2022-08-05 02:00:00,1.44,2.136,0.4169,25.42
2022-08-05 03:00:00,0.75,2.168,0.4209,26.67
2022-08-05 04:00:00,0.81,2.196,0.4162,25.89
2022-08-05 05:00:00,0.96,2.204,0.4161,26.08
2022-08-05 06:00:00,0.86,2.208,0.4164,27.42
2022-08-05 07:00:00,0.89,2.218,0.4169,27.11
2022-08-05 08:00:00,1.11,2.153,0.4105,28.58
2022-08-05 09:00:00,1.02,2.132,0.414,29.53
2022-08-05 10:00:00,0.89,2.075,0.419,30.87
2022-08-05 11:00:00,0.95,2.014,0.4131,31.39
2022-08-05 12:00:00,1.08,2.006,0.4148,32.16
2022-08-05 13:00:00,1.07,1.977,0.4139,32.88
2022-08-05 14:00:00,0.94,1.954,0.4116,33.33
2022-08-05 15:00:00,0.84,1.915,0.4118,33.67
2022-08-05 16:00:00,0.76,1.894,0.4074,34.14
2022-08-05 17:00:00,0.5,1.859,0.4036,32.05
2022-08-05 18:00:00,0.47,1.837,0.406,32.88
2022-08-05 19:00:00,0.34,1.828,0.4073,31.44
2022-08-05 20:00:00,0.24,1.788,0.4015,30.63
2022-08-05 21:00:00,0.05,1.772,0.3979,29.16
2022-08-05 22:00:00,,1.774,0.395,28.7
2022-08-05 23:00:00,0.0,1.712,0.3889,27.51
2022-08-06 00:00:00,0.0,1.684,0.385,26.75
2022-08-06 01:00:00,0.0,1.581,0.379,26.51
2022-08-06 02:00:00,0.0,1.647,0.3808,26.14
2022-08-06 03:00:00,0.0,1.608,0.376,26.4
2022-08-06 04:00:00,0.0,1.632,0.37,25.53
2022-08-06 05:00:00,0.0,1.573,0.3679,26.56
2022-08-06 06:00:00,0.0,1.593,0.3622,27.18
2022-08-06 07:00:00,0.0,1.621,0.3638,27.73
2022-08-06 08:00:00,0.0,1.61,0.3634,29.49
2022-08-06 09:00:00,0.0,1.527,0.3518,29.37
2022-08-06 10:00:00,0.0,1.507,0.3547,30.8
2022-08-06 11:00:00,0.0,1.528,0.3514,31.84
2022-08-06 12:00:00,0.0,1.517,0.3406,31.92
2022-08-06 13:00:00,0.0,1.469,0.3339,33.78
2022-08-06 14:00:00,0.0,1.482,0.3364,33.5
2022-08-06 15:00:00,0.0,1.473,0.3318,33.91
2022-08-06 16:00:00,0.0,1.476,0.3278,34.34
2022-08-06 17:00:00,0.0,1.452,0.3281,33.26
2022-08-06 18:00:00,0.0,1.415,0.3201,32.54
2022-08-06 19:00:00,0.18,1.42,0.3257,31.7
2022-08-06 20:00:00,,1.376,0.3129,30.16
2022-08-06 21:00:00,0.82,1.373,0.3151,29.41
2022-08-06 22:00:00,1.02,1.376,0.3162,28.47
2022-08-06 23:00:00,1.36,1.409,0.3208,27.6
2022-08-07 00:00:00,1.39,1.456,0.3283,27.39
2022-08-07 01:00:00,1.67,1.477,0.3246,26.5
2022-08-07 02:00:00,1.35,1.486,0.3279,25.37
2022-08-07 03:00:00,1.46,1.538,0.3318,25.51
2022-08-07 04:00:00,1.41,1.587,0.3362,26.36
2022-08-07 05:00:00,1.36,1.643,0.3397,25.2
2022-08-07 06:00:00,0.85,1.652,0.3385,26.64
2022-08-07 07:00:00,0.51,1.658,0.3349,26.96
2022-08-07 08:00:00,0.21,1.649,0.336,29.83
2022-08-07 09:00:00,0.0,1.639,0.3372,30.05
2022-08-07 10:00:00,0.0,1.612,0.3323,30.45
2022-08-07 11:00:00,0.0,1.589,0.3246,31.65
2022-08-07 12:00:00,0.0,1.608,0.3227,32.08
2022-08-07 13:00:00,0.0,1.622,0.3202,34.12
2022-08-07 14:00:00,0.0,1.654,0.3179,32.38
2022-08-07 15:00:00,0.0,1.628,0.3162,33.83
2022-08-07 16:00:00,0.0,1.57,0.3088,33.49
2022-08-07 17:00:00,0.0,1.464,0.3011,32.61
2022-08-07 18:00:00,0.0,1.42,0.2967,32.37
2022-08-07 19:00:00,0.0,1.398,0.3,30.85
2022-08-07 20:00:00,0.0,1.392,0.2907,31.48
2022-08-07 21:00:00,0.0,1.421,0.2946,29.68
2022-08-07 22:00:00,0.0,1.437,0.2875,29.09
2022-08-07 23:00:00,0.0,1.427,0.2831,27.42
2022-08-08 00:00:00,0.0,1.395,0.2857,27.48
2022-08-08 01:00:00,0.0,1.35,0.2786,26.19
2022-08-08 02:00:00,0.0,1.327,0.2807,26.31
2022-08-08 03:00:00,0.0,1.35,0.2775,25.92
2022-08-08 04:00:00,0.0,1.349,0.269,25.76
2022-08-08 05:00:00,,1.373,0.2765,26.68
2022-08-08 06:00:00,0.0,1.324,0.2736,28.9
2022-08-08 07:00:00,0.0,1.33,0.2702,27.07
2022-08-08 08:00:00,0.0,1.359,0.2677,28.54
2022-08-08 09:00:00,0.0,1.395,0.2601,28.99
2022-08-08 10:00:00,0.0,1.36,0.263,30.88
2022-08-08 11:00:00,0.0,1.368,0.259,31.75
2022-08-08 12:00:00,0.0,1.299,0.2476,33.44
2022-08-08 13:00:00,0.0,1.315,0.2481,32.98
2022-08-08 14:00:00,0.0,1.252,0.2458,33.98
2022-08-08 15:00:00,0.0,1.267,0.2498,32.6
2022-08-08 16:00:00,0.0,1.247,0.2396,33.58
2022-08-08 17:00:00,0.0,1.266,0.2381,32.67
2022-08-08 18:00:00,0.0,1.276,0.2333,32.76
2022-08-08 19:00:00,0.0,1.259,0.2332,32.22
2022-08-08 20:00:00,0.0,1.27,0.2353,30.38
2022-08-08 21:00:00,0.0,1.235,0.2256,29.91
2022-08-08 22:00:00,0.0,1.25,0.2292,28.43
2022-08-08 23:00:00,0.0,1.251,0.2231,27.66
2022-08-09 00:00:00,0.0,1.257,0.2294,26.99
2022-08-09 01:00:00,0.0,1.246,0.2222,25.65
2022-08-09 02:00:00,0.0,1.219,0.2198,25.25
2022-08-09 03:00:00,0.0,1.251,0.2165,26.05
2022-08-09 04:00:00,0.0,1.254,0.2171,25.41
2022-08-09 05:00:00,0.0,1.248,0.2101,26.79
2022-08-09 06:00:00,0.0,1.222,0.213,25.9
2022-08-09 07:00:00,0.0,1.222,0.209,28.08
2022-08-09 08:00:00,0.0,1.211,0.2069,28.58
2022-08-09 09:00:00,0.0,1.219,0.2129,29.57
2022-08-09 10:00:00,0.0,1.196,0.2088,30.72
2022-08-09 11:00:00,0.0,1.2,0.2069,30.89
2022-08-09 12:00:00,0.0,1.218,0.2028,33.0
2022-08-09 13:00:00,0.0,1.213,0.1992,32.86
2022-08-09 14:00:00,0.0,1.192,0.2002,33.06
2022-08-09 15:00:00,0.0,1.137,0.1944,34.7
2022-08-09 16:00:00,0.0,1.188,0.1931,33.3
2022-08-09 17:00:00,0.0,1.197,0.1933,32.65
2022-08-09 18:00:00,0.0,1.246,0.1895,32.85
2022-08-09 19:00:00,0.0,1.187,0.1864,31.75
2022-08-09 20:00:00,0.0,1.183,0.1855,31.16
2022-08-09 21:00:00,,1.145,0.1832,29.62
2022-08-09 22:00:00,1.59,1.172,0.189,28.9
2022-08-09 23:00:00,2.26,1.203,0.1966,28.42
2022-08-10 00:00:00,3.48,1.217,0.2034,26.03
2022-08-10 01:00:00,4.99,1.237,0.2231,25.4
2022-08-10 02:00:00,5.84,1.311,0.2491,24.34
2022-08-10 03:00:00,5.95,1.41,0.2691,25.18
2022-08-10 04:00:00,7.91,1.525,0.2982,25.0
2022-08-10 05:00:00,7.87,1.661,0.3281,25.97
2022-08-10 06:00:00,7.47,1.788,0.3484,26.0
2022-08-10 07:00:00,10.59,2.024,0.3932,26.49
2022-08-10 08:00:00,12.68,2.225,0.4404,27.38
2022-08-10 09:00:00,9.69,2.471,0.476,28.5
2022-08-10 10:00:00,13.37,2.675,0.5,29.47
2022-08-10 11:00:00,15.02,2.861,0.4989,30.2
2022-08-10 12:00:00,14.52,3.048,0.5,31.23
2022-08-10 13:00:00,14.62,3.26,0.4971,31.48
2022-08-10 14:00:00,13.79,3.506,0.5,32.35
2022-08-10 15:00:00,14.1,3.737,0.4984,32.49
2022-08-10 16:00:00,16.01,3.974,0.5,31.69
2022-08-10 17:00:00,18.27,4.213,0.5,31.19
2022-08-10 18:00:00,16.52,4.397,0.4964,30.68
2022-08-10 19:00:00,18.28,4.59,0.5,29.15
2022-08-10 20:00:00,19.6,4.792,0.5,28.42
2022-08-10 21:00:00,17.05,5.01,0.5,28.27
2022-08-10 22:00:00,21.58,5.184,0.5,26.98
2022-08-10 23:00:00,21.07,5.313,0.4993,25.76
2022-08-11 00:00:00,21.1,5.455,0.4983,24.23
2022-08-11 01:00:00,20.44,5.662,0.4951,24.59
2022-08-11 02:00:00,19.72,5.818,0.5,24.65
2022-08-11 03:00:00,21.43,5.976,0.5,23.86
2022-08-11 04:00:00,23.41,6.106,0.5,23.7
2022-08-11 05:00:00,23.0,6.286,0.4999,23.67
2022-08-11 06:00:00,23.32,6.422,0.5,24.73
2022-08-11 07:00:00,18.82,6.55,0.5,25.43
2022-08-11 08:00:00,23.63,6.654,0.5,26.43
2022-08-11 09:00:00,19.77,6.737,0.4985,28.23
2022-08-11 10:00:00,18.78,6.812,0.5,
2022-08-11 11:00:00,17.69,6.894,0.5,29.62
2022-08-11 12:00:00,23.34,6.878,0.5,30.44
2022-08-11 13:00:00,21.35,6.852,0.5,31.02
2022-08-11 14:00:00,22.77,6.818,0.5,31.21
2022-08-11 15:00:00,20.16,6.85,0.4957,30.89
2022-08-11 16:00:00,22.06,6.881,0.4965,31.84
2022-08-11 17:00:00,19.27,6.908,0.5,31.69
2022-08-11 18:00:00,19.44,6.896,0.495,30.14
2022-08-11 19:00:00,14.68,6.911,0.5,29.77
2022-08-11 20:00:00,18.46,6.873,0.4978,29.21
2022-08-11 21:00:00,17.35,6.86,0.5,27.49
2022-08-11 22:00:00,14.41,6.789,0.4964,26.39
2022-08-11 23:00:00,13.02,6.703,0.498,26.04
2022-08-12 00:00:00,13.81,6.582,0.5,26.0
2022-08-12 01:00:00,11.52,6.391,0.4993,24.66
2022-08-12 02:00:00,13.76,6.206,0.4978,23.97
2022-08-12 03:00:00,12.67,6.056,0.4971,24.03
2022-08-12 04:00:00,13.57,5.939,0.498,23.74
2022-08-12 05:00:00,10.87,5.849,0.4973,24.33
2022-08-12 06:00:00,10.85,5.716,0.5,25.49
2022-08-12 07:00:00,9.65,5.557,0.5,
2022-08-12 08:00:00,8.8,5.409,0.5,27.42
2022-08-12 09:00:00,6.69,5.235,0.5,29.0
2022-08-12 10:00:00,6.09,5.102,0.4996,30.15
2022-08-12 11:00:00,4.54,4.904,0.5,31.01
2022-08-12 12:00:00,4.66,4.752,0.5,31.3
2022-08-12 13:00:00,3.16,4.566,0.4975,32.48
2022-08-12 14:00:00,2.5,4.369,0.4946,33.32
2022-08-12 15:00:00,1.72,4.131,0.4947,33.67
2022-08-12 16:00:00,0.53,3.928,0.4969,33.21
2022-08-12 17:00:00,0.0,3.689,0.4869,32.65
2022-08-12 18:00:00,0.0,3.467,0.4832,32.41
2022-08-12 19:00:00,0.0,3.224,0.4816,31.36
2022-08-12 20:00:00,0.0,2.993,0.4687,30.06
2022-08-12 21:00:00,0.0,2.837,0.4754,29.69
2022-08-12 22:00:00,0.0,2.662,0.4667,28.51
2022-08-12 23:00:00,0.0,2.499,0.4613,26.98
2022-08-13 00:00:00,0.0,2.326,0.4566,26.36
2022-08-13 01:00:00,0.0,2.205,0.4561,
2022-08-13 02:00:00,0.0,2.097,0.4481,24.88
2022-08-13 03:00:00,,2.052,0.4514,25.14
2022-08-13 04:00:00,0.0,1.962,0.4462,25.96
2022-08-13 05:00:00,0.0,1.901,0.4378,25.8
2022-08-13 06:00:00,0.0,1.835,0.4356,26.28
2022-08-13 07:00:00,0.0,1.816,0.4358,28.05
2022-08-13 08:00:00,0.0,1.793,0.4293,28.65
2022-08-13 09:00:00,0.0,1.758,0.4232,29.86
2022-08-13 10:00:00,0.0,1.759,0.4173,30.15
2022-08-13 11:00:00,0.0,1.709,0.4148,31.37
2022-08-13 12:00:00,0.0,1.673,0.4094,32.33
2022-08-13 13:00:00,0.0,1.649,0.4069,33.09
2022-08-13 14:00:00,0.0,1.663,0.4003,34.51
2022-08-13 15:00:00,0.0,1.646,0.3937,33.55
2022-08-13 16:00:00,0.0,1.606,0.3953,33.91
2022-08-13 17:00:00,0.0,1.574,0.3891,34.12
2022-08-13 18:00:00,0.0,1.578,0.3801,33.19
2022-08-13 19:00:00,0.0,1.57,0.3773,31.59
2022-08-13 20:00:00,0.0,1.54,0.3772,31.12
2022-08-13 21:00:00,0.0,1.518,0.3689,29.57
2022-08-13 22:00:00,0.0,1.525,0.3674,28.45
2022-08-13 23:00:00,0.0,1.541,0.3636,27.93
2022-08-14 00:00:00,0.0,1.537,0.3591,27.09
2022-08-14 01:00:00,0.0,1.546,0.355,26.27
2022-08-14 02:00:00,0.0,1.502,0.3551,25.53
2022-08-14 03:00:00,0.0,1.512,0.3496,25.24
2022-08-14 04:00:00,0.0,1.502,0.3478,25.01
2022-08-14 05:00:00,0.0,1.531,0.3492,26.1
2022-08-14 06:00:00,0.0,1.483,0.3415,26.77
2022-08-14 07:00:00,0.0,1.486,0.3418,27.89
2022-08-14 08:00:00,0.0,1.494,0.3403,27.71
2022-08-14 09:00:00,0.0,1.486,0.3337,29.53
2022-08-14 10:00:00,0.0,1.471,0.3322,30.41
2022-08-14 11:00:00,0.0,1.48,0.3246,31.45
2022-08-14 12:00:00,0.0,1.483,0.3257,32.93
2022-08-14 13:00:00,0.0,1.496,0.3218,33.58
2022-08-14 14:00:00,0.0,1.502,0.3205,33.85
2022-08-14 15:00:00,0.0,1.503,0.316,33.53
2022-08-14 16:00:00,0.0,1.477,0.3098,33.25
2022-08-14 17:00:00,0.0,1.418,0.3137,33.55
2022-08-14 18:00:00,0.0,1.377,0.3047,33.16
2022-08-14 19:00:00,0.0,1.403,0.3025,32.28
2022-08-14 20:00:00,0.0,1.423,0.2943,30.76
2022-08-14 21:00:00,0.0,1.402,0.2916,29.5
2022-08-14 22:00:00,0.0,1.36,0.2902,28.79
2022-08-14 23:00:00,0.97,1.331,0.2882,27.76
2022-08-15 00:00:00,3.45,1.377,0.3027,26.08
2022-08-15 01:00:00,5.32,1.422,0.3213,25.36
2022-08-15 02:00:00,5.7,1.508,0.3447,26.54
2022-08-15 03:00:00,8.64,1.633,0.3768,24.39
2022-08-15 04:00:00,9.28,1.747,0.4078,25.08
2022-08-15 05:00:00,8.39,1.937,0.4367,24.89
2022-08-15 06:00:00,7.82,2.165,0.4708,25.78
2022-08-15 07:00:00,8.66,2.362,0.4916,26.12
2022-08-15 08:00:00,9.25,2.536,0.4953,27.03
2022-08-15 09:00:00,5.93,2.697,0.5,29.17
2022-08-15 10:00:00,6.15,2.887,0.4998,30.12
2022-08-15 11:00:00,3.3,2.999,0.4991,32.04
2022-08-15 12:00:00,1.21,3.075,0.4939,32.17
2022-08-15 13:00:00,0.0,3.123,0.4912,32.99
2022-08-15 14:00:00,0.0,3.119,0.4927,33.29
2022-08-15 15:00:00,0.0,3.091,0.4867,32.96
2022-08-15 16:00:00,0.0,2.959,0.4796,33.61
2022-08-15 17:00:00,0.0,2.849,0.4695,32.83
2022-08-15 18:00:00,0.0,2.672,0.4659,31.56
2022-08-15 19:00:00,0.0,2.542,0.4607,32.0
2022-08-15 20:00:00,0.0,2.402,0.4552,30.2
2022-08-15 21:00:00,0.0,2.283,0.4511,29.61
2022-08-15 22:00:00,0.0,2.216,0.4482,28.6
2022-08-15 23:00:00,0.0,2.086,0.44,27.55
2022-08-16 00:00:00,0.0,2.048,0.4442,26.09
2022-08-16 01:00:00,0.0,1.952,0.4364,26.65
2022-08-16 02:00:00,0.54,1.906,0.434,25.14
2022-08-16 03:00:00,1.27,1.825,0.4325,24.06
2022-08-16 04:00:00,1.9,1.793,0.4435,25.79
2022-08-16 05:00:00,2.88,1.773,0.4459,26.07
2022-08-16 06:00:00,3.47,1.843,0.4606,25.65
2022-08-16 07:00:00,3.65,1.897,0.4671,27.05
2022-08-16 08:00:00,4.75,2.001,0.4847,28.45
2022-08-16 09:00:00,4.48,2.061,0.4936,29.68
2022-08-16 10:00:00,4.86,2.126,0.4995,30.27
2022-08-16 11:00:00,4.12,2.202,0.4998,31.42
2022-08-16 12:00:00,3.52,2.295,0.5,32.25
2022-08-16 13:00:00,2.72,2.363,,32.54
2022-08-16 14:00:00,1.63,2.412,0.5,32.58
2022-08-16 15:00:00,0.42,2.433,0.5,33.25
2022-08-16 16:00:00,0.0,2.431,0.486,33.85
2022-08-16 17:00:00,0.0,2.443,0.491,33.44
2022-08-16 18:00:00,0.0,2.409,0.4822,32.35
2022-08-16 19:00:00,0.0,2.382,0.4731,31.25
2022-08-16 20:00:00,0.0,2.329,0.4724,31.32
2022-08-16 21:00:00,0.0,2.249,0.4701,29.48
2022-08-16 22:00:00,0.0,2.144,0.4637,28.7
2022-08-16 23:00:00,0.0,2.078,0.4534,26.82
2022-08-17 00:00:00,0.0,2.033,0.4526,26.53
2022-08-17 01:00:00,0.0,2.004,0.4508,26.47
2022-08-17 02:00:00,0.0,1.896,0.4449,24.84
2022-08-17 03:00:00,0.0,1.819,0.4427,25.37
2022-08-17 04:00:00,0.0,1.755,0.4392,25.73
2022-08-17 05:00:00,0.0,1.752,0.431,26.64
2022-08-17 06:00:00,0.0,1.789,0.4339,27.05
2022-08-17 07:00:00,0.0,1.751,0.4264,28.24
2022-08-17 08:00:00,0.0,1.72,0.4219,28.77
2022-08-17 09:00:00,0.47,1.679,0.417,29.79
2022-08-17 10:00:00,1.43,1.672,0.4206,29.8
2022-08-17 11:00:00,2.16,1.664,0.4284,30.68
2022-08-17 12:00:00,2.81,1.674,0.4328,32.78
2022-08-17 13:00:00,3.36,1.716,0.443,32.29
2022-08-17 14:00:00,2.76,1.819,0.4469,32.7
2022-08-17 15:00:00,3.46,1.871,0.4563,31.89
2022-08-17 16:00:00,2.58,1.94,0.4563,33.52
2022-08-17 17:00:00,1.72,1.978,0.4642,32.12
2022-08-17 18:00:00,1.43,2.05,0.4633,31.66
2022-08-17 19:00:00,0.48,2.106,0.4618,31.89
2022-08-17 20:00:00,0.0,2.084,0.4499,29.32
2022-08-17 21:00:00,0.0,2.082,0.4593,30.07
2022-08-17 22:00:00,,2.04,0.4478,27.94
2022-08-17 23:00:00,0.0,2.013,0.445,27.32
2022-08-18 00:00:00,0.0,1.983,0.441,26.14
2022-08-18 01:00:00,0.0,1.921,0.4353,25.23
2022-08-18 02:00:00,0.0,1.883,0.434,25.11
2022-08-18 03:00:00,0.0,1.832,0.4329,24.94
2022-08-18 04:00:00,0.0,1.781,0.4265,24.88
2022-08-18 05:00:00,0.0,1.755,0.4248,26.66
2022-08-18 06:00:00,0.0,1.764,0.421,26.04
2022-08-18 07:00:00,0.0,1.785,0.4172,26.41
2022-08-18 08:00:00,0.0,1.786,0.4169,27.29
2022-08-18 09:00:00,0.0,1.738,0.4084,29.57
2022-08-18 10:00:00,0.0,1.697,0.4031,29.53
2022-08-18 11:00:00,0.0,1.66,0.399,31.27
2022-08-18 12:00:00,0.0,1.645,0.3958,33.17
2022-08-18 13:00:00,0.0,1.613,0.3861,32.91
2022-08-18 14:00:00,0.0,1.626,0.39,33.38
2022-08-18 15:00:00,0.0,1.615,0.3807,33.09
2022-08-18 16:00:00,0.0,1.603,0.3769,33.21
2022-08-18 17:00:00,0.0,1.563,0.369,32.71
2022-08-18 18:00:00,0.0,1.556,0.3692,32.34
2022-08-18 19:00:00,0.0,1.514,0.3608,32.19
2022-08-18 20:00:00,0.0,1.527,0.3561,30.18
2022-08-18 21:00:00,0.0,1.508,0.3555,28.96
2022-08-18 22:00:00,0.0,1.494,0.3537,28.28
2022-08-18 23:00:00,0.0,1.448,0.3486,27.84
2022-08-19 00:00:00,0.0,1.491,0.349,26.33
2022-08-19 01:00:00,0.0,1.494,0.3489,25.99
2022-08-19 02:00:00,0.0,1.521,0.343,25.72
2022-08-19 03:00:00,0.0,1.476,0.3328,26.4
2022-08-19 04:00:00,0.0,1.516,0.3366,25.92
2022-08-19 05:00:00,0.0,1.481,0.3356,
2022-08-19 06:00:00,0.0,1.452,0.33,25.4
2022-08-19 07:00:00,0.0,1.418,0.3291,27.4
2022-08-19 08:00:00,0.0,1.445,0.326,27.94
2022-08-19 09:00:00,0.0,1.462,0.3187,29.08
2022-08-19 10:00:00,0.0,1.485,0.3224,29.86
2022-08-19 11:00:00,0.0,1.489,0.3146,31.07
2022-08-19 12:00:00,0.0,1.462,0.3111,31.89
2022-08-19 13:00:00,0.0,1.457,0.31,32.73
2022-08-19 14:00:00,0.0,1.403,0.3004,32.85
2022-08-19 15:00:00,0.0,1.417,0.3056,32.97
2022-08-19 16:00:00,0.0,1.376,0.2954,33.45
2022-08-19 17:00:00,0.0,1.389,0.3005,32.79
2022-08-19 18:00:00,0.0,1.367,0.2952,32.16
2022-08-19 19:00:00,0.84,1.375,0.2891,31.22
2022-08-19 20:00:00,1.67,1.386,0.2969,29.75
2022-08-19 21:00:00,0.84,1.405,0.2935,29.96
2022-08-19 22:00:00,0.0,1.414,0.2902,29.31
2022-08-19 23:00:00,0.0,1.396,0.2833,27.94
2022-08-20 00:00:00,0.0,1.403,0.2903,25.58
2022-08-20 01:00:00,0.0,1.393,0.2846,25.5
2022-08-20 02:00:00,0.0,1.416,0.286,25.78
2022-08-20 03:00:00,0.0,1.405,0.2821,24.92
2022-08-20 04:00:00,0.0,1.399,0.2755,25.08
2022-08-20 05:00:00,0.0,1.379,0.2794,25.14
2022-08-20 06:00:00,0.0,1.347,0.2761,26.28
2022-08-20 07:00:00,0.0,1.324,0.2707,26.88
2022-08-20 08:00:00,0.0,1.342,0.2726,27.06
2022-08-20 09:00:00,0.0,1.332,0.2662,29.87
2022-08-20 10:00:00,0.0,1.287,0.2619,30.54
2022-08-20 11:00:00,0.0,1.291,0.261,30.62
2022-08-20 12:00:00,0.0,1.29,0.2576,32.55
2022-08-20 13:00:00,0.0,1.314,0.2514,32.82
2022-08-20 14:00:00,0.0,1.3,0.245,33.73
2022-08-20 15:00:00,0.0,1.338,0.2549,33.66
2022-08-20 16:00:00,0.0,1.305,0.2506,32.77
2022-08-20 17:00:00,0.0,1.296,0.2489,33.09
2022-08-20 18:00:00,0.0,1.309,0.2445,32.48
2022-08-20 19:00:00,0.0,1.317,0.2379,31.82
2022-08-20 20:00:00,0.0,1.338,0.2362,30.83
2022-08-20 21:00:00,0.0,1.307,0.2324,30.33
2022-08-20 22:00:00,0.0,1.29,0.2337,28.73
2022-08-20 23:00:00,0.0,1.301,0.2314,26.9
2022-08-21 00:00:00,0.0,1.303,0.227,26.52
2022-08-21 01:00:00,0.0,1.297,0.2275,25.27
2022-08-21 02:00:00,0.0,1.255,0.2278,26.0
2022-08-21 03:00:00,0.0,1.251,0.2225,24.83
2022-08-21 04:00:00,0.0,1.272,0.2171,26.51
2022-08-21 05:00:00,0.0,1.25,0.2202,25.65
2022-08-21 06:00:00,0.0,1.195,0.2132,26.41
2022-08-21 07:00:00,0.0,1.17,0.2126,27.03
2022-08-21 08:00:00,0.0,1.228,0.2139,27.86
2022-08-21 09:00:00,0.0,1.246,0.2128,28.99
2022-08-21 10:00:00,0.0,1.246,0.2091,30.41
2022-08-21 11:00:00,0.0,1.198,0.2036,31.27
2022-08-21 12:00:00,0.0,1.219,0.2128,31.87
2022-08-21 13:00:00,0.0,1.197,0.2006,32.88
2022-08-21 14:00:00,0.0,1.215,0.2013,32.85
2022-08-21 15:00:00,0.0,1.203,0.1959,33.26
2022-08-21 16:00:00,0.0,1.201,0.1925,34.0
2022-08-21 17:00:00,0.0,1.177,0.1934,32.44
2022-08-21 18:00:00,0.0,1.174,0.1898,31.93
2022-08-21 19:00:00,0.0,1.188,0.1894,30.68
2022-08-21 20:00:00,0.0,1.237,0.1853,30.12
2022-08-21 21:00:00,0.0,1.214,0.1858,29.45
2022-08-21 22:00:00,0.0,1.209,0.1815,27.96
2022-08-21 23:00:00,0.0,1.203,0.1854,26.69
2022-08-22 00:00:00,0.0,1.223,0.1815,26.58
2022-08-22 01:00:00,1.74,1.213,0.1856,25.82
2022-08-22 02:00:00,4.9,1.216,0.204,25.18
2022-08-22 03:00:00,6.51,1.253,0.2274,23.95
2022-08-22 04:00:00,8.71,1.331,0.2619,25.17
2022-08-22 05:00:00,9.56,1.456,0.3023,24.56
2022-08-22 06:00:00,7.93,1.604,0.3254,25.1
2022-08-22 07:00:00,7.51,1.773,0.3548,26.98
2022-08-22 08:00:00,4.0,1.903,0.3647,28.46
2022-08-22 09:00:00,1.34,2.0,0.3613,28.93
2022-08-22 10:00:00,0.0,2.127,0.367,29.84
2022-08-22 11:00:00,0.0,2.216,0.3645,31.44
2022-08-22 12:00:00,0.0,2.197,0.3588,31.39
2022-08-22 13:00:00,0.0,2.156,0.3603,33.96
2022-08-22 14:00:00,0.0,2.085,0.3483,32.57
2022-08-22 15:00:00,0.0,2.049,0.3428,33.4
2022-08-22 16:00:00,0.0,2.008,0.3451,33.01
2022-08-22 17:00:00,0.0,1.944,0.3416,32.23
2022-08-22 18:00:00,0.0,1.856,0.3376,31.58
2022-08-22 19:00:00,0.0,1.778,0.3274,31.79
2022-08-22 20:00:00,0.0,1.712,0.3252,30.44
2022-08-22 21:00:00,0.0,1.639,0.3193,28.88
2022-08-22 22:00:00,0.0,1.581,0.3271,27.91
2022-08-22 23:00:00,0.0,1.507,0.3157,26.82
2022-08-23 00:00:00,0.0,1.479,0.312,26.8
2022-08-23 01:00:00,0.0,1.51,0.3126,26.19
2022-08-23 02:00:00,0.0,1.5,0.3107,25.59
2022-08-23 03:00:00,0.0,1.482,0.3099,25.32
2022-08-23 04:00:00,0.0,1.435,0.3049,25.64
2022-08-23 05:00:00,0.0,1.422,0.3009,24.9
2022-08-23 06:00:00,0.0,1.418,0.2991,26.5
2022-08-23 07:00:00,0.0,1.399,0.2957,27.72
2022-08-23 08:00:00,0.69,1.396,0.3017,28.2
2022-08-23 09:00:00,2.43,1.41,0.3044,28.97
2022-08-23 10:00:00,3.43,1.447,0.3171,29.56
2022-08-23 11:00:00,4.28,1.486,0.3284,30.48
2022-08-23 12:00:00,6.42,1.538,0.3458,31.11
2022-08-23 13:00:00,6.56,1.666,0.3787,32.11
2022-08-23 14:00:00,8.7,1.798,0.4063,31.94
2022-08-23 15:00:00,8.87,1.982,,31.39
2022-08-23 16:00:00,7.57,2.164,0.4548,32.69
2022-08-23 17:00:00,9.57,2.372,0.4941,31.96
2022-08-23 18:00:00,7.45,2.524,0.5,31.45
2022-08-23 19:00:00,7.84,2.63,0.5,29.94
2022-08-23 20:00:00,5.7,2.795,0.4993,29.41
2022-08-23 21:00:00,4.5,2.965,0.5,29.0
2022-08-23 22:00:00,4.34,3.103,0.5,27.73
2022-08-23 23:00:00,2.72,3.161,0.4995,26.57
2022-08-24 00:00:00,0.74,3.166,0.5,26.9
2022-08-24 01:00:00,0.0,3.121,0.4984,25.27
2022-08-24 02:00:00,0.0,3.049,0.4933,23.8
2022-08-24 03:00:00,0.0,2.956,0.4897,25.2
2022-08-24 04:00:00,0.0,2.839,0.4803,25.35
2022-08-24 05:00:00,0.0,2.733,0.4812,25.72
2022-08-24 06:00:00,0.0,2.583,0.4744,26.53
2022-08-24 07:00:00,0.0,2.45,0.4679,26.87
2022-08-24 08:00:00,0.0,2.369,0.4707,28.63
2022-08-24 09:00:00,0.0,2.227,0.4614,28.47
2022-08-24 10:00:00,0.0,2.122,0.4578,30.18
2022-08-24 11:00:00,0.0,,0.4528,30.84
2022-08-24 12:00:00,0.0,1.937,0.4428,32.48
2022-08-24 13:00:00,0.0,1.881,0.4417,32.22
2022-08-24 14:00:00,0.0,1.843,0.4399,33.05
2022-08-24 15:00:00,0.0,1.798,0.4327,33.2
2022-08-24 16:00:00,0.0,1.782,0.4267,33.11
2022-08-24 17:00:00,0.0,1.716,0.4241,32.25
2022-08-24 18:00:00,0.0,1.74,0.4218,32.16
2022-08-24 19:00:00,0.0,1.697,0.4092,31.17
2022-08-24 20:00:00,0.0,1.72,0.4096,30.36
2022-08-24 21:00:00,0.0,1.662,0.4059,29.94
2022-08-24 22:00:00,0.0,1.646,0.4074,28.18
2022-08-24 23:00:00,0.0,1.663,0.4022,26.66
2022-08-25 00:00:00,0.0,1.624,0.3909,27.27
2022-08-25 01:00:00,0.0,1.621,0.3957,26.14
2022-08-25 02:00:00,0.0,1.552,0.388,25.58
2022-08-25 03:00:00,0.0,1.556,0.3806,25.03
2022-08-25 04:00:00,0.0,1.57,0.3782,25.62
2022-08-25 05:00:00,0.0,1.593,0.3833,24.62
2022-08-25 06:00:00,0.71,1.565,0.3801,26.99
2022-08-25 07:00:00,2.73,1.574,0.3833,27.29
2022-08-25 08:00:00,4.83,1.636,0.4069,27.51
2022-08-25 09:00:00,4.73,1.709,0.4193,29.08
2022-08-25 10:00:00,6.07,1.772,0.4365,29.85
2022-08-25 11:00:00,10.82,,0.4772,29.53
2022-08-25 12:00:00,9.8,2.067,0.4974,31.05
2022-08-25 13:00:00,11.89,2.235,0.5,31.58
2022-08-25 14:00:00,12.54,2.413,0.4964,31.66
2022-08-25 15:00:00,15.32,2.622,0.4961,31.48
2022-08-25 16:00:00,17.7,2.879,0.5,31.66
2022-08-25 17:00:00,19.43,3.173,0.5,30.73
2022-08-25 18:00:00,17.72,3.498,0.4958,31.11
2022-08-25 19:00:00,18.03,3.825,0.5,28.99
2022-08-25 20:00:00,21.37,4.122,0.5,28.36
2022-08-25 21:00:00,20.93,4.454,0.5,
2022-08-25 22:00:00,23.93,4.752,0.5,26.42
2022-08-25 23:00:00,24.64,5.069,0.4979,24.56
2022-08-26 00:00:00,28.1,5.369,0.4992,24.4
2022-08-26 01:00:00,19.92,5.677,0.4979,
2022-08-26 02:00:00,21.29,5.965,0.5,23.24
2022-08-26 03:00:00,28.65,6.217,0.5,22.58
2022-08-26 04:00:00,26.83,6.447,0.4966,23.69
2022-08-26 05:00:00,21.55,6.683,0.5,23.8
2022-08-26 06:00:00,30.82,6.84,0.5,24.21
2022-08-26 07:00:00,27.7,7.022,0.4952,24.6
2022-08-26 08:00:00,25.82,7.238,0.5,25.24
2022-08-26 09:00:00,28.57,7.414,0.4998,28.21
2022-08-26 10:00:00,26.3,7.551,0.4986,27.83
2022-08-26 11:00:00,23.59,7.674,0.5,28.58
2022-08-26 12:00:00,22.29,7.817,0.5,30.07
2022-08-26 13:00:00,23.15,7.897,0.4959,30.03
2022-08-26 14:00:00,22.59,7.928,0.5,31.19
2022-08-26 15:00:00,23.8,7.925,0.5,31.76
2022-08-26 16:00:00,20.76,7.914,0.4935,30.41
2022-08-26 17:00:00,16.09,7.895,0.5,30.79
2022-08-26 18:00:00,20.2,7.814,0.4988,30.12
2022-08-26 19:00:00,14.57,7.684,0.5,29.01
2022-08-26 20:00:00,18.58,7.519,0.4974,27.8
2022-08-26 21:00:00,16.23,7.324,0.5,27.4
2022-08-26 22:00:00,14.1,7.132,0.4984,27.61
2022-08-26 23:00:00,11.89,6.965,0.4981,25.46
2022-08-27 00:00:00,9.21,6.81,0.4934,25.15
2022-08-27 01:00:00,9.6,6.612,0.5,25.86
2022-08-27 02:00:00,6.29,6.423,0.5,24.95
2022-08-27 03:00:00,6.07,6.134,0.5,23.59
2022-08-27 04:00:00,3.65,5.848,0.5,24.7
2022-08-27 05:00:00,2.61,5.481,0.4978,25.61
2022-08-27 06:00:00,0.72,5.17,0.5,
2022-08-27 07:00:00,0.0,4.87,0.4947,27.74
2022-08-27 08:00:00,0.0,4.533,0.4896,28.29
2022-08-27 09:00:00,0.0,4.175,0.489,29.4
2022-08-27 10:00:00,0.0,3.83,0.476,29.43
2022-08-27 11:00:00,0.0,3.499,0.4691,30.7
2022-08-27 12:00:00,0.0,3.233,0.4713,31.22
2022-08-27 13:00:00,0.0,2.95,0.4641,33.02
2022-08-27 14:00:00,0.0,2.745,0.4561,33.09
2022-08-27 15:00:00,0.0,2.587,0.4548,33.1
2022-08-27 16:00:00,0.0,,0.4502,33.68
2022-08-27 17:00:00,0.0,2.256,0.4467,32.78
2022-08-27 18:00:00,0.0,2.092,0.4359,32.44
2022-08-27 19:00:00,0.0,2.037,0.4334,31.42
2022-08-27 20:00:00,0.0,1.941,0.431,30.5
2022-08-27 21:00:00,0.0,1.907,0.4294,28.52
2022-08-27 22:00:00,0.0,1.836,0.4248,28.49
2022-08-27 23:00:00,0.0,1.794,0.4169,27.28
2022-08-28 00:00:00,0.0,1.754,0.4164,25.97
2022-08-28 01:00:00,0.0,1.745,0.4098,25.88
2022-08-28 02:00:00,0.0,1.682,0.4067,25.78
2022-08-28 03:00:00,0.0,1.691,0.4038,24.96
2022-08-28 04:00:00,0.0,1.619,0.3996,24.77
2022-08-28 05:00:00,0.0,1.66,0.4005,25.19
2022-08-28 06:00:00,0.0,1.609,0.3978,25.48
2022-08-28 07:00:00,0.0,1.625,0.3903,26.92
2022-08-28 08:00:00,0.0,1.581,0.3884,28.26
2022-08-28 09:00:00,0.0,1.561,0.3829,29.87
2022-08-28 10:00:00,0.0,1.533,0.3774,29.64
2022-08-28 11:00:00,0.0,1.543,0.373,31.18
2022-08-28 12:00:00,0.0,1.573,0.3775,31.84
2022-08-28 13:00:00,0.0,1.577,0.3659,32.46
2022-08-28 14:00:00,0.0,1.572,0.366,32.1
2022-08-28 15:00:00,0.0,1.562,0.3613,32.5
2022-08-28 16:00:00,0.0,1.551,0.3524,33.78
2022-08-28 17:00:00,0.0,1.551,0.3533,32.97
2022-08-28 18:00:00,0.0,1.52,0.3491,31.97
2022-08-28 19:00:00,0.0,1.462,0.3445,31.24
2022-08-28 20:00:00,0.0,1.475,0.3397,30.41
2022-08-28 21:00:00,0.0,1.486,0.3378,28.78
2022-08-28 22:00:00,0.0,1.504,0.3361,27.77
2022-08-28 23:00:00,0.0,1.45,0.3292,26.7
2022-08-29 00:00:00,0.0,1.433,0.3333,26.22
2022-08-29 01:00:00,0.0,1.455,0.3284,24.93
2022-08-29 02:00:00,0.0,1.421,0.3166,24.77
2022-08-29 03:00:00,0.0,1.438,0.3205,25.22
2022-08-29 04:00:00,0.0,1.409,0.325,24.93
2022-08-29 05:00:00,0.0,1.406,0.3172,24.63
2022-08-29 06:00:00,0.0,1.401,0.3113,25.95
2022-08-29 07:00:00,0.0,1.42,0.3126,27.24
2022-08-29 08:00:00,0.0,1.425,0.3015,27.99
2022-08-29 09:00:00,0.0,1.442,0.3058,28.12
2022-08-29 10:00:00,0.0,1.425,0.3004,30.52
2022-08-29 11:00:00,0.0,1.388,0.2989,30.84
2022-08-29 12:00:00,0.0,1.384,0.2915,31.96
2022-08-29 13:00:00,0.0,1.373,0.2909,32.95
2022-08-29 14:00:00,0.0,1.363,0.2811,32.77
2022-08-29 15:00:00,0.0,1.375,0.284,32.01
2022-08-29 16:00:00,0.0,1.354,0.2829,33.71
2022-08-29 17:00:00,0.0,1.377,0.2829,31.33
2022-08-29 18:00:00,0.0,1.362,0.284,31.63
2022-08-29 19:00:00,0.0,1.353,0.2712,31.61
2022-08-29 20:00:00,0.0,1.367,0.2725,29.65
2022-08-29 21:00:00,0.0,1.372,0.2674,28.65
2022-08-29 22:00:00,0.0,1.347,0.2651,27.82
2022-08-29 23:00:00,0.0,1.331,0.2639,26.88
2022-08-30 00:00:00,0.0,1.322,0.261,25.67
2022-08-30 01:00:00,0.0,1.337,0.2649,25.14
2022-08-30 02:00:00,0.0,1.302,0.2563,25.6
2022-08-30 03:00:00,0.0,1.296,0.2518,24.66
2022-08-30 04:00:00,0.0,1.291,0.2537,25.31
2022-08-30 05:00:00,0.0,1.294,0.2479,25.01
2022-08-30 06:00:00,0.0,1.274,0.2478,26.79
2022-08-30 07:00:00,0.0,1.305,0.2498,27.39
2022-08-30 08:00:00,0.0,1.299,0.2437,27.85
2022-08-30 09:00:00,0.0,1.293,0.2436,29.25
2022-08-30 10:00:00,0.0,1.268,0.2389,30.72
2022-08-30 11:00:00,0.0,1.259,0.2379,30.43
2022-08-30 12:00:00,0.0,1.262,0.2325,31.23
2022-08-30 13:00:00,0.0,1.277,0.2345,32.58
2022-08-30 14:00:00,0.0,,0.2256,32.14
2022-08-30 15:00:00,0.0,1.214,0.2246,32.15
2022-08-30 16:00:00,0.0,1.212,0.2248,31.99
2022-08-30 17:00:00,0.0,1.23,0.2246,32.46
2022-08-30 18:00:00,0.0,1.202,0.2205,30.74
2022-08-30 19:00:00,0.0,1.197,0.2191,30.72
2022-08-30 20:00:00,0.0,1.193,0.2119,28.25
2022-08-30 21:00:00,0.0,1.22,0.2125,29.15
2022-08-30 22:00:00,0.0,1.227,0.2122,28.14
2022-08-30 23:00:00,0.0,1.2,0.2098,26.82
2022-08-31 00:00:00,0.0,1.175,0.2046,26.65
2022-08-31 01:00:00,0.0,1.172,0.2036,25.82
2022-08-31 02:00:00,0.0,1.188,0.2041,24.63
2022-08-31 03:00:00,0.0,1.191,0.2051,24.45
2022-08-31 04:00:00,0.0,1.204,0.2075,25.46
2022-08-31 05:00:00,0.0,1.185,0.1963,25.76
2022-08-31 06:00:00,0.0,1.185,0.198,25.92
2022-08-31 07:00:00,0.0,1.193,0.1932,26.01
2022-08-31 08:00:00,0.0,1.178,0.1943,28.32
2022-08-31 09:00:00,0.0,1.175,0.1914,28.92
2022-08-31 10:00:00,0.0,1.145,0.1918,29.89
2022-08-31 11:00:00,0.0,1.118,0.1828,29.47
2022-08-31 12:00:00,0.0,1.109,0.1857,31.98
2022-08-31 13:00:00,0.0,1.136,0.185,32.32
2022-08-31 14:00:00,0.0,1.171,0.1833,32.48
2022-08-31 15:00:00,0.0,1.182,0.1816,32.47
2022-08-31 16:00:00,0.0,1.17,,32.81
2022-08-31 17:00:00,0.0,1.146,0.1804,32.58
2022-08-31 18:00:00,0.0,1.141,0.1788,31.52
2022-08-31 19:00:00,0.0,1.113,0.1723,31.17
2022-08-31 20:00:00,0.0,1.114,0.1697,29.35
2022-08-31 21:00:00,0.0,1.149,0.1703,28.56
2022-08-31 22:00:00,0.0,1.114,0.1705,28.19
2022-08-31 23:00:00,0.0,1.106,0.1667,26.68
2022-09-01 00:00:00,0.0,1.117,0.1619,26.88
2022-09-01 01:00:00,0.0,1.129,0.1667,25.52
2022-09-01 02:00:00,0.0,1.118,0.1637,24.4
2022-09-01 03:00:00,0.0,1.081,0.1666,24.06
2022-09-01 04:00:00,0.0,1.103,0.1577,25.37
2022-09-01 05:00:00,0.0,1.128,0.1594,25.08
2022-09-01 06:00:00,0.0,1.134,0.1586,26.48
2022-09-01 07:00:00,0.0,1.152,0.1553,26.58
2022-09-01 08:00:00,0.0,1.126,0.1517,27.93
2022-09-01 09:00:00,0.0,1.146,0.1539,28.68
2022-09-01 10:00:00,0.0,1.109,0.1503,30.01
2022-09-01 11:00:00,0.0,1.128,0.15,31.21
2022-09-01 12:00:00,0.0,1.097,0.1485,31.68
2022-09-01 13:00:00,0.0,1.075,0.1435,32.64
2022-09-01 14:00:00,0.0,1.04,0.1438,31.86
2022-09-01 15:00:00,0.0,1.044,0.1423,33.05
2022-09-01 16:00:00,0.0,1.046,0.1421,32.72
2022-09-01 17:00:00,0.0,1.073,0.1418,32.18
2022-09-01 18:00:00,0.0,1.085,0.1399,30.48
2022-09-01 19:00:00,0.0,1.114,0.1402,30.01
2022-09-01 20:00:00,0.0,1.115,0.1367,29.99
2022-09-01 21:00:00,0.0,1.131,0.1409,29.02
2022-09-01 22:00:00,0.0,1.113,0.1348,28.02
2022-09-01 23:00:00,0.0,1.068,0.1285,26.84
2022-09-02 00:00:00,0.0,1.058,0.1302,25.38
2022-09-02 01:00:00,0.0,1.054,0.1399,24.83
2022-09-02 02:00:00,0.0,1.041,0.1253,23.89
2022-09-02 03:00:00,0.0,1.044,0.1298,24.87
2022-09-02 04:00:00,0.0,1.023,0.134,25.89
2022-09-02 05:00:00,0.0,0.985,0.1225,25.29
2022-09-02 06:00:00,0.0,0.993,0.1299,25.6
2022-09-02 07:00:00,0.0,0.985,0.1289,26.82
2022-09-02 08:00:00,0.0,1.011,0.1222,27.7
2022-09-02 09:00:00,0.0,1.01,0.1162,27.94
2022-09-02 10:00:00,0.0,1.071,0.1225,29.97
2022-09-02 11:00:00,0.0,1.059,0.1192,30.75
2022-09-02 12:00:00,0.0,1.066,0.1176,31.55
2022-09-02 13:00:00,0.0,1.079,0.1189,33.26
2022-09-02 14:00:00,0.0,1.072,0.1156,32.62
2022-09-02 15:00:00,0.0,1.053,0.1095,33.72
2022-09-02 16:00:00,0.0,1.053,0.1126,32.26
2022-09-02 17:00:00,0.0,1.044,0.1129,31.51
2022-09-02 18:00:00,0.0,1.015,0.1121,31.23
2022-09-02 19:00:00,0.0,0.977,0.1133,31.39
2022-09-02 20:00:00,0.0,0.914,0.1026,29.46
2022-09-02 21:00:00,0.0,0.963,0.1104,28.09
2022-09-02 22:00:00,0.0,0.979,0.1052,27.94
2022-09-02 23:00:00,0.0,1.01,0.106,26.61
2022-09-03 00:00:00,0.0,1.004,0.1072,26.22
2022-09-03 01:00:00,0.0,1.025,0.1015,24.96
2022-09-03 02:00:00,0.0,1.041,0.1018,24.44
2022-09-03 03:00:00,0.0,1.046,0.1038,25.59
2022-09-03 04:00:00,0.0,1.02,0.0995,24.48
2022-09-03 05:00:00,0.0,1.051,0.1015,24.88
2022-09-03 06:00:00,0.0,1.02,0.0964,26.17
2022-09-03 07:00:00,0.0,1.049,0.1024,25.37
2022-09-03 08:00:00,0.0,1.007,0.1002,28.09
2022-09-03 09:00:00,0.0,1.012,0.0946,29.66
2022-09-03 10:00:00,0.0,1.008,0.0992,30.23
2022-09-03 11:00:00,0.0,0.971,0.0963,30.24
2022-09-03 12:00:00,0.0,0.944,0.0911,31.23
2022-09-03 13:00:00,0.0,0.948,0.095,32.26
2022-09-03 14:00:00,0.0,0.985,0.0941,32.81
2022-09-03 15:00:00,0.0,0.996,0.0861,33.57
2022-09-03 16:00:00,0.0,0.994,0.0826,33.41
2022-09-03 17:00:00,0.0,1.03,0.0877,32.12
2022-09-03 18:00:00,0.0,1.006,0.0857,31.33
2022-09-03 19:00:00,0.0,1.007,0.0889,30.37
2022-09-03 20:00:00,0.0,0.977,0.0842,30.12
2022-09-03 21:00:00,0.0,0.992,0.0835,29.3
2022-09-03 22:00:00,0.0,0.997,0.09,27.76
2022-09-03 23:00:00,0.0,0.967,0.0876,26.76
2022-09-04 00:00:00,0.0,0.939,0.0785,26.95
2022-09-04 01:00:00,0.0,0.978,0.0865,25.6
2022-09-04 02:00:00,0.0,1.028,0.0865,23.83
2022-09-04 03:00:00,0.0,0.991,0.0807,24.7
2022-09-04 04:00:00,0.0,0.967,0.0793,24.96
2022-09-04 05:00:00,0.0,0.89,0.0742,25.12
2022-09-04 06:00:00,0.0,0.909,0.0751,26.52
2022-09-04 07:00:00,0.0,0.918,0.0782,26.56
2022-09-04 08:00:00,0.0,0.925,0.0764,27.19
2022-09-04 09:00:00,0.0,0.929,0.076,28.37
2022-09-04 10:00:00,0.0,0.917,0.0774,30.09
2022-09-04 11:00:00,0.0,0.947,0.0809,30.04
2022-09-04 12:00:00,0.0,0.932,0.073,31.3
2022-09-04 13:00:00,0.0,0.96,0.0721,32.61
2022-09-04 14:00:00,0.0,0.957,0.0727,31.9
2022-09-04 15:00:00,0.0,0.947,0.0715,32.2
2022-09-04 16:00:00,0.0,0.911,0.0766,31.74
2022-09-04 17:00:00,1.17,0.894,0.0749,31.62
2022-09-04 18:00:00,3.7,0.941,0.0922,30.92
2022-09-04 19:00:00,4.11,1.022,0.1128,30.19
2022-09-04 20:00:00,3.91,1.086,0.1249,28.91
2022-09-04 21:00:00,3.56,1.14,0.1323,28.17
2022-09-04 22:00:00,0.94,1.17,0.1339,28.08
2022-09-04 23:00:00,0.0,1.194,0.1313,26.89
2022-09-05 00:00:00,0.0,1.197,0.1333,
2022-09-05 01:00:00,0.0,1.182,,24.88
2022-09-05 02:00:00,0.0,1.18,0.1376,24.59
2022-09-05 03:00:00,0.0,1.149,0.1282,24.76
2022-09-05 04:00:00,0.0,1.169,0.1289,24.56
2022-09-05 05:00:00,0.0,1.165,0.1286,25.2
2022-09-05 06:00:00,0.0,1.136,0.1232,24.89
2022-09-05 07:00:00,0.0,1.098,0.1287,26.49
2022-09-05 08:00:00,0.0,1.119,0.1259,28.08
2022-09-05 09:00:00,0.0,1.125,0.1225,29.63
2022-09-05 10:00:00,0.0,1.139,0.1232,30.44
2022-09-05 11:00:00,0.0,1.082,0.1205,30.74
2022-09-05 12:00:00,0.0,1.031,0.1194,31.75
2022-09-05 13:00:00,0.0,0.99,0.1162,32.31
2022-09-05 14:00:00,0.0,0.985,0.1173,32.27
2022-09-05 15:00:00,0.0,1.007,0.1169,32.2
2022-09-05 16:00:00,0.0,1.015,0.1119,32.67
2022-09-05 17:00:00,0.0,1.041,0.114,32.09
2022-09-05 18:00:00,0.0,1.034,0.1061,31.93
2022-09-05 19:00:00,0.0,1.056,0.1145,29.49
2022-09-05 20:00:00,0.0,1.039,0.106,29.63
2022-09-05 21:00:00,0.0,1.056,0.1035,29.28
2022-09-05 22:00:00,0.0,1.038,0.1061,27.93
2022-09-05 23:00:00,0.0,1.032,0.1074,26.19
2022-09-06 00:00:00,0.0,1.01,0.105,25.15
2022-09-06 01:00:00,0.0,1.034,0.1075,25.15
2022-09-06 02:00:00,0.0,1.012,0.1035,25.16
2022-09-06 03:00:00,0.0,0.987,0.1028,24.89
2022-09-06 04:00:00,0.0,0.978,0.1022,24.83
2022-09-06 05:00:00,0.0,0.998,0.1069,25.49
2022-09-06 06:00:00,0.0,1.017,0.0997,25.94
2022-09-06 07:00:00,0.0,1.033,0.1076,26.94
2022-09-06 08:00:00,0.0,1.005,0.1051,28.07
2022-09-06 09:00:00,0.0,0.949,0.0946,28.41
2022-09-06 10:00:00,0.0,0.943,0.1,29.23
2022-09-06 11:00:00,0.0,0.949,0.0944,31.0
2022-09-06 12:00:00,0.0,0.945,0.0957,31.21
2022-09-06 13:00:00,0.0,0.94,0.0895,31.13
2022-09-06 14:00:00,0.0,0.975,0.0929,33.21
2022-09-06 15:00:00,,1.01,0.1005,32.76
2022-09-06 16:00:00,0.0,1.001,0.0888,32.6
2022-09-06 17:00:00,0.0,0.96,0.0925,32.01
2022-09-06 18:00:00,0.0,0.956,0.0897,31.88
2022-09-06 19:00:00,0.0,0.922,0.0868,29.99
2022-09-06 20:00:00,0.0,0.955,0.0912,29.67
2022-09-06 21:00:00,0.0,0.923,0.0853,28.78
2022-09-06 22:00:00,0.0,0.973,0.0858,27.88
2022-09-06 23:00:00,0.0,1.004,0.0859,25.78
2022-09-07 00:00:00,0.0,1.018,0.0882,26.06
2022-09-07 01:00:00,0.0,0.959,0.0827,24.92
2022-09-07 02:00:00,0.0,0.934,0.09,24.4
2022-09-07 03:00:00,0.0,0.892,0.0772,23.81
2022-09-07 04:00:00,0.0,0.918,0.0801,25.84
2022-09-07 05:00:00,0.0,0.92,0.0849,25.06
2022-09-07 06:00:00,0.0,0.954,0.0788,25.89
2022-09-07 07:00:00,0.0,0.929,0.0804,26.07
2022-09-07 08:00:00,0.0,0.914,0.0763,26.79
2022-09-07 09:00:00,0.0,0.905,0.0741,29.0
2022-09-07 10:00:00,0.0,0.933,0.0761,28.95
2022-09-07 11:00:00,0.0,0.987,0.0791,31.24
2022-09-07 12:00:00,0.0,0.963,0.0742,32.32
2022-09-07 13:00:00,0.0,0.978,0.0749,31.67
2022-09-07 14:00:00,0.0,0.954,0.0729,32.23
2022-09-07 15:00:00,0.0,0.966,0.0756,31.32
2022-09-07 16:00:00,0.0,0.944,0.068,31.58
2022-09-07 17:00:00,0.0,0.943,0.0717,32.37
2022-09-07 18:00:00,0.0,0.954,0.0702,32.05
2022-09-07 19:00:00,0.0,0.94,0.0678,30.2
2022-09-07 20:00:00,0.0,0.957,0.0735,29.31
2022-09-07 21:00:00,0.0,0.911,0.064,27.8
2022-09-07 22:00:00,0.0,0.946,0.0697,26.99
2022-09-07 23:00:00,0.0,0.964,0.0694,27.26
2022-09-08 00:00:00,0.0,0.955,0.0663,25.87
2022-09-08 01:00:00,0.0,,0.0728,24.19
2022-09-08 02:00:00,0.0,0.897,0.0677,24.97
2022-09-08 03:00:00,0.0,0.913,0.0637,25.73
2022-09-08 04:00:00,0.0,0.941,0.0672,24.49
2022-09-08 05:00:00,0.0,0.945,0.0634,24.75
2022-09-08 06:00:00,0.0,0.926,0.0631,26.01
2022-09-08 07:00:00,0.0,0.918,0.0671,27.05
2022-09-08 08:00:00,0.0,0.929,0.0648,27.92
2022-09-08 09:00:00,0.0,0.937,0.0658,28.39
2022-09-08 10:00:00,0.0,0.956,0.0545,29.37
2022-09-08 11:00:00,0.0,0.957,0.0624,29.69
2022-09-08 12:00:00,2.98,0.988,0.0772,30.46
2022-09-08 13:00:00,7.92,0.999,0.1002,31.4
2022-09-08 14:00:00,8.13,1.072,0.1355,31.33
2022-09-08 15:00:00,3.97,1.123,0.1487,32.27
2022-09-08 16:00:00,0.0,1.194,0.1499,32.29
2022-09-08 17:00:00,0.0,1.226,0.1446,32.04
2022-09-08 18:00:00,0.0,1.252,0.147,31.39
2022-09-08 19:00:00,0.0,1.213,0.1423,30.92
2022-09-08 20:00:00,0.0,1.281,0.1499,30.01
2022-09-08 21:00:00,0.0,1.256,0.1415,28.54
2022-09-08 22:00:00,0.0,1.254,0.146,27.41
2022-09-08 23:00:00,0.0,1.188,0.1399,26.53
2022-09-09 00:00:00,0.0,1.178,0.1357,25.28
2022-09-09 01:00:00,0.0,1.198,0.1358,25.58
2022-09-09 02:00:00,0.0,1.183,0.1358,24.36
2022-09-09 03:00:00,0.0,1.117,0.1267,24.42
2022-09-09 04:00:00,0.0,1.095,0.1355,24.73
2022-09-09 05:00:00,0.0,1.092,0.132,25.19
2022-09-09 06:00:00,0.0,1.127,0.1321,25.81
2022-09-09 07:00:00,0.0,1.137,0.1312,26.44
2022-09-09 08:00:00,0.0,1.123,0.1242,28.29
2022-09-09 09:00:00,0.0,1.104,0.1272,28.54
2022-09-09 10:00:00,0.0,1.109,0.1257,29.41
2022-09-09 11:00:00,0.0,1.063,0.1206,31.4
2022-09-09 12:00:00,0.0,1.106,0.1274,30.94
2022-09-09 13:00:00,0.0,1.076,0.1273,32.87
2022-09-09 14:00:00,0.0,1.046,0.1192,31.37
2022-09-09 15:00:00,0.0,0.998,0.1206,32.3
2022-09-09 16:00:00,0.0,1.023,0.1176,31.53
2022-09-09 17:00:00,3.71,1.092,0.1303,30.92
2022-09-09 18:00:00,7.71,1.158,0.1596,30.79
2022-09-09 19:00:00,8.78,1.204,0.1906,29.77
2022-09-09 20:00:00,3.59,1.214,0.208,28.88
2022-09-09 21:00:00,0.0,1.253,0.203,29.32
2022-09-09 22:00:00,0.0,1.314,0.2048,28.04
2022-09-09 23:00:00,0.0,1.375,0.1999,26.48
2022-09-10 00:00:00,0.0,1.371,0.1961,24.73
2022-09-10 01:00:00,0.0,1.354,0.196,25.47
2022-09-10 02:00:00,0.0,1.385,0.1976,24.35
2022-09-10 03:00:00,0.0,1.416,0.1939,24.6
2022-09-10 04:00:00,0.0,1.416,0.1906,24.99
2022-09-10 05:00:00,0.0,1.378,,24.79
2022-09-10 06:00:00,0.0,1.316,0.1861,26.27
2022-09-10 07:00:00,0.0,1.304,0.1925,26.27
2022-09-10 08:00:00,0.0,1.278,0.1903,27.69
2022-09-10 09:00:00,0.0,1.23,0.1877,28.84
2022-09-10 10:00:00,0.0,1.208,0.1855,29.95
2022-09-10 11:00:00,0.0,1.149,0.179,31.33
2022-09-10 12:00:00,0.0,1.159,0.1778,30.88
2022-09-10 13:00:00,0.0,1.172,0.1833,31.36
2022-09-10 14:00:00,0.0,1.18,0.1788,32.16
2022-09-10 15:00:00,0.0,1.174,0.1751,33.98
2022-09-10 16:00:00,0.0,1.151,0.17,33.0
2022-09-10 17:00:00,0.0,1.158,0.1672,31.65
2022-09-10 18:00:00,0.0,1.152,0.1646,31.11
2022-09-10 19:00:00,0.0,1.136,0.1643,30.45
2022-09-10 20:00:00,0.0,1.102,0.1639,29.63
2022-09-10 21:00:00,0.0,1.072,0.1637,28.78
2022-09-10 22:00:00,0.0,1.073,0.1653,27.76
2022-09-10 23:00:00,0.0,1.112,0.1667,27.06
2022-09-11 00:00:00,0.0,1.139,0.1634,26.59
2022-09-11 01:00:00,0.0,1.127,0.1538,24.88
2022-09-11 02:00:00,0.0,1.109,0.1541,24.44
2022-09-11 03:00:00,0.0,1.071,0.1523,24.23
2022-09-11 04:00:00,0.0,1.067,0.1573,24.41
2022-09-11 05:00:00,0.0,1.074,0.1552,25.13
2022-09-11 06:00:00,0.0,1.079,0.1501,25.9
2022-09-11 07:00:00,0.0,1.094,0.1499,27.28
2022-09-11 08:00:00,0.0,1.098,0.1496,27.02
2022-09-11 09:00:00,0.0,1.111,0.1492,28.59
2022-09-11 10:00:00,0.0,1.114,0.1498,29.03
2022-09-11 11:00:00,0.0,1.114,0.1452,30.62
2022-09-11 12:00:00,0.0,1.092,0.1424,32.58
2022-09-11 13:00:00,0.0,1.08,0.1427,31.81
2022-09-11 14:00:00,0.0,1.033,0.1393,33.5
2022-09-11 15:00:00,0.0,1.062,0.1396,32.0
2022-09-11 16:00:00,0.0,1.061,0.1363,32.05
2022-09-11 17:00:00,0.0,1.088,0.139,31.71
2022-09-11 18:00:00,0.0,1.097,0.1379,31.33
2022-09-11 19:00:00,0.0,1.082,0.1321,30.34
2022-09-11 20:00:00,0.0,1.095,0.1376,29.83
2022-09-11 21:00:00,0.0,1.052,0.1308,27.04
2022-09-11 22:00:00,0.0,1.065,0.1303,26.89
2022-09-11 23:00:00,0.0,1.082,0.1322,27.36
2022-09-12 00:00:00,0.0,1.088,0.133,24.84
2022-09-12 01:00:00,0.0,1.084,0.1294,24.73
2022-09-12 02:00:00,0.0,1.089,0.1259,24.81
2022-09-12 03:00:00,0.0,1.052,0.1228,24.34
2022-09-12 04:00:00,0.0,1.031,0.1239,24.08
2022-09-12 05:00:00,0.0,1.002,0.1238,25.13
2022-09-12 06:00:00,0.0,1.032,0.1222,25.96
2022-09-12 07:00:00,0.0,1.046,0.1193,26.07
2022-09-12 08:00:00,0.0,1.03,0.1166,27.54
2022-09-12 09:00:00,0.0,1.046,0.1184,28.8
2022-09-12 10:00:00,0.0,1.053,0.1146,29.94
2022-09-12 11:00:00,0.0,1.045,0.1103,30.55
2022-09-12 12:00:00,0.0,1.054,0.1114,32.05
2022-09-12 13:00:00,0.0,1.033,0.1115,31.86
2022-09-12 14:00:00,0.0,1.034,0.1093,31.74
2022-09-12 15:00:00,0.0,0.985,0.111,32.26
2022-09-12 16:00:00,0.0,0.985,0.1054,32.84
2022-09-12 17:00:00,0.0,1.02,0.1045,31.39
2022-09-12 18:00:00,0.0,1.089,0.1107,30.08
2022-09-12 19:00:00,0.0,1.075,0.1086,30.6
2022-09-12 20:00:00,0.0,1.028,0.1057,29.18
2022-09-12 21:00:00,0.0,1.001,0.1079,29.49
2022-09-12 22:00:00,0.0,1.016,0.1006,27.47
2022-09-12 23:00:00,0.28,1.038,0.1052,26.96
2022-09-13 00:00:00,0.82,1.051,0.1049,25.17
2022-09-13 01:00:00,1.17,1.057,0.1137,25.04
2022-09-13 02:00:00,1.73,1.081,0.116,24.47
2022-09-13 03:00:00,1.85,1.095,0.1192,24.83
2022-09-13 04:00:00,2.22,1.111,0.1339,24.33
2022-09-13 05:00:00,2.14,1.111,0.1361,24.38
2022-09-13 06:00:00,2.31,1.116,0.1419,25.78
2022-09-13 07:00:00,3.53,1.201,0.1629,25.61
2022-09-13 08:00:00,4.44,1.254,0.1766,26.43
2022-09-13 09:00:00,4.21,1.316,0.1873,27.88
2022-09-13 10:00:00,3.91,1.369,0.2035,28.8
2022-09-13 11:00:00,4.05,1.398,0.2176,29.92
2022-09-13 12:00:00,4.07,1.457,0.2294,30.41
2022-09-13 13:00:00,5.73,1.508,0.2499,31.77
2022-09-13 14:00:00,4.74,1.594,0.2684,32.26
2022-09-13 15:00:00,5.3,1.691,0.2899,32.21
2022-09-13 16:00:00,4.02,1.777,0.3024,32.15
2022-09-13 17:00:00,4.19,1.837,0.312,30.44
2022-09-13 18:00:00,4.28,1.887,0.33,30.78
2022-09-13 19:00:00,3.17,1.968,0.3413,30.43
2022-09-13 20:00:00,3.91,2.027,0.3466,29.64
2022-09-13 21:00:00,3.75,2.116,0.3632,27.85
2022-09-13 22:00:00,2.4,2.15,0.3674,27.7
2022-09-13 23:00:00,2.08,2.199,0.3717,26.27
2022-09-14 00:00:00,2.04,2.21,0.3779,23.95
2022-09-14 01:00:00,1.76,2.183,0.3844,24.59
2022-09-14 02:00:00,1.07,2.14,0.3795,23.88
2022-09-14 03:00:00,0.26,2.12,0.3815,23.94
2022-09-14 04:00:00,0.0,2.09,0.3773,24.94
2022-09-14 05:00:00,0.0,2.06,0.3755,24.96
2022-09-14 06:00:00,0.0,2.016,0.3718,25.19
2022-09-14 07:00:00,0.0,1.95,0.367,25.94
2022-09-14 08:00:00,0.0,1.869,0.3716,27.46
2022-09-14 09:00:00,0.0,1.769,0.3547,28.18
2022-09-14 10:00:00,0.0,1.794,0.3607,29.66
2022-09-14 11:00:00,0.0,1.774,0.3571,29.86
2022-09-14 12:00:00,0.0,1.703,0.3519,30.91
2022-09-14 13:00:00,0.0,1.633,0.3489,31.18
2022-09-14 14:00:00,1.07,1.616,0.3505,31.75
2022-09-14 15:00:00,3.06,1.635,0.3553,33.06
2022-09-14 16:00:00,5.27,1.691,0.3732,31.24
2022-09-14 17:00:00,5.81,1.721,0.3927,30.92
2022-09-14 18:00:00,8.46,1.832,0.425,29.85
2022-09-14 19:00:00,9.48,1.941,0.4589,29.23
2022-09-14 20:00:00,7.08,2.121,0.4782,28.57
2022-09-14 21:00:00,8.03,2.282,0.4999,28.08
2022-09-14 22:00:00,9.82,2.41,0.4983,26.06
2022-09-14 23:00:00,8.73,2.593,0.4973,25.46
2022-09-15 00:00:00,6.45,2.806,0.4987,23.82
2022-09-15 01:00:00,6.67,3.014,0.4968,23.66
2022-09-15 02:00:00,4.15,3.103,0.4947,24.49
2022-09-15 03:00:00,2.88,3.178,0.5,23.51
2022-09-15 04:00:00,1.1,3.22,0.5,24.64
2022-09-15 05:00:00,0.0,3.225,0.4953,24.3
2022-09-15 06:00:00,0.0,3.172,0.495,25.31
2022-09-15 07:00:00,0.0,3.065,0.4902,27.09
2022-09-15 08:00:00,0.0,2.916,0.4809,27.57
2022-09-15 09:00:00,0.0,2.761,0.4767,27.25
2022-09-15 10:00:00,0.0,2.648,0.4699,30.87
2022-09-15 11:00:00,0.0,2.535,0.4702,29.71
2022-09-15 12:00:00,0.0,2.45,0.466,31.99
2022-09-15 13:00:00,0.0,2.284,0.4595,31.47
2022-09-15 14:00:00,0.0,2.183,0.4524,31.48
2022-09-15 15:00:00,0.0,2.081,0.4495,32.0
2022-09-15 16:00:00,0.0,1.984,0.447,31.77
2022-09-15 17:00:00,0.0,1.901,0.442,31.42
2022-09-15 18:00:00,0.0,1.853,0.4372,31.09
2022-09-15 19:00:00,0.0,1.832,0.4321,30.47
2022-09-15 20:00:00,0.0,1.805,0.4303,29.97
2022-09-15 21:00:00,0.0,1.712,0.42,28.34
2022-09-15 22:00:00,0.0,1.688,0.4173,27.23
2022-09-15 23:00:00,0.0,1.654,0.4128,25.87
2022-09-16 00:00:00,0.0,1.661,0.4111,25.21
2022-09-16 01:00:00,0.0,1.633,0.4135,24.46
2022-09-16 02:00:00,0.0,1.614,0.4037,23.63
2022-09-16 03:00:00,0.0,1.609,0.4005,25.46
2022-09-16 04:00:00,0.0,1.599,0.3945,24.44
2022-09-16 05:00:00,0.0,1.624,0.3983,24.84
2022-09-16 06:00:00,0.0,1.613,0.3929,25.96
2022-09-16 07:00:00,0.0,1.595,0.3941,24.89
2022-09-16 08:00:00,0.0,1.553,0.3905,28.26
2022-09-16 09:00:00,0.0,1.532,0.3794,27.75
2022-09-16 10:00:00,0.0,1.565,0.3789,28.77
2022-09-16 11:00:00,0.0,1.559,0.3791,29.91
2022-09-16 12:00:00,0.0,1.518,0.3692,31.5
2022-09-16 13:00:00,0.0,1.517,,32.72
2022-09-16 14:00:00,0.0,1.505,0.3557,32.86
2022-09-16 15:00:00,0.0,1.535,0.3591,31.94
2022-09-16 16:00:00,0.0,1.504,0.3536,31.15
2022-09-16 17:00:00,0.0,1.519,0.3549,31.44
2022-09-16 18:00:00,0.0,1.51,0.347,30.69
2022-09-16 19:00:00,0.0,1.532,0.3472,29.36
2022-09-16 20:00:00,0.0,1.502,0.3429,29.51
2022-09-16 21:00:00,0.0,1.467,0.3359,28.18
2022-09-16 22:00:00,0.0,1.457,0.3378,27.4
2022-09-16 23:00:00,0.0,1.427,0.3339,26.55
2022-09-17 00:00:00,0.0,1.411,0.325,25.65
2022-09-17 01:00:00,0.0,1.435,0.3285,24.64
2022-09-17 02:00:00,0.0,1.439,0.3229,25.09
2022-09-17 03:00:00,0.0,1.477,0.3232,23.89
2022-09-17 04:00:00,0.0,1.435,0.3202,23.95
2022-09-17 05:00:00,0.0,1.432,0.3199,24.55
2022-09-17 06:00:00,0.0,1.385,0.3171,25.57
2022-09-17 07:00:00,0.0,1.399,0.3093,26.47
2022-09-17 08:00:00,0.0,1.406,0.3073,26.93
2022-09-17 09:00:00,0.0,1.392,0.3053,27.97
2022-09-17 10:00:00,0.0,1.394,0.3062,29.82
2022-09-17 11:00:00,0.0,99.9,0.2988,29.48
2022-09-17 12:00:00,0.0,1.394,0.2977,32.34
2022-09-17 13:00:00,0.0,1.412,0.2963,31.45
2022-09-17 14:00:00,0.0,1.408,0.2906,31.89
2022-09-17 15:00:00,0.0,1.434,0.2925,32.32
2022-09-17 16:00:00,0.0,1.375,0.2825,32.26
2022-09-17 17:00:00,0.0,1.347,0.2828,31.27
2022-09-17 18:00:00,0.0,1.354,0.2794,31.13
2022-09-17 19:00:00,0.0,1.343,0.2758,29.67
2022-09-17 20:00:00,0.0,1.35,0.2664,28.87
2022-09-17 21:00:00,0.0,1.347,0.2696,27.33
2022-09-17 22:00:00,0.0,1.325,0.2628,27.17
2022-09-17 23:00:00,0.0,1.316,0.2642,26.04
2022-09-18 00:00:00,0.0,1.283,0.2635,24.25
2022-09-18 01:00:00,0.0,1.322,0.2686,24.28
2022-09-18 02:00:00,0.0,1.299,0.2619,24.21
2022-09-18 03:00:00,0.0,1.286,0.2545,24.51
2022-09-18 04:00:00,0.0,1.261,0.2563,23.58
2022-09-18 05:00:00,0.0,1.271,0.255,24.47
2022-09-18 06:00:00,0.0,1.251,0.252,24.71
2022-09-18 07:00:00,0.0,1.293,0.2496,26.45
2022-09-18 08:00:00,0.0,1.283,0.2457,26.72
2022-09-18 09:00:00,0.0,,0.2461,28.34
2022-09-18 10:00:00,0.0,1.294,0.2435,28.94
2022-09-18 11:00:00,0.0,1.301,0.2424,29.23
2022-09-18 12:00:00,0.0,1.261,0.2404,30.88
2022-09-18 13:00:00,0.0,1.267,0.2378,30.96
2022-09-18 14:00:00,0.0,1.232,0.2331,32.51
2022-09-18 15:00:00,0.0,1.27,0.2297,32.99
2022-09-18 16:00:00,0.0,1.252,0.2299,32.27
2022-09-18 17:00:00,0.0,1.27,0.2228,31.23
2022-09-18 18:00:00,0.0,1.212,0.2156,30.92
2022-09-18 19:00:00,0.0,1.233,0.2155,30.23
2022-09-18 20:00:00,0.0,1.188,0.2129,29.66
2022-09-18 21:00:00,0.0,1.192,0.2182,27.99
2022-09-18 22:00:00,0.0,1.191,0.215,27.25
2022-09-18 23:00:00,0.0,1.235,0.2152,25.25
2022-09-19 00:00:00,0.0,1.249,0.2127,25.33
2022-09-19 01:00:00,0.0,1.225,0.2126,24.14
2022-09-19 02:00:00,0.0,1.205,0.2113,24.19
2022-09-19 03:00:00,0.0,1.213,0.2092,23.52
2022-09-19 04:00:00,0.0,1.232,0.2077,24.38
2022-09-19 05:00:00,0.0,1.23,0.2081,24.89
2022-09-19 06:00:00,0.0,1.198,0.2078,25.09
2022-09-19 07:00:00,0.0,1.165,0.2001,25.6
2022-09-19 08:00:00,0.0,1.164,0.2027,27.29
2022-09-19 09:00:00,0.0,1.195,0.1944,28.82
2022-09-19 10:00:00,0.0,1.186,0.1926,30.03
2022-09-19 11:00:00,0.0,1.228,0.1972,30.23
2022-09-19 12:00:00,0.0,1.192,0.1906,31.0
2022-09-19 13:00:00,0.0,1.173,0.1833,30.84
2022-09-19 14:00:00,0.0,1.171,0.1826,32.56
2022-09-19 15:00:00,0.0,1.158,0.182,30.88
2022-09-19 16:00:00,0.0,1.162,0.1787,32.5
2022-09-19 17:00:00,0.0,1.143,0.1819,31.51
2022-09-19 18:00:00,0.0,1.131,0.176,29.65
2022-09-19 19:00:00,0.0,1.136,0.1759,30.21
2022-09-19 20:00:00,0.0,1.126,0.1732,28.99
2022-09-19 21:00:00,0.0,1.118,0.1694,27.81
2022-09-19 22:00:00,0.0,1.107,0.168,26.87
2022-09-19 23:00:00,0.0,1.117,0.1732,26.03
2022-09-20 00:00:00,0.0,1.118,0.1701,25.15
2022-09-20 01:00:00,0.0,1.095,0.1583,23.79
2022-09-20 02:00:00,0.0,1.128,0.1646,24.33
2022-09-20 03:00:00,0.0,1.133,0.168,23.8
2022-09-20 04:00:00,0.0,1.11,0.1657,24.92
2022-09-20 05:00:00,0.0,1.115,0.169,24.95
2022-09-20 06:00:00,0.0,1.095,0.1606,25.65
2022-09-20 07:00:00,0.0,1.124,0.161,26.92
2022-09-20 08:00:00,0.0,1.123,0.1558,27.32
2022-09-20 09:00:00,0.0,1.125,0.1524,27.92
2022-09-20 10:00:00,0.0,1.114,0.1567,27.74
2022-09-20 11:00:00,0.0,1.084,0.1529,30.11
2022-09-20 12:00:00,0.0,1.087,0.1604,31.68
2022-09-20 13:00:00,0.0,1.065,0.149,31.9
2022-09-20 14:00:00,0.0,1.06,0.1479,31.6
2022-09-20 15:00:00,0.0,1.052,0.1478,32.02
2022-09-20 16:00:00,0.0,1.05,0.1488,31.57
2022-09-20 17:00:00,0.0,1.064,0.147,31.61
2022-09-20 18:00:00,0.0,1.068,0.138,30.56
2022-09-20 19:00:00,0.0,1.106,0.1454,30.71
2022-09-20 20:00:00,0.0,1.095,0.1396,29.08
2022-09-20 21:00:00,0.0,1.045,0.1308,28.12
2022-09-20 22:00:00,0.0,1.048,0.1376,26.54
2022-09-20 23:00:00,0.0,1.053,0.1334,25.78
2022-09-21 00:00:00,0.0,1.122,0.139,24.53
2022-09-21 01:00:00,0.0,1.109,0.1354,25.18
2022-09-21 02:00:00,0.0,1.072,0.1365,23.82
2022-09-21 03:00:00,0.0,1.008,0.1359,24.02
2022-09-21 04:00:00,0.0,1.0,0.13,23.3
2022-09-21 05:00:00,0.0,1.026,0.1311,23.86
2022-09-21 06:00:00,0.0,1.079,0.1327,24.99
2022-09-21 07:00:00,0.0,1.056,0.1289,25.78
2022-09-21 08:00:00,0.0,1.035,0.1246,27.03
2022-09-21 09:00:00,0.0,1.022,0.1302,28.94
2022-09-21 10:00:00,0.0,1.015,0.1248,27.97
2022-09-21 11:00:00,0.0,1.001,0.1211,30.43
2022-09-21 12:00:00,0.0,1.037,0.1279,31.02
2022-09-21 13:00:00,0.0,1.037,0.1152,31.09
2022-09-21 14:00:00,0.0,1.058,0.1176,31.59
2022-09-21 15:00:00,0.0,1.065,0.1166,32.5
2022-09-21 16:00:00,0.0,1.061,0.1197,31.77
2022-09-21 17:00:00,0.0,1.043,0.1147,31.24
2022-09-21 18:00:00,0.0,1.023,0.1126,30.24
2022-09-21 19:00:00,0.0,1.016,0.1166,29.52
2022-09-21 20:00:00,0.0,1.029,0.1148,28.37
2022-09-21 21:00:00,0.0,1.024,0.1105,28.38
2022-09-21 22:00:00,0.0,1.048,0.1111,26.51
2022-09-21 23:00:00,0.0,1.012,0.1061,25.34
2022-09-22 00:00:00,0.0,1.017,0.108,25.15
2022-09-22 01:00:00,0.0,1.039,0.1076,24.02
2022-09-22 02:00:00,0.0,1.05,0.1031,24.8
2022-09-22 03:00:00,0.0,1.026,0.1012,23.91
2022-09-22 04:00:00,0.0,1.033,0.1041,24.13
2022-09-22 05:00:00,0.0,1.038,0.1077,24.53
2022-09-22 06:00:00,0.0,1.072,0.1054,25.35
2022-09-22 07:00:00,0.0,1.018,0.101,26.25
2022-09-22 08:00:00,0.0,1.016,0.1097,26.87
2022-09-22 09:00:00,0.0,0.977,0.0978,27.38
2022-09-22 10:00:00,0.0,0.957,0.1017,28.85
2022-09-22 11:00:00,0.0,0.992,0.0974,29.92
2022-09-22 12:00:00,0.0,1.008,0.1017,29.9
2022-09-22 13:00:00,0.0,1.031,0.0967,30.3
2022-09-22 14:00:00,0.0,1.017,0.0953,31.15
2022-09-22 15:00:00,0.0,1.002,0.0979,30.91
2022-09-22 16:00:00,0.0,1.001,0.0935,31.51
2022-09-22 17:00:00,0.0,0.968,0.0953,30.97
2022-09-22 18:00:00,0.0,0.977,0.0918,30.76
2022-09-22 19:00:00,0.0,0.976,0.0833,30.24
2022-09-22 20:00:00,0.0,1.024,0.0967,29.07
2022-09-22 21:00:00,0.0,0.976,0.091,28.11
2022-09-22 22:00:00,0.0,0.967,0.0877,27.33
2022-09-22 23:00:00,0.0,0.987,0.092,25.73
2022-09-23 00:00:00,0.0,1.02,0.0844,23.71
2022-09-23 01:00:00,0.0,1.008,0.0839,23.5
2022-09-23 02:00:00,0.0,0.979,0.0817,24.23
2022-09-23 03:00:00,0.0,0.939,0.0847,23.94
2022-09-23 04:00:00,0.0,0.939,0.0826,24.32
2022-09-23 05:00:00,0.0,0.962,0.0831,25.8
2022-09-23 06:00:00,0.0,1.004,0.0788,25.12
2022-09-23 07:00:00,0.0,1.014,0.0805,25.79
2022-09-23 08:00:00,0.0,1.028,0.0832,26.98
2022-09-23 09:00:00,0.0,1.002,0.0852,27.25
2022-09-23 10:00:00,0.0,0.996,0.0804,29.25
2022-09-23 11:00:00,0.0,0.96,0.078,29.76
2022-09-23 12:00:00,0.0,0.967,0.0806,31.51
2022-09-23 13:00:00,0.0,0.94,0.0814,30.5
2022-09-23 14:00:00,0.0,0.966,0.0804,31.71
2022-09-23 15:00:00,0.0,0.991,0.0778,31.53
2022-09-23 16:00:00,0.0,1.002,0.0732,31.17
2022-09-23 17:00:00,0.0,0.979,0.0745,31.62
2022-09-23 18:00:00,0.0,1.009,0.0746,30.51
2022-09-23 19:00:00,0.0,1.008,0.0657,30.51
2022-09-23 20:00:00,0.0,1.054,0.0725,28.61
2022-09-23 21:00:00,0.0,1.005,0.0769,27.64
2022-09-23 22:00:00,0.0,0.953,0.0692,27.81
2022-09-23 23:00:00,0.0,0.916,0.0651,25.17
2022-09-24 00:00:00,0.0,0.917,0.068,24.57
2022-09-24 01:00:00,0.0,0.932,0.0674,22.78
2022-09-24 02:00:00,0.0,0.927,0.0723,23.7
2022-09-24 03:00:00,0.0,0.933,0.0763,24.14
2022-09-24 04:00:00,0.0,0.899,0.0684,24.13
2022-09-24 05:00:00,0.0,0.888,0.0648,24.4
2022-09-24 06:00:00,,0.872,0.0632,24.52
2022-09-24 07:00:00,0.0,0.898,0.0694,25.7
2022-09-24 08:00:00,0.0,0.914,0.0679,26.56
2022-09-24 09:00:00,0.0,0.926,0.0687,27.79
2022-09-24 10:00:00,0.0,0.95,0.0629,28.91
2022-09-24 11:00:00,0.0,0.963,0.0688,29.62
2022-09-24 12:00:00,0.0,0.924,0.0637,30.63
2022-09-24 13:00:00,0.0,0.881,0.0604,31.21
2022-09-24 14:00:00,0.0,0.87,0.0557,31.32
2022-09-24 15:00:00,0.0,0.87,0.0597,31.83
2022-09-24 16:00:00,0.0,0.874,0.059,31.02
2022-09-24 17:00:00,0.0,0.864,0.0567,31.35
2022-09-24 18:00:00,3.1,0.932,0.0731,29.75
2022-09-24 19:00:00,9.43,1.006,0.1067,28.83
2022-09-24 20:00:00,10.53,1.108,0.1471,28.01
2022-09-24 21:00:00,11.3,1.232,0.1911,26.2
2022-09-24 22:00:00,9.14,1.35,0.2246,26.36
2022-09-24 23:00:00,2.73,1.471,0.2361,26.41
2022-09-25 00:00:00,0.0,1.551,0.2343,24.59
2022-09-25 01:00:00,0.0,1.638,0.2334,24.2
2022-09-25 02:00:00,0.0,1.651,0.2334,24.48
2022-09-25 03:00:00,0.0,1.667,0.2352,22.84
2022-09-25 04:00:00,0.0,1.649,0.2319,23.89
2022-09-25 05:00:00,0.0,1.604,0.2224,24.13
2022-09-25 06:00:00,0.0,1.578,0.2279,25.36
2022-09-25 07:00:00,0.0,1.538,0.2267,25.62
2022-09-25 08:00:00,0.0,1.498,0.2237,26.93
2022-09-25 09:00:00,0.0,1.477,0.2181,27.33
2022-09-25 10:00:00,0.0,1.439,0.2217,29.25
2022-09-25 11:00:00,0.0,1.396,0.2125,29.18
2022-09-25 12:00:00,0.0,1.365,0.2162,31.0
2022-09-25 13:00:00,0.0,1.337,0.2139,31.24
2022-09-25 14:00:00,0.0,1.315,0.2101,30.43
2022-09-25 15:00:00,0.0,1.267,0.201,31.77
2022-09-25 16:00:00,0.0,1.256,0.2048,31.91
2022-09-25 17:00:00,0.0,1.226,0.2046,30.59
2022-09-25 18:00:00,0.0,1.222,0.2002,30.15
2022-09-25 19:00:00,0.0,1.202,0.1978,29.79
2022-09-25 20:00:00,0.0,1.225,0.1951,28.52
2022-09-25 21:00:00,0.0,1.189,0.1928,27.91
2022-09-25 22:00:00,0.0,1.214,0.1924,26.6
2022-09-25 23:00:00,0.0,1.187,0.1948,25.08
2022-09-26 00:00:00,0.0,1.198,0.1875,26.03
2022-09-26 01:00:00,0.0,1.173,0.1893,24.06
2022-09-26 02:00:00,0.0,1.166,0.1786,23.89
2022-09-26 03:00:00,0.0,1.153,0.1837,24.58
2022-09-26 04:00:00,0.0,1.15,0.1859,24.26
2022-09-26 05:00:00,0.0,1.14,0.1854,24.5
2022-09-26 06:00:00,0.0,1.144,0.1775,25.39
2022-09-26 07:00:00,0.0,1.173,0.1802,25.97
2022-09-26 08:00:00,0.0,1.187,0.1801,26.93
2022-09-26 09:00:00,0.0,1.167,0.1737,27.97
2022-09-26 10:00:00,0.0,1.182,0.1695,28.64
2022-09-26 11:00:00,0.0,1.158,0.1687,30.23
2022-09-26 12:00:00,0.0,1.147,0.1661,30.86
2022-09-26 13:00:00,0.0,1.082,0.1713,30.01
2022-09-26 14:00:00,0.0,1.095,0.1677,31.98
2022-09-26 15:00:00,0.0,1.076,0.1643,31.29
2022-09-26 16:00:00,0.0,1.11,0.1612,31.68
2022-09-26 17:00:00,0.0,1.099,0.1655,30.32
2022-09-26 18:00:00,0.0,1.1,0.1599,30.23
2022-09-26 19:00:00,0.0,1.103,0.1599,29.51
2022-09-26 20:00:00,0.0,1.093,0.1547,28.99
2022-09-26 21:00:00,0.0,1.097,0.1525,27.4
2022-09-26 22:00:00,0.0,1.098,0.1578,25.57
2022-09-26 23:00:00,0.0,1.091,0.1537,25.45
2022-09-27 00:00:00,0.0,1.094,0.1528,24.62
2022-09-27 01:00:00,0.0,1.104,0.1521,24.49
2022-09-27 02:00:00,0.0,1.087,0.1529,23.85
2022-09-27 03:00:00,0.0,1.07,0.1524,23.26
2022-09-27 04:00:00,0.0,1.034,0.1444,23.92
2022-09-27 05:00:00,0.0,1.088,0.1458,25.09
2022-09-27 06:00:00,0.0,1.074,0.1423,25.4
2022-09-27 07:00:00,0.0,1.085,0.1447,24.69
2022-09-27 08:00:00,0.0,1.057,0.1417,27.84
2022-09-27 09:00:00,0.0,1.076,0.1406,28.23
2022-09-27 10:00:00,0.0,1.073,0.1395,29.47
2022-09-27 11:00:00,0.0,1.072,0.138,28.88
2022-09-27 12:00:00,0.0,1.082,0.145,30.26
2022-09-27 13:00:00,0.0,1.036,0.1302,31.4
2022-09-27 14:00:00,0.0,1.049,0.1341,30.94
2022-09-27 15:00:00,0.0,1.026,0.1286,31.9
2022-09-27 16:00:00,0.0,1.041,0.1322,32.32
2022-09-27 17:00:00,0.0,1.05,0.1261,30.94
2022-09-27 18:00:00,0.0,1.05,0.1287,31.32
2022-09-27 19:00:00,0.0,1.075,0.1254,29.99
2022-09-27 20:00:00,0.0,1.061,0.1297,27.75
2022-09-27 21:00:00,0.0,1.031,0.1209,27.21
2022-09-27 22:00:00,0.0,1.005,0.1202,27.16
2022-09-27 23:00:00,0.0,0.978,0.1198,25.12
2022-09-28 00:00:00,0.0,1.027,0.1234,25.3
2022-09-28 01:00:00,0.0,1.05,0.1219,24.43
2022-09-28 02:00:00,0.0,1.089,0.1195,23.88
2022-09-28 03:00:00,0.0,1.062,0.1214,23.3
2022-09-28 04:00:00,0.0,1.068,0.1118,23.88
2022-09-28 05:00:00,0.0,1.068,0.1169,24.97
2022-09-28 06:00:00,0.0,1.111,0.1166,24.57
2022-09-28 07:00:00,0.0,1.074,0.1163,25.9
2022-09-28 08:00:00,0.0,1.051,0.1149,27.56
2022-09-28 09:00:00,0.0,1.009,0.1144,27.72
2022-09-28 10:00:00,0.0,1.027,0.1139,28.38
2022-09-28 11:00:00,0.0,1.036,0.1173,29.34
2022-09-28 12:00:00,0.0,1.038,0.1125,29.38
2022-09-28 13:00:00,0.0,1.021,0.1048,30.45
2022-09-28 14:00:00,0.0,1.048,0.1106,31.62
2022-09-28 15:00:00,0.0,1.039,0.1065,32.07
2022-09-28 16:00:00,0.0,1.018,0.1041,31.24
2022-09-28 17:00:00,0.0,1.002,0.1004,31.53
2022-09-28 18:00:00,0.0,1.011,0.1027,30.87
2022-09-28 19:00:00,0.0,1.029,0.1032,29.2
2022-09-28 20:00:00,0.0,1.035,0.1039,28.33
2022-09-28 21:00:00,0.0,1.015,0.0975,26.92
2022-09-28 22:00:00,0.0,1.02,0.0986,26.93
2022-09-28 23:00:00,0.0,0.999,0.0976,25.59
2022-09-29 00:00:00,0.0,1.0,0.0965,25.15
2022-09-29 01:00:00,0.0,0.968,0.0929,24.05
2022-09-29 02:00:00,0.0,0.973,0.0936,23.21
2022-09-29 03:00:00,0.0,0.973,0.0952,23.93
2022-09-29 04:00:00,0.0,0.997,0.0973,22.68
2022-09-29 05:00:00,0.0,0.998,0.094,23.91
2022-09-29 06:00:00,0.0,1.024,0.0903,24.32
2022-09-29 07:00:00,0.0,1.004,0.0923,26.3
2022-09-29 08:00:00,0.0,0.986,0.0886,27.38
2022-09-29 09:00:00,0.0,0.946,0.0937,27.75
2022-09-29 10:00:00,0.0,0.936,0.0951,28.29
2022-09-29 11:00:00,0.0,0.923,0.09,30.4
2022-09-29 12:00:00,0.0,0.932,0.0908,30.02
2022-09-29 13:00:00,0.0,0.934,0.0857,30.31
2022-09-29 14:00:00,0.0,0.954,,30.41
2022-09-29 15:00:00,0.0,0.95,0.0859,31.59
2022-09-29 16:00:00,0.0,,0.0881,30.55
2022-09-29 17:00:00,0.0,0.976,0.0824,31.71
2022-09-29 18:00:00,0.0,1.004,0.0831,30.08
2022-09-29 19:00:00,0.0,0.954,0.0792,28.9
2022-09-29 20:00:00,0.0,0.958,0.0836,29.13
2022-09-29 21:00:00,0.0,0.941,0.079,27.98
2022-09-29 22:00:00,0.0,0.963,0.0793,27.34
2022-09-29 23:00:00,0.0,0.979,0.0769,24.69
2022-09-30 00:00:00,0.0,0.956,0.0784,23.7
2022-09-30 01:00:00,0.0,0.997,0.0805,24.8
2022-09-30 02:00:00,0.0,1.005,0.0789,22.22
2022-09-30 03:00:00,0.0,1.035,0.0811,22.88
2022-09-30 04:00:00,0.0,0.984,0.0747,23.65
2022-09-30 05:00:00,0.0,0.964,0.0761,23.36
2022-09-30 06:00:00,0.0,0.95,0.079,24.77
2022-09-30 07:00:00,0.0,0.908,0.0721,24.91
2022-09-30 08:00:00,0.0,0.897,0.0779,27.1
2022-09-30 09:00:00,0.0,0.892,0.0782,27.85
2022-09-30 10:00:00,0.0,0.926,0.0696,28.66
2022-09-30 11:00:00,0.0,0.957,0.0795,29.31
2022-09-30 12:00:00,0.0,0.979,0.0706,29.8
2022-09-30 13:00:00,0.0,0.937,0.0657,30.89
2022-09-30 14:00:00,0.0,0.945,0.0667,30.74
2022-09-30 15:00:00,0.0,0.927,0.0688,32.45
2022-09-30 16:00:00,0.0,,0.0673,31.51
2022-09-30 17:00:00,0.0,,0.0654,30.52
2022-09-30 18:00:00,0.0,,0.0634,31.1
2022-09-30 19:00:00,0.0,,0.0622,29.47
2022-09-30 20:00:00,0.0,0.97,0.0707,29.22
2022-09-30 21:00:00,0.0,0.983,0.0662,28.17
2022-09-30 22:00:00,0.0,0.964,0.0676,26.67
2022-09-30 23:00:00,0.0,0.943,0.0613,24.85
2022-10-01 00:00:00,0.0,0.897,0.0624,24.32
2022-10-01 01:00:00,0.0,0.903,0.06,25.77
2022-10-01 02:00:00,0.0,0.935,0.0611,23.3
2022-10-01 03:00:00,0.0,0.985,0.0653,23.31
2022-10-01 04:00:00,0.0,0.955,0.0604,23.34
2022-10-01 05:00:00,0.0,0.944,0.0609,23.5
2022-10-01 06:00:00,0.0,0.906,0.0587,24.96
2022-10-01 07:00:00,0.0,0.903,0.0626,24.77
2022-10-01 08:00:00,0.0,0.87,0.0581,25.99
2022-10-01 09:00:00,0.0,0.886,0.063,27.59
2022-10-01 10:00:00,0.0,0.902,0.0576,28.35
2022-10-01 11:00:00,0.0,0.943,0.0655,29.52
2022-10-01 12:00:00,0.0,0.939,0.0612,30.25
2022-10-01 13:00:00,0.0,0.947,0.0569,30.32
2022-10-01 14:00:00,0.0,0.924,0.0566,32.03
2022-10-01 14:00:00,0.0,0.924,0.0566,32.03
2022-10-01 15:00:00,0.0,0.957,0.0599,32.01
2022-10-01 16:00:00,0.0,0.917,0.0562,30.82
2022-10-01 17:00:00,0.0,0.926,0.0565,31.14
2022-10-01 18:00:00,0.0,0.916,0.0605,30.02
2022-10-01 19:00:00,0.0,0.924,0.0542,29.98
2022-10-01 20:00:00,0.0,0.912,0.05,28.9
2022-10-01 21:00:00,0.0,0.889,0.0531,28.07
2022-10-01 22:00:00,0.0,0.893,0.0557,25.93
2022-10-01 23:00:00,0.0,0.89,0.0527,24.76
2022-10-02 00:00:00,0.0,0.942,0.05,23.63
2022-10-02 01:00:00,0.0,0.909,0.0507,25.26
2022-10-02 02:00:00,0.0,0.914,0.055,23.98
2022-10-02 03:00:00,0.0,0.848,0.05,24.01
2022-10-02 04:00:00,0.0,0.871,0.05,22.81
2022-10-02 05:00:00,0.0,0.877,0.05,24.24
2022-10-02 06:00:00,0.0,0.934,0.0534,23.7
2022-10-02 07:00:00,0.0,0.933,0.05,25.61
2022-10-02 08:00:00,0.0,0.924,0.0504,26.36
2022-10-02 09:00:00,0.0,0.904,0.0515,27.24
2022-10-02 10:00:00,1.15,0.918,0.0541,28.04
2022-10-02 11:00:00,3.4,0.915,0.0627,29.63
2022-10-02 12:00:00,7.1,0.992,0.0953,29.24
2022-10-02 13:00:00,8.34,1.035,0.124,30.69
2022-10-02 14:00:00,9.25,1.166,0.1635,30.3
2022-10-02 15:00:00,10.47,1.279,0.2006,30.53
2022-10-02 16:00:00,11.59,1.429,0.2485,30.37
2022-10-02 17:00:00,,1.61,0.3021,29.65
2022-10-02 18:00:00,13.66,1.84,0.3502,28.96
2022-10-02 19:00:00,13.82,2.13,0.4075,29.08
2022-10-02 20:00:00,12.34,2.429,0.4511,27.75
2022-10-02 21:00:00,9.23,2.701,0.4857,25.18
2022-10-02 22:00:00,10.64,2.927,0.5,25.18
2022-10-02 23:00:00,8.8,3.116,0.5,25.25
2022-10-03 00:00:00,5.21,3.276,0.5,23.58
2022-10-03 01:00:00,3.88,3.398,0.5,23.48
2022-10-03 02:00:00,1.42,3.48,0.4943,23.37
2022-10-03 03:00:00,0.0,3.515,0.4949,24.13
2022-10-03 04:00:00,0.0,3.498,0.4847,22.95
2022-10-03 05:00:00,0.0,3.409,0.4845,23.42
2022-10-03 06:00:00,0.0,3.255,0.4883,24.76
2022-10-03 07:00:00,0.0,3.043,0.4794,25.51
2022-10-03 08:00:00,0.0,2.864,0.4801,
2022-10-03 09:00:00,0.71,2.72,0.4728,27.43
2022-10-03 10:00:00,2.54,2.605,0.4805,28.06
2022-10-03 11:00:00,4.17,2.501,0.4934,29.2
2022-10-03 12:00:00,4.17,,0.5,29.85
2022-10-03 13:00:00,7.53,2.409,0.5,29.92
2022-10-03 14:00:00,8.58,2.425,0.4981,30.31
2022-10-03 15:00:00,6.86,2.453,0.4982,30.38
2022-10-03 16:00:00,8.4,2.51,0.5,30.0
2022-10-03 17:00:00,7.62,2.616,0.5,30.32
2022-10-03 18:00:00,10.05,2.773,0.4999,28.51
2022-10-03 19:00:00,8.25,2.927,0.4972,28.85
2022-10-03 20:00:00,7.92,3.049,0.4974,27.45
2022-10-03 21:00:00,7.59,3.113,0.4991,26.52
2022-10-03 22:00:00,6.1,3.204,0.5,25.6
2022-10-03 23:00:00,6.15,3.301,0.497,24.97
2022-10-04 00:00:00,4.33,3.406,0.5,24.76
2022-10-04 01:00:00,3.71,3.429,0.4977,24.35
2022-10-04 02:00:00,4.07,3.431,0.5,23.54
2022-10-04 03:00:00,5.59,3.377,0.5,22.76
2022-10-04 04:00:00,4.41,3.365,0.4987,23.38
2022-10-04 05:00:00,5.68,3.306,0.4913,22.24
2022-10-04 06:00:00,6.85,3.308,0.4986,24.07
2022-10-04 07:00:00,5.35,3.254,0.4998,24.94
2022-10-04 08:00:00,6.35,,0.4999,24.84
2022-10-04 09:00:00,4.81,3.206,0.5,26.51
2022-10-04 10:00:00,4.35,3.209,0.4986,28.02
2022-10-04 11:00:00,4.5,3.189,0.5,29.02
2022-10-04 12:00:00,4.67,3.15,0.497,30.12
2022-10-04 13:00:00,2.75,3.134,0.5,31.31
2022-10-04 14:00:00,2.34,3.111,0.5,30.84
2022-10-04 15:00:00,1.65,3.064,0.5,30.55
2022-10-04 16:00:00,0.48,3.008,0.4987,31.51
2022-10-04 17:00:00,0.0,2.919,0.4903,31.39
2022-10-04 18:00:00,0.0,2.827,0.4856,30.75
2022-10-04 19:00:00,0.0,2.709,0.4807,29.52
2022-10-04 20:00:00,0.0,2.582,0.4806,29.32
2022-10-04 21:00:00,0.0,2.479,0.4731,27.15
2022-10-04 22:00:00,0.0,2.342,0.466,27.05
2022-10-04 23:00:00,0.0,2.275,0.4644,24.7
2022-10-05 00:00:00,0.0,2.19,0.4598,23.27
2022-10-05 01:00:00,0.0,2.14,0.4584,23.18
2022-10-05 02:00:00,0.0,2.076,0.4541,23.08
2022-10-05 03:00:00,0.0,2.009,0.4472,23.23
2022-10-05 04:00:00,0.0,1.959,0.4448,22.9
2022-10-05 05:00:00,0.0,1.911,0.4435,23.83
2022-10-05 06:00:00,0.0,1.856,0.4453,24.73
2022-10-05 07:00:00,0.0,1.779,0.432,25.41
2022-10-05 08:00:00,0.0,1.754,0.435,26.13
2022-10-05 09:00:00,0.0,1.737,0.4347,27.83
2022-10-05 10:00:00,0.0,1.737,0.429,27.87
2022-10-05 11:00:00,0.0,1.683,0.4219,29.11
2022-10-05 12:00:00,0.0,1.655,0.4171,29.79
2022-10-05 13:00:00,0.0,1.606,0.4154,31.02
2022-10-05 14:00:00,0.0,1.591,0.4137,30.88
2022-10-05 15:00:00,0.0,1.591,0.407,31.43
2022-10-05 16:00:00,0.0,1.576,0.4011,31.5
2022-10-05 17:00:00,0.0,1.574,0.4001,30.44
2022-10-05 18:00:00,0.0,1.539,0.3932,29.26
2022-10-05 19:00:00,0.0,1.546,0.3891,29.12
2022-10-05 20:00:00,0.0,1.559,0.3872,27.87
2022-10-05 21:00:00,0.0,1.59,0.38,26.91
2022-10-05 22:00:00,0.0,1.625,0.3878,24.96
2022-10-05 23:00:00,0.0,1.59,0.3764,24.42
2022-10-06 00:00:00,0.0,1.55,0.3724,24.75
2022-10-06 01:00:00,0.0,1.528,0.3727,23.25
2022-10-06 02:00:00,0.0,1.548,0.3707,23.89
2022-10-06 03:00:00,0.0,1.541,0.3627,22.82
2022-10-06 04:00:00,0.0,,,23.56
2022-10-06 05:00:00,0.0,1.524,0.3584,23.59
2022-10-06 06:00:00,0.0,1.52,0.3574,24.68
2022-10-06 07:00:00,0.0,1.518,0.3515,25.05
2022-10-06 08:00:00,0.0,1.516,0.3506,26.25
2022-10-06 09:00:00,0.0,1.511,0.3471,27.8
2022-10-06 10:00:00,0.0,1.53,0.3393,28.45
2022-10-06 11:00:00,0.0,1.551,0.3429,28.84
2022-10-06 12:00:00,0.0,1.52,0.3404,29.07
2022-10-06 13:00:00,0.0,1.478,0.3348,30.59
2022-10-06 14:00:00,0.0,1.487,0.3319,31.26
2022-10-06 15:00:00,0.0,1.496,0.3253,31.26
2022-10-06 16:00:00,0.0,1.519,0.3235,30.61
2022-10-06 17:00:00,0.0,1.526,0.3226,30.72
2022-10-06 18:00:00,0.0,1.485,0.3132,30.34
2022-10-06 19:00:00,0.0,1.449,0.3111,29.88
2022-10-06 20:00:00,0.0,1.399,0.307,28.1
2022-10-06 21:00:00,0.0,1.405,0.3134,28.41
2022-10-06 22:00:00,0.0,1.412,0.3048,26.87
2022-10-06 23:00:00,0.0,1.422,0.3075,25.26
2022-10-07 00:00:00,0.0,1.403,0.3006,24.43
2022-10-07 01:00:00,0.0,1.391,0.3038,24.36
2022-10-07 02:00:00,0.0,1.365,0.3,22.78
2022-10-07 03:00:00,0.0,1.376,0.2922,22.73
2022-10-07 04:00:00,0.0,1.33,0.2925,22.62
2022-10-07 05:00:00,0.0,1.329,0.287,23.54
2022-10-07 06:00:00,0.0,1.349,0.2898,23.87
2022-10-07 07:00:00,0.0,1.381,0.2887,24.95
2022-10-07 08:00:00,0.0,1.355,0.2887,26.08
2022-10-07 09:00:00,0.0,1.332,0.2848,26.44
2022-10-07 10:00:00,0.0,1.325,0.2793,28.85
2022-10-07 11:00:00,0.0,1.374,0.2763,29.73
2022-10-07 12:00:00,0.0,1.374,0.2718,29.73
2022-10-07 13:00:00,0.0,1.38,0.2751,31.33
2022-10-07 14:00:00,0.0,1.312,0.2642,31.19
2022-10-07 15:00:00,0.0,1.297,0.2609,31.68
2022-10-07 16:00:00,0.0,1.328,0.258,30.31
2022-10-07 17:00:00,0.0,1.362,0.2619,30.42
2022-10-07 18:00:00,0.0,1.367,0.2589,30.27
2022-10-07 19:00:00,0.0,1.286,0.2549,29.05
2022-10-07 20:00:00,0.0,1.289,0.2522,28.08
2022-10-07 21:00:00,0.0,1.267,0.2455,27.07
2022-10-07 22:00:00,0.0,1.313,0.2477,26.28
2022-10-07 23:00:00,0.0,1.302,0.2486,25.18
2022-10-08 00:00:00,0.0,1.286,0.2397,25.03
2022-10-08 01:00:00,0.0,1.277,0.2375,23.12
2022-10-08 02:00:00,0.0,1.272,0.2404,23.26
2022-10-08 03:00:00,0.0,1.244,0.24,23.43
2022-10-08 04:00:00,0.0,1.239,0.2384,22.59
2022-10-08 05:00:00,0.0,1.265,0.2379,23.44
2022-10-08 06:00:00,0.0,1.269,0.2329,24.34
2022-10-08 07:00:00,0.0,1.274,0.2255,25.83
2022-10-08 08:00:00,0.0,1.246,0.2301,26.11
2022-10-08 09:00:00,0.0,1.233,0.2301,27.46
2022-10-08 10:00:00,0.0,1.197,0.2225,28.52
2022-10-08 11:00:00,0.0,1.23,0.2219,27.7
2022-10-08 12:00:00,0.0,1.211,0.2136,29.95
2022-10-08 13:00:00,0.0,1.255,0.217,30.32
2022-10-08 14:00:00,0.0,1.281,0.2203,31.69
2022-10-08 15:00:00,0.0,1.301,0.2119,31.43
2022-10-08 16:00:00,0.0,1.254,0.2079,31.38
2022-10-08 17:00:00,0.0,1.224,0.2147,30.8
2022-10-08 18:00:00,0.0,1.189,0.2086,29.96
2022-10-08 19:00:00,0.0,1.181,0.2062,29.5
2022-10-08 20:00:00,0.0,1.18,0.2033,28.1
2022-10-08 21:00:00,0.0,1.152,0.199,27.72
2022-10-08 22:00:00,0.0,1.169,0.1986,25.51
2022-10-08 23:00:00,0.59,1.167,0.2051,25.54
2022-10-09 00:00:00,1.66,1.18,0.2031,23.85
2022-10-09 01:00:00,3.73,1.205,0.2227,23.53
2022-10-09 02:00:00,4.09,1.266,0.2345,21.97
2022-10-09 03:00:00,5.51,1.365,0.255,22.61
2022-10-09 04:00:00,7.32,1.443,0.2764,22.35
2022-10-09 05:00:00,5.59,1.567,0.303,22.98
2022-10-09 06:00:00,7.43,1.654,0.3291,22.57
2022-10-09 07:00:00,8.77,1.798,0.357,24.17
2022-10-09 08:00:00,8.19,1.962,0.3918,25.24
2022-10-09 09:00:00,6.14,2.106,0.4117,25.52
2022-10-09 10:00:00,5.55,2.268,0.4324,26.93
2022-10-09 11:00:00,6.05,2.381,0.4492,28.5
2022-10-09 12:00:00,3.72,2.519,0.4591,29.69
2022-10-09 13:00:00,3.44,2.621,0.4715,30.12
2022-10-09 14:00:00,1.81,2.665,0.4725,30.73
2022-10-09 15:00:00,0.78,2.706,0.4708,30.96
2022-10-09 16:00:00,0.0,2.703,0.4634,30.62
2022-10-09 17:00:00,0.0,2.708,0.4621,30.4
2022-10-09 18:00:00,0.0,2.623,0.4597,29.15
2022-10-09 19:00:00,0.0,2.524,0.4543,28.73
2022-10-09 20:00:00,0.0,2.423,0.4482,28.04
2022-10-09 21:00:00,0.0,2.325,0.4403,27.64
2022-10-09 22:00:00,0.0,2.25,0.4389,25.93
2022-10-09 23:00:00,0.0,2.16,0.4355,26.06
2022-10-10 00:00:00,0.0,2.084,0.4368,25.11
2022-10-10 01:00:00,0.0,1.998,0.4334,23.54
2022-10-10 02:00:00,0.0,1.917,0.4289,22.9
2022-10-10 03:00:00,0.0,1.859,0.4236,24.11
2022-10-10 04:00:00,0.0,1.812,0.4254,23.48
2022-10-10 05:00:00,0.0,1.775,0.4203,23.73
2022-10-10 06:00:00,0.0,1.726,0.409,23.79
2022-10-10 07:00:00,0.0,1.718,0.4167,24.76
2022-10-10 08:00:00,0.0,1.683,0.4081,25.44
2022-10-10 09:00:00,0.0,1.686,0.4077,27.72
2022-10-10 10:00:00,0.0,1.674,0.4025,28.26
2022-10-10 11:00:00,0.0,1.641,0.3934,28.82
2022-10-10 12:00:00,0.0,1.614,0.392,29.57
2022-10-10 13:00:00,0.0,1.559,0.3837,29.94
2022-10-10 14:00:00,0.0,1.547,0.3831,30.8
2022-10-10 15:00:00,0.0,1.576,0.3818,31.06
2022-10-10 16:00:00,0.0,1.598,0.3778,29.7
2022-10-10 17:00:00,0.0,1.575,0.3719,29.96
2022-10-10 18:00:00,0.0,1.529,0.3695,29.46
2022-10-10 19:00:00,0.0,1.513,0.3669,29.52
2022-10-10 20:00:00,0.0,1.526,0.3653,27.73
2022-10-10 21:00:00,0.0,1.515,0.3583,26.08
2022-10-10 22:00:00,0.0,1.52,0.3568,25.39
2022-10-10 23:00:00,0.0,1.519,0.3505,25.84
2022-10-11 00:00:00,0.0,1.491,0.3479,23.91
2022-10-11 01:00:00,0.0,1.506,0.3525,22.94
2022-10-11 02:00:00,0.0,1.506,0.3512,22.22
2022-10-11 03:00:00,0.0,1.508,0.3448,22.93
2022-10-11 04:00:00,0.0,1.508,0.3407,23.12
2022-10-11 05:00:00,0.0,1.481,0.3377,23.68
2022-10-11 06:00:00,0.0,1.472,0.34,25.46
2022-10-11 07:00:00,0.0,1.391,0.3221,24.3
2022-10-11 08:00:00,0.0,1.417,0.3378,25.7
2022-10-11 09:00:00,0.0,1.41,0.3283,27.07
2022-10-11 10:00:00,0.0,1.457,0.3175,27.74
2022-10-11 11:00:00,0.0,1.491,0.3295,27.89
2022-10-11 12:00:00,0.0,1.451,0.3117,30.01
2022-10-11 13:00:00,0.0,1.418,0.3089,30.07
2022-10-11 14:00:00,0.0,1.413,0.3098,30.25
2022-10-11 15:00:00,0.0,1.437,0.3088,30.48
2022-10-11 16:00:00,0.0,1.456,0.3096,31.56
2022-10-11 17:00:00,0.0,1.449,0.3018,31.04
2022-10-11 18:00:00,0.0,1.394,0.2975,29.21
2022-10-11 19:00:00,0.0,1.364,0.2962,28.06
2022-10-11 20:00:00,0.0,1.353,0.2934,28.41
2022-10-11 21:00:00,0.0,1.415,0.296,27.95
2022-10-11 22:00:00,0.0,1.417,0.2923,27.05
2022-10-11 23:00:00,0.0,1.398,0.2851,24.21
2022-10-12 00:00:00,0.0,1.391,0.2836,24.72
2022-10-12 01:00:00,0.0,1.369,0.2769,23.4
2022-10-12 02:00:00,0.0,1.384,0.2825,22.04
2022-10-12 03:00:00,0.0,1.345,0.2785,22.44
2022-10-12 04:00:00,0.0,1.365,0.2778,22.61
2022-10-12 05:00:00,0.0,1.355,0.2765,23.64
2022-10-12 06:00:00,0.0,1.376,0.2772,23.36
2022-10-12 07:00:00,0.0,1.347,0.2692,25.34
2022-10-12 08:00:00,0.0,1.355,0.2682,26.07
2022-10-12 09:00:00,0.0,1.364,0.2704,27.38
2022-10-12 10:00:00,0.0,1.368,0.2628,27.58
2022-10-12 11:00:00,0.0,1.341,0.2605,29.07
2022-10-12 12:00:00,0.0,1.335,0.2661,29.18
2022-10-12 13:00:00,0.0,1.284,0.2554,30.67
2022-10-12 14:00:00,0.0,1.311,0.2582,30.62
2022-10-12 15:00:00,0.0,1.285,0.2487,30.8
2022-10-12 16:00:00,0.0,1.268,0.2464,30.72
2022-10-12 17:00:00,0.0,1.25,0.2393,29.46
2022-10-12 18:00:00,0.0,1.287,0.2447,30.29
2022-10-12 19:00:00,0.0,1.297,0.2427,28.91
2022-10-12 20:00:00,0.0,1.298,0.2385,28.5
2022-10-12 21:00:00,0.0,1.304,0.2375,27.43
2022-10-12 22:00:00,0.0,1.309,0.2368,25.43
2022-10-12 23:00:00,0.0,1.301,0.2279,24.74
2022-10-13 00:00:00,0.0,1.299,0.2309,23.22
2022-10-13 01:00:00,0.0,1.323,0.2339,23.97
2022-10-13 02:00:00,0.0,1.326,0.2264,23.12
2022-10-13 03:00:00,0.0,1.296,0.2215,22.92
2022-10-13 04:00:00,0.0,1.302,0.2273,22.82
2022-10-13 05:00:00,0.0,1.262,0.2229,22.87
2022-10-13 06:00:00,0.0,1.268,0.2206,24.63
2022-10-13 07:00:00,0.0,1.254,0.2176,25.82
2022-10-13 08:00:00,0.0,1.275,0.2197,26.44
2022-10-13 09:00:00,0.0,1.245,0.2134,26.74
2022-10-13 10:00:00,0.0,1.253,0.2174,28.05
2022-10-13 11:00:00,0.0,1.199,0.2113,29.35
2022-10-13 12:00:00,0.0,1.196,0.212,29.69
2022-10-13 13:00:00,0.0,1.175,0.2094,31.26
2022-10-13 14:00:00,0.0,1.189,0.201,31.31
2022-10-13 15:00:00,0.0,1.215,0.2038,32.21
2022-10-13 16:00:00,0.0,1.239,0.1994,30.78
2022-10-13 17:00:00,0.0,1.247,0.2003,29.08
2022-10-13 18:00:00,0.0,1.232,,29.68
2022-10-13 19:00:00,0.0,1.244,0.1889,28.63
2022-10-13 20:00:00,0.0,1.243,0.1951,27.94
2022-10-13 21:00:00,0.0,1.199,0.1843,27.71
2022-10-13 22:00:00,0.0,1.138,0.1898,25.51
2022-10-13 23:00:00,0.0,1.154,0.1936,24.4
2022-10-14 00:00:00,0.0,1.146,0.1907,23.62
2022-10-14 01:00:00,0.0,1.161,0.1863,24.38
2022-10-14 02:00:00,0.0,1.136,0.1822,22.67
2022-10-14 03:00:00,0.0,1.194,0.1823,22.9
2022-10-14 04:00:00,0.0,1.175,0.1842,23.83
2022-10-14 05:00:00,0.0,1.184,0.1774,23.64
2022-10-14 06:00:00,0.0,1.151,0.1797,22.81
2022-10-14 07:00:00,0.0,1.152,0.1745,24.53
2022-10-14 08:00:00,0.0,1.162,0.1748,25.41
2022-10-14 09:00:00,0.0,1.155,0.1727,25.9
2022-10-14 10:00:00,0.0,1.149,0.1738,27.56
2022-10-14 11:00:00,0.0,1.114,0.1727,27.41
2022-10-14 12:00:00,0.0,1.112,0.1758,29.76
2022-10-14 13:00:00,0.0,1.084,0.1672,30.24
2022-10-14 14:00:00,0.0,1.078,0.1669,30.28
2022-10-14 15:00:00,0.0,1.07,0.1678,29.86
2022-10-14 16:00:00,0.0,1.071,0.1625,31.33
2022-10-14 17:00:00,0.0,1.066,0.1612,29.95
2022-10-14 18:00:00,0.0,1.097,0.1611,30.15
2022-10-14 19:00:00,0.0,1.079,0.1558,28.7
2022-10-14 20:00:00,0.0,1.106,0.1569,28.53
2022-10-14 21:00:00,0.0,1.057,0.1525,27.06
2022-10-14 22:00:00,0.0,1.064,0.1527,25.79
2022-10-14 23:00:00,0.0,1.063,0.1589,24.35
2022-10-15 00:00:00,0.0,1.076,0.1508,24.54
2022-10-15 01:00:00,0.0,1.092,0.1508,23.15
2022-10-15 02:00:00,0.0,1.054,0.1412,22.45
2022-10-15 03:00:00,0.0,1.109,0.1494,22.64
2022-10-15 04:00:00,0.0,1.142,0.1529,22.83
2022-10-15 05:00:00,0.0,1.102,0.1434,23.69
2022-10-15 06:00:00,0.0,1.09,0.1481,22.95
2022-10-15 07:00:00,0.0,1.044,0.1418,25.91
2022-10-15 08:00:00,0.0,1.077,0.1375,25.91
2022-10-15 09:00:00,0.0,1.07,0.1399,26.71
2022-10-15 10:00:00,0.0,1.059,0.1379,27.97
2022-10-15 11:00:00,0.0,1.061,0.139,27.95
2022-10-15 12:00:00,0.0,1.083,0.1364,29.61
2022-10-15 13:00:00,0.0,1.119,0.1329,30.51
2022-10-15 14:00:00,0.0,1.126,0.1361,30.43
2022-10-15 15:00:00,0.0,1.074,0.1366,30.98
2022-10-15 16:00:00,0.0,1.034,0.1337,30.98
2022-10-15 17:00:00,0.0,1.025,0.1309,29.82
2022-10-15 18:00:00,0.0,1.072,0.1289,30.17
2022-10-15 19:00:00,0.0,1.058,0.1296,28.69
2022-10-15 20:00:00,0.0,1.022,0.125,28.7
2022-10-15 21:00:00,0.0,0.992,0.128,27.37
2022-10-15 22:00:00,0.0,1.009,0.1206,25.88
2022-10-15 23:00:00,0.0,1.02,0.1183,24.31
2022-10-16 00:00:00,0.0,1.039,0.1244,23.78
2022-10-16 01:00:00,0.0,1.029,0.1184,23.7
2022-10-16 02:00:00,0.0,1.019,0.1185,22.52
2022-10-16 03:00:00,0.0,1.018,0.1168,22.88
2022-10-16 04:00:00,0.0,99.9,0.1209,23.07
2022-10-16 05:00:00,0.0,1.044,0.1158,23.14
2022-10-16 06:00:00,0.0,1.05,0.1215,23.43
2022-10-16 07:00:00,0.0,1.066,0.1187,25.46
2022-10-16 08:00:00,0.0,1.042,0.1162,25.87
2022-10-16 09:00:00,0.0,1.068,0.1192,26.51
2022-10-16 10:00:00,0.0,1.044,0.1106,27.31
2022-10-16 11:00:00,0.0,1.014,0.1127,29.11
2022-10-16 12:00:00,0.0,1.01,0.1043,29.46
2022-10-16 13:00:00,0.0,0.981,0.1085,30.62
2022-10-16 14:00:00,0.0,1.009,0.105,30.07
2022-10-16 15:00:00,0.0,1.013,0.1106,30.82
2022-10-16 16:00:00,0.0,1.024,0.1105,30.29
2022-10-16 17:00:00,0.0,1.018,0.1048,31.0
2022-10-16 18:00:00,0.0,1.029,0.1115,29.68
2022-10-16 19:00:00,0.0,1.018,0.1011,28.17
2022-10-16 20:00:00,0.0,0.999,0.0991,28.17
2022-10-16 21:00:00,0.0,1.005,0.1001,27.28
2022-10-16 22:00:00,0.0,1.012,0.1021,25.46
2022-10-16 23:00:00,0.0,1.005,0.103,24.26
2022-10-17 00:00:00,0.0,0.98,0.1018,22.68
2022-10-17 01:00:00,0.0,0.972,0.0977,23.7
2022-10-17 02:00:00,0.0,0.999,0.1014,21.87
2022-10-17 03:00:00,0.0,0.962,0.0958,22.59
2022-10-17 04:00:00,0.0,0.953,0.1054,21.89
2022-10-17 05:00:00,0.0,0.936,0.0992,24.05
2022-10-17 06:00:00,0.0,0.949,0.0891,24.45
2022-10-17 07:00:00,0.0,0.999,0.093,24.76
2022-10-17 08:00:00,0.0,0.984,0.0914,26.1
2022-10-17 09:00:00,0.0,0.984,0.0992,26.55
2022-10-17 10:00:00,0.0,0.909,0.0892,27.24
2022-10-17 11:00:00,0.0,0.922,0.0844,27.78
2022-10-17 12:00:00,0.0,0.975,0.0933,29.84
2022-10-17 13:00:00,0.0,1.002,0.0808,29.57
2022-10-17 14:00:00,0.0,1.011,0.0874,31.74
2022-10-17 15:00:00,0.0,0.986,0.09,30.06
2022-10-17 16:00:00,0.0,0.954,0.0855,30.98
2022-10-17 17:00:00,0.0,0.962,0.09,30.72
2022-10-17 18:00:00,0.0,0.96,0.0861,28.77
2022-10-17 19:00:00,0.0,0.951,0.0814,28.39
2022-10-17 20:00:00,0.0,0.961,0.0841,27.53
2022-10-17 21:00:00,0.0,0.949,0.0879,28.36
2022-10-17 22:00:00,0.0,0.952,0.0827,25.46
2022-10-17 23:00:00,0.0,0.963,0.0829,24.04
2022-10-18 00:00:00,0.0,1.022,0.0821,23.98
2022-10-18 01:00:00,0.0,1.015,0.078,22.57
2022-10-18 02:00:00,0.0,0.995,0.0746,22.67
2022-10-18 03:00:00,0.0,0.992,0.0802,22.34
2022-10-18 04:00:00,0.0,1.012,0.0828,22.96
2022-10-18 05:00:00,0.0,0.996,0.0797,22.82
2022-10-18 06:00:00,0.0,0.986,0.0733,23.39
2022-10-18 07:00:00,0.0,,0.078,25.1
2022-10-18 08:00:00,0.0,0.968,0.0789,25.67
2022-10-18 09:00:00,0.0,0.927,0.079,26.58
2022-10-18 10:00:00,0.0,0.907,0.0766,26.64
2022-10-18 11:00:00,0.0,0.951,0.0748,28.87
2022-10-18 12:00:00,0.0,0.96,0.0714,29.16
2022-10-18 13:00:00,0.0,0.973,0.0721,30.17
2022-10-18 14:00:00,0.0,0.953,0.0749,29.5
2022-10-18 15:00:00,0.0,0.971,0.0686,30.7
2022-10-18 16:00:00,0.0,0.964,0.0678,30.52
2022-10-18 17:00:00,0.0,0.966,0.0719,29.91
2022-10-18 18:00:00,0.0,0.95,0.0702,28.95
2022-10-18 19:00:00,0.0,0.961,0.0728,29.15
2022-10-18 20:00:00,0.0,0.987,0.0705,27.22
2022-10-18 21:00:00,0.0,0.95,0.0655,27.02
2022-10-18 22:00:00,0.0,0.962,0.0713,26.05
2022-10-18 23:00:00,0.0,0.96,0.067,24.15
2022-10-19 00:00:00,0.0,0.96,0.0677,24.06
2022-10-19 01:00:00,0.0,0.966,0.0641,22.83
2022-10-19 02:00:00,0.0,0.914,0.0662,22.97
2022-10-19 03:00:00,0.0,0.928,0.0627,22.04
2022-10-19 04:00:00,0.66,,0.0601,22.52
2022-10-19 05:00:00,2.1,0.976,0.0798,22.88
2022-10-19 06:00:00,2.95,0.954,0.0831,23.37
2022-10-19 07:00:00,2.79,1.012,0.0945,24.42
2022-10-19 08:00:00,2.62,1.027,0.104,24.81
2022-10-19 09:00:00,2.09,1.098,0.1188,26.03
2022-10-19 10:00:00,0.9,1.097,0.1174,27.81
2022-10-19 11:00:00,0.0,1.111,0.1168,28.31
2022-10-19 12:00:00,0.0,1.105,0.1167,29.09
2022-10-19 13:00:00,0.0,1.089,0.1149,29.55
2022-10-19 14:00:00,0.0,1.097,0.1122,30.15
2022-10-19 15:00:00,0.0,1.083,0.111,30.0
2022-10-19 16:00:00,0.0,1.096,0.1138,30.74
2022-10-19 17:00:00,0.0,1.041,0.1046,29.75
2022-10-19 18:00:00,0.0,1.045,0.1045,28.8
2022-10-19 19:00:00,0.0,1.015,0.1081,28.41
2022-10-19 20:00:00,0.0,1.04,0.1062,26.85
2022-10-19 21:00:00,0.0,1.044,0.1033,26.08
2022-10-19 22:00:00,0.0,1.083,0.1106,26.15
2022-10-19 23:00:00,0.0,1.038,0.0991,23.97
2022-10-20 00:00:00,2.33,1.065,0.1114,23.33
2022-10-20 01:00:00,4.5,1.091,0.1293,23.65
2022-10-20 02:00:00,4.38,1.146,0.1438,22.28
2022-10-20 03:00:00,2.25,1.146,0.1511,21.98
2022-10-20 04:00:00,6.94,1.234,0.1789,20.91
2022-10-20 05:00:00,16.87,1.365,0.2509,21.39
2022-10-20 06:00:00,14.45,1.565,0.3012,21.8
2022-10-20 07:00:00,6.78,1.73,0.3283,24.06
2022-10-20 08:00:00,0.0,1.889,0.3227,25.09
2022-10-20 09:00:00,0.0,1.981,0.3238,26.6
2022-10-20 10:00:00,0.0,2.061,0.3219,28.22
2022-10-20 11:00:00,0.0,2.061,0.3151,28.8
2022-10-20 12:00:00,0.0,2.056,0.3147,28.63
2022-10-20 13:00:00,0.0,1.99,0.3092,29.97
2022-10-20 14:00:00,0.0,1.946,0.3064,30.81
2022-10-20 15:00:00,0.0,1.883,0.3046,29.7
2022-10-20 16:00:00,0.0,1.876,0.301,31.17
2022-10-20 17:00:00,0.0,1.791,0.2978,30.0
2022-10-20 18:00:00,0.0,1.715,0.2898,29.58
2022-10-20 19:00:00,0.0,1.633,0.2877,28.29
2022-10-20 20:00:00,0.0,1.579,0.2836,27.52
2022-10-20 21:00:00,0.0,1.543,0.2822,26.01
2022-10-20 22:00:00,1.78,1.528,0.2925,26.02
2022-10-20 23:00:00,6.81,1.574,0.315,24.68
2022-10-21 00:00:00,9.08,1.641,0.3481,23.75
2022-10-21 01:00:00,11.0,1.762,0.3971,20.96
2022-10-21 02:00:00,12.27,1.941,0.4418,21.48
2022-10-21 03:00:00,15.0,2.196,0.4906,21.13
2022-10-21 04:00:00,16.18,2.407,0.4974,20.58
2022-10-21 05:00:00,12.24,2.651,0.4972,21.91
2022-10-21 06:00:00,13.22,2.909,0.5,21.54
2022-10-21 07:00:00,11.46,3.203,0.4961,24.0
2022-10-21 08:00:00,6.46,3.476,0.498,23.96
2022-10-21 09:00:00,2.14,3.699,0.5,26.32
2022-10-21 10:00:00,0.0,3.796,0.495,27.84
2022-10-21 11:00:00,0.0,3.835,0.4869,28.11
2022-10-21 12:00:00,0.0,3.778,0.4863,29.92
2022-10-21 13:00:00,0.0,3.654,0.4817,28.96
2022-10-21 14:00:00,0.0,3.429,0.4771,30.26
2022-10-21 15:00:00,0.0,3.248,0.4675,29.57
2022-10-21 16:00:00,0.0,3.054,0.47,29.89
2022-10-21 17:00:00,0.0,2.868,0.461,29.63
2022-10-21 18:00:00,0.0,2.661,0.4546,28.96
2022-10-21 19:00:00,0.0,2.549,0.4538,29.05
2022-10-21 20:00:00,0.0,2.434,0.4516,26.86
2022-10-21 21:00:00,0.0,2.312,0.4477,25.63
2022-10-21 22:00:00,0.0,2.157,0.4462,25.16
2022-10-21 23:00:00,0.0,2.025,0.437,24.47
2022-10-22 00:00:00,0.0,1.935,0.4307,23.78
2022-10-22 01:00:00,0.0,1.915,0.4314,23.47
2022-10-22 02:00:00,0.0,1.888,0.4211,21.42
2022-10-22 03:00:00,0.0,1.862,0.4239,23.2
2022-10-22 04:00:00,0.0,1.816,0.4225,22.09
2022-10-22 05:00:00,0.0,1.774,0.419,22.76
2022-10-22 06:00:00,0.0,1.758,0.4189,23.54
2022-10-22 07:00:00,0.0,1.707,0.4143,23.27
2022-10-22 08:00:00,0.0,1.657,0.4123,25.11
2022-10-22 09:00:00,0.0,1.631,0.4082,26.86
2022-10-22 10:00:00,0.0,1.607,0.3992,27.71
2022-10-22 11:00:00,0.0,1.609,0.4018,28.11
2022-10-22 12:00:00,0.0,1.565,0.3945,29.29
2022-10-22 13:00:00,0.0,1.537,0.3928,30.05
2022-10-22 14:00:00,0.0,1.526,0.3896,30.09
2022-10-22 15:00:00,0.0,1.531,0.3818,30.61
2022-10-22 16:00:00,0.0,1.585,0.3783,29.82
2022-10-22 17:00:00,0.0,1.574,0.3768,29.35
2022-10-22 18:00:00,0.0,1.572,0.3716,29.04
2022-10-22 19:00:00,0.0,1.541,0.3749,27.15
2022-10-22 20:00:00,0.0,1.501,0.3664,27.74
2022-10-22 21:00:00,0.0,1.481,0.3598,26.4
2022-10-22 22:00:00,0.0,1.506,0.3666,25.21
2022-10-22 23:00:00,0.0,1.511,0.3585,24.76
2022-10-23 00:00:00,0.0,1.501,0.3547,23.67
2022-10-23 01:00:00,0.0,1.517,0.3567,23.38
2022-10-23 02:00:00,0.0,1.509,0.3505,23.24
2022-10-23 03:00:00,0.0,1.526,0.3469,22.47
2022-10-23 04:00:00,0.0,1.5,0.34,22.09
2022-10-23 05:00:00,0.0,1.513,0.3354,23.21
2022-10-23 06:00:00,0.0,1.535,0.3435,23.12
2022-10-23 07:00:00,0.0,1.505,0.3381,23.93
2022-10-23 08:00:00,0.0,1.497,0.3339,25.13
2022-10-23 09:00:00,0.0,1.487,0.3312,26.89
2022-10-23 10:00:00,0.0,1.517,0.3295,27.72
2022-10-23 11:00:00,0.0,1.49,0.3274,28.75
2022-10-23 12:00:00,0.0,1.408,0.32,29.2
2022-10-23 13:00:00,0.0,1.43,0.3197,30.06
2022-10-23 14:00:00,0.0,1.404,0.3174,30.47
2022-10-23 15:00:00,0.0,1.47,0.3112,29.96
2022-10-23 16:00:00,0.0,1.393,0.3028,30.47
2022-10-23 17:00:00,0.0,1.401,0.3041,29.77
2022-10-23 18:00:00,0.0,1.36,0.2996,28.94
2022-10-23 19:00:00,0.0,1.388,0.3042,28.13
2022-10-23 20:00:00,0.0,1.427,0.2951,27.07
2022-10-23 21:00:00,0.0,1.409,0.2925,26.17
2022-10-23 22:00:00,0.0,1.423,0.2912,25.27
2022-10-23 23:00:00,0.0,1.4,0.2933,24.64
2022-10-24 00:00:00,0.0,1.392,0.2912,24.19
2022-10-24 01:00:00,0.0,1.371,0.2841,23.08
2022-10-24 02:00:00,0.0,1.36,0.2831,22.45
2022-10-24 03:00:00,0.0,1.392,0.2821,21.26
2022-10-24 04:00:00,0.0,1.384,0.2847,23.6
2022-10-24 05:00:00,0.0,1.386,0.2724,22.44
2022-10-24 06:00:00,0.0,1.372,0.2723,23.09
2022-10-24 07:00:00,0.0,1.374,0.2817,24.89
2022-10-24 08:00:00,0.0,1.308,0.2757,24.67
2022-10-24 09:00:00,0.0,1.312,0.2654,26.44
2022-10-24 10:00:00,0.0,1.354,0.2769,27.06
2022-10-24 11:00:00,0.0,1.363,0.2669,28.13
2022-10-24 12:00:00,0.0,1.328,0.2628,29.11
2022-10-24 13:00:00,0.0,1.332,0.2644,29.13
2022-10-24 14:00:00,0.0,1.315,0.2547,30.06
2022-10-24 15:00:00,0.0,1.281,0.2532,30.77
2022-10-24 16:00:00,0.0,1.295,0.2523,30.09
2022-10-24 17:00:00,0.75,1.3,0.2539,31.4
2022-10-24 18:00:00,1.67,1.347,0.2577,28.97
2022-10-24 19:00:00,2.81,1.345,0.2662,27.38
2022-10-24 20:00:00,3.62,1.377,0.2766,26.67
2022-10-24 21:00:00,4.33,1.401,0.294,24.86
2022-10-24 22:00:00,4.88,1.5,0.3109,25.27
2022-10-24 23:00:00,7.93,1.605,0.3394,24.27
2022-10-25 00:00:00,7.14,1.707,0.3647,23.09
2022-10-25 01:00:00,8.92,1.836,0.3972,21.43
2022-10-25 02:00:00,8.82,2.013,0.4271,21.03
2022-10-25 03:00:00,8.33,2.283,0.4662,21.74
2022-10-25 04:00:00,8.5,2.464,0.4952,21.24
2022-10-25 05:00:00,6.13,2.639,0.5,21.7
2022-10-25 06:00:00,6.94,2.763,0.4965,22.2
2022-10-25 07:00:00,5.59,2.912,0.4985,24.58
2022-10-25 08:00:00,4.38,3.015,0.4998,24.5
2022-10-25 09:00:00,3.24,3.088,0.5,26.3
2022-10-25 10:00:00,2.2,3.125,0.4977,27.3
2022-10-25 11:00:00,0.74,3.141,0.5,27.71
2022-10-25 12:00:00,0.0,3.122,,29.06
2022-10-25 13:00:00,0.0,3.028,0.4894,29.17
2022-10-25 14:00:00,0.0,2.912,0.4847,30.8
2022-10-25 15:00:00,0.0,2.761,0.4784,29.75
2022-10-25 16:00:00,0.0,2.66,0.4721,30.26
2022-10-25 17:00:00,0.0,2.509,0.4623,29.43
2022-10-25 18:00:00,0.0,2.433,0.4678,28.57
2022-10-25 19:00:00,0.0,2.275,0.4609,28.75
2022-10-25 20:00:00,0.0,2.187,0.4602,26.98
2022-10-25 21:00:00,0.0,2.06,0.4547,25.29
2022-10-25 22:00:00,0.0,2.006,0.4492,25.39
2022-10-25 23:00:00,0.0,1.904,,23.86
2022-10-26 00:00:00,0.0,1.873,0.4404,23.41
2022-10-26 01:00:00,0.0,1.803,0.4358,23.12
2022-10-26 02:00:00,0.0,1.804,0.4333,22.47
2022-10-26 03:00:00,0.0,1.74,0.4304,22.6
2022-10-26 04:00:00,0.0,1.735,0.4298,21.65
2022-10-26 05:00:00,0.0,1.72,0.4296,23.29
2022-10-26 06:00:00,0.0,1.728,0.4262,23.18
2022-10-26 07:00:00,0.0,1.68,0.4164,23.45
2022-10-26 08:00:00,0.0,1.663,0.4204,23.9
2022-10-26 09:00:00,0.0,1.629,0.4147,26.01
2022-10-26 10:00:00,0.0,1.641,0.4128,26.8
2022-10-26 11:00:00,0.0,1.649,0.4085,27.77
2022-10-26 12:00:00,0.0,,0.398,29.15
2022-10-26 13:00:00,0.0,1.635,0.3995,30.48
2022-10-26 14:00:00,0.0,1.605,0.3994,29.57
2022-10-26 15:00:00,0.0,,0.3874,30.21
2022-10-26 16:00:00,0.0,1.548,0.3843,29.74
2022-10-26 17:00:00,0.0,1.555,0.3774,29.13
2022-10-26 18:00:00,0.0,1.546,0.3784,28.48
2022-10-26 19:00:00,0.0,1.549,0.3717,28.98
2022-10-26 20:00:00,0.0,1.55,0.3702,27.2
2022-10-26 21:00:00,0.0,1.543,0.3704,26.06
2022-10-26 22:00:00,0.0,1.597,0.3692,24.78
2022-10-26 23:00:00,0.96,1.566,0.362,24.1
2022-10-27 00:00:00,3.27,1.594,0.3769,22.64
2022-10-27 01:00:00,4.65,1.623,0.3934,23.15
2022-10-27 02:00:00,7.82,1.718,0.4224,21.59
2022-10-27 03:00:00,10.46,1.859,0.4643,21.13
2022-10-27 04:00:00,11.24,1.997,0.5,21.18
2022-10-27 05:00:00,13.47,2.184,0.5,21.95
2022-10-27 06:00:00,13.73,2.412,0.5,21.9
2022-10-27 07:00:00,12.79,2.644,0.4992,22.59
2022-10-27 08:00:00,13.51,2.896,0.4985,23.8
2022-10-27 09:00:00,13.29,3.178,0.5,25.18
2022-10-27 10:00:00,12.04,3.462,0.4975,26.53
2022-10-27 11:00:00,9.79,3.661,0.4975,27.24
2022-10-27 12:00:00,11.34,3.841,0.5,27.92
2022-10-27 13:00:00,7.38,3.967,0.5,29.33
2022-10-27 14:00:00,6.41,4.104,0.5,27.97
2022-10-27 15:00:00,5.24,4.205,0.5,29.63
2022-10-27 16:00:00,3.9,4.202,0.4992,29.29
2022-10-27 17:00:00,1.01,4.14,0.4987,29.5
2022-10-27 18:00:00,0.0,3.982,0.4954,29.12
2022-10-27 19:00:00,0.0,3.863,0.4873,28.73
2022-10-27 20:00:00,0.0,3.729,0.4876,26.45
2022-10-27 21:00:00,0.0,3.542,0.4807,25.75
2022-10-27 22:00:00,0.0,3.316,0.4771,24.63
2022-10-27 23:00:00,0.0,3.069,0.4743,23.81
2022-10-28 00:00:00,0.0,2.863,0.4732,22.55
2022-10-28 01:00:00,0.0,2.663,0.4606,23.67
2022-10-28 02:00:00,0.23,2.491,0.461,22.61
2022-10-28 03:00:00,0.74,2.381,0.4678,21.6
2022-10-28 04:00:00,1.02,2.249,0.4671,22.1
2022-10-28 05:00:00,1.83,2.175,0.4684,22.2
2022-10-28 06:00:00,1.69,2.099,0.4733,23.14
2022-10-28 07:00:00,1.82,2.036,0.4787,23.49
2022-10-28 08:00:00,1.73,2.037,0.4848,24.09
2022-10-28 09:00:00,1.15,2.024,0.4795,25.66
2022-10-28 10:00:00,0.69,2.064,0.4831,27.72
2022-10-28 11:00:00,0.29,2.072,0.4778,27.29
2022-10-28 12:00:00,0.0,2.054,0.4686,29.44
2022-10-28 13:00:00,0.0,2.025,0.4649,29.8
2022-10-28 14:00:00,0.0,1.953,0.4658,29.72
2022-10-28 15:00:00,0.0,1.915,0.4617,30.44
2022-10-28 16:00:00,0.0,1.892,0.4527,30.03
2022-10-28 17:00:00,0.0,1.866,0.4519,28.46
2022-10-28 18:00:00,0.0,1.851,0.4454,28.69
2022-10-28 19:00:00,0.0,1.803,0.4401,27.87
2022-10-28 20:00:00,0.0,1.796,0.4368,27.82
2022-10-28 21:00:00,0.0,1.741,0.4284,25.86
2022-10-28 22:00:00,0.0,1.707,0.4284,24.92
2022-10-28 23:00:00,0.0,1.679,0.4244,23.48
2022-10-29 00:00:00,0.0,1.677,0.4259,23.15
2022-10-29 01:00:00,0.0,1.679,0.4208,21.95
2022-10-29 02:00:00,0.0,1.662,0.4164,22.69
2022-10-29 03:00:00,0.0,1.645,0.4176,21.8
2022-10-29 04:00:00,0.0,1.629,0.407,21.55
2022-10-29 05:00:00,0.0,1.654,0.4057,23.16
2022-10-29 06:00:00,0.0,1.66,0.4095,22.53
2022-10-29 07:00:00,0.0,1.624,0.4045,24.14
2022-10-29 08:00:00,0.0,1.619,0.3947,24.23
2022-10-29 09:00:00,0.0,1.642,0.3967,26.16
2022-10-29 10:00:00,0.0,1.637,0.3887,27.58
2022-10-29 11:00:00,0.0,1.583,0.3877,27.69
2022-10-29 12:00:00,0.0,1.592,0.3867,28.25
2022-10-29 13:00:00,0.0,1.569,0.3815,28.9
2022-10-29 14:00:00,0.0,1.571,0.3776,29.85
2022-10-29 15:00:00,0.0,1.541,0.3715,30.98
2022-10-29 16:00:00,0.0,1.563,0.3736,30.41
2022-10-29 17:00:00,0.0,1.535,0.3679,30.06
2022-10-29 18:00:00,0.0,1.502,0.3606,28.31
2022-10-29 19:00:00,0.0,1.497,0.3599,28.56
2022-10-29 20:00:00,0.0,1.484,0.3554,27.54
2022-10-29 21:00:00,0.0,1.48,0.3517,26.16
2022-10-29 22:00:00,0.0,1.504,0.351,24.66
2022-10-29 23:00:00,0.0,1.557,0.3528,24.5
2022-10-30 00:00:00,0.0,1.536,0.3427,22.8
2022-10-30 01:00:00,0.0,1.514,0.3446,22.83
2022-10-30 02:00:00,0.0,1.478,0.3431,21.91
2022-10-30 03:00:00,0.0,1.44,0.3398,21.47
2022-10-30 04:00:00,0.0,1.446,0.3388,21.9
2022-10-30 05:00:00,0.0,1.443,0.3333,23.48
2022-10-30 06:00:00,0.0,1.494,0.3327,22.55
2022-10-30 07:00:00,0.0,1.496,0.329,24.46
2022-10-30 08:00:00,0.0,1.489,0.3221,25.35
2022-10-30 09:00:00,0.0,1.478,0.3201,25.87
2022-10-30 10:00:00,0.0,1.45,0.3236,26.72
2022-10-30 11:00:00,0.0,1.428,0.3162,27.34
2022-10-30 12:00:00,0.0,1.388,0.3135,29.44
2022-10-30 13:00:00,0.0,1.4,0.3137,28.83
2022-10-30 14:00:00,0.0,1.413,0.3082,28.43
2022-10-30 15:00:00,0.0,1.444,0.3076,30.12
2022-10-30 16:00:00,0.0,1.444,0.3022,29.15
2022-10-30 17:00:00,0.0,1.405,0.2964,29.37
2022-10-30 18:00:00,0.0,1.403,0.2998,28.12
2022-10-30 19:00:00,0.0,1.384,0.2916,27.67
2022-10-30 20:00:00,0.0,1.394,0.2953,27.03
2022-10-30 21:00:00,0.0,1.396,0.2907,26.1
2022-10-30 22:00:00,0.0,1.416,0.2851,25.6
2022-10-30 23:00:00,0.0,1.441,0.2862,23.96
2022-10-31 00:00:00,0.0,1.412,0.281,23.14
2022-10-31 01:00:00,0.0,1.362,0.2781,22.33
2022-10-31 02:00:00,0.0,1.331,0.2791,22.51
2022-10-31 03:00:00,0.0,1.328,0.279,21.35
2022-10-31 04:00:00,0.0,1.302,0.2756,21.83
2022-10-31 05:00:00,0.0,1.303,0.2707,22.45
2022-10-31 06:00:00,0.0,1.3,0.2669,22.63
2022-10-31 07:00:00,0.0,1.331,0.2683,24.61
2022-10-31 08:00:00,0.0,1.311,0.2634,25.04
2022-10-31 09:00:00,0.0,1.32,0.2642,25.3
2022-10-31 10:00:00,0.0,1.306,0.2621,27.15
2022-10-31 11:00:00,0.0,1.303,0.2618,28.57
2022-10-31 12:00:00,0.0,1.33,0.2592,28.38
2022-10-31 13:00:00,0.0,1.317,0.2576,30.06
2022-10-31 14:00:00,0.0,1.369,0.2521,29.91
2022-10-31 15:00:00,0.0,1.306,0.2484,30.02
2022-10-31 16:00:00,0.0,1.312,0.2484,30.38
2022-10-31 17:00:00,0.0,1.234,0.2459,29.48
2022-10-31 18:00:00,0.0,1.245,0.2435,28.94
2022-10-31 19:00:00,0.0,1.208,0.2458,27.96
2022-10-31 20:00:00,0.0,1.233,0.2401,26.07
2022-10-31 21:00:00,0.0,1.225,0.2396,26.12
2022-10-31 22:00:00,0.0,1.27,0.2309,25.01
2022-10-31 23:00:00,0.0,1.279,0.2295,23.72
2022-11-01 00:00:00,0.0,1.282,0.2285,21.76
2022-11-01 01:00:00,0.0,1.285,0.2293,22.71
2022-11-01 02:00:00,0.0,1.237,0.2273,21.57
2022-11-01 03:00:00,0.0,1.259,0.227,21.3
2022-11-01 04:00:00,0.0,1.264,0.2297,21.39
2022-11-01 05:00:00,0.0,1.245,0.223,21.42
2022-11-01 06:00:00,0.0,1.254,0.2231,23.27
2022-11-01 07:00:00,0.0,1.24,0.2201,25.04
2022-11-01 08:00:00,0.0,1.261,0.2214,24.54
2022-11-01 09:00:00,0.0,1.243,0.2182,26.28
2022-11-01 10:00:00,0.0,1.254,0.2142,26.86
2022-11-01 11:00:00,0.0,1.242,0.2153,28.0
2022-11-01 12:00:00,0.0,1.24,0.2122,28.66
2022-11-01 13:00:00,0.0,1.221,0.2109,29.72
2022-11-01 14:00:00,0.0,1.225,0.2064,29.13
2022-11-01 15:00:00,0.0,1.198,0.2062,29.92
2022-11-01 16:00:00,0.0,1.192,0.2015,30.3
2022-11-01 17:00:00,0.0,1.164,0.1971,29.68
2022-11-01 18:00:00,0.0,1.16,0.1969,28.86
2022-11-01 19:00:00,0.0,1.131,0.1983,27.92
2022-11-01 20:00:00,0.0,1.165,0.1964,26.72
2022-11-01 21:00:00,0.0,1.171,0.1911,25.69
2022-11-01 22:00:00,0.0,1.212,0.1958,24.05
2022-11-01 23:00:00,0.0,1.173,0.1872,24.12
2022-11-02 00:00:00,0.0,1.171,0.1893,23.67
2022-11-02 01:00:00,0.0,1.158,0.1862,22.5
2022-11-02 02:00:00,0.0,1.173,0.1868,21.96
2022-11-02 03:00:00,0.0,1.139,0.1812,22.12
2022-11-02 04:00:00,0.0,1.139,0.1787,20.9
2022-11-02 05:00:00,0.0,1.145,0.1807,22.1
2022-11-02 06:00:00,0.0,1.184,0.1832,22.95
2022-11-02 07:00:00,0.0,1.21,0.1804,22.97
2022-11-02 08:00:00,0.0,1.195,0.1744,24.86
2022-11-02 09:00:00,0.0,1.212,0.1799,24.89
2022-11-02 10:00:00,0.0,1.187,0.1761,27.2
2022-11-02 11:00:00,0.0,1.17,0.1761,27.93
2022-11-02 12:00:00,0.0,1.159,0.1712,28.55
2022-11-02 13:00:00,0.0,1.099,0.1651,29.66
2022-11-02 14:00:00,0.0,1.114,0.1733,29.76
2022-11-02 15:00:00,0.0,1.099,0.1666,30.06
2022-11-02 16:00:00,0.0,1.116,0.1684,29.82
2022-11-02 17:00:00,0.0,1.136,0.1627,28.85
2022-11-02 18:00:00,0.0,1.142,0.1626,29.43
2022-11-02 19:00:00,0.0,1.155,0.1559,28.44
2022-11-02 20:00:00,0.0,1.143,0.1569,27.07
2022-11-02 21:00:00,0.0,1.133,0.1625,25.89
2022-11-02 22:00:00,0.0,1.123,0.1594,25.16
2022-11-02 23:00:00,0.0,1.135,0.1591,24.45
2022-11-03 00:00:00,0.0,1.151,0.1558,23.9
2022-11-03 01:00:00,0.0,1.147,0.154,22.04
2022-11-03 02:00:00,0.0,1.109,0.1551,22.43
2022-11-03 03:00:00,0.0,1.083,0.1539,21.73
2022-11-03 04:00:00,0.0,1.08,0.1511,21.1
2022-11-03 05:00:00,0.0,1.112,0.1495,22.73
2022-11-03 06:00:00,0.0,1.127,0.1509,23.68
2022-11-03 07:00:00,0.0,1.13,0.1438,24.26
2022-11-03 08:00:00,0.0,1.108,0.1449,24.65
2022-11-03 09:00:00,0.0,1.08,0.1403,25.97
2022-11-03 10:00:00,0.0,1.075,0.1404,27.16
2022-11-03 11:00:00,0.0,1.076,0.1426,28.06
2022-11-03 12:00:00,0.0,1.07,0.1429,29.22
2022-11-03 13:00:00,0.0,1.058,0.1446,29.71
2022-11-03 14:00:00,0.0,1.072,0.1375,29.35
2022-11-03 15:00:00,0.0,1.088,0.1352,29.79
2022-11-03 16:00:00,0.0,1.043,0.1349,29.38
2022-11-03 17:00:00,0.0,1.027,0.1345,29.32
2022-11-03 18:00:00,0.0,1.018,0.138,27.67
2022-11-03 19:00:00,0.0,1.068,0.1314,28.74
2022-11-03 20:00:00,0.0,1.036,0.1269,26.42
2022-11-03 21:00:00,0.0,1.065,0.1303,25.52
2022-11-03 22:00:00,0.0,1.041,0.1284,24.78
2022-11-03 23:00:00,0.0,1.069,0.1271,23.08
2022-11-04 00:00:00,0.0,,0.1255,22.73
2022-11-04 01:00:00,0.0,1.078,0.1316,22.35
2022-11-04 02:00:00,0.0,1.058,0.123,22.69
2022-11-04 03:00:00,0.0,1.065,0.1191,21.8
2022-11-04 04:00:00,0.0,1.09,0.1211,21.66
2022-11-04 05:00:00,0.0,1.102,0.1206,21.7
2022-11-04 06:00:00,0.0,1.082,0.1173,23.97
2022-11-04 07:00:00,0.0,1.102,0.1196,23.76
2022-11-04 08:00:00,0.0,1.105,0.1241,24.73
2022-11-04 09:00:00,0.0,1.073,0.1145,25.04
2022-11-04 10:00:00,0.0,1.049,0.1131,27.02
2022-11-04 11:00:00,0.0,1.04,0.1184,27.43
2022-11-04 12:00:00,0.0,1.045,0.1145,29.29
2022-11-04 13:00:00,0.0,1.048,0.1128,29.42
2022-11-04 14:00:00,0.0,1.058,0.1161,29.65
2022-11-04 15:00:00,0.0,1.03,0.1101,29.06
2022-11-04 16:00:00,0.0,1.01,0.1059,29.54
2022-11-04 17:00:00,0.0,1.017,0.112,29.08
2022-11-04 18:00:00,0.0,0.995,0.1084,28.61
2022-11-04 19:00:00,0.0,0.983,0.1073,26.74
2022-11-04 20:00:00,0.0,0.982,0.1008,26.31
2022-11-04 21:00:00,0.0,1.014,0.1028,25.48
2022-11-04 22:00:00,0.0,1.03,0.1044,24.94
2022-11-04 23:00:00,0.0,1.022,0.101,22.76
2022-11-05 00:00:00,0.0,1.031,0.1063,23.54
2022-11-05 01:00:00,0.0,1.005,0.1025,22.84
2022-11-05 02:00:00,0.0,0.979,0.1013,21.32
2022-11-05 03:00:00,0.0,0.971,0.1042,22.91
2022-11-05 04:00:00,0.0,0.974,0.0989,21.93
2022-11-05 05:00:00,0.0,0.993,0.1011,22.16
2022-11-05 06:00:00,0.0,0.969,0.0992,23.15
2022-11-05 07:00:00,0.0,0.954,0.101,23.89
2022-11-05 08:00:00,0.0,0.939,0.099,24.7
2022-11-05 09:00:00,0.0,0.94,0.0988,25.14
2022-11-05 10:00:00,0.0,0.947,0.0945,26.5
2022-11-05 11:00:00,0.0,0.985,0.0935,27.86
2022-11-05 12:00:00,0.0,1.01,0.094,28.92
2022-11-05 13:00:00,0.0,1.031,0.0952,29.86
2022-11-05 14:00:00,0.0,0.964,0.0936,29.31
2022-11-05 15:00:00,0.0,0.967,0.0939,29.72
2022-11-05 16:00:00,0.0,0.946,0.0881,29.21
2022-11-05 17:00:00,0.0,0.972,0.0857,29.69
2022-11-05 18:00:00,0.0,0.957,0.0875,28.35
2022-11-05 19:00:00,0.0,0.939,0.0861,27.38
2022-11-05 20:00:00,0.0,0.963,0.0845,26.74
2022-11-05 21:00:00,0.0,0.962,0.086,24.84
2022-11-05 22:00:00,0.0,0.946,0.0821,24.91
2022-11-05 23:00:00,0.0,0.912,0.0836,23.52
2022-11-06 00:00:00,0.0,0.938,0.0818,24.19
2022-11-06 01:00:00,0.0,0.938,0.0806,21.86
2022-11-06 02:00:00,0.0,0.956,0.0798,21.63
2022-11-06 03:00:00,0.0,0.955,0.08,22.14
2022-11-06 04:00:00,0.0,0.966,0.0839,22.16
2022-11-06 05:00:00,0.0,0.937,0.081,22.69
2022-11-06 06:00:00,0.0,0.939,0.0816,22.66
2022-11-06 07:00:00,0.0,0.954,0.08,23.06
2022-11-06 08:00:00,0.0,1.009,0.0819,25.93
2022-11-06 09:00:00,0.0,1.003,0.0808,25.89
2022-11-06 10:00:00,0.0,0.994,0.0802,26.78
2022-11-06 11:00:00,0.0,0.966,0.0773,28.04
2022-11-06 12:00:00,0.0,0.957,0.0771,27.81
2022-11-06 13:00:00,0.0,0.947,0.0729,28.87
2022-11-06 14:00:00,0.0,0.934,0.0736,28.97
2022-11-06 15:00:00,0.0,0.948,0.0772,29.72
2022-11-06 16:00:00,0.0,0.944,0.0726,28.81
2022-11-06 17:00:00,0.0,0.952,0.0727,29.43
2022-11-06 18:00:00,0.0,0.936,0.0746,29.05
2022-11-06 19:00:00,0.0,0.903,0.0728,28.21
2022-11-06 20:00:00,0.0,0.894,0.0715,26.89
2022-11-06 21:00:00,,0.896,0.0702,25.73
2022-11-06 22:00:00,0.0,0.919,0.0728,24.39
2022-11-06 23:00:00,0.0,0.911,0.0678,23.86
2022-11-07 00:00:00,0.0,0.955,0.0703,22.7
2022-11-07 01:00:00,0.0,0.95,0.068,21.19
2022-11-07 02:00:00,0.0,0.94,0.07,21.41
2022-11-07 03:00:00,0.0,0.911,0.0698,21.98
2022-11-07 04:00:00,0.0,0.907,0.0678,21.16
2022-11-07 05:00:00,0.0,0.965,0.0702,21.55
2022-11-07 06:00:00,0.0,0.967,0.0687,22.66
2022-11-07 07:00:00,0.0,0.981,0.0652,22.5
2022-11-07 08:00:00,0.0,0.953,0.0662,24.92
2022-11-07 09:00:00,0.0,0.95,0.0658,25.91
2022-11-07 10:00:00,0.0,0.929,0.0673,27.1
2022-11-07 11:00:00,0.0,0.912,0.0595,27.7
2022-11-07 12:00:00,0.0,0.908,0.0665,27.99
2022-11-07 13:00:00,0.0,0.893,0.058,28.44
2022-11-07 14:00:00,0.0,0.91,0.0634,29.73
2022-11-07 15:00:00,0.0,0.93,0.0628,29.94
2022-11-07 16:00:00,0.0,0.936,0.0603,28.89
2022-11-07 17:00:00,0.0,0.924,0.0621,28.43
2022-11-07 18:00:00,0.0,0.943,0.0562,28.41
2022-11-07 19:00:00,0.0,0.939,0.0568,27.65
2022-11-07 20:00:00,0.0,0.95,0.0555,27.09
2022-11-07 21:00:00,0.0,0.936,0.0562,25.92
2022-11-07 22:00:00,0.0,0.931,0.0608,24.51
2022-11-07 23:00:00,0.0,0.924,0.061,24.1
2022-11-08 00:00:00,0.0,0.925,0.0566,22.54
2022-11-08 01:00:00,1.2,,0.0619,21.8
2022-11-08 02:00:00,3.4,1.013,0.0802,21.76
2022-11-08 03:00:00,5.05,1.006,0.093,21.51
2022-11-08 04:00:00,6.94,1.057,0.1193,21.48
2022-11-08 05:00:00,9.92,1.137,0.163,21.0
2022-11-08 06:00:00,10.56,1.292,0.1998,21.69
2022-11-08 07:00:00,12.18,1.448,0.2459,21.89
2022-11-08 08:00:00,17.26,1.68,0.3186,23.23
2022-11-08 09:00:00,18.95,1.949,0.3936,23.35
2022-11-08 10:00:00,18.2,2.265,0.4579,23.76
2022-11-08 11:00:00,14.49,2.637,0.4999,25.87
2022-11-08 12:00:00,13.77,2.924,0.5,26.56
2022-11-08 13:00:00,15.51,3.253,0.4977,26.1
2022-11-08 14:00:00,15.45,,0.5,27.57
2022-11-08 15:00:00,13.16,,0.5,28.62
2022-11-08 16:00:00,11.85,,0.4963,28.43
2022-11-08 17:00:00,8.46,,0.496,28.37
2022-11-08 18:00:00,7.44,,0.4952,28.34
2022-11-08 19:00:00,4.24,4.503,0.4984,26.83
2022-11-08 20:00:00,1.05,4.503,0.4962,25.9
2022-11-08 21:00:00,0.0,4.414,0.4991,25.79
2022-11-08 22:00:00,0.0,4.285,0.489,24.68
2022-11-08 23:00:00,0.0,4.073,0.4872,22.91
2022-11-09 00:00:00,0.0,3.865,0.4861,22.58
2022-11-09 01:00:00,0.0,3.596,0.4791,22.3
2022-11-09 02:00:00,0.0,3.364,0.4784,21.77
2022-11-09 03:00:00,0.0,3.119,0.4771,21.86
2022-11-09 04:00:00,0.0,2.869,0.4814,21.3
2022-11-09 05:00:00,0.0,2.637,0.4701,21.32
2022-11-09 06:00:00,0.0,2.471,0.461,22.21
2022-11-09 07:00:00,0.0,2.359,0.4643,23.93
2022-11-09 08:00:00,0.0,,0.4595,24.98
2022-11-09 09:00:00,0.0,2.089,0.4563,25.41
2022-11-09 10:00:00,0.0,2.027,0.4504,27.29
2022-11-09 11:00:00,0.0,1.95,0.4493,27.42
2022-11-09 12:00:00,0.0,1.881,0.4418,28.07
2022-11-09 13:00:00,0.0,1.838,0.4394,28.25
2022-11-09 14:00:00,0.0,1.822,0.4348,29.32
2022-11-09 15:00:00,0.0,1.772,0.4302,30.03
2022-11-09 16:00:00,0.0,1.735,0.4246,29.99
2022-11-09 17:00:00,0.0,1.706,0.4247,29.5
2022-11-09 18:00:00,0.0,1.71,0.4215,28.57
2022-11-09 19:00:00,0.0,1.665,0.4193,28.29
2022-11-09 20:00:00,0.0,1.66,0.4104,26.05
2022-11-09 21:00:00,0.0,1.634,0.4073,26.09
2022-11-09 22:00:00,0.0,1.64,0.4043,24.6
2022-11-09 23:00:00,0.0,1.577,0.398,23.6
2022-11-10 00:00:00,0.0,1.609,0.4003,21.91
2022-11-10 01:00:00,0.0,1.612,0.3942,22.16
2022-11-10 02:00:00,0.0,1.621,0.394,22.17
2022-11-10 03:00:00,0.0,1.605,0.3864,20.39
2022-11-10 04:00:00,0.0,1.565,0.3889,21.99
2022-11-10 05:00:00,0.0,1.562,0.3886,
2022-11-10 06:00:00,0.0,1.515,0.3802,21.91
2022-11-10 07:00:00,0.0,1.536,0.378,23.4
2022-11-10 08:00:00,,1.565,0.3749,25.21
2022-11-10 09:00:00,0.0,1.561,0.3718,25.39
2022-11-10 10:00:00,0.0,1.544,0.374,26.72
2022-11-10 11:00:00,0.0,1.533,0.3671,27.0
2022-11-10 12:00:00,0.0,1.519,0.3605,28.18
2022-11-10 13:00:00,0.0,1.541,,28.89
2022-11-10 14:00:00,0.0,1.524,0.3502,30.13
2022-11-10 15:00:00,0.0,1.519,0.3506,29.08
2022-11-10 16:00:00,0.0,1.494,0.3457,28.99
2022-11-10 17:00:00,0.0,1.482,0.3424,29.45
2022-11-10 18:00:00,0.0,1.506,0.3416,28.16
2022-11-10 19:00:00,0.0,1.49,0.3365,27.51
2022-11-10 20:00:00,0.0,1.478,0.3363,26.7
2022-11-10 21:00:00,0.0,1.437,0.3352,25.13
2022-11-10 22:00:00,0.0,1.435,0.3325,23.39
2022-11-10 23:00:00,0.0,1.455,0.3298,23.99
2022-11-11 00:00:00,0.0,1.426,0.3192,22.64
2022-11-11 01:00:00,0.0,1.471,0.3232,21.31
2022-11-11 02:00:00,0.0,1.483,0.3262,21.93
2022-11-11 03:00:00,0.0,1.494,0.3265,22.41
2022-11-11 04:00:00,0.0,1.434,0.3204,22.14
2022-11-11 05:00:00,0.0,1.395,0.3158,22.98
2022-11-11 06:00:00,0.0,1.398,0.311,21.97
2022-11-11 07:00:00,0.0,1.441,0.3149,23.53
2022-11-11 08:00:00,0.0,1.441,0.3083,24.55
2022-11-11 09:00:00,0.0,1.44,0.3055,25.35
2022-11-11 10:00:00,0.0,1.404,0.3071,26.28
2022-11-11 11:00:00,0.0,1.356,0.2918,25.93
2022-11-11 12:00:00,0.0,1.412,0.298,29.08
2022-11-11 13:00:00,1.1,1.433,0.2954,27.95
2022-11-11 14:00:00,3.99,1.502,0.3145,29.32
2022-11-11 15:00:00,3.89,1.511,0.3303,29.02
2022-11-11 16:00:00,4.43,1.588,0.3415,28.81
2022-11-11 17:00:00,5.0,1.651,0.3628,28.27
2022-11-11 18:00:00,3.34,1.735,0.3676,28.0
2022-11-11 19:00:00,1.01,1.8,0.372,27.63
2022-11-11 20:00:00,0.0,1.839,0.3597,26.92
2022-11-11 21:00:00,0.0,1.867,0.3621,25.34
2022-11-11 22:00:00,0.0,1.831,0.3548,23.77
2022-11-11 23:00:00,0.0,1.828,0.3574,22.79
2022-11-12 00:00:00,0.0,1.843,0.3527,23.06
2022-11-12 01:00:00,0.0,1.868,0.3507,21.76
2022-11-12 02:00:00,0.0,1.838,0.3484,20.99
2022-11-12 03:00:00,0.0,1.752,0.3499,20.99
2022-11-12 04:00:00,0.0,1.7,0.3451,
2022-11-12 05:00:00,0.0,1.671,0.3428,21.26
2022-11-12 06:00:00,0.0,1.659,0.3399,22.52
2022-11-12 07:00:00,0.0,1.608,0.3394,23.99
2022-11-12 08:00:00,0.0,1.596,0.334,24.27
2022-11-12 09:00:00,0.0,1.563,0.3288,24.48
2022-11-12 10:00:00,0.0,1.57,0.3321,26.83
2022-11-12 11:00:00,0.0,1.5,0.3248,27.92
2022-11-12 12:00:00,0.0,1.47,0.3239,28.77
2022-11-12 13:00:00,0.0,1.429,0.3223,28.86
2022-11-12 14:00:00,0.0,1.429,0.3135,30.39
2022-11-12 15:00:00,0.0,1.433,0.3111,29.73
2022-11-12 16:00:00,0.0,1.416,0.3061,30.72
2022-11-12 17:00:00,0.0,1.41,0.3063,29.5
2022-11-12 18:00:00,0.0,1.411,0.3076,28.79
2022-11-12 19:00:00,0.0,1.388,0.3016,27.05
2022-11-12 20:00:00,0.0,1.372,0.3034,25.93
2022-11-12 21:00:00,0.0,1.361,0.2977,25.42
2022-11-12 22:00:00,0.0,1.364,0.2928,
2022-11-12 23:00:00,0.0,1.366,0.2903,23.1
2022-11-13 00:00:00,0.0,1.358,0.295,22.43
2022-11-13 01:00:00,0.0,1.34,0.2907,21.76
2022-11-13 02:00:00,0.0,1.299,0.286,21.14
2022-11-13 03:00:00,0.0,1.29,0.285,21.65
2022-11-13 04:00:00,0.0,1.342,0.2814,21.08
2022-11-13 05:00:00,0.0,1.34,0.2733,21.84
2022-11-13 06:00:00,0.0,1.368,0.2792,21.89
2022-11-13 07:00:00,0.0,1.322,0.2732,23.37
2022-11-13 08:00:00,0.0,1.376,0.2737,24.39
2022-11-13 09:00:00,0.0,1.334,0.2688,24.84
2022-11-13 10:00:00,0.0,1.325,0.2697,26.39
2022-11-13 11:00:00,0.0,1.288,0.2648,27.27
2022-11-13 12:00:00,0.0,1.322,0.2656,27.92
2022-11-13 13:00:00,0.0,1.325,0.265,28.56
2022-11-13 14:00:00,0.0,1.322,0.2613,29.41
2022-11-13 15:00:00,0.0,1.273,0.2534,29.34
2022-11-13 16:00:00,0.0,1.269,0.2502,29.66
2022-11-13 17:00:00,0.0,1.247,0.249,28.27
2022-11-13 18:00:00,0.0,1.306,0.2536,28.06
2022-11-13 19:00:00,0.0,1.278,0.2549,27.01
2022-11-13 20:00:00,0.0,1.263,0.2442,26.39
2022-11-13 21:00:00,0.0,1.239,0.2411,25.46
2022-11-13 22:00:00,0.0,1.278,0.2465,23.69
2022-11-13 23:00:00,0.0,1.257,0.2393,23.62
2022-11-14 00:00:00,0.0,1.256,0.2385,23.53
2022-11-14 01:00:00,0.0,1.279,0.2376,21.9
2022-11-14 02:00:00,0.0,1.291,0.2336,20.98
2022-11-14 03:00:00,0.0,1.278,0.2318,21.13
2022-11-14 04:00:00,0.0,1.249,0.2324,21.25
2022-11-14 05:00:00,0.0,1.215,0.2298,21.48
2022-11-14 06:00:00,0.0,1.232,0.2241,22.81
2022-11-14 07:00:00,0.0,1.236,0.2251,22.37
2022-11-14 08:00:00,0.0,1.234,0.2256,24.38
2022-11-14 09:00:00,0.0,,0.2225,25.92
2022-11-14 10:00:00,0.0,1.229,0.2237,26.93
2022-11-14 11:00:00,0.0,1.233,0.2178,27.79
2022-11-14 12:00:00,0.0,1.245,0.2236,27.78
2022-11-14 13:00:00,0.0,1.223,0.2162,29.47
2022-11-14 14:00:00,0.0,1.232,0.2142,29.33
2022-11-14 15:00:00,0.0,1.226,0.2102,29.99
2022-11-14 16:00:00,0.0,1.216,0.2089,29.68
2022-11-14 17:00:00,0.0,1.204,0.202,28.9
2022-11-14 18:00:00,0.0,1.193,0.2058,27.98
2022-11-14 19:00:00,0.0,1.194,0.2098,28.46
2022-11-14 20:00:00,0.0,1.176,0.2049,25.42
2022-11-14 21:00:00,0.0,1.178,0.1957,25.19
2022-11-14 22:00:00,0.0,1.219,0.1999,23.54
2022-11-14 23:00:00,0.0,1.245,0.1989,23.34
2022-11-15 00:00:00,0.0,1.212,0.2008,22.59
2022-11-15 01:00:00,0.0,1.171,0.1926,21.45
2022-11-15 02:00:00,0.0,1.159,0.2005,21.09
2022-11-15 03:00:00,1.48,1.214,0.1988,20.43
2022-11-15 04:00:00,4.28,1.245,0.2118,21.17
2022-11-15 05:00:00,7.2,1.277,0.2368,20.82
2022-11-15 06:00:00,10.55,1.351,0.2819,21.56
2022-11-15 07:00:00,15.13,1.534,0.3416,21.46
2022-11-15 08:00:00,15.04,1.785,0.3952,22.82
2022-11-15 09:00:00,16.53,2.143,0.4636,23.95
2022-11-15 10:00:00,13.77,2.433,0.5,25.13
2022-11-15 11:00:00,9.26,2.706,0.5,26.42
2022-11-15 12:00:00,9.12,2.957,0.4974,27.1
2022-11-15 13:00:00,5.62,3.213,0.5,28.38
2022-11-15 14:00:00,2.09,3.43,0.5,28.59
2022-11-15 15:00:00,0.0,3.511,0.4924,29.14
2022-11-15 16:00:00,0.0,3.527,0.4851,29.27
2022-11-15 17:00:00,0.0,3.483,0.4844,29.47
2022-11-15 18:00:00,0.0,3.379,0.4787,27.76
2022-11-15 19:00:00,0.0,3.222,0.4714,26.79
2022-11-15 20:00:00,0.0,3.033,0.4741,26.41
2022-11-15 21:00:00,0.0,2.837,0.465,25.84
2022-11-15 22:00:00,0.0,2.675,0.461,24.61
2022-11-15 23:00:00,0.0,2.54,0.4643,23.25
2022-11-16 00:00:00,0.0,2.406,0.4627,22.98
2022-11-16 01:00:00,0.0,2.33,0.4634,20.83
2022-11-16 02:00:00,0.0,2.185,0.4479,21.84
2022-11-16 03:00:00,0.0,2.106,0.4508,21.04
2022-11-16 04:00:00,0.0,2.005,0.4425,21.65
2022-11-16 05:00:00,0.0,1.973,0.4438,22.24
2022-11-16 06:00:00,0.0,1.93,0.44,22.46
2022-11-16 07:00:00,0.0,1.84,0.4308,23.23
2022-11-16 08:00:00,0.0,1.819,0.4355,23.96
2022-11-16 09:00:00,0.0,1.763,0.4303,26.04
2022-11-16 10:00:00,0.0,1.727,0.4284,26.4
2022-11-16 11:00:00,0.0,1.658,0.419,27.31
2022-11-16 12:00:00,0.0,1.677,0.4251,28.78
2022-11-16 13:00:00,0.0,1.661,0.4157,28.41
2022-11-16 14:00:00,0.0,1.658,0.4119,28.93
2022-11-16 15:00:00,0.0,1.621,0.411,29.66
2022-11-16 16:00:00,0.0,1.617,0.4027,29.95
2022-11-16 17:00:00,0.0,1.585,0.3963,28.68
2022-11-16 18:00:00,0.0,1.588,0.3985,28.22
2022-11-16 19:00:00,0.0,1.554,0.3914,26.4
2022-11-16 20:00:00,0.0,1.543,0.3913,26.87
2022-11-16 21:00:00,0.0,1.529,0.385,24.65
2022-11-16 22:00:00,0.0,1.524,0.389,23.89
2022-11-16 23:00:00,0.0,1.53,0.3795,23.29
2022-11-17 00:00:00,0.0,1.525,0.3752,22.0
2022-11-17 01:00:00,0.0,1.545,0.3757,20.72
2022-11-17 02:00:00,0.0,1.528,0.3709,20.67
2022-11-17 03:00:00,0.0,1.525,0.3673,21.2
2022-11-17 04:00:00,0.0,1.548,0.3714,22.04
2022-11-17 05:00:00,0.0,1.503,0.361,22.4
2022-11-17 06:00:00,0.0,1.529,0.3654,22.52
2022-11-17 07:00:00,0.0,1.488,0.3645,23.23
2022-11-17 08:00:00,0.0,1.484,0.3558,24.52
2022-11-17 09:00:00,0.0,1.465,0.3547,25.82
2022-11-17 10:00:00,0.0,1.467,0.3484,26.25
2022-11-17 11:00:00,0.0,1.485,0.3512,27.23
2022-11-17 12:00:00,0.0,1.473,0.3406,28.08
2022-11-17 13:00:00,0.0,1.476,0.3442,29.12
2022-11-17 14:00:00,0.0,1.424,0.338,28.33
2022-11-17 15:00:00,0.0,1.399,0.3322,29.16
2022-11-17 16:00:00,0.0,1.415,0.3294,29.22
2022-11-17 17:00:00,0.0,1.465,0.3299,27.67
2022-11-17 18:00:00,0.0,1.471,0.3218,28.44
2022-11-17 19:00:00,0.0,1.458,0.3241,27.69
2022-11-17 20:00:00,0.0,1.449,0.3203,25.22
2022-11-17 21:00:00,0.0,1.422,0.3161,24.95
2022-11-17 22:00:00,0.0,1.421,0.3163,23.93
2022-11-17 23:00:00,0.0,1.391,0.3102,22.71
2022-11-18 00:00:00,0.0,1.414,0.3097,21.91
2022-11-18 01:00:00,0.0,1.372,0.3073,21.39
2022-11-18 02:00:00,0.0,1.374,0.3026,21.55
2022-11-18 03:00:00,0.0,1.362,0.3034,21.74
2022-11-18 04:00:00,0.0,1.396,0.2977,21.53
2022-11-18 05:00:00,0.0,1.395,0.2987,21.19
2022-11-18 06:00:00,0.0,1.402,0.2931,22.68
2022-11-18 07:00:00,0.0,1.4,0.293,23.42
2022-11-18 08:00:00,0.0,1.394,0.2912,22.61
2022-11-18 09:00:00,0.0,1.387,0.2928,25.73
2022-11-18 10:00:00,0.0,1.347,0.2862,26.22
2022-11-18 11:00:00,0.0,1.331,0.2828,27.2
2022-11-18 12:00:00,0.0,1.338,0.2828,27.07
2022-11-18 13:00:00,0.0,1.378,0.2869,29.38
2022-11-18 14:00:00,0.0,1.34,0.2735,29.15
2022-11-18 15:00:00,0.0,1.374,0.2779,29.5
2022-11-18 16:00:00,0.0,1.36,0.2743,28.32
2022-11-18 17:00:00,0.0,1.376,0.2769,28.83
2022-11-18 18:00:00,0.0,1.292,0.269,28.21
2022-11-18 19:00:00,0.0,1.311,0.2659,27.04
2022-11-18 20:00:00,0.0,1.304,0.2637,25.5
2022-11-18 21:00:00,0.0,1.317,0.2613,25.08
2022-11-18 22:00:00,0.0,1.3,0.2616,23.6
2022-11-18 23:00:00,0.0,1.271,0.256,22.76
2022-11-19 00:00:00,0.0,1.309,0.2649,22.83
2022-11-19 01:00:00,0.0,1.272,0.2567,21.65
2022-11-19 02:00:00,0.0,1.314,0.2519,21.17
2022-11-19 03:00:00,0.0,1.302,0.2502,20.49
2022-11-19 04:00:00,0.0,,0.2492,21.19
2022-11-19 05:00:00,0.0,1.316,0.2475,21.53
2022-11-19 06:00:00,0.0,1.329,0.2479,21.75
2022-11-19 07:00:00,0.0,1.312,0.245,23.62
2022-11-19 08:00:00,0.0,1.311,0.2466,24.56
2022-11-19 09:00:00,0.0,1.281,0.2375,24.69
2022-11-19 10:00:00,0.0,1.226,0.2382,26.31
2022-11-19 11:00:00,0.0,1.208,0.2334,26.15
2022-11-19 12:00:00,0.0,1.221,0.2327,28.06
2022-11-19 13:00:00,0.0,1.244,0.2303,28.93
2022-11-19 14:00:00,0.0,1.247,0.232,28.38
2022-11-19 15:00:00,0.0,1.189,,29.08
2022-11-19 16:00:00,0.0,1.189,0.2295,29.0
2022-11-19 17:00:00,0.0,1.188,0.2274,29.98
2022-11-19 18:00:00,0.0,1.211,0.2231,29.19
2022-11-19 19:00:00,0.0,1.221,0.2155,27.23
2022-11-19 20:00:00,0.0,1.218,0.2214,25.78
2022-11-19 21:00:00,0.0,1.176,0.2141,25.2
2022-11-19 22:00:00,0.0,1.162,0.2127,24.6
2022-11-19 23:00:00,0.0,1.18,0.2138,22.24
2022-11-20 00:00:00,0.0,1.173,0.2083,21.16
2022-11-20 01:00:00,0.0,1.217,0.2132,21.0
2022-11-20 02:00:00,0.0,1.204,0.2105,21.55
2022-11-20 03:00:00,0.0,1.222,0.2156,21.44
2022-11-20 04:00:00,0.0,1.194,0.2063,21.39
2022-11-20 05:00:00,0.0,1.167,0.2036,22.13
2022-11-20 06:00:00,0.0,1.21,0.2086,22.12
2022-11-20 07:00:00,0.0,1.189,0.1955,22.9
2022-11-20 08:00:00,0.0,1.246,0.2003,24.19
2022-11-20 09:00:00,0.0,1.203,0.1975,25.89
2022-11-20 10:00:00,0.0,1.179,0.1999,26.28
2022-11-20 11:00:00,0.0,1.164,0.2038,26.99
2022-11-20 12:00:00,0.0,1.143,0.1907,28.06
2022-11-20 13:00:00,0.55,1.19,0.1965,29.16
2022-11-20 14:00:00,1.44,1.178,0.2012,28.57
2022-11-20 15:00:00,3.08,1.231,0.2114,28.5
2022-11-20 16:00:00,3.32,1.233,0.2196,28.33
2022-11-20 17:00:00,4.37,1.338,0.2364,28.47
2022-11-20 18:00:00,5.11,1.38,0.2498,26.96
2022-11-20 19:00:00,4.53,1.484,0.2739,26.9
2022-11-20 20:00:00,5.4,1.555,0.2848,24.79
2022-11-20 21:00:00,4.68,1.639,0.3016,24.44
2022-11-20 22:00:00,4.53,1.712,0.3195,23.52
2022-11-20 23:00:00,4.23,1.771,0.3332,23.51
2022-11-21 00:00:00,3.7,1.88,0.3487,22.28
2022-11-21 01:00:00,2.7,1.988,0.355,21.08
2022-11-21 02:00:00,1.42,2.039,0.3568,20.73
2022-11-21 03:00:00,0.55,2.068,0.356,20.6
2022-11-21 04:00:00,0.0,2.076,0.3607,20.57
2022-11-21 05:00:00,0.0,2.043,0.3562,22.34
2022-11-21 06:00:00,0.0,1.995,0.3484,21.79
2022-11-21 07:00:00,0.0,1.935,0.3515,23.86
2022-11-21 08:00:00,0.0,1.927,0.346,24.01
2022-11-21 09:00:00,0.0,1.852,0.3395,24.95
2022-11-21 10:00:00,0.0,1.851,0.3376,26.08
2022-11-21 11:00:00,0.0,1.786,0.3412,27.6
2022-11-21 12:00:00,0.0,1.725,,27.4
2022-11-21 13:00:00,0.0,1.645,0.3341,28.71
2022-11-21 14:00:00,0.0,1.611,0.3266,28.84
2022-11-21 15:00:00,0.0,1.604,0.3272,29.2
2022-11-21 16:00:00,0.0,1.559,0.324,28.76
2022-11-21 17:00:00,0.0,1.516,0.312,28.28
2022-11-21 18:00:00,0.0,1.483,0.3183,28.09
2022-11-21 19:00:00,0.0,1.431,0.3145,26.31
2022-11-21 20:00:00,0.0,1.421,0.3182,26.73
2022-11-21 21:00:00,0.0,1.462,0.3146,25.05
2022-11-21 21:00:00,0.0,1.462,0.3146,25.05
2022-11-21 22:00:00,0.0,1.486,0.3061,23.69
2022-11-21 23:00:00,0.0,1.461,0.3055,23.18
2022-11-22 00:00:00,0.0,1.408,0.3025,21.78
2022-11-22 01:00:00,0.0,1.387,0.2987,21.53
2022-11-22 02:00:00,0.0,1.373,0.2941,21.14
2022-11-22 03:00:00,0.0,1.36,0.2942,21.59
2022-11-22 04:00:00,0.0,1.362,0.2929,21.23
2022-11-22 05:00:00,0.0,1.389,0.296,20.93
2022-11-22 06:00:00,0.0,1.379,0.291,22.42
2022-11-22 07:00:00,0.0,1.34,0.2865,23.32
2022-11-22 08:00:00,0.0,1.323,0.2839,23.12
2022-11-22 09:00:00,0.0,1.334,0.2852,24.36
2022-11-22 10:00:00,0.0,1.357,0.2805,27.0
2022-11-22 11:00:00,0.0,1.339,0.2758,26.79
2022-11-22 12:00:00,0.0,1.346,0.2736,27.63
2022-11-22 13:00:00,0.0,1.353,0.2791,28.4
2022-11-22 14:00:00,0.0,1.362,0.2709,28.5
2022-11-22 15:00:00,0.0,1.358,0.2721,28.07
2022-11-22 16:00:00,0.0,1.317,0.261,28.26
2022-11-22 17:00:00,0.0,1.312,0.2674,28.1
2022-11-22 18:00:00,0.0,1.303,0.2638,27.53
2022-11-22 19:00:00,0.0,1.343,0.2618,26.57
2022-11-22 20:00:00,0.0,1.32,0.2523,25.25
2022-11-22 21:00:00,0.0,1.361,0.2551,24.68
2022-11-22 22:00:00,0.0,1.319,0.2506,24.48
2022-11-22 23:00:00,0.0,1.316,0.2478,22.62
2022-11-23 00:00:00,0.0,1.265,0.2439,22.0
2022-11-23 01:00:00,0.0,1.248,0.2446,22.18
2022-11-23 02:00:00,0.0,1.248,0.2428,20.71
2022-11-23 03:00:00,0.0,1.266,0.2469,22.45
2022-11-23 04:00:00,0.0,1.273,0.2411,21.5
2022-11-23 05:00:00,0.0,1.312,0.2409,21.49
2022-11-23 06:00:00,0.0,1.341,0.2433,21.97
2022-11-23 07:00:00,0.0,1.332,0.2382,23.59
2022-11-23 08:00:00,0.0,1.28,0.234,23.54
2022-11-23 09:00:00,0.0,1.235,0.2349,24.7
2022-11-23 10:00:00,0.0,1.228,0.2299,26.76
2022-11-23 11:00:00,0.0,1.241,0.225,26.73
2022-11-23 12:00:00,0.0,1.295,0.2293,27.52
2022-11-23 13:00:00,0.0,1.279,0.228,28.05
2022-11-23 14:00:00,0.0,1.231,0.2234,27.82
2022-11-23 15:00:00,0.0,1.205,0.2214,29.43
2022-11-23 16:00:00,0.0,1.216,0.2184,28.76
2022-11-23 17:00:00,0.0,1.241,0.2223,28.92
2022-11-23 18:00:00,0.0,1.237,0.2165,27.66
2022-11-23 19:00:00,0.0,1.221,0.2134,26.71
2022-11-23 20:00:00,0.0,1.232,0.2149,25.62
2022-11-23 21:00:00,0.0,1.225,0.2135,25.26
2022-11-23 22:00:00,0.0,1.219,0.2101,23.48
2022-11-23 23:00:00,0.0,1.196,0.2101,23.11
2022-11-24 00:00:00,0.0,1.206,0.2075,22.07
2022-11-24 01:00:00,0.0,1.192,0.2046,20.9
2022-11-24 02:00:00,0.0,1.178,0.2062,20.8
2022-11-24 03:00:00,0.0,1.141,0.1991,20.89
2022-11-24 04:00:00,0.0,1.154,0.1978,20.86
2022-11-24 05:00:00,0.0,1.215,0.2007,22.37
2022-11-24 06:00:00,0.0,1.21,0.1958,22.17
2022-11-24 07:00:00,0.0,1.211,0.1989,22.79
2022-11-24 08:00:00,0.0,1.191,0.1957,23.67
2022-11-24 09:00:00,0.0,1.184,0.1997,24.77
2022-11-24 10:00:00,0.0,1.156,0.1889,25.61
2022-11-24 11:00:00,0.0,1.176,0.193,26.47
2022-11-24 12:00:00,0.0,1.167,0.187,
2022-11-24 13:00:00,0.0,1.176,0.1875,29.12
2022-11-24 14:00:00,0.0,1.154,0.1871,28.52
2022-11-24 15:00:00,0.0,1.146,0.1843,29.1
2022-11-24 16:00:00,0.0,1.138,0.1829,28.41
2022-11-24 17:00:00,0.0,1.138,0.181,28.4
2022-11-24 18:00:00,0.0,1.139,0.1774,27.06
2022-11-24 19:00:00,0.0,1.151,0.1792,26.46
2022-11-24 20:00:00,0.0,1.119,0.1779,25.47
2022-11-24 21:00:00,0.0,1.104,0.1727,24.81
2022-11-24 22:00:00,0.0,1.104,0.1701,23.26
2022-11-24 23:00:00,0.0,1.163,0.1721,21.76
2022-11-25 00:00:00,0.0,1.147,0.1708,21.33
2022-11-25 01:00:00,0.0,1.106,0.1643,21.3
2022-11-25 02:00:00,0.0,1.096,0.1687,20.59
2022-11-25 03:00:00,0.0,1.124,0.1646,20.56
2022-11-25 04:00:00,0.0,1.121,0.1602,21.12
2022-11-25 05:00:00,0.0,1.099,0.166,20.97
2022-11-25 06:00:00,0.0,1.074,0.1601,21.98
2022-11-25 07:00:00,0.0,1.085,0.1664,23.92
2022-11-25 08:00:00,0.0,1.136,0.1636,23.62
2022-11-25 09:00:00,0.0,1.124,0.1608,24.74
2022-11-25 10:00:00,0.0,1.123,0.1628,26.07
2022-11-25 11:00:00,0.0,1.077,0.1602,26.44
2022-11-25 12:00:00,0.0,1.067,0.1532,27.38
2022-11-25 13:00:00,0.0,1.089,0.1575,28.26
2022-11-25 14:00:00,0.0,1.093,0.1509,28.81
2022-11-25 15:00:00,0.0,1.146,0.1543,28.38
2022-11-25 16:00:00,0.0,1.123,0.1488,28.99
2022-11-25 17:00:00,0.0,1.126,0.1449,29.08
2022-11-25 18:00:00,0.0,1.107,0.1486,26.72
2022-11-25 19:00:00,0.0,1.136,0.1446,27.04
2022-11-25 20:00:00,0.0,1.114,0.1481,25.84
2022-11-25 21:00:00,0.0,1.092,0.1476,24.7
2022-11-25 22:00:00,0.0,1.028,0.1374,23.97
2022-11-25 23:00:00,0.0,1.066,0.1415,23.54
2022-11-26 00:00:00,0.0,1.059,0.1425,22.11
2022-11-26 01:00:00,0.0,1.083,0.14,21.83
2022-11-26 02:00:00,0.0,1.091,0.1392,20.93
2022-11-26 03:00:00,0.0,1.102,0.1387,20.99
2022-11-26 04:00:00,0.0,1.087,0.1322,20.68
2022-11-26 05:00:00,0.0,1.078,0.1409,21.37
2022-11-26 06:00:00,0.0,1.088,0.1372,21.85
2022-11-26 07:00:00,0.0,1.065,0.1323,22.86
2022-11-26 08:00:00,0.0,1.073,0.131,22.95
2022-11-26 09:00:00,0.0,1.07,0.1348,24.25
2022-11-26 10:00:00,0.0,1.086,0.1319,26.44
2022-11-26 11:00:00,0.0,1.082,0.131,27.51
2022-11-26 12:00:00,0.0,1.055,0.1304,26.77
2022-11-26 13:00:00,0.0,1.038,0.1283,27.99
2022-11-26 14:00:00,0.0,0.991,0.1208,28.3
2022-11-26 15:00:00,0.0,1.01,0.124,28.94
2022-11-26 16:00:00,0.0,1.024,0.1257,28.63
2022-11-26 17:00:00,0.0,1.066,0.1248,28.62
2022-11-26 18:00:00,0.0,1.051,0.1203,26.96
2022-11-26 19:00:00,0.0,1.075,0.1206,26.99
2022-11-26 20:00:00,0.0,1.038,0.1232,25.68
2022-11-26 21:00:00,0.0,1.056,0.123,24.44
2022-11-26 22:00:00,0.0,1.023,0.1188,24.0
2022-11-26 23:00:00,0.0,1.06,0.1197,22.69
2022-11-27 00:00:00,0.0,1.055,0.1173,21.9
2022-11-27 01:00:00,0.0,1.047,0.1176,21.98
2022-11-27 02:00:00,0.0,1.06,0.1147,20.95
2022-11-27 03:00:00,0.0,1.031,0.1121,21.75
2022-11-27 04:00:00,0.0,1.038,0.1188,19.75
2022-11-27 05:00:00,0.0,1.01,0.1179,21.31
2022-11-27 06:00:00,0.0,1.013,0.1119,21.39
2022-11-27 07:00:00,0.0,1.003,0.1122,22.31
2022-11-27 08:00:00,1.2,1.018,0.1155,23.29
2022-11-27 09:00:00,3.08,1.048,0.1266,24.93
2022-11-27 10:00:00,4.29,1.13,0.1428,25.18
2022-11-27 11:00:00,7.72,1.214,0.1757,25.43
2022-11-27 12:00:00,7.57,1.301,0.1978,27.18
2022-11-27 13:00:00,10.83,1.425,0.2408,26.57
2022-11-27 14:00:00,11.13,1.559,0.2876,28.36
2022-11-27 15:00:00,9.08,1.697,0.3192,27.22
2022-11-27 16:00:00,8.37,1.863,0.3531,27.66
2022-11-27 17:00:00,10.05,2.097,0.3865,28.2
2022-11-27 18:00:00,,2.302,0.4156,26.65
2022-11-27 19:00:00,6.18,2.487,0.4351,26.37
2022-11-27 20:00:00,2.64,2.619,0.4468,25.49
2022-11-27 21:00:00,1.15,2.733,0.4465,24.66
2022-11-27 22:00:00,0.0,2.752,0.4372,23.33
2022-11-27 23:00:00,0.0,2.763,0.4393,23.0
2022-11-28 00:00:00,0.0,2.728,0.4375,22.58
2022-11-28 01:00:00,0.0,2.67,0.4316,20.31
2022-11-28 02:00:00,0.0,2.571,0.4311,20.42
2022-11-28 03:00:00,0.0,2.448,0.4303,20.47
2022-11-28 04:00:00,0.0,2.299,0.4235,20.43
2022-11-28 05:00:00,0.0,2.193,0.422,21.6
2022-11-28 06:00:00,0.0,2.081,0.4167,21.61
2022-11-28 07:00:00,0.0,2.006,0.4168,22.78
2022-11-28 08:00:00,0.0,1.941,0.4091,24.45
2022-11-28 09:00:00,0.0,1.869,0.4109,23.84
2022-11-28 10:00:00,0.0,1.853,0.4101,25.94
2022-11-28 11:00:00,0.0,1.786,0.3993,26.68
2022-11-28 12:00:00,0.0,1.765,0.4023,27.51
2022-11-28 13:00:00,0.0,1.692,0.3946,27.75
2022-11-28 14:00:00,0.0,1.648,0.3891,28.42
2022-11-28 15:00:00,0.0,1.65,0.3867,28.74
2022-11-28 16:00:00,0.0,1.636,0.3838,28.51
2022-11-28 17:00:00,0.0,1.631,0.3789,28.55
2022-11-28 18:00:00,0.0,1.609,0.3802,27.02
2022-11-28 19:00:00,0.0,1.598,0.3728,26.04
2022-11-28 20:00:00,0.0,1.597,0.3716,24.77
2022-11-28 21:00:00,0.0,1.601,0.3741,24.81
2022-11-28 22:00:00,0.0,1.55,0.3644,24.08
2022-11-28 23:00:00,0.0,1.513,0.3609,22.16
2022-11-29 00:00:00,0.0,1.535,0.3589,21.25
2022-11-29 01:00:00,0.0,1.547,0.3609,22.19
2022-11-29 02:00:00,0.0,1.506,0.3549,21.48
2022-11-29 03:00:00,0.0,1.455,0.3537,21.38
2022-11-29 04:00:00,0.0,1.448,0.3485,21.02
2022-11-29 05:00:00,0.0,1.484,0.3474,21.6
2022-11-29 06:00:00,0.0,1.521,0.3488,21.74
2022-11-29 07:00:00,0.0,1.492,0.3392,22.0
2022-11-29 08:00:00,0.0,1.499,0.3358,22.99
2022-11-29 09:00:00,0.0,1.494,0.3369,24.71
2022-11-29 10:00:00,0.0,1.52,0.3343,26.21
2022-11-29 11:00:00,0.0,1.509,0.3318,26.62
2022-11-29 12:00:00,0.0,1.485,0.3289,27.84
2022-11-29 13:00:00,0.0,1.492,0.3266,28.13
2022-11-29 14:00:00,0.0,1.489,0.3222,28.72
2022-11-29 15:00:00,0.0,1.501,0.3244,29.09
2022-11-29 16:00:00,0.0,1.485,0.3197,29.24
2022-11-29 17:00:00,0.0,1.496,0.3139,28.32
2022-11-29 18:00:00,0.0,1.511,0.314,28.51
2022-11-29 19:00:00,0.0,1.43,0.3009,26.59
2022-11-29 20:00:00,0.0,1.371,0.307,26.41
2022-11-29 21:00:00,0.0,1.358,0.3061,
2022-11-29 22:00:00,0.0,1.362,0.2997,22.76
2022-11-29 23:00:00,0.0,1.379,0.3008,23.42
2022-11-30 00:00:00,0.0,1.368,0.2953,21.39
2022-11-30 01:00:00,0.0,1.379,0.2963,21.09
2022-11-30 02:00:00,0.0,1.391,0.2895,21.25
2022-11-30 03:00:00,0.0,1.413,0.2943,20.3
2022-11-30 04:00:00,0.0,1.393,0.2897,20.78
2022-11-30 05:00:00,0.0,1.381,0.2885,21.54
2022-11-30 06:00:00,0.0,1.351,0.2857,21.44
2022-11-30 07:00:00,0.0,1.383,0.2872,22.56
2022-11-30 08:00:00,0.0,1.366,0.2826,23.46
2022-11-30 09:00:00,0.0,1.389,0.2824,25.16
2022-11-30 10:00:00,0.0,1.362,0.2755,26.49
2022-11-30 11:00:00,0.0,1.394,0.2765,26.13
2022-11-30 12:00:00,0.0,1.384,0.2771,27.54
2022-11-30 13:00:00,0.0,1.355,0.2747,27.88
2022-11-30 14:00:00,0.0,1.308,0.2596,28.55
2022-11-30 15:00:00,0.0,1.309,0.2652,29.56
2022-11-30 16:00:00,0.0,1.286,0.2577,28.73
2022-11-30 17:00:00,0.0,1.273,0.2586,27.86
2022-11-30 18:00:00,0.0,1.282,0.2559,26.82
2022-11-30 19:00:00,0.0,1.331,0.257,27.17
2022-11-30 20:00:00,0.0,1.339,0.2527,25.48
2022-11-30 21:00:00,0.0,1.322,0.249,24.29
2022-11-30 22:00:00,0.91,1.314,0.2545,23.7
2022-11-30 23:00:00,3.11,1.301,0.2605,22.65
2022-12-01 00:00:00,5.2,1.364,0.2804,21.11
2022-12-01 01:00:00,5.22,1.448,0.3008,20.18
2022-12-01 02:00:00,6.01,1.542,0.3234,20.86
2022-12-01 03:00:00,5.95,1.66,0.3464,20.39
2022-12-01 04:00:00,5.28,1.779,0.3654,20.74
2022-12-01 05:00:00,2.88,1.904,0.3722,20.71
2022-12-01 06:00:00,1.06,1.97,0.3766,21.29
2022-12-01 07:00:00,0.0,2.047,0.3735,22.38
2022-12-01 08:00:00,0.0,2.048,0.3706,22.85
2022-12-01 09:00:00,0.0,2.007,0.3631,24.48
2022-12-01 10:00:00,0.0,1.979,0.366,25.34
2022-12-01 11:00:00,0.0,1.971,0.3632,26.6
2022-12-01 12:00:00,0.0,1.974,0.3605,27.5
2022-12-01 13:00:00,0.0,1.922,0.3553,28.15
2022-12-01 14:00:00,0.0,1.877,0.3548,28.21
2022-12-01 15:00:00,0.0,1.827,0.3498,28.05
2022-12-01 16:00:00,0.0,1.759,0.3439,27.79
2022-12-01 17:00:00,0.0,1.704,0.3418,28.2
2022-12-01 18:00:00,1.34,1.655,0.3425,27.4
2022-12-01 19:00:00,3.87,1.664,0.3539,25.56
2022-12-01 20:00:00,5.25,1.684,0.377,25.87
2022-12-01 21:00:00,4.9,1.724,0.3908,24.57
2022-12-01 22:00:00,4.13,1.764,0.4074,22.68
2022-12-01 23:00:00,2.91,1.87,0.4197,22.48
2022-12-02 00:00:00,1.33,1.966,0.4199,21.58
2022-12-02 01:00:00,0.0,2.009,0.4111,21.28
2022-12-02 02:00:00,0.0,2.006,0.4097,20.83
2022-12-02 03:00:00,0.0,1.993,0.4105,20.95
2022-12-02 04:00:00,0.0,1.998,0.4073,21.49
2022-12-02 05:00:00,0.0,2.001,0.4074,21.3
2022-12-02 06:00:00,0.0,1.933,0.3996,22.05
2022-12-02 07:00:00,0.0,1.897,0.394,23.34
2022-12-02 08:00:00,0.0,1.862,0.392,23.31
2022-12-02 09:00:00,0.0,1.88,0.3954,24.14
2022-12-02 10:00:00,0.0,1.829,0.389,25.98
2022-12-02 11:00:00,0.0,1.774,0.3878,26.0
2022-12-02 12:00:00,0.0,1.709,0.3808,27.04
2022-12-02 13:00:00,0.0,1.669,0.376,28.83
2022-12-02 14:00:00,0.0,1.69,0.3768,27.62
2022-12-02 15:00:00,0.0,1.636,0.3673,28.76
2022-12-02 16:00:00,0.0,1.595,0.3693,27.75
2022-12-02 17:00:00,0.0,1.556,0.3693,28.28
2022-12-02 18:00:00,0.0,1.522,0.3543,28.36
2022-12-02 19:00:00,,1.533,0.3552,26.11
2022-12-02 20:00:00,0.0,1.532,0.3551,24.6
2022-12-02 21:00:00,0.0,1.475,0.351,24.79
2022-12-02 22:00:00,0.0,1.453,0.3494,23.26
2022-12-02 23:00:00,0.0,1.455,0.354,22.52
2022-12-03 00:00:00,0.0,1.476,0.343,21.93
2022-12-03 01:00:00,0.0,1.525,0.3421,21.4
2022-12-03 02:00:00,0.0,1.512,0.3376,21.0
2022-12-03 03:00:00,0.0,1.483,0.3342,20.57
2022-12-03 04:00:00,0.0,1.444,0.3376,20.93
2022-12-03 05:00:00,0.0,1.443,0.3292,21.02
2022-12-03 06:00:00,0.0,1.458,0.328,21.59
2022-12-03 07:00:00,0.0,1.439,0.3297,22.57
2022-12-03 08:00:00,0.0,1.432,0.3288,23.83
2022-12-03 09:00:00,0.0,1.441,0.3219,24.26
2022-12-03 10:00:00,0.0,1.468,0.3196,
2022-12-03 11:00:00,0.0,1.437,0.3142,26.35
2022-12-03 12:00:00,0.0,1.439,0.3178,27.04
2022-12-03 13:00:00,0.0,1.399,0.3134,28.57
2022-12-03 14:00:00,0.0,1.414,0.3104,28.63
2022-12-03 15:00:00,0.0,1.387,0.3034,28.77
2022-12-03 16:00:00,0.0,1.442,0.307,27.97
2022-12-03 17:00:00,0.0,1.397,0.3003,27.92
2022-12-03 18:00:00,0.0,1.398,0.3017,27.71
2022-12-03 19:00:00,0.0,1.385,0.2944,26.77
2022-12-03 20:00:00,0.0,1.414,0.2948,26.9
2022-12-03 21:00:00,0.0,1.362,0.2892,24.69
2022-12-03 22:00:00,0.0,1.366,0.2923,23.21
2022-12-03 23:00:00,0.0,1.358,0.2837,22.36
2022-12-04 00:00:00,0.0,1.412,0.2864,21.29
2022-12-04 01:00:00,0.0,1.386,0.28,20.76
2022-12-04 02:00:00,0.0,1.386,0.2806,20.74
2022-12-04 02:00:00,0.0,1.386,0.2806,20.74
2022-12-04 03:00:00,0.0,1.384,0.2821,20.32
2022-12-04 04:00:00,0.0,1.339,0.2749,21.35
2022-12-04 05:00:00,0.0,1.316,0.2779,21.53
2022-12-04 06:00:00,0.0,1.338,0.2769,22.15
2022-12-04 07:00:00,0.0,1.343,0.2667,22.42
2022-12-04 08:00:00,0.0,1.37,0.2721,23.97
2022-12-04 09:00:00,0.0,1.316,0.2718,25.06
2022-12-04 10:00:00,0.0,1.313,0.2639,26.38
2022-12-04 11:00:00,0.0,1.314,0.2613,26.28
2022-12-04 12:00:00,0.0,1.37,0.2567,27.38
2022-12-04 13:00:00,0.0,1.374,0.2563,27.64
2022-12-04 14:00:00,0.0,1.387,0.2597,29.73
2022-12-04 15:00:00,0.0,1.305,0.2529,28.45
2022-12-04 16:00:00,0.0,1.283,0.2532,29.05
2022-12-04 17:00:00,0.0,1.291,0.2475,28.09
2022-12-04 18:00:00,0.0,1.335,0.2468,27.82
2022-12-04 19:00:00,0.0,1.356,0.2488,26.54
2022-12-04 20:00:00,0.0,1.348,0.247,26.05
2022-12-04 21:00:00,0.0,1.308,0.2415,24.69
2022-12-04 22:00:00,0.0,1.3,0.2385,24.37
2022-12-04 23:00:00,0.0,1.271,0.2351,22.7
2022-12-05 00:00:00,0.0,1.289,0.2383,21.33
2022-12-05 01:00:00,0.0,1.251,0.234,21.32
2022-12-05 02:00:00,0.0,1.273,0.2368,20.66
2022-12-05 03:00:00,0.0,1.256,0.2265,20.03
2022-12-05 04:00:00,0.0,1.292,0.2288,20.85
2022-12-05 05:00:00,0.0,1.254,0.2282,20.75
2022-12-05 06:00:00,0.0,1.241,0.2286,21.57
2022-12-05 07:00:00,0.0,1.214,0.2216,22.54
2022-12-05 08:00:00,0.0,1.226,0.2235,22.47
2022-12-05 09:00:00,0.0,1.26,0.2251,24.31
2022-12-05 10:00:00,0.0,1.264,0.2213,26.02
2022-12-05 11:00:00,0.0,1.248,0.2194,26.42
2022-12-05 12:00:00,0.0,1.193,0.2141,26.4
2022-12-05 13:00:00,0.0,1.202,0.2139,27.94
2022-12-05 14:00:00,0.0,1.227,0.2095,28.63
2022-12-05 15:00:00,0.0,1.255,0.2136,28.37
2022-12-05 16:00:00,0.0,1.222,0.2099,28.25
2022-12-05 17:00:00,0.0,1.2,0.2071,27.76
2022-12-05 18:00:00,0.0,1.202,0.2054,27.66
2022-12-05 19:00:00,0.0,1.22,0.2067,26.11
2022-12-05 20:00:00,0.0,1.238,0.2075,25.83
2022-12-05 21:00:00,0.0,1.239,0.2001,24.39
2022-12-05 22:00:00,0.0,1.246,0.1986,24.11
2022-12-05 23:00:00,0.0,1.21,0.1981,22.28
2022-12-06 00:00:00,0.0,1.206,0.2,21.11
2022-12-06 01:00:00,0.0,1.191,0.1967,21.34
2022-12-06 02:00:00,0.0,1.182,0.1944,20.87
2022-12-06 03:00:00,0.0,1.167,0.1943,20.7
2022-12-06 04:00:00,0.0,1.165,0.192,21.05
2022-12-06 05:00:00,0.0,1.149,0.1853,20.53
2022-12-06 06:00:00,0.0,1.158,0.1915,21.27
2022-12-06 07:00:00,0.0,1.137,0.1845,23.15
2022-12-06 08:00:00,,1.155,0.1853,23.67
2022-12-06 09:00:00,0.0,1.176,0.1818,24.26
2022-12-06 10:00:00,0.0,1.187,0.1819,24.65
2022-12-06 11:00:00,0.0,1.172,0.1819,25.87
2022-12-06 12:00:00,0.0,1.143,0.1836,26.84
2022-12-06 13:00:00,0.0,1.136,0.1767,27.68
2022-12-06 14:00:00,0.0,1.175,0.1806,28.51
2022-12-06 15:00:00,0.0,1.12,0.1698,27.81
2022-12-06 16:00:00,0.0,1.124,0.1693,28.09
2022-12-06 17:00:00,0.0,1.114,0.1689,27.32
2022-12-06 18:00:00,0.0,1.168,0.1723,27.11
2022-12-06 19:00:00,0.0,1.116,0.1656,27.68
2022-12-06 20:00:00,0.0,1.132,0.1633,26.12
2022-12-06 21:00:00,0.0,1.157,0.1711,24.78
2022-12-06 22:00:00,0.0,1.156,0.1641,23.2
2022-12-06 23:00:00,0.0,1.096,0.1678,21.95
2022-12-07 00:00:00,0.0,1.075,0.1654,21.59
2022-12-07 01:00:00,0.0,1.055,0.1637,20.22
2022-12-07 02:00:00,0.0,1.095,0.164,20.92
2022-12-07 03:00:00,0.0,1.078,0.1585,20.37
2022-12-07 04:00:00,0.0,1.102,0.1548,20.59
2022-12-07 05:00:00,0.0,1.142,0.1589,20.17
2022-12-07 06:00:00,0.0,1.148,0.1552,21.66
2022-12-07 07:00:00,0.0,1.119,0.157,22.34
2022-12-07 08:00:00,0.0,1.087,0.1568,22.95
2022-12-07 09:00:00,0.0,1.068,0.1505,24.58
2022-12-07 10:00:00,0.0,1.113,0.1499,25.3
2022-12-07 11:00:00,0.0,1.12,0.15,26.61
2022-12-07 12:00:00,0.0,1.157,0.1528,27.6
2022-12-07 13:00:00,0.0,1.092,0.1453,27.39
2022-12-07 14:00:00,0.0,1.104,0.1517,28.38
2022-12-07 15:00:00,0.0,1.039,0.1399,28.51
2022-12-07 16:00:00,0.0,1.077,0.1483,28.95
2022-12-07 17:00:00,0.0,1.075,0.1429,28.35
2022-12-07 18:00:00,0.0,1.066,0.1425,27.12
2022-12-07 19:00:00,,1.057,0.1414,26.25
2022-12-07 20:00:00,0.0,1.026,0.1316,25.57
2022-12-07 21:00:00,0.0,1.064,0.1366,23.9
2022-12-07 22:00:00,0.0,1.046,0.1361,22.94
2022-12-07 23:00:00,0.0,1.062,0.1392,22.23
2022-12-08 00:00:00,0.0,1.057,0.1345,20.42
2022-12-08 01:00:00,0.0,1.107,0.1382,20.48
2022-12-08 02:00:00,0.0,1.074,0.1385,20.41
2022-12-08 03:00:00,,1.053,0.1339,21.82
2022-12-08 04:00:00,0.0,1.032,0.1319,20.25
2022-12-08 05:00:00,0.0,1.052,0.1274,21.3
2022-12-08 06:00:00,0.0,1.067,0.1316,21.51
2022-12-08 07:00:00,0.0,1.051,0.1278,22.66
2022-12-08 08:00:00,0.0,1.058,0.132,22.86
2022-12-08 09:00:00,0.0,1.085,0.1225,23.66
2022-12-08 10:00:00,,1.106,0.1238,26.16
2022-12-08 11:00:00,0.0,1.087,0.1276,25.77
2022-12-08 12:00:00,0.0,1.067,0.1288,28.01
2022-12-08 13:00:00,0.0,1.077,0.1247,27.72
2022-12-08 14:00:00,0.0,1.117,0.1253,27.89
2022-12-08 15:00:00,0.0,1.105,0.1209,28.18
2022-12-08 16:00:00,0.0,1.123,0.1243,29.1
2022-12-08 17:00:00,0.0,1.103,0.1188,27.55
2022-12-08 18:00:00,0.0,1.099,0.1186,27.07
2022-12-08 19:00:00,0.0,1.081,0.1167,26.92
2022-12-08 20:00:00,0.0,1.059,0.1143,25.71
2022-12-08 21:00:00,0.0,1.069,0.1155,25.48
2022-12-08 22:00:00,0.0,1.044,0.1141,23.98
2022-12-08 23:00:00,0.0,1.072,0.1139,22.09
2022-12-09 00:00:00,0.0,1.045,0.1051,22.23
2022-12-09 01:00:00,0.0,1.037,0.1085,19.99
2022-12-09 02:00:00,0.0,1.045,0.1088,20.93
2022-12-09 03:00:00,0.0,1.015,0.1053,20.08
2022-12-09 04:00:00,0.0,1.033,0.1062,20.84
2022-12-09 05:00:00,0.0,1.032,0.1104,21.93
2022-12-09 06:00:00,0.0,1.045,0.1086,20.75
2022-12-09 07:00:00,0.0,1.034,0.1098,22.87
2022-12-09 08:00:00,0.0,0.996,0.1088,23.8
2022-12-09 09:00:00,0.0,0.972,0.1082,24.74
2022-12-09 10:00:00,0.0,0.986,0.1045,24.96
2022-12-09 11:00:00,0.0,1.022,0.1075,26.37
2022-12-09 12:00:00,0.0,1.019,0.1009,26.76
2022-12-09 13:00:00,0.0,1.013,0.1055,28.09
2022-12-09 14:00:00,0.0,0.994,0.1034,27.62
2022-12-09 15:00:00,0.0,0.976,0.1017,28.19
2022-12-09 16:00:00,0.0,0.989,0.0988,28.59
2022-12-09 17:00:00,0.0,0.97,0.0959,27.51
2022-12-09 18:00:00,0.0,0.993,0.0971,27.04
2022-12-09 19:00:00,0.0,0.988,0.0917,25.96
2022-12-09 20:00:00,0.0,1.02,0.0986,25.57
2022-12-09 21:00:00,0.0,1.034,0.0933,24.34
2022-12-09 22:00:00,0.0,0.994,0.0928,23.01
2022-12-09 23:00:00,0.0,0.962,0.0879,22.1
2022-12-10 00:00:00,0.0,0.901,0.0896,21.64
2022-12-10 01:00:00,0.0,0.952,0.1001,20.39
2022-12-10 02:00:00,0.0,0.921,0.0897,20.5
2022-12-10 03:00:00,0.0,0.994,0.0941,20.4
2022-12-10 04:00:00,0.0,0.996,0.0866,20.6
2022-12-10 05:00:00,0.0,1.031,0.0858,20.66
2022-12-10 06:00:00,0.0,0.998,0.0892,21.86
2022-12-10 07:00:00,0.0,0.938,0.0888,22.87
2022-12-10 08:00:00,0.0,0.934,0.0861,23.67
2022-12-10 09:00:00,0.0,0.95,0.0872,24.49
2022-12-10 10:00:00,0.0,0.979,0.0842,24.71
2022-12-10 11:00:00,0.0,0.991,0.0894,27.22
2022-12-10 12:00:00,0.0,0.977,0.0911,27.24
2022-12-10 13:00:00,0.0,0.962,0.0874,28.0
2022-12-10 14:00:00,0.0,0.939,0.0794,27.9
2022-12-10 15:00:00,0.0,1.005,0.084,28.28
2022-12-10 16:00:00,0.0,1.014,0.0802,28.84
2022-12-10 17:00:00,0.0,1.012,0.0794,28.24
2022-12-10 18:00:00,0.0,0.964,0.0825,27.06
2022-12-10 19:00:00,0.0,0.967,0.08,27.15
2022-12-10 20:00:00,0.0,0.991,0.0794,24.92
2022-12-10 21:00:00,0.0,0.982,0.0786,23.54
2022-12-10 22:00:00,0.0,0.923,0.0752,22.39
2022-12-10 23:00:00,0.0,0.894,0.0743,22.78
2022-12-11 00:00:00,0.0,0.919,0.076,21.18
2022-12-11 01:00:00,0.0,0.973,0.0758,20.83
2022-12-11 02:00:00,0.0,0.956,0.0771,21.04
2022-12-11 03:00:00,0.0,0.945,0.0781,20.52
2022-12-11 04:00:00,0.0,0.889,0.0744,19.9
2022-12-11 05:00:00,0.0,0.892,0.075,21.71
2022-12-11 06:00:00,0.0,0.914,0.0767,21.39
2022-12-11 07:00:00,0.0,0.906,0.0727,22.33
2022-12-11 08:00:00,0.0,0.98,0.0742,22.97
2022-12-11 09:00:00,0.0,0.933,0.073,23.8
2022-12-11 10:00:00,0.0,0.945,0.0708,25.51
2022-12-11 11:00:00,0.0,0.888,0.0674,25.64
2022-12-11 12:00:00,0.0,0.952,0.0677,27.15
2022-12-11 13:00:00,0.0,0.954,0.073,28.62
2022-12-11 14:00:00,0.0,0.902,0.0644,28.6
2022-12-11 15:00:00,0.0,0.883,0.0739,28.46
2022-12-11 16:00:00,0.0,0.915,0.0659,27.67
2022-12-11 17:00:00,0.0,0.903,0.062,27.79
2022-12-11 18:00:00,0.0,0.944,0.0651,26.79
2022-12-11 19:00:00,0.0,0.907,0.0594,27.08
2022-12-11 20:00:00,0.0,0.95,0.0605,25.16
2022-12-11 21:00:00,0.0,0.962,0.0654,23.97
2022-12-11 22:00:00,0.0,0.934,0.06,23.22
2022-12-11 23:00:00,0.0,0.943,0.0597,21.97
2022-12-12 00:00:00,0.0,0.934,0.064,21.63
2022-12-12 01:00:00,0.0,0.924,0.0636,21.78
2022-12-12 02:00:00,0.0,0.908,0.0645,
2022-12-12 03:00:00,0.0,0.902,0.0633,19.87
2022-12-12 04:00:00,0.0,0.881,0.0621,20.39
2022-12-12 05:00:00,0.0,0.869,0.0636,20.24
2022-12-12 06:00:00,0.0,0.879,0.0641,22.94
2022-12-12 07:00:00,0.0,0.916,0.0611,23.24
2022-12-12 08:00:00,0.0,0.952,0.062,23.92
2022-12-12 09:00:00,0.0,0.946,0.0522,24.71
2022-12-12 10:00:00,0.0,0.94,0.0582,25.29
2022-12-12 11:00:00,0.0,0.921,0.0633,26.26
2022-12-12 12:00:00,0.0,0.86,0.0568,27.05
2022-12-12 13:00:00,0.0,0.889,0.0594,28.99
2022-12-12 14:00:00,0.0,0.889,0.0581,28.1
2022-12-12 15:00:00,0.0,0.929,0.055,28.05
2022-12-12 16:00:00,0.0,0.943,0.0577,28.15
2022-12-12 17:00:00,0.0,0.954,0.0545,28.06
2022-12-12 18:00:00,0.29,0.928,0.0551,25.39
2022-12-12 19:00:00,0.9,0.936,0.0582,26.44
2022-12-12 20:00:00,1.67,0.939,0.0633,
2022-12-12 21:00:00,2.93,0.975,0.0741,24.78
2022-12-12 22:00:00,2.88,0.956,0.0866,22.15
2022-12-12 23:00:00,3.89,1.007,0.1033,21.54
2022-12-13 00:00:00,4.73,1.053,0.1203,20.05
2022-12-13 01:00:00,4.86,1.143,0.1387,21.26
2022-12-13 02:00:00,4.08,1.204,0.1632,20.03
2022-12-13 03:00:00,4.41,1.233,0.1744,20.98
2022-12-13 04:00:00,4.77,1.292,0.1852,20.97
2022-12-13 05:00:00,5.96,1.36,0.2135,20.88
2022-12-13 06:00:00,5.91,1.469,0.236,20.19
2022-12-13 07:00:00,4.45,1.559,0.2619,21.95
2022-12-13 08:00:00,4.65,1.681,0.2691,23.5
2022-12-13 09:00:00,3.9,1.803,0.288,24.12
2022-12-13 10:00:00,4.09,1.844,0.2946,24.75
2022-12-13 11:00:00,3.44,1.895,0.3047,26.14
2022-12-13 12:00:00,3.68,1.906,0.3155,27.0
2022-12-13 13:00:00,2.34,1.975,0.3282,26.8
2022-12-13 14:00:00,1.46,1.966,0.3257,27.75
2022-12-13 15:00:00,1.09,2.009,0.3278,28.53
2022-12-13 16:00:00,0.42,2.012,0.3299,28.57
2022-12-13 17:00:00,0.0,1.996,0.3244,27.9
2022-12-13 18:00:00,0.0,1.912,0.3229,26.94
2022-12-13 19:00:00,0.0,1.839,0.316,26.22
2022-12-13 20:00:00,0.0,1.764,0.31,24.97
2022-12-13 21:00:00,0.0,1.76,0.3186,24.26
2022-12-13 22:00:00,0.0,1.737,0.3159,23.7
2022-12-13 23:00:00,0.0,1.678,0.3093,23.53
2022-12-14 00:00:00,0.0,1.658,0.3084,20.86
2022-12-14 01:00:00,0.0,1.596,0.3033,21.46
2022-12-14 02:00:00,0.0,1.562,0.3034,20.62
2022-12-14 03:00:00,0.0,1.539,0.3097,19.49
2022-12-14 04:00:00,0.0,1.524,0.3059,20.38
2022-12-14 05:00:00,0.0,1.474,0.2995,20.73
2022-12-14 06:00:00,0.0,1.453,0.291,21.46
2022-12-14 07:00:00,0.0,1.43,0.2962,22.81
2022-12-14 08:00:00,0.0,1.436,0.2915,24.24
2022-12-14 09:00:00,0.0,1.381,0.2887,24.94
2022-12-14 10:00:00,0.0,1.374,0.2876,25.43
2022-12-14 11:00:00,0.0,1.35,0.2909,26.45
2022-12-14 12:00:00,0.0,1.35,0.2829,28.16
2022-12-14 13:00:00,0.0,1.343,0.283,27.22
2022-12-14 14:00:00,0.0,1.355,0.2786,28.77
2022-12-14 15:00:00,0.0,1.359,0.276,27.72
2022-12-14 16:00:00,0.0,1.372,0.2744,27.39
2022-12-14 17:00:00,0.0,1.364,0.2686,28.07
2022-12-14 18:00:00,0.0,1.37,0.2635,26.29
2022-12-14 19:00:00,0.0,1.355,0.2701,26.09
2022-12-14 20:00:00,0.0,1.332,0.2585,26.01
2022-12-14 21:00:00,0.0,1.327,0.2619,23.83
2022-12-14 22:00:00,0.0,1.377,0.2645,24.15
2022-12-14 23:00:00,0.0,1.339,0.2584,21.16
2022-12-15 00:00:00,0.0,1.303,0.2575,21.96
2022-12-15 01:00:00,,1.294,0.2559,20.11
2022-12-15 02:00:00,0.0,1.311,0.2561,20.31
2022-12-15 03:00:00,0.0,1.322,0.2551,20.38
2022-12-15 04:00:00,0.0,1.275,0.2452,20.26
2022-12-15 05:00:00,0.0,1.296,0.2518,20.68
2022-12-15 06:00:00,0.0,1.226,0.2462,20.71
2022-12-15 07:00:00,0.0,1.22,0.2423,22.98
2022-12-15 08:00:00,0.0,1.214,0.2396,22.62
2022-12-15 09:00:00,0.0,1.268,0.2418,23.65
2022-12-15 10:00:00,0.0,1.268,0.2374,25.25
2022-12-15 11:00:00,0.0,1.247,0.2373,25.92
2022-12-15 12:00:00,0.0,1.254,0.2349,27.52
2022-12-15 13:00:00,0.0,1.277,0.2337,27.47
2022-12-15 14:00:00,0.0,1.32,0.2331,28.13
2022-12-15 15:00:00,0.0,1.325,0.2321,28.33
2022-12-15 16:00:00,0.0,1.297,0.2298,28.62
2022-12-15 17:00:00,0.0,1.262,0.2289,27.47
2022-12-15 18:00:00,0.0,1.228,0.2216,26.26
2022-12-15 19:00:00,0.0,1.231,0.2184,25.86
2022-12-15 20:00:00,0.0,1.241,0.2185,25.87
2022-12-15 21:00:00,0.0,1.278,0.2156,24.44
2022-12-15 22:00:00,0.0,1.227,0.2115,23.05
2022-12-15 23:00:00,0.0,1.229,0.2132,22.3
2022-12-16 00:00:00,0.0,1.187,0.2146,21.29
2022-12-16 01:00:00,0.0,1.23,0.2148,21.18
2022-12-16 02:00:00,0.0,1.239,0.2096,20.55
2022-12-16 03:00:00,0.0,1.232,0.2119,20.11
2022-12-16 04:00:00,0.0,1.187,0.2073,20.84
2022-12-16 05:00:00,0.0,1.141,0.1988,21.37
2022-12-16 06:00:00,0.0,1.175,0.2005,20.96
2022-12-16 07:00:00,0.0,1.212,0.2045,21.8
2022-12-16 08:00:00,0.0,1.182,0.1962,24.41
2022-12-16 09:00:00,,1.177,0.1961,24.56
2022-12-16 10:00:00,0.0,1.168,0.1938,26.12
2022-12-16 11:00:00,0.0,1.199,0.196,26.69
2022-12-16 12:00:00,0.0,1.203,0.1956,27.31
2022-12-16 13:00:00,0.0,1.189,0.1881,26.64
2022-12-16 14:00:00,0.0,1.202,0.1938,27.5
2022-12-16 15:00:00,0.0,1.204,0.1897,28.57
2022-12-16 16:00:00,0.0,1.214,0.184,27.66
2022-12-16 17:00:00,0.0,1.211,0.1864,27.64
2022-12-16 18:00:00,0.0,1.182,0.1823,27.53
2022-12-16 19:00:00,0.0,1.165,0.1807,26.32
2022-12-16 20:00:00,0.0,1.162,0.1777,25.48
2022-12-16 21:00:00,0.0,1.18,0.18,24.94
2022-12-16 22:00:00,0.0,1.167,0.1779,23.96
2022-12-16 23:00:00,0.0,1.18,0.1767,22.22
2022-12-17 00:00:00,0.0,1.178,0.1759,22.04
2022-12-17 01:00:00,0.0,1.175,0.1759,20.28
2022-12-17 02:00:00,0.0,1.172,0.1735,20.48
2022-12-17 03:00:00,0.0,1.16,0.1671,20.51
2022-12-17 04:00:00,0.0,1.209,0.1718,20.31
2022-12-17 05:00:00,0.0,1.156,0.168,20.65
2022-12-17 06:00:00,0.0,1.165,0.1732,20.84
2022-12-17 07:00:00,0.0,1.138,0.1699,22.21
2022-12-17 08:00:00,0.0,1.206,0.1704,22.39
2022-12-17 09:00:00,0.0,1.175,0.1645,24.16
2022-12-17 10:00:00,0.0,1.165,0.1675,25.29
2022-12-17 11:00:00,0.0,1.106,0.16,26.6
2022-12-17 12:00:00,0.0,1.148,0.1619,26.47
2022-12-17 13:00:00,0.0,1.125,0.1578,27.86
2022-12-17 14:00:00,0.0,1.13,0.1608,28.38
2022-12-17 15:00:00,0.0,1.08,0.1627,28.22
2022-12-17 16:00:00,0.0,1.035,0.1571,28.31
2022-12-17 17:00:00,0.0,1.03,0.1502,27.83
2022-12-17 18:00:00,0.0,1.054,0.1513,25.76
2022-12-17 19:00:00,0.0,1.117,0.1613,25.77
2022-12-17 20:00:00,0.0,1.111,0.1532,26.33
2022-12-17 21:00:00,0.0,1.114,0.1473,24.56
2022-12-17 22:00:00,0.0,1.114,0.1513,22.89
2022-12-17 23:00:00,0.0,1.098,0.1479,22.41
2022-12-18 00:00:00,0.0,1.096,0.1544,21.73
2022-12-18 01:00:00,0.0,1.091,0.1458,21.51
2022-12-18 02:00:00,0.0,1.111,0.1439,20.15
2022-12-18 03:00:00,0.0,1.119,0.1436,19.91
2022-12-18 04:00:00,0.0,1.133,0.1418,20.1
2022-12-18 05:00:00,0.0,1.101,0.1399,20.46
2022-12-18 06:00:00,0.0,1.07,0.1378,21.08
2022-12-18 07:00:00,0.0,1.073,0.1387,22.3
2022-12-18 08:00:00,0.0,1.094,0.1415,22.96
2022-12-18 09:00:00,0.0,1.097,0.1373,24.18
2022-12-18 10:00:00,0.0,1.072,0.1352,26.18
2022-12-18 11:00:00,0.0,1.062,,25.73
2022-12-18 12:00:00,0.0,1.086,0.1367,27.2
2022-12-18 13:00:00,0.0,1.089,0.1382,27.1
2022-12-18 14:00:00,0.0,1.045,0.1296,28.54
2022-12-18 15:00:00,0.0,1.069,0.129,28.77
2022-12-18 16:00:00,0.0,1.067,0.1269,27.64
2022-12-18 17:00:00,0.0,1.113,0.131,27.32
2022-12-18 18:00:00,0.0,1.039,0.1305,27.37
2022-12-18 19:00:00,0.0,1.011,0.1268,26.07
2022-12-18 20:00:00,0.0,1.0,0.1217,25.95
2022-12-18 21:00:00,0.0,1.046,0.1255,23.61
2022-12-18 22:00:00,0.0,1.081,0.1241,23.71
2022-12-18 23:00:00,0.0,1.052,0.1235,23.33
2022-12-19 00:00:00,0.0,1.043,0.1185,21.56
2022-12-19 01:00:00,0.0,1.01,0.1176,20.41
2022-12-19 02:00:00,0.0,1.032,0.1153,19.94
2022-12-19 03:00:00,0.0,1.044,0.1229,20.11
2022-12-19 04:00:00,0.0,1.069,0.1223,20.66
2022-12-19 05:00:00,0.0,1.06,0.1132,19.98
2022-12-19 06:00:00,0.0,1.065,0.1149,21.21
2022-12-19 07:00:00,0.0,1.048,0.1141,22.26
2022-12-19 08:00:00,0.0,1.023,0.1183,23.93
2022-12-19 09:00:00,0.0,1.053,0.1149,25.12
2022-12-19 10:00:00,0.0,1.059,0.1183,25.16
2022-12-19 11:00:00,0.0,1.051,0.1119,25.64
2022-12-19 12:00:00,0.0,0.991,0.1078,27.09
2022-12-19 13:00:00,0.0,0.985,0.1085,27.74
2022-12-19 14:00:00,0.0,0.979,0.107,28.65
2022-12-19 15:00:00,0.0,1.025,0.1119,27.97
2022-12-19 16:00:00,0.0,1.033,0.1135,27.56
2022-12-19 17:00:00,0.0,1.024,0.1082,27.65
2022-12-19 18:00:00,0.0,1.009,0.1037,26.85
2022-12-19 19:00:00,0.0,1.019,0.1057,26.01
2022-12-19 20:00:00,0.0,0.994,0.0992,24.79
2022-12-19 21:00:00,0.0,1.014,0.1027,23.56
2022-12-19 22:00:00,0.0,0.994,0.0975,23.46
2022-12-19 23:00:00,0.0,1.028,0.1033,22.32
2022-12-20 00:00:00,0.0,1.004,0.1007,20.94
2022-12-20 01:00:00,0.0,0.981,0.103,21.12
2022-12-20 02:00:00,0.0,0.97,0.1022,19.39
2022-12-20 03:00:00,0.0,0.943,0.0977,19.97
2022-12-20 04:00:00,0.0,0.969,0.1018,20.42
2022-12-20 05:00:00,0.0,0.957,0.0946,21.26
2022-12-20 06:00:00,0.0,0.991,0.1054,21.07
2022-12-20 07:00:00,0.0,0.994,0.0928,22.73
2022-12-20 08:00:00,0.0,1.009,0.0983,22.81
2022-12-20 09:00:00,0.0,1.008,0.0991,24.58
2022-12-20 10:00:00,0.0,1.018,0.0951,26.05
2022-12-20 11:00:00,0.0,1.001,0.0907,25.67
2022-12-20 12:00:00,0.0,0.974,0.0906,27.08
2022-12-20 13:00:00,0.0,0.931,0.089,27.91
2022-12-20 14:00:00,0.0,0.96,0.0912,27.41
2022-12-20 15:00:00,0.0,0.987,0.0928,28.39
2022-12-20 16:00:00,0.0,0.983,0.091,27.75
2022-12-20 17:00:00,0.0,0.972,0.0889,27.21
2022-12-20 18:00:00,0.0,0.991,0.0838,26.79
2022-12-20 19:00:00,0.0,1.02,0.0924,25.92
2022-12-20 20:00:00,0.0,1.006,0.086,25.61
2022-12-20 21:00:00,0.0,1.002,0.0847,24.17
2022-12-20 22:00:00,0.0,1.042,0.0859,24.29
2022-12-20 23:00:00,0.0,1.028,0.0797,21.9
2022-12-21 00:00:00,0.0,1.011,0.0839,21.56
2022-12-21 01:00:00,0.0,0.974,0.0829,20.62
2022-12-21 02:00:00,0.0,0.927,0.0826,19.65
2022-12-21 03:00:00,0.0,0.914,0.0862,20.95
2022-12-21 04:00:00,0.0,0.908,0.0783,20.35
2022-12-21 05:00:00,0.0,0.994,0.0814,20.3
2022-12-21 06:00:00,0.0,1.001,0.0791,21.53
2022-12-21 07:00:00,0.0,0.99,0.0798,22.67
2022-12-21 08:00:00,0.0,0.959,0.0824,22.7
2022-12-21 09:00:00,0.0,0.987,0.0789,24.18
2022-12-21 10:00:00,0.0,0.975,0.0778,25.71
2022-12-21 11:00:00,0.0,0.947,0.0709,26.24
2022-12-21 12:00:00,0.0,0.939,0.0796,27.26
2022-12-21 13:00:00,0.0,0.939,0.0717,27.49
2022-12-21 14:00:00,0.0,0.956,0.0744,27.23
2022-12-21 15:00:00,0.0,0.958,0.0726,28.03
2022-12-21 16:00:00,0.0,0.956,0.0676,27.74
2022-12-21 17:00:00,0.0,0.972,0.0742,27.56
2022-12-21 18:00:00,0.0,0.961,0.0719,26.71
2022-12-21 19:00:00,0.0,0.933,0.0741,26.24
2022-12-21 20:00:00,0.0,0.904,0.0736,25.02
2022-12-21 21:00:00,0.0,0.891,0.0732,24.56
2022-12-21 22:00:00,0.0,0.932,0.0724,23.43
2022-12-21 23:00:00,0.0,0.976,0.0719,21.69
2022-12-22 00:00:00,0.0,0.968,0.0728,21.94
2022-12-22 01:00:00,0.0,0.961,0.0706,20.31
2022-12-22 02:00:00,0.0,0.909,0.0697,19.71
2022-12-22 03:00:00,0.0,0.939,0.0681,20.67
2022-12-22 04:00:00,0.0,0.917,0.069,19.98
2022-12-22 05:00:00,0.0,0.908,0.0694,20.72
2022-12-22 06:00:00,0.0,0.88,0.0688,20.67
2022-12-22 07:00:00,0.0,0.873,0.0664,21.96
2022-12-22 08:00:00,0.0,0.929,0.0728,23.05
2022-12-22 09:00:00,0.0,0.941,0.0705,23.94
2022-12-22 10:00:00,0.0,0.933,0.0629,24.92
2022-12-22 11:00:00,0.0,0.925,0.0648,26.16
2022-12-22 12:00:00,0.0,0.951,0.0691,27.46
2022-12-22 13:00:00,0.0,0.92,0.061,27.13
2022-12-22 14:00:00,0.0,0.93,0.0594,26.74
2022-12-22 15:00:00,0.0,0.976,0.0706,28.76
2022-12-22 16:00:00,0.0,0.981,0.0605,27.67
2022-12-22 17:00:00,0.0,0.971,0.0554,27.32
2022-12-22 18:00:00,0.0,0.926,0.0584,26.69
2022-12-22 19:00:00,0.0,0.952,0.0591,25.47
2022-12-22 20:00:00,0.0,0.937,0.0623,24.98
2022-12-22 21:00:00,0.0,0.941,0.0596,24.0
2022-12-22 22:00:00,0.0,0.861,0.0548,23.32
2022-12-22 23:00:00,0.0,0.853,0.05,21.87
2022-12-23 00:00:00,0.0,0.887,0.0597,20.07
2022-12-23 01:00:00,0.0,0.918,0.0581,19.99
2022-12-23 02:00:00,0.0,0.952,0.0612,20.82
2022-12-23 03:00:00,0.0,0.931,0.0553,19.7
2022-12-23 04:00:00,0.0,0.943,0.056,20.53
2022-12-23 05:00:00,0.0,,0.0549,20.3
2022-12-23 06:00:00,0.0,0.909,0.0543,21.7
2022-12-23 07:00:00,0.0,0.92,0.0569,22.17
2022-12-23 08:00:00,0.0,0.891,0.054,22.36
2022-12-23 09:00:00,0.0,0.901,0.05,23.54
2022-12-23 10:00:00,0.0,0.886,0.0584,24.41
2022-12-23 11:00:00,0.0,0.892,0.0547,26.58
2022-12-23 12:00:00,0.0,0.904,0.0556,26.32
2022-12-23 13:00:00,0.0,0.939,0.057,27.4
2022-12-23 14:00:00,0.0,0.896,0.052,27.95
2022-12-23 15:00:00,0.0,0.91,0.0515,28.23
2022-12-23 16:00:00,0.0,0.902,0.05,27.76
2022-12-23 17:00:00,0.0,0.92,0.0538,26.8
2022-12-23 18:00:00,0.0,0.912,0.05,26.35
2022-12-23 19:00:00,0.0,0.911,0.0509,25.6
2022-12-23 20:00:00,0.0,0.906,0.0515,23.84
2022-12-23 21:00:00,0.0,0.889,0.05,24.34
2022-12-23 22:00:00,0.0,0.848,0.0537,23.34
2022-12-23 23:00:00,0.0,0.873,0.05,21.59
2022-12-24 00:00:00,0.0,0.859,0.05,21.93
2022-12-24 01:00:00,0.0,0.873,0.05,20.59
2022-12-24 02:00:00,0.0,0.826,0.0521,20.67
2022-12-24 03:00:00,0.0,0.838,0.05,20.5
2022-12-24 04:00:00,0.0,0.868,0.0522,20.18
2022-12-24 05:00:00,0.0,0.902,0.0525,19.63
2022-12-24 06:00:00,0.0,0.896,0.05,21.38
2022-12-24 07:00:00,0.0,0.9,0.0504,22.37
2022-12-24 08:00:00,0.0,0.924,0.0535,22.75
2022-12-24 09:00:00,0.0,0.921,0.0546,24.19
2022-12-24 10:00:00,0.0,0.904,0.05,25.13
2022-12-24 11:00:00,0.0,0.884,0.05,25.63
2022-12-24 12:00:00,0.0,0.888,0.05,26.89
2022-12-24 13:00:00,0.0,0.904,0.05,27.32
2022-12-24 14:00:00,0.0,0.909,0.0538,28.16
2022-12-24 15:00:00,3.51,0.92,0.0651,27.46
2022-12-24 16:00:00,9.03,0.988,0.0992,26.71
2022-12-24 17:00:00,7.55,1.083,0.1319,26.0
2022-12-24 18:00:00,3.35,1.129,0.1431,27.71
2022-12-24 19:00:00,0.0,1.143,0.1426,25.88
2022-12-24 20:00:00,0.0,1.172,0.1402,24.58
2022-12-24 21:00:00,0.0,1.224,0.1417,24.41
2022-12-24 22:00:00,0.0,1.244,0.1324,23.17
2022-12-24 23:00:00,0.0,1.232,0.1371,22.38
2022-12-25 00:00:00,0.0,1.228,0.1393,21.59
2022-12-25 01:00:00,0.0,1.213,0.1328,21.18
2022-12-25 02:00:00,0.0,1.211,0.1312,19.7
2022-12-25 03:00:00,0.0,1.178,0.131,20.17
2022-12-25 04:00:00,0.0,1.167,0.1314,19.44
2022-12-25 05:00:00,0.0,1.182,0.1338,20.48
2022-12-25 06:00:00,0.0,1.155,,21.6
2022-12-25 07:00:00,0.0,1.131,0.1322,21.65
2022-12-25 08:00:00,0.0,1.078,0.1293,24.18
2022-12-25 09:00:00,0.0,1.092,0.1297,24.11
2022-12-25 10:00:00,0.0,1.066,0.126,24.23
2022-12-25 11:00:00,0.0,1.057,0.1241,26.45
2022-12-25 12:00:00,0.0,1.012,0.1197,28.03
2022-12-25 13:00:00,0.0,1.028,0.1153,26.44
2022-12-25 14:00:00,0.0,1.043,0.1203,28.32
2022-12-25 15:00:00,0.0,1.102,0.1128,27.6
2022-12-25 16:00:00,0.0,1.115,0.119,27.93
2022-12-25 17:00:00,0.0,1.145,0.1202,26.91
2022-12-25 18:00:00,0.0,1.051,0.1172,27.35
2022-12-25 19:00:00,0.0,1.005,0.1077,25.94
2022-12-25 20:00:00,0.0,0.96,0.1139,25.71
2022-12-25 21:00:00,0.0,1.005,0.1159,23.58
2022-12-25 22:00:00,0.0,1.008,0.1173,22.96
2022-12-25 23:00:00,0.0,1.062,0.1143,20.94
2022-12-26 00:00:00,0.0,1.031,0.1119,22.55
2022-12-26 01:00:00,0.0,1.041,0.1126,21.58
2022-12-26 02:00:00,0.0,1.024,0.116,21.31
2022-12-26 03:00:00,0.0,1.028,0.1099,20.85
2022-12-26 04:00:00,0.0,1.023,0.1047,19.92
2022-12-26 05:00:00,0.0,1.035,0.107,20.6
2022-12-26 06:00:00,0.0,1.047,0.1055,21.4
2022-12-26 07:00:00,0.0,1.039,0.1035,22.27
2022-12-26 08:00:00,0.0,1.038,0.1041,22.5
2022-12-26 09:00:00,0.0,1.03,0.1137,23.51
2022-12-26 10:00:00,0.0,0.992,0.1016,24.45
2022-12-26 11:00:00,0.0,0.97,0.1022,25.87
2022-12-26 12:00:00,0.0,0.995,0.1112,26.75
2022-12-26 13:00:00,0.0,0.992,0.1036,27.32
2022-12-26 14:00:00,0.0,0.983,0.102,28.07
2022-12-26 15:00:00,0.0,1.0,0.1017,27.39
2022-12-26 16:00:00,0.0,0.984,0.0997,27.52
2022-12-26 17:00:00,0.0,1.0,0.0969,27.17
2022-12-26 18:00:00,0.0,0.99,0.0984,27.32
2022-12-26 19:00:00,0.0,0.997,0.0982,26.18
2022-12-26 20:00:00,0.0,0.943,0.0907,25.29
2022-12-26 21:00:00,0.0,0.948,0.0937,23.62
2022-12-26 22:00:00,0.0,0.925,0.0893,23.07
2022-12-26 23:00:00,0.0,0.964,0.091,21.7
2022-12-27 00:00:00,0.0,0.986,0.0947,20.87
2022-12-27 01:00:00,0.0,0.983,0.0913,20.79
2022-12-27 02:00:00,0.0,0.974,0.0913,19.88
2022-12-27 03:00:00,0.0,0.951,0.0833,20.02
2022-12-27 04:00:00,0.0,0.946,0.0868,20.07
2022-12-27 05:00:00,0.0,0.979,0.0869,20.02
2022-12-27 06:00:00,0.0,1.002,0.0846,20.95
2022-12-27 07:00:00,0.0,1.009,0.0897,21.79
2022-12-27 08:00:00,0.0,0.997,0.0888,22.85
2022-12-27 09:00:00,0.0,0.993,0.0904,23.17
2022-12-27 10:00:00,0.0,1.01,0.0911,24.74
2022-12-27 11:00:00,0.0,0.989,0.0907,26.53
2022-12-27 12:00:00,0.0,0.946,0.0869,27.12
2022-12-27 13:00:00,0.0,0.972,0.0856,27.34
2022-12-27 14:00:00,0.0,1.003,0.0851,27.35
2022-12-27 15:00:00,0.0,0.999,0.0804,28.12
2022-12-27 16:00:00,0.0,1.01,0.0835,28.42
2022-12-27 17:00:00,0.0,0.962,0.0804,28.29
2022-12-27 18:00:00,0.0,0.969,0.0775,26.64
2022-12-27 19:00:00,0.0,0.924,0.0752,25.54
2022-12-27 20:00:00,0.0,0.942,0.0726,25.35
2022-12-27 21:00:00,0.0,0.939,0.0785,24.25
2022-12-27 22:00:00,0.0,0.933,0.0767,23.04
2022-12-27 23:00:00,0.0,0.934,0.0759,21.75
2022-12-28 00:00:00,0.0,0.916,0.0742,20.58
2022-12-28 01:00:00,,0.948,0.0755,20.93
2022-12-28 02:00:00,0.0,0.951,0.0734,20.65
2022-12-28 03:00:00,0.0,0.979,0.0765,19.88
2022-12-28 04:00:00,0.0,0.965,0.078,21.05
2022-12-28 05:00:00,0.0,0.957,0.0738,20.72
2022-12-28 06:00:00,0.0,0.977,0.0781,21.15
2022-12-28 07:00:00,0.0,0.962,0.072,21.47
2022-12-28 08:00:00,0.0,0.944,0.068,22.18
2022-12-28 09:00:00,0.0,0.943,0.0773,23.81
2022-12-28 10:00:00,0.0,0.937,0.0665,25.28
2022-12-28 11:00:00,0.0,0.929,0.0703,27.23
2022-12-28 12:00:00,,0.946,0.0737,26.92
2022-12-28 13:00:00,0.0,0.938,0.0744,27.82
2022-12-28 14:00:00,0.0,0.956,0.0696,27.51
2022-12-28 15:00:00,0.0,0.939,0.0677,28.17
2022-12-28 16:00:00,0.0,0.96,0.0751,27.96
2022-12-28 17:00:00,0.0,0.93,0.071,27.05
2022-12-28 18:00:00,0.0,0.914,0.0708,27.56
2022-12-28 19:00:00,0.0,0.9,0.0684,25.99
2022-12-28 20:00:00,0.0,0.917,0.0683,25.65
2022-12-28 21:00:00,0.0,0.951,0.0667,24.07
2022-12-28 22:00:00,0.0,0.941,0.0651,22.86
2022-12-28 23:00:00,0.0,0.936,0.0595,21.67
2022-12-29 00:00:00,0.0,0.948,0.0606,21.05
2022-12-29 01:00:00,0.0,0.955,,21.32
2022-12-29 02:00:00,0.0,0.943,0.0674,19.74
2022-12-29 03:00:00,0.0,0.932,0.064,20.38
2022-12-29 04:00:00,0.0,0.961,0.0597,20.03
2022-12-29 05:00:00,0.0,0.969,0.0633,20.88
2022-12-29 06:00:00,0.0,0.971,0.0634,21.33
2022-12-29 07:00:00,0.0,0.956,0.0561,21.38
2022-12-29 08:00:00,0.0,0.982,0.0659,23.1
2022-12-29 09:00:00,0.0,0.954,0.0635,25.13
2022-12-29 10:00:00,0.0,0.926,0.0572,25.24
2022-12-29 11:00:00,0.0,0.91,0.0596,26.51
2022-12-29 12:00:00,0.0,0.901,0.0584,27.03
2022-12-29 13:00:00,0.0,0.878,0.0627,27.91
2022-12-29 14:00:00,0.0,0.892,0.0566,27.56
2022-12-29 15:00:00,0.0,0.915,0.0541,27.99
2022-12-29 16:00:00,0.0,0.915,0.0568,28.35
2022-12-29 17:00:00,0.0,0.885,0.0536,27.34
2022-12-29 18:00:00,0.0,0.869,0.0591,27.42
2022-12-29 19:00:00,0.0,0.901,0.0554,25.55
2022-12-29 20:00:00,0.0,0.902,0.0517,25.12
2022-12-29 21:00:00,0.0,0.924,0.0526,23.92
2022-12-29 22:00:00,0.0,0.917,0.053,24.34
2022-12-29 23:00:00,0.0,0.922,0.0531,21.86
2022-12-30 00:00:00,0.0,0.906,0.05,21.42
2022-12-30 01:00:00,0.0,0.925,0.05,19.58
2022-12-30 02:00:00,0.38,0.915,0.0553,19.56
2022-12-30 03:00:00,1.08,0.916,0.0624,20.09
2022-12-30 04:00:00,2.21,0.889,0.0655,19.83
2022-12-30 05:00:00,2.53,0.94,0.077,20.2
2022-12-30 06:00:00,3.23,,0.0962,20.73
2022-12-30 07:00:00,2.63,0.973,0.0999,21.69
2022-12-30 08:00:00,2.86,1.001,0.1041,21.86
2022-12-30 09:00:00,3.35,1.064,0.1242,23.66
2022-12-30 10:00:00,2.31,1.115,0.1314,24.74
2022-12-30 11:00:00,1.67,1.109,0.1351,26.41
2022-12-30 12:00:00,1.1,1.141,0.1362,27.18
2022-12-30 13:00:00,0.49,1.232,0.1428,26.04
2022-12-30 14:00:00,0.0,1.234,0.1309,27.54
2022-12-30 15:00:00,0.0,1.258,0.1365,28.94
2022-12-30 16:00:00,0.0,1.186,0.1354,28.36
2022-12-30 17:00:00,0.0,1.177,0.1331,27.75
2022-12-30 18:00:00,0.0,1.183,0.1337,26.62
2022-12-30 19:00:00,0.0,1.179,0.1292,26.41
2022-12-30 20:00:00,0.0,1.21,0.1335,24.32
2022-12-30 21:00:00,0.0,1.18,0.1396,23.76
2022-12-30 22:00:00,0.0,1.106,0.1272,23.18
2022-12-30 23:00:00,0.0,1.074,0.1303,22.35
2022-12-31 00:00:00,0.0,1.081,0.1287,21.31
2022-12-31 01:00:00,0.0,1.108,0.128,20.77
2022-12-31 02:00:00,0.0,1.066,0.1252,
2022-12-31 03:00:00,0.0,1.046,0.1259,19.88
2022-12-31 04:00:00,0.0,1.042,0.1257,20.84
2022-12-31 05:00:00,0.0,1.067,0.1267,21.5
2022-12-31 06:00:00,0.0,1.082,0.1257,21.18
2022-12-31 07:00:00,0.0,1.062,0.1265,21.45
2022-12-31 08:00:00,0.0,1.01,0.1196,22.88
2022-12-31 09:00:00,0.0,0.998,0.1214,24.08
2022-12-31 10:00:00,0.0,1.019,0.1195,23.96
2022-12-31 11:00:00,0.0,1.032,0.1215,26.7
2022-12-31 12:00:00,0.0,1.044,0.1132,26.54
2022-12-31 12:00:00,0.0,1.044,0.1132,26.54
2022-12-31 13:00:00,0.0,1.041,0.1201,27.08
2022-12-31 14:00:00,0.0,1.075,0.1167,27.73
2022-12-31 15:00:00,0.0,1.081,0.1183,27.8
2022-12-31 16:00:00,0.0,1.05,0.1138,27.93
2022-12-31 17:00:00,0.0,1.035,0.1121,27.89
2022-12-31 18:00:00,0.0,1.031,0.1096,27.5
2022-12-31 19:00:00,0.0,1.05,0.1094,26.43
2022-12-31 20:00:00,0.0,1.063,0.1037,24.6
2022-12-31 21:00:00,0.0,1.059,0.1085,23.98
2022-12-31 22:00:00,0.0,1.057,0.1066,23.05
2022-12-31 23:00:00,0.0,1.026,0.1077,22.19
2023-01-01 00:00:00,0.0,0.977,0.1046,21.44
2023-01-01 01:00:00,0.0,0.976,0.1071,20.6
2023-01-01 02:00:00,0.0,0.984,0.105,20.12
2023-01-01 03:00:00,0.0,0.994,0.0993,20.48
2023-01-01 04:00:00,0.0,1.021,0.1042,20.1
2023-01-01 05:00:00,0.0,1.032,0.1059,21.04
2023-01-01 06:00:00,0.0,1.055,0.1054,21.6
2023-01-01 07:00:00,0.0,1.043,0.0993,22.75
2023-01-01 08:00:00,0.0,1.009,0.0968,23.1
2023-01-01 09:00:00,0.0,1.008,0.1038,24.75
2023-01-01 10:00:00,0.0,1.0,0.1009,24.91
2023-01-01 11:00:00,0.0,0.988,0.0959,26.2
2023-01-01 12:00:00,0.0,0.99,0.0955,27.24
2023-01-01 13:00:00,0.0,0.977,0.0972,26.99
2023-01-01 14:00:00,0.0,0.99,0.0988,27.69
2023-01-01 15:00:00,0.0,0.965,0.0943,27.69
2023-01-01 16:00:00,0.0,0.962,0.09,27.86
2023-01-01 17:00:00,0.0,0.973,0.0879,27.22
2023-01-01 18:00:00,0.0,1.003,0.0904,26.91
2023-01-01 19:00:00,0.0,1.007,0.0895,25.99
2023-01-01 20:00:00,0.0,1.009,0.0879,24.92
2023-01-01 21:00:00,0.0,1.02,0.0948,24.1
2023-01-01 22:00:00,0.0,1.014,0.0853,22.65
2023-01-01 23:00:00,0.0,0.995,0.0871,21.6
2023-01-02 00:00:00,0.0,1.01,0.0952,20.6
2023-01-02 01:00:00,0.0,0.975,0.0859,19.66
2023-01-02 02:00:00,0.0,0.983,0.0877,19.82
2023-01-02 03:00:00,0.0,1.0,0.0915,20.29
2023-01-02 04:00:00,0.0,1.013,0.0863,20.06
2023-01-02 05:00:00,0.0,1.001,0.0873,20.56
2023-01-02 06:00:00,0.0,0.991,0.0836,20.99
2023-01-02 07:00:00,0.0,0.953,0.0824,22.99
2023-01-02 08:00:00,0.0,0.957,0.0796,23.07
2023-01-02 09:00:00,0.0,0.965,0.0831,23.74
2023-01-02 10:00:00,0.0,0.974,0.0842,24.53
2023-01-02 11:00:00,0.0,0.988,0.0882,26.88
2023-01-02 12:00:00,0.0,0.96,0.0801,26.15
2023-01-02 13:00:00,0.0,1.004,0.0845,27.09
2023-01-02 14:00:00,0.0,0.987,0.083,27.49
2023-01-02 15:00:00,0.0,0.982,0.0773,28.0
2023-01-02 16:00:00,0.0,0.952,0.0788,28.06
2023-01-02 17:00:00,0.0,0.953,0.0782,27.52
2023-01-02 18:00:00,0.0,0.929,0.0732,26.67
2023-01-02 19:00:00,0.0,0.944,0.076,25.32
2023-01-02 20:00:00,0.0,0.962,0.0736,25.98
2023-01-02 21:00:00,0.0,1.005,0.0748,24.15
2023-01-02 22:00:00,0.0,1.006,0.0745,23.27
2023-01-02 23:00:00,0.0,0.99,0.0743,21.68
2023-01-03 00:00:00,0.0,0.974,0.0722,21.04
2023-01-03 01:00:00,0.0,1.01,0.0703,21.14
2023-01-03 02:00:00,0.0,1.002,0.0678,19.05
2023-01-03 03:00:00,0.0,0.994,0.0754,20.4
2023-01-03 04:00:00,0.0,0.925,0.0723,20.03
2023-01-03 05:00:00,0.0,0.92,0.0748,20.76
2023-01-03 06:00:00,0.0,0.88,0.0708,22.02
2023-01-03 07:00:00,0.0,0.897,0.0707,21.78
2023-01-03 08:00:00,0.0,0.935,0.0695,21.63
2023-01-03 09:00:00,0.0,0.946,0.0687,23.47
2023-01-03 10:00:00,0.0,0.943,0.0699,25.06
2023-01-03 11:00:00,0.0,0.919,0.0677,26.84
2023-01-03 12:00:00,0.0,0.913,0.0709,26.65
2023-01-03 13:00:00,0.0,0.931,0.0716,28.25
2023-01-03 14:00:00,0.0,0.879,0.0707,26.72
2023-01-03 15:00:00,0.0,0.901,0.0708,27.76
2023-01-03 16:00:00,0.0,0.852,0.0621,28.4
2023-01-03 17:00:00,0.0,0.895,0.0686,27.95
2023-01-03 18:00:00,0.0,0.889,0.0647,25.87
2023-01-03 19:00:00,0.0,0.913,0.0642,25.59
2023-01-03 20:00:00,0.0,0.916,0.0612,24.98
2023-01-03 21:00:00,0.0,0.956,0.0618,23.68
2023-01-03 22:00:00,0.0,99.9,0.0558,23.56
2023-01-03 23:00:00,0.0,0.949,0.0637,22.02
2023-01-04 00:00:00,0.0,0.883,0.061,20.46
2023-01-04 01:00:00,0.0,0.891,0.0597,20.78
2023-01-04 02:00:00,0.0,0.929,0.0649,20.4
2023-01-04 03:00:00,0.0,0.965,0.0606,19.44
2023-01-04 04:00:00,0.0,0.954,0.0574,19.7
2023-01-04 05:00:00,0.0,0.954,0.0598,20.19
2023-01-04 06:00:00,0.0,0.945,0.0645,21.86
2023-01-04 07:00:00,0.0,0.906,0.0586,21.97
2023-01-04 08:00:00,0.0,0.931,0.061,21.87
2023-01-04 09:00:00,0.0,0.921,0.056,23.41
2023-01-04 10:00:00,0.0,0.957,0.0592,25.4
2023-01-04 11:00:00,0.0,0.927,0.0578,25.81
2023-01-04 12:00:00,0.0,0.919,0.0567,26.22
2023-01-04 13:00:00,0.0,0.885,0.0548,27.28
2023-01-04 14:00:00,0.0,0.922,0.0549,28.36
2023-01-04 15:00:00,0.0,0.916,0.05,29.1
2023-01-04 16:00:00,0.0,0.923,0.05,27.84
2023-01-04 17:00:00,0.0,0.895,0.05,27.72
2023-01-04 18:00:00,0.0,0.915,0.05,26.79
2023-01-04 19:00:00,0.0,0.971,0.0524,26.12
2023-01-04 20:00:00,0.0,1.014,0.0513,24.58
2023-01-04 21:00:00,0.0,1.003,0.05,24.73
2023-01-04 22:00:00,0.0,0.949,0.0556,22.75
2023-01-04 23:00:00,0.0,0.888,0.0509,21.46
2023-01-05 00:00:00,0.0,0.887,0.054,20.79
2023-01-05 01:00:00,0.0,0.857,0.05,20.87
2023-01-05 02:00:00,0.0,0.859,0.052,19.79
2023-01-05 03:00:00,0.0,0.872,0.0534,20.76
2023-01-05 04:00:00,0.0,0.88,0.0513,20.46
2023-01-05 05:00:00,0.0,0.897,0.05,20.97
2023-01-05 06:00:00,0.0,0.873,0.05,20.97
2023-01-05 07:00:00,0.0,0.891,0.051,21.7
2023-01-05 08:00:00,0.0,0.89,0.0502,22.99
2023-01-05 09:00:00,0.0,0.932,0.0533,23.41
2023-01-05 10:00:00,0.0,0.935,0.05,25.28
2023-01-05 11:00:00,0.0,0.954,0.0529,26.46
2023-01-05 12:00:00,0.0,0.929,0.0509,26.49
2023-01-05 13:00:00,0.0,0.911,0.0506,27.82
2023-01-05 14:00:00,0.0,0.905,0.05,28.0
2023-01-05 15:00:00,0.0,0.928,0.0532,28.56
2023-01-05 16:00:00,0.0,0.947,0.05,28.69
2023-01-05 17:00:00,0.0,0.907,0.05,27.86
2023-01-05 18:00:00,0.0,0.861,0.0501,26.81
2023-01-05 19:00:00,0.0,0.862,0.05,26.61
2023-01-05 20:00:00,0.0,0.893,0.0509,25.07
2023-01-05 21:00:00,0.0,0.939,0.0557,23.87
2023-01-05 22:00:00,0.0,0.884,0.0502,22.67
2023-01-05 23:00:00,0.0,0.862,0.0506,22.06
2023-01-06 00:00:00,0.0,0.849,0.0547,21.68
2023-01-06 01:00:00,0.0,0.896,0.0511,20.02
2023-01-06 02:00:00,0.0,0.915,0.0532,19.52
2023-01-06 03:00:00,0.0,0.937,0.05,19.39
2023-01-06 04:00:00,0.0,0.903,0.05,20.65
2023-01-06 05:00:00,0.0,0.872,0.05,20.74
2023-01-06 06:00:00,0.0,0.87,0.0513,21.91
2023-01-06 07:00:00,0.0,0.882,0.0514,21.74
2023-01-06 08:00:00,0.0,0.916,0.0521,22.36
2023-01-06 09:00:00,0.0,0.879,0.0513,24.78
2023-01-06 10:00:00,0.0,0.883,0.05,24.67
2023-01-06 11:00:00,0.0,0.888,0.0516,26.34
2023-01-06 12:00:00,0.0,0.915,0.0544,26.16
2023-01-06 13:00:00,0.0,0.916,0.0504,27.56
2023-01-06 14:00:00,0.0,0.925,0.05,27.79
2023-01-06 15:00:00,0.0,0.945,0.05,27.29
2023-01-06 16:00:00,0.0,0.937,0.0507,28.81
2023-01-06 17:00:00,0.0,0.951,0.05,27.02
2023-01-06 18:00:00,0.0,0.908,0.05,26.36
2023-01-06 19:00:00,0.0,0.923,0.05,25.68
2023-01-06 20:00:00,0.0,0.898,0.0512,23.95
2023-01-06 21:00:00,0.0,0.924,0.0548,23.84
2023-01-06 22:00:00,0.0,0.892,0.05,22.64
2023-01-06 23:00:00,0.0,0.906,0.0531,22.5
2023-01-07 00:00:00,0.0,0.939,0.0529,21.33
2023-01-07 01:00:00,0.0,0.964,0.0508,19.9
2023-01-07 02:00:00,0.0,0.968,0.05,19.81
2023-01-07 03:00:00,0.0,0.94,0.0523,21.08
2023-01-07 04:00:00,0.0,0.941,0.0502,19.68
2023-01-07 05:00:00,0.0,0.932,0.05,20.95
2023-01-07 06:00:00,0.0,0.917,0.05,20.83
2023-01-07 07:00:00,0.0,0.879,0.0514,21.5
2023-01-07 08:00:00,0.0,0.905,0.0542,22.7
2023-01-07 09:00:00,0.0,0.932,0.05,24.74
2023-01-07 10:00:00,0.0,0.967,0.05,24.3
2023-01-07 11:00:00,0.0,0.943,0.05,26.33
2023-01-07 12:00:00,0.0,0.91,0.05,27.44
2023-01-07 13:00:00,0.0,0.859,0.05,27.19
2023-01-07 14:00:00,0.0,0.85,0.0538,28.36
2023-01-07 15:00:00,0.0,0.844,0.056,28.42
2023-01-07 16:00:00,0.0,0.902,0.0507,27.46
2023-01-07 17:00:00,0.0,0.905,0.05,26.99
2023-01-07 18:00:00,0.0,0.921,0.0505,26.75
2023-01-07 19:00:00,0.0,0.872,0.05,26.06
2023-01-07 20:00:00,0.0,0.852,0.05,24.85
2023-01-07 21:00:00,0.0,0.834,0.0516,24.28
2023-01-07 22:00:00,0.0,0.871,0.052,22.58
2023-01-07 23:00:00,0.0,0.93,0.0517,21.55
2023-01-08 00:00:00,0.0,0.977,0.05,21.17
2023-01-08 01:00:00,0.0,0.959,0.0504,20.65
2023-01-08 02:00:00,0.0,0.908,0.05,20.79
2023-01-08 03:00:00,0.0,0.915,0.0526,20.23
2023-01-08 04:00:00,0.0,0.904,0.0512,20.49
2023-01-08 05:00:00,0.0,0.941,0.055,20.36
2023-01-08 06:00:00,0.0,0.916,0.051,21.0
2023-01-08 07:00:00,0.0,0.927,0.05,21.68
2023-01-08 08:00:00,0.0,0.934,0.05,23.06
2023-01-08 09:00:00,0.0,0.928,0.0505,24.07
2023-01-08 10:00:00,0.0,0.932,0.05,25.08
2023-01-08 11:00:00,0.0,0.91,0.05,25.9
2023-01-08 12:00:00,0.0,0.93,0.05,26.81
2023-01-08 13:00:00,0.0,0.93,0.05,28.29
2023-01-08 14:00:00,0.0,0.907,0.0504,28.0
2023-01-08 15:00:00,0.0,0.89,0.05,28.29
2023-01-08 16:00:00,0.0,0.837,0.05,28.1
2023-01-08 17:00:00,0.0,0.842,0.0515,27.38
2023-01-08 18:00:00,0.0,0.84,0.05,27.1
2023-01-08 19:00:00,0.0,0.875,0.051,26.01
2023-01-08 20:00:00,0.0,0.896,0.0505,24.41
2023-01-08 21:00:00,0.0,0.908,0.0516,23.71
2023-01-08 22:00:00,0.0,0.902,0.0506,23.96
2023-01-08 23:00:00,0.0,0.889,0.0517,22.58
2023-01-09 00:00:00,0.0,0.859,0.0551,21.02
2023-01-09 01:00:00,0.0,0.83,0.051,
2023-01-09 02:00:00,0.0,0.836,0.0517,20.25
2023-01-09 03:00:00,0.0,0.846,0.0503,20.87
2023-01-09 04:00:00,0.0,0.897,0.05,20.07
2023-01-09 05:00:00,0.0,0.914,0.05,20.65
2023-01-09 06:00:00,1.28,0.927,0.0588,20.65
2023-01-09 07:00:00,4.16,0.946,0.0725,21.52
2023-01-09 08:00:00,4.26,0.99,0.0862,21.17
2023-01-09 09:00:00,5.1,1.057,0.1085,23.62
2023-01-09 10:00:00,4.67,1.111,0.1219,25.07
2023-01-09 11:00:00,3.72,1.181,0.1411,26.47
2023-01-09 12:00:00,1.5,1.218,0.1423,26.92
2023-01-09 13:00:00,0.0,1.228,0.143,27.28
2023-01-09 14:00:00,0.0,1.217,0.1382,27.45
2023-01-09 15:00:00,0.0,1.247,0.1406,27.76
2023-01-09 16:00:00,0.0,1.193,0.1315,27.06
2023-01-09 17:00:00,0.0,1.218,0.1362,27.34
2023-01-09 18:00:00,0.0,1.169,0.134,26.22
2023-01-09 19:00:00,0.0,1.18,0.133,25.7
2023-01-09 20:00:00,0.0,,0.1238,24.93
2023-01-09 21:00:00,0.0,1.182,0.131,24.16
2023-01-09 22:00:00,0.0,1.188,0.1329,22.14
2023-01-09 23:00:00,0.0,1.138,0.1286,21.83
2023-01-10 00:00:00,0.0,1.144,0.1318,21.52
2023-01-10 01:00:00,0.0,1.121,0.1322,21.24
2023-01-10 02:00:00,0.0,1.108,0.1297,20.1
2023-01-10 03:00:00,0.0,1.092,0.1291,21.1
2023-01-10 04:00:00,0.0,1.061,0.1279,20.49
2023-01-10 05:00:00,0.0,1.029,0.128,20.57
2023-01-10 06:00:00,0.0,1.014,0.1235,21.79
2023-01-10 07:00:00,0.0,1.046,0.1221,21.75
2023-01-10 08:00:00,0.0,1.07,0.1213,22.44
2023-01-10 09:00:00,0.0,1.08,0.1248,24.47
2023-01-10 10:00:00,0.0,1.059,0.1193,
2023-01-10 11:00:00,0.0,1.047,0.1199,26.52
2023-01-10 12:00:00,0.0,1.046,0.1184,27.34
2023-01-10 13:00:00,0.0,1.03,0.1191,28.47
2023-01-10 14:00:00,0.0,1.033,0.1194,27.14
2023-01-10 15:00:00,0.0,1.039,0.1183,27.82
2023-01-10 16:00:00,0.0,1.04,0.11,27.72
2023-01-10 17:00:00,0.0,1.033,0.1154,28.05
2023-01-10 18:00:00,0.0,0.997,0.1132,27.02
2023-01-10 19:00:00,0.0,1.016,0.1128,26.59
2023-01-10 20:00:00,0.0,1.025,0.1104,25.18
2023-01-10 21:00:00,0.0,1.013,0.1082,23.99
2023-01-10 22:00:00,0.0,0.983,0.1127,23.31
2023-01-10 23:00:00,0.0,0.949,0.1084,22.13
2023-01-11 00:00:00,0.0,0.952,0.112,21.37
2023-01-11 01:00:00,0.0,0.965,0.1075,20.86
2023-01-11 02:00:00,0.0,0.982,0.1069,20.36
2023-01-11 03:00:00,0.0,0.983,0.1042,20.49
2023-01-11 04:00:00,0.0,1.002,0.1056,20.16
2023-01-11 05:00:00,0.0,1.011,0.1078,20.62
2023-01-11 06:00:00,0.0,1.024,0.1039,20.67
2023-01-11 07:00:00,0.0,1.016,0.1042,22.49
2023-01-11 08:00:00,0.0,1.003,0.1077,23.82
2023-01-11 09:00:00,0.0,0.963,0.0985,23.1
2023-01-11 10:00:00,0.0,0.951,0.0985,25.36
2023-01-11 11:00:00,0.0,0.926,0.1013,25.93
2023-01-11 12:00:00,0.0,0.967,0.0944,26.74
2023-01-11 13:00:00,0.0,0.985,0.1002,27.78
2023-01-11 14:00:00,0.0,1.029,0.0953,27.85
2023-01-11 15:00:00,0.0,1.003,0.0955,28.2
2023-01-11 16:00:00,0.0,1.014,0.0985,27.69
2023-01-11 17:00:00,0.0,1.007,0.0913,28.22
2023-01-11 18:00:00,0.0,1.006,0.0883,26.71
2023-01-11 19:00:00,0.0,1.013,0.0871,25.62
2023-01-11 20:00:00,0.0,1.049,0.0936,25.21
2023-01-11 21:00:00,0.0,1.023,0.0945,23.58
2023-01-11 22:00:00,0.0,0.97,0.0881,23.08
2023-01-11 23:00:00,0.0,0.932,0.0939,22.83
2023-01-12 00:00:00,0.0,0.941,0.0899,21.15
2023-01-12 01:00:00,0.0,0.931,0.0897,19.86
2023-01-12 02:00:00,0.0,0.933,0.0918,19.93
2023-01-12 03:00:00,0.0,0.921,0.0831,20.41
2023-01-12 04:00:00,0.0,0.957,0.0899,20.19
2023-01-12 05:00:00,0.0,0.962,0.0818,20.89
2023-01-12 06:00:00,0.0,0.98,0.0819,20.86
2023-01-12 07:00:00,0.0,1.004,0.0818,21.8
2023-01-12 08:00:00,0.0,1.022,0.0873,23.29
2023-01-12 09:00:00,0.0,0.977,0.0868,24.81
2023-01-12 10:00:00,0.0,0.956,0.0868,24.85
2023-01-12 11:00:00,0.0,0.931,0.0833,26.02
2023-01-12 12:00:00,0.0,0.94,0.0815,27.38
2023-01-12 13:00:00,0.0,0.932,0.0834,27.53
2023-01-12 14:00:00,0.0,0.942,0.0807,28.19
2023-01-12 15:00:00,0.0,0.942,0.081,27.63
2023-01-12 16:00:00,0.0,0.938,0.0794,27.87
2023-01-12 17:00:00,0.0,0.914,0.0788,27.16
2023-01-12 18:00:00,0.0,0.958,0.0844,25.99
2023-01-12 19:00:00,0.0,0.953,0.0803,25.56
2023-01-12 20:00:00,0.0,0.988,0.0784,25.26
2023-01-12 21:00:00,0.0,0.952,0.0752,24.28
2023-01-12 22:00:00,0.0,0.967,0.076,23.35
2023-01-12 23:00:00,0.0,0.956,0.0782,22.26
2023-01-13 00:00:00,0.0,0.947,0.0754,21.07
2023-01-13 01:00:00,0.0,0.941,0.0732,19.63
2023-01-13 02:00:00,0.0,0.94,0.0689,19.57
2023-01-13 03:00:00,0.0,0.93,0.0724,20.56
2023-01-13 04:00:00,0.0,0.933,0.0751,19.72
2023-01-13 05:00:00,0.0,0.911,0.0688,20.51
2023-01-13 06:00:00,0.0,0.959,0.0765,21.21
2023-01-13 07:00:00,0.0,0.947,0.0724,21.32
2023-01-13 08:00:00,0.0,0.949,0.0753,23.14
2023-01-13 09:00:00,0.0,0.941,0.0703,24.77
2023-01-13 10:00:00,0.0,0.907,0.0634,25.03
2023-01-13 11:00:00,0.0,0.939,0.0682,25.87
2023-01-13 12:00:00,0.0,0.909,0.0668,26.26
2023-01-13 13:00:00,0.0,0.951,0.0656,27.34
2023-01-13 14:00:00,0.0,0.96,0.069,28.14
2023-01-13 15:00:00,0.0,0.959,0.0642,28.0
2023-01-13 16:00:00,0.0,0.953,0.062,27.65
2023-01-13 17:00:00,0.0,0.93,0.0638,27.98
2023-01-13 18:00:00,0.0,0.931,0.0676,26.71
2023-01-13 19:00:00,0.0,0.914,0.0637,25.79
2023-01-13 20:00:00,0.0,0.929,0.0613,25.11
2023-01-13 21:00:00,0.0,0.927,0.0623,24.66
2023-01-13 22:00:00,0.0,0.9,0.0663,22.9
2023-01-13 23:00:00,0.0,0.884,0.0641,21.57
2023-01-14 00:00:00,0.0,0.927,0.0638,21.46
2023-01-14 01:00:00,0.0,0.955,0.0632,20.38
2023-01-14 02:00:00,0.0,0.96,0.0565,20.43
2023-01-14 03:00:00,0.0,0.959,0.0607,18.99
2023-01-14 04:00:00,0.0,0.981,0.0637,20.17
2023-01-14 05:00:00,0.0,0.936,0.0538,20.42
2023-01-14 06:00:00,0.0,0.908,0.0541,20.7
2023-01-14 07:00:00,0.0,0.9,0.0563,21.41
2023-01-14 08:00:00,0.0,0.885,0.0569,22.84
2023-01-14 09:00:00,0.0,0.913,,23.48
2023-01-14 10:00:00,0.0,0.895,0.0543,23.56
2023-01-14 11:00:00,0.0,0.922,0.0593,25.42
2023-01-14 12:00:00,0.0,0.914,0.0639,26.23
2023-01-14 13:00:00,0.0,0.89,0.055,27.49
2023-01-14 14:00:00,0.0,0.878,0.052,27.28
2023-01-14 15:00:00,0.0,0.892,0.0544,28.01
2023-01-14 16:00:00,0.0,0.891,0.0568,27.4
2023-01-14 17:00:00,0.0,0.878,0.0552,27.87
2023-01-14 18:00:00,0.0,0.86,0.0564,27.03
2023-01-14 19:00:00,0.0,0.873,0.0529,25.86
2023-01-14 20:00:00,0.0,0.867,0.0543,25.12
2023-01-14 21:00:00,0.0,0.882,0.0606,24.3
2023-01-14 22:00:00,0.0,0.824,0.0513,23.01
2023-01-14 23:00:00,0.0,0.826,0.0521,22.08
2023-01-15 00:00:00,0.0,0.833,0.0532,20.14
2023-01-15 01:00:00,0.0,0.888,0.059,20.29
2023-01-15 02:00:00,0.0,0.906,0.0538,19.76
2023-01-15 03:00:00,0.0,0.908,0.0512,20.54
2023-01-15 04:00:00,0.0,0.891,0.05,19.96
2023-01-15 05:00:00,0.0,0.918,0.0543,20.22
2023-01-15 06:00:00,0.0,0.901,0.05,21.48
2023-01-15 07:00:00,0.0,0.895,0.0542,21.26
2023-01-15 08:00:00,0.0,0.89,0.05,22.94
2023-01-15 09:00:00,0.0,0.883,0.05,23.03
2023-01-15 10:00:00,0.0,0.903,0.05,24.69
2023-01-15 11:00:00,0.0,0.898,0.0512,25.79
2023-01-15 12:00:00,0.0,0.9,0.05,27.57
2023-01-15 13:00:00,0.0,0.93,0.0534,27.41
2023-01-15 14:00:00,0.0,0.909,0.05,27.44
2023-01-15 15:00:00,0.0,0.928,0.05,27.95
2023-01-15 16:00:00,0.0,0.914,0.05,28.6
2023-01-15 17:00:00,0.0,0.913,0.0525,26.45
2023-01-15 18:00:00,0.0,0.925,0.05,27.23
2023-01-15 19:00:00,0.0,0.938,0.052,26.21
2023-01-15 20:00:00,0.0,,0.0506,24.99
2023-01-15 21:00:00,0.0,0.879,0.0517,23.86
2023-01-15 22:00:00,0.0,0.885,0.0544,23.7
2023-01-15 23:00:00,0.0,0.865,0.05,22.38
2023-01-16 00:00:00,0.0,0.86,0.0501,20.68
2023-01-16 01:00:00,0.0,0.864,0.05,20.57
2023-01-16 02:00:00,0.0,0.916,0.0538,20.78
2023-01-16 03:00:00,0.0,0.914,0.05,20.29
2023-01-16 04:00:00,0.0,0.908,0.05,
2023-01-16 05:00:00,0.0,0.939,0.05,19.91
2023-01-16 06:00:00,0.0,0.932,0.05,22.35
2023-01-16 07:00:00,0.0,0.904,0.0519,22.38
2023-01-16 08:00:00,0.0,0.895,0.0514,23.88
2023-01-16 09:00:00,0.0,0.925,0.05,24.17
2023-01-16 10:00:00,0.0,0.95,0.0549,25.05
2023-01-16 11:00:00,0.0,0.917,0.0522,25.7
2023-01-16 12:00:00,0.0,0.919,0.0545,27.34
2023-01-16 13:00:00,0.0,0.929,0.05,28.24
2023-01-16 14:00:00,0.0,0.943,0.05,28.41
2023-01-16 15:00:00,0.0,0.921,0.0526,29.15
2023-01-16 16:00:00,0.0,0.897,0.05,27.95
2023-01-16 17:00:00,0.0,0.914,0.05,27.18
2023-01-16 18:00:00,0.0,0.939,0.05,26.98
2023-01-16 19:00:00,0.0,0.973,0.0509,26.43
2023-01-16 20:00:00,0.0,0.942,0.05,24.93
2023-01-16 21:00:00,0.0,0.923,0.05,24.0
2023-01-16 22:00:00,0.0,0.889,0.0549,23.09
2023-01-16 23:00:00,0.0,0.872,0.0517,22.27
2023-01-17 00:00:00,0.0,0.901,0.0516,21.27
2023-01-17 01:00:00,0.0,0.916,0.0503,20.67
2023-01-17 02:00:00,0.0,0.903,0.0523,20.48
2023-01-17 03:00:00,0.0,0.864,0.0514,20.41
2023-01-17 04:00:00,0.0,0.898,0.05,19.92
2023-01-17 05:00:00,0.0,0.92,0.0556,19.65
2023-01-17 06:00:00,0.0,0.94,0.0551,20.68
2023-01-17 07:00:00,0.0,0.905,0.05,22.26
2023-01-17 08:00:00,0.0,0.914,0.05,22.63
2023-01-17 09:00:00,0.0,0.87,0.05,24.16
2023-01-17 10:00:00,0.0,0.835,0.05,25.04
2023-01-17 11:00:00,0.0,0.826,0.0508,26.06
2023-01-17 12:00:00,0.0,0.84,0.05,27.1
2023-01-17 13:00:00,0.0,0.884,0.05,28.09
2023-01-17 14:00:00,0.0,0.917,0.0518,27.89
2023-01-17 15:00:00,0.0,0.958,0.05,27.51
2023-01-17 16:00:00,0.0,0.925,0.0528,28.05
2023-01-17 17:00:00,0.0,0.902,0.05,27.85
2023-01-17 18:00:00,0.0,0.908,0.055,25.73
2023-01-17 19:00:00,0.0,0.897,0.0567,25.67
2023-01-17 20:00:00,0.0,0.92,0.0506,25.08
2023-01-17 21:00:00,0.0,0.92,0.05,23.79
2023-01-17 22:00:00,0.0,0.957,0.05,23.06
2023-01-17 23:00:00,0.0,0.922,0.0531,21.72
2023-01-18 00:00:00,0.0,0.88,0.0526,21.68
2023-01-18 01:00:00,0.0,0.879,0.05,20.6
2023-01-18 02:00:00,0.0,0.918,0.0516,19.27
2023-01-18 03:00:00,0.0,0.943,0.05,20.4
2023-01-18 04:00:00,0.0,0.944,0.0508,20.57
2023-01-18 05:00:00,0.0,0.928,0.05,20.56
2023-01-18 06:00:00,0.0,0.925,0.05,20.29
2023-01-18 07:00:00,0.0,0.923,0.05,22.49
2023-01-18 08:00:00,0.0,0.937,0.05,22.49
2023-01-18 09:00:00,0.0,0.943,0.05,23.86
2023-01-18 10:00:00,0.0,0.937,0.05,24.79
2023-01-18 11:00:00,0.0,0.899,0.05,25.32
2023-01-18 12:00:00,0.0,0.904,0.0507,26.87
2023-01-18 13:00:00,0.0,0.902,0.05,27.6
2023-01-18 14:00:00,0.0,0.917,0.05,27.96
2023-01-18 15:00:00,0.0,0.918,0.0529,27.93
2023-01-18 16:00:00,0.0,0.915,0.0516,27.53
2023-01-18 17:00:00,0.0,0.916,0.05,28.24
2023-01-18 18:00:00,0.0,0.915,0.0526,26.96
2023-01-18 19:00:00,0.0,0.904,0.05,25.57
2023-01-18 20:00:00,0.0,0.913,0.0506,25.29
2023-01-18 21:00:00,0.0,0.867,0.0507,24.22
2023-01-18 22:00:00,0.0,0.881,0.05,23.31
2023-01-18 23:00:00,0.0,0.853,0.0514,22.02
2023-01-19 00:00:00,0.0,0.912,0.05,20.91
2023-01-19 01:00:00,0.0,0.872,0.05,19.9
2023-01-19 02:00:00,0.0,0.88,0.05,19.92
2023-01-19 03:00:00,0.0,0.867,0.05,19.22
2023-01-19 04:00:00,0.0,0.899,0.0519,20.33
2023-01-19 05:00:00,0.0,0.899,0.0533,19.78
2023-01-19 06:00:00,0.0,0.904,0.05,21.04
2023-01-19 07:00:00,0.0,0.885,0.0502,22.41
2023-01-19 08:00:00,0.0,0.898,0.05,22.89
2023-01-19 09:00:00,0.0,0.869,0.05,24.02
2023-01-19 10:00:00,0.0,0.904,0.05,25.3
2023-01-19 11:00:00,0.0,0.893,0.05,26.3
2023-01-19 12:00:00,0.0,0.903,0.05,27.39
2023-01-19 13:00:00,0.0,0.895,0.0549,27.79
2023-01-19 14:00:00,0.0,0.894,0.05,28.09
2023-01-19 15:00:00,0.0,0.896,0.05,27.07
2023-01-19 16:00:00,0.0,0.902,0.05,28.03
2023-01-19 17:00:00,0.0,0.908,0.0529,28.34
2023-01-19 18:00:00,0.0,0.897,0.0542,27.2
2023-01-19 19:00:00,0.0,0.891,0.05,26.53
2023-01-19 20:00:00,0.0,0.876,0.0517,24.74
2023-01-19 21:00:00,0.0,0.893,0.0515,24.01
2023-01-19 22:00:00,0.0,0.886,0.05,23.29
2023-01-19 23:00:00,0.0,0.869,0.05,22.27
2023-01-20 00:00:00,0.0,0.868,0.0514,21.62
2023-01-20 01:00:00,0.0,0.902,0.0539,20.02
2023-01-20 02:00:00,0.0,0.938,0.0541,19.8
2023-01-20 03:00:00,0.0,0.933,0.0515,19.41
2023-01-20 04:00:00,0.0,0.894,0.0525,20.32
2023-01-20 05:00:00,0.0,0.931,0.05,20.5
2023-01-20 06:00:00,0.0,0.969,,21.13
2023-01-20 07:00:00,0.0,1.009,0.0518,21.72
2023-01-20 08:00:00,0.0,1.001,0.05,22.6
2023-01-20 09:00:00,0.0,0.95,0.0502,24.06
2023-01-20 10:00:00,0.0,0.899,0.05,25.65
2023-01-20 11:00:00,0.0,0.911,0.05,26.84
2023-01-20 12:00:00,0.0,0.927,0.0518,27.67
2023-01-20 13:00:00,0.0,0.942,0.0556,27.29
2023-01-20 14:00:00,0.0,0.891,0.05,27.33
2023-01-20 15:00:00,0.0,0.876,0.0502,28.5
2023-01-20 16:00:00,0.0,0.894,0.05,28.56
2023-01-20 17:00:00,0.0,0.873,0.0506,27.73
2023-01-20 18:00:00,0.0,0.906,0.05,26.87
2023-01-20 19:00:00,0.0,0.887,0.05,25.74
2023-01-20 20:00:00,0.0,0.887,0.0529,25.39
2023-01-20 21:00:00,0.0,0.852,0.0508,24.34
2023-01-20 22:00:00,0.0,0.87,0.05,23.16
2023-01-20 23:00:00,0.0,0.88,0.05,21.5
2023-01-21 00:00:00,0.0,0.914,0.0521,20.74
2023-01-21 01:00:00,0.0,0.904,0.05,20.56
2023-01-21 02:00:00,0.0,0.932,0.054,20.72
2023-01-21 03:00:00,0.0,0.895,0.0503,20.52
2023-01-21 04:00:00,0.0,0.892,0.05,20.0
2023-01-21 05:00:00,0.0,0.881,0.05,19.69
2023-01-21 06:00:00,0.0,0.883,0.05,21.91
2023-01-21 07:00:00,0.0,0.878,0.05,22.69
2023-01-21 08:00:00,0.0,0.888,0.0514,23.09
2023-01-21 09:00:00,0.0,0.87,0.05,23.85
2023-01-21 10:00:00,0.0,0.876,0.0524,24.95
2023-01-21 11:00:00,0.0,0.862,0.05,26.53
2023-01-21 12:00:00,0.0,0.869,0.0502,27.16
2023-01-21 13:00:00,0.0,0.842,0.05,27.32
2023-01-21 14:00:00,0.0,0.843,0.0503,29.03
2023-01-21 15:00:00,0.0,0.855,0.0536,27.3
2023-01-21 16:00:00,0.0,0.859,0.0527,27.63
2023-01-21 17:00:00,0.0,0.843,0.051,27.24
2023-01-21 18:00:00,0.0,0.87,0.054,26.95
2023-01-21 19:00:00,0.0,0.905,0.0541,26.63
2023-01-21 20:00:00,0.0,0.916,0.0546,25.52
2023-01-21 21:00:00,0.0,0.921,0.05,24.13
2023-01-21 22:00:00,0.0,0.93,0.0522,22.37
2023-01-21 23:00:00,0.0,0.914,0.0523,22.54
2023-01-22 00:00:00,0.0,0.881,0.05,20.68
2023-01-22 01:00:00,0.0,0.84,0.0531,20.41
2023-01-22 02:00:00,0.0,0.877,0.0501,20.18
2023-01-22 03:00:00,0.0,0.879,0.05,19.67
2023-01-22 04:00:00,0.0,0.958,0.0538,19.8
2023-01-22 05:00:00,0.0,0.92,0.05,21.06
2023-01-22 06:00:00,0.0,0.925,0.05,21.98
2023-01-22 07:00:00,0.0,0.918,0.0596,22.04
2023-01-22 08:00:00,0.0,0.936,0.05,22.15
2023-01-22 09:00:00,0.0,0.975,0.0519,24.22
2023-01-22 10:00:00,0.0,0.962,0.05,24.76
2023-01-22 11:00:00,0.0,0.931,0.05,26.26
2023-01-22 12:00:00,0.0,0.888,0.05,27.05
2023-01-22 13:00:00,0.0,0.919,0.05,26.6
2023-01-22 14:00:00,0.0,0.937,,27.75
2023-01-22 15:00:00,0.0,0.945,0.0568,28.39
2023-01-22 16:00:00,0.0,0.916,0.05,27.89
2023-01-22 17:00:00,0.0,0.916,0.05,26.99
2023-01-22 18:00:00,0.0,0.915,0.05,27.23
2023-01-22 19:00:00,0.0,0.891,0.05,25.24
2023-01-22 20:00:00,0.0,0.861,0.0503,25.23
2023-01-22 21:00:00,0.0,0.891,0.05,23.81
2023-01-22 22:00:00,0.0,0.903,0.0563,23.26
2023-01-22 23:00:00,0.0,0.89,0.05,21.96
2023-01-23 00:00:00,0.0,0.9,0.0524,21.5
2023-01-23 01:00:00,0.0,0.909,0.05,21.31
2023-01-23 02:00:00,0.0,0.894,0.05,20.57
2023-01-23 03:00:00,0.0,0.881,0.05,20.43
2023-01-23 04:00:00,0.0,0.843,0.05,20.52
2023-01-23 05:00:00,0.0,0.865,0.05,19.77
2023-01-23 06:00:00,0.0,0.861,0.0501,21.3
2023-01-23 07:00:00,0.0,0.9,0.05,22.22
2023-01-23 08:00:00,0.0,0.915,0.0568,23.33
2023-01-23 09:00:00,0.0,0.874,0.0512,24.05
2023-01-23 10:00:00,0.0,0.898,0.0517,25.48
2023-01-23 11:00:00,0.0,0.932,0.05,25.61
2023-01-23 12:00:00,0.0,0.949,0.05,27.91
2023-01-23 13:00:00,0.0,0.918,0.05,27.83
2023-01-23 14:00:00,0.0,0.881,0.05,27.49
2023-01-23 15:00:00,0.0,0.881,0.05,28.77
2023-01-23 16:00:00,0.0,0.884,0.0512,27.4
2023-01-23 17:00:00,0.0,0.908,0.0506,27.56
2023-01-23 18:00:00,0.0,0.883,0.05,26.98
2023-01-23 19:00:00,0.0,0.906,0.058,25.88
2023-01-23 20:00:00,0.0,0.905,0.051,25.06
2023-01-23 21:00:00,0.0,0.925,0.05,24.12
2023-01-23 22:00:00,0.0,0.902,0.05,22.52
2023-01-23 23:00:00,0.0,0.898,0.0522,22.23
2023-01-24 00:00:00,0.0,0.882,0.05,21.28
2023-01-24 01:00:00,0.0,0.882,0.0529,21.61
2023-01-24 02:00:00,0.0,0.827,0.05,20.98
2023-01-24 03:00:00,0.0,0.854,0.05,19.74
2023-01-24 04:00:00,0.0,0.854,0.05,20.17
2023-01-24 05:00:00,0.0,0.863,0.0531,20.29
2023-01-24 06:00:00,0.0,0.851,0.05,21.15
2023-01-24 07:00:00,0.0,0.858,0.0523,22.53
2023-01-24 08:00:00,0.0,0.892,0.05,23.02
2023-01-24 09:00:00,0.0,0.903,0.0526,23.85
2023-01-24 10:00:00,0.0,0.925,0.0538,25.44
2023-01-24 11:00:00,0.0,0.894,0.05,25.13
2023-01-24 12:00:00,0.0,0.899,0.05,26.74
2023-01-24 13:00:00,0.0,0.888,0.0567,28.25
2023-01-24 14:00:00,0.0,0.909,0.0514,28.68
2023-01-24 15:00:00,0.0,0.893,0.0522,28.76
2023-01-24 16:00:00,0.0,0.911,0.05,27.35
2023-01-24 17:00:00,0.0,0.898,0.05,26.95
2023-01-24 18:00:00,0.0,0.925,0.0506,26.68
2023-01-24 19:00:00,0.0,0.931,0.05,26.11
2023-01-24 20:00:00,0.0,0.917,0.05,24.77
2023-01-24 21:00:00,0.0,0.907,0.0508,23.26
2023-01-24 22:00:00,0.0,0.919,0.05,23.53
2023-01-24 23:00:00,0.0,0.946,0.0509,22.48
2023-01-25 00:00:00,0.0,0.938,0.05,20.99
2023-01-25 01:00:00,0.0,0.927,0.0521,21.01
2023-01-25 02:00:00,0.0,0.913,0.0503,20.72
2023-01-25 03:00:00,0.0,0.926,0.0516,18.93
2023-01-25 04:00:00,0.0,,0.054,20.57
2023-01-25 05:00:00,0.0,0.913,0.05,20.62
2023-01-25 06:00:00,0.0,0.902,0.05,20.03
2023-01-25 07:00:00,0.0,0.888,0.0536,22.63
2023-01-25 08:00:00,0.0,0.878,0.0551,23.12
2023-01-25 09:00:00,0.0,0.89,0.0538,23.32
2023-01-25 10:00:00,0.0,0.938,0.05,25.35
2023-01-25 11:00:00,0.0,0.954,0.0518,26.21
2023-01-25 12:00:00,0.0,0.931,0.05,27.22
2023-01-25 13:00:00,0.0,0.895,0.0527,
2023-01-25 14:00:00,0.0,0.848,0.05,27.83
2023-01-25 15:00:00,,0.876,0.05,27.63
2023-01-25 16:00:00,0.0,0.872,0.05,27.9
2023-01-25 17:00:00,0.0,0.885,0.05,26.73
2023-01-25 18:00:00,0.0,0.864,0.05,26.39
2023-01-25 19:00:00,0.0,0.877,0.05,26.89
2023-01-25 20:00:00,0.0,0.941,0.0504,25.73
2023-01-25 21:00:00,0.0,0.952,0.0545,24.6
2023-01-25 22:00:00,0.0,0.973,0.0515,23.82
2023-01-25 23:00:00,0.0,0.946,0.05,21.18
2023-01-26 00:00:00,0.0,0.928,0.05,21.27
2023-01-26 01:00:00,0.0,0.944,0.05,20.79
2023-01-26 02:00:00,0.0,0.959,0.05,20.07
2023-01-26 03:00:00,0.0,0.98,0.0504,19.2
2023-01-26 04:00:00,0.0,0.955,0.05,20.71
2023-01-26 05:00:00,0.0,0.934,0.05,20.98
2023-01-26 06:00:00,0.0,0.929,0.05,20.99
2023-01-26 07:00:00,0.0,0.918,0.05,22.55
2023-01-26 08:00:00,0.0,0.947,0.05,23.16
2023-01-26 09:00:00,0.0,0.964,0.05,24.45
2023-01-26 10:00:00,0.0,0.956,0.05,24.71
2023-01-26 11:00:00,0.0,0.925,0.05,26.25
2023-01-26 12:00:00,0.0,0.878,0.05,27.08
2023-01-26 13:00:00,0.0,0.883,0.0512,27.48
2023-01-26 14:00:00,0.0,0.887,0.05,26.66
2023-01-26 15:00:00,0.0,0.925,0.0525,28.22
2023-01-26 16:00:00,0.0,0.932,0.0554,28.11
2023-01-26 17:00:00,0.0,0.9,0.05,27.12
2023-01-26 18:00:00,0.0,0.908,0.05,27.25
2023-01-26 19:00:00,0.0,0.923,0.051,26.25
2023-01-26 20:00:00,0.0,0.937,0.0518,25.37
2023-01-26 21:00:00,0.0,0.92,0.05,23.94
2023-01-26 22:00:00,0.0,,0.0551,22.24
2023-01-26 23:00:00,0.0,0.907,0.05,21.29
2023-01-27 00:00:00,0.0,0.914,0.05,21.66
2023-01-27 01:00:00,0.0,0.891,0.052,20.14
2023-01-27 02:00:00,0.0,0.882,0.0543,19.88
2023-01-27 03:00:00,0.0,0.843,0.05,20.57
2023-01-27 04:00:00,0.0,0.866,0.0522,19.21
2023-01-27 05:00:00,0.0,0.89,0.05,19.88
2023-01-27 06:00:00,0.0,0.895,0.05,21.71
2023-01-27 07:00:00,0.0,0.877,0.05,22.19
2023-01-27 08:00:00,0.0,0.835,0.05,22.11
2023-01-27 09:00:00,0.0,0.86,0.052,23.93
2023-01-27 10:00:00,0.0,0.894,0.05,25.27
2023-01-27 11:00:00,0.0,0.919,0.0513,25.6
2023-01-27 12:00:00,0.0,0.877,0.05,26.25
2023-01-27 13:00:00,0.0,0.856,0.051,26.77
2023-01-27 14:00:00,0.0,0.881,0.05,28.43
2023-01-27 15:00:00,0.0,0.917,0.05,28.67
2023-01-27 16:00:00,0.0,0.896,0.0511,28.39
2023-01-27 17:00:00,0.0,0.854,0.0504,28.23
2023-01-27 18:00:00,0.0,0.817,0.05,
2023-01-27 19:00:00,0.0,0.859,0.0577,25.39
2023-01-27 20:00:00,0.0,0.859,0.05,25.68
2023-01-27 21:00:00,0.0,0.894,0.0515,24.2
2023-01-27 22:00:00,0.0,0.896,0.0518,24.06
2023-01-27 23:00:00,0.0,0.925,0.05,23.84
2023-01-28 00:00:00,0.0,0.933,0.0507,21.24
2023-01-28 01:00:00,0.0,0.935,0.0513,20.55
2023-01-28 02:00:00,0.0,0.911,0.05,20.11
2023-01-28 03:00:00,0.0,0.92,0.05,20.2
2023-01-28 04:00:00,0.0,0.933,0.05,20.42
2023-01-28 05:00:00,0.0,0.966,0.05,22.02
2023-01-28 06:00:00,0.0,0.948,0.0541,21.41
2023-01-28 07:00:00,0.0,0.96,0.0526,21.95
2023-01-28 08:00:00,0.0,0.928,0.0502,23.13
2023-01-28 09:00:00,0.0,0.916,0.05,23.75
2023-01-28 10:00:00,0.0,0.904,0.05,24.36
2023-01-28 11:00:00,0.0,0.869,0.05,26.09
2023-01-28 12:00:00,0.0,,0.05,28.16
2023-01-28 13:00:00,0.0,0.906,0.05,28.07
2023-01-28 14:00:00,0.0,0.924,0.05,27.79
2023-01-28 15:00:00,0.0,0.887,0.05,28.34
2023-01-28 16:00:00,0.0,0.879,0.05,29.28
2023-01-28 17:00:00,0.0,0.861,0.0555,27.73
2023-01-28 18:00:00,0.0,0.879,0.05,26.55
2023-01-28 19:00:00,0.0,0.888,0.0506,26.2
2023-01-28 20:00:00,0.0,0.893,0.05,25.52
2023-01-28 21:00:00,0.0,0.913,0.0519,24.37
2023-01-28 22:00:00,0.0,0.877,0.05,23.85
2023-01-28 23:00:00,0.0,0.859,0.05,22.21
2023-01-29 00:00:00,0.0,0.838,0.05,20.18
2023-01-29 01:00:00,,0.839,0.05,20.95
2023-01-29 02:00:00,0.0,0.864,0.0545,20.52
2023-01-29 03:00:00,0.0,0.87,0.0511,20.35
2023-01-29 04:00:00,0.0,0.88,0.05,19.89
2023-01-29 05:00:00,0.0,0.899,0.0525,21.71
2023-01-29 06:00:00,0.0,0.894,0.0534,20.81
2023-01-29 07:00:00,0.0,0.897,0.05,21.69
2023-01-29 08:00:00,0.0,0.882,0.05,23.03
2023-01-29 09:00:00,0.0,0.909,0.05,24.84
2023-01-29 10:00:00,0.0,0.887,0.05,25.9
2023-01-29 11:00:00,0.0,0.904,0.05,26.5
2023-01-29 12:00:00,0.0,0.868,0.05,27.46
2023-01-29 13:00:00,0.0,0.859,0.05,26.99
2023-01-29 14:00:00,0.0,0.9,0.0592,27.19
2023-01-29 15:00:00,0.0,0.883,0.05,27.99
2023-01-29 16:00:00,0.0,0.912,0.05,28.49
2023-01-29 17:00:00,0.0,0.907,0.0529,28.1
2023-01-29 18:00:00,0.0,0.912,0.0505,26.57
2023-01-29 19:00:00,0.0,0.921,0.05,25.69
2023-01-29 20:00:00,0.0,0.921,0.0526,25.8
2023-01-29 21:00:00,0.0,0.884,0.05,24.28
2023-01-29 22:00:00,0.0,0.856,0.0509,22.11
2023-01-29 23:00:00,0.0,0.899,0.05,21.62
2023-01-30 00:00:00,0.0,0.937,0.0501,21.61
2023-01-30 01:00:00,0.0,0.946,0.0502,20.14
2023-01-30 02:00:00,0.0,0.931,0.0572,19.84
2023-01-30 03:00:00,0.0,0.94,0.05,19.72
2023-01-30 04:00:00,0.0,0.926,0.05,20.77
2023-01-30 05:00:00,0.0,0.912,0.0516,20.73
2023-01-30 06:00:00,0.0,0.891,0.0531,22.21
2023-01-30 07:00:00,0.0,0.876,0.05,21.98
2023-01-30 08:00:00,0.0,0.874,0.0512,23.06
2023-01-30 09:00:00,0.0,0.876,0.05,24.37
2023-01-30 10:00:00,0.0,0.897,0.05,24.92
2023-01-30 11:00:00,0.0,0.934,0.05,25.4
2023-01-30 12:00:00,0.0,0.944,0.05,26.85
2023-01-30 13:00:00,0.0,0.953,0.05,27.29
2023-01-30 14:00:00,0.0,0.919,0.05,28.0
2023-01-30 15:00:00,0.0,0.919,0.05,27.9
2023-01-30 16:00:00,0.0,0.913,0.0519,28.29
2023-01-30 17:00:00,0.0,0.883,0.05,27.49
2023-01-30 18:00:00,0.0,0.849,0.0502,26.22
2023-01-30 19:00:00,0.0,0.857,0.05,25.89
2023-01-30 20:00:00,0.0,0.905,0.05,24.63
2023-01-30 21:00:00,0.0,0.923,0.0522,25.16
2023-01-30 22:00:00,0.0,0.93,0.05,23.19
2023-01-30 23:00:00,0.0,0.919,0.0516,22.53
2023-01-31 00:00:00,0.0,0.943,0.05,21.34
2023-01-31 01:00:00,0.0,0.909,0.05,21.67
2023-01-31 02:00:00,0.0,0.885,0.0517,19.72
2023-01-31 03:00:00,0.0,0.895,0.0519,19.82
2023-01-31 04:00:00,0.0,0.892,0.0556,20.91
2023-01-31 05:00:00,0.0,0.911,0.0521,20.49
2023-01-31 06:00:00,0.0,0.911,0.0535,21.01
2023-01-31 07:00:00,0.0,0.94,0.05,21.94
2023-01-31 08:00:00,0.0,0.958,0.05,24.15
2023-01-31 09:00:00,0.0,0.954,0.05,25.24
2023-01-31 10:00:00,0.0,0.967,0.0533,25.46
2023-01-31 11:00:00,0.0,0.943,0.05,26.32
2023-01-31 12:00:00,0.0,0.904,0.0515,27.44
2023-01-31 13:00:00,0.0,0.863,0.05,27.88
2023-01-31 14:00:00,0.0,0.853,0.05,28.17
2023-01-31 15:00:00,0.0,,0.0553,27.99
2023-01-31 16:00:00,0.0,0.896,0.0604,27.77
2023-01-31 17:00:00,0.0,0.922,0.0511,27.93
2023-01-31 18:00:00,0.0,0.961,0.0546,27.12
2023-01-31 19:00:00,,0.948,0.05,26.95
2023-01-31 20:00:00,0.0,0.887,0.05,25.12
2023-01-31 21:00:00,0.0,0.894,0.055,23.75
2023-01-31 22:00:00,0.0,0.879,0.05,22.45
2023-01-31 23:00:00,0.0,0.895,0.05,21.83
2023-02-01 00:00:00,0.0,0.914,0.055,20.69
2023-02-01 01:00:00,0.0,0.891,0.05,21.35
2023-02-01 02:00:00,0.0,0.898,0.05,20.16
2023-02-01 03:00:00,0.0,0.899,0.05,19.85
2023-02-01 04:00:00,0.0,0.934,0.05,20.61
2023-02-01 05:00:00,0.0,0.938,0.0526,21.75
2023-02-01 06:00:00,0.0,0.915,0.05,21.2
2023-02-01 07:00:00,0.0,0.889,0.05,21.67
2023-02-01 08:00:00,0.0,0.895,0.05,23.0
2023-02-01 09:00:00,0.0,0.89,0.05,23.31
2023-02-01 10:00:00,0.0,0.889,0.0547,25.53
2023-02-01 11:00:00,0.0,0.874,0.05,26.53
2023-02-01 12:00:00,0.0,0.856,0.05,26.85
2023-02-01 13:00:00,0.0,0.875,0.0549,27.14
2023-02-01 14:00:00,0.0,0.856,0.05,29.3
2023-02-01 15:00:00,0.0,0.9,0.05,27.62
2023-02-01 16:00:00,0.0,0.887,0.05,27.73
2023-02-01 17:00:00,0.0,0.887,0.05,27.72
2023-02-01 18:00:00,0.0,0.877,0.05,27.5
2023-02-01 19:00:00,0.0,0.881,0.0506,26.16
2023-02-01 20:00:00,0.0,0.87,0.05,25.29
2023-02-01 21:00:00,0.0,0.866,0.0529,24.54
2023-02-01 22:00:00,0.0,0.836,0.05,24.8
2023-02-01 23:00:00,0.0,0.838,0.0508,21.95
2023-02-02 00:00:00,0.0,0.857,0.05,21.17
2023-02-02 01:00:00,0.0,0.872,0.0528,20.74
2023-02-02 02:00:00,0.0,0.874,0.0545,20.73
2023-02-02 03:00:00,0.0,0.858,0.0536,21.52
2023-02-02 04:00:00,0.0,0.888,0.0502,20.34
2023-02-02 05:00:00,0.0,0.885,0.05,21.07
2023-02-02 06:00:00,0.0,0.878,0.05,20.35
2023-02-02 07:00:00,0.0,0.889,0.05,22.29
2023-02-02 08:00:00,0.0,0.918,0.0527,23.22
2023-02-02 09:00:00,0.0,0.935,0.05,24.77
2023-02-02 10:00:00,0.0,0.895,0.05,25.03
2023-02-02 11:00:00,0.0,0.891,0.0548,25.65
2023-02-02 12:00:00,0.0,0.887,0.05,27.2
2023-02-02 13:00:00,0.0,0.914,0.0514,26.94
2023-02-02 14:00:00,0.0,0.936,0.0522,27.72
2023-02-02 15:00:00,0.0,0.926,0.05,28.29
2023-02-02 16:00:00,0.0,0.934,0.05,26.92
2023-02-02 17:00:00,0.0,0.918,0.05,27.59
2023-02-02 18:00:00,0.0,0.889,0.05,27.88
2023-02-02 19:00:00,0.0,0.863,0.05,25.45
2023-02-02 20:00:00,0.0,0.862,0.05,24.95
2023-02-02 21:00:00,0.0,0.849,0.0529,24.55
2023-02-02 22:00:00,0.0,0.862,0.05,23.63
2023-02-02 23:00:00,0.0,0.887,0.0513,22.29
2023-02-03 00:00:00,0.0,0.923,0.05,21.36
2023-02-03 01:00:00,0.0,0.907,0.0515,21.64
2023-02-03 02:00:00,0.0,0.892,0.0506,20.52
2023-02-03 03:00:00,0.0,0.867,0.053,19.75
2023-02-03 04:00:00,0.0,0.842,0.05,20.48
2023-02-03 05:00:00,0.0,0.869,0.05,20.75
2023-02-03 06:00:00,0.0,0.869,0.0527,21.23
2023-02-03 07:00:00,0.0,0.907,0.05,21.44
2023-02-03 08:00:00,0.0,0.902,0.05,23.24
2023-02-03 09:00:00,0.0,0.938,0.0516,24.57
2023-02-03 10:00:00,0.0,0.92,0.05,25.69
2023-02-03 11:00:00,0.0,0.9,0.0503,26.28
2023-02-03 12:00:00,0.0,0.864,0.05,27.13
2023-02-03 13:00:00,0.0,0.855,0.05,27.46
2023-02-03 14:00:00,0.0,0.876,0.05,28.63
2023-02-03 15:00:00,0.0,0.913,0.05,27.68
2023-02-03 16:00:00,0.0,0.924,0.0516,27.88
2023-02-03 17:00:00,0.0,0.899,0.05,27.34
2023-02-03 18:00:00,0.0,0.888,0.0514,27.05
2023-02-03 19:00:00,0.0,0.867,0.05,26.94
2023-02-03 20:00:00,0.0,0.884,0.0514,24.72
2023-02-03 21:00:00,0.0,0.878,0.05,24.42
2023-02-03 22:00:00,0.0,0.935,0.05,23.39
2023-02-03 23:00:00,0.0,0.92,0.0525,21.8
2023-02-04 00:00:00,0.0,0.936,0.05,21.38
2023-02-04 01:00:00,0.0,0.927,0.05,20.39
2023-02-04 02:00:00,0.0,0.94,0.05,20.49
2023-02-04 03:00:00,0.0,0.911,0.05,20.24
2023-02-04 04:00:00,0.0,0.873,0.05,21.19
2023-02-04 05:00:00,0.0,0.837,0.05,20.45
2023-02-04 06:00:00,0.0,0.856,0.05,21.39
2023-02-04 07:00:00,0.0,0.849,0.05,22.11
2023-02-04 08:00:00,0.0,0.874,0.05,23.94
2023-02-04 09:00:00,0.0,0.9,0.05,24.05
2023-02-04 10:00:00,0.0,0.954,0.0543,24.89
2023-02-04 11:00:00,0.0,0.934,0.057,25.91
2023-02-04 12:00:00,0.0,0.87,0.0514,26.73
2023-02-04 13:00:00,0.0,0.84,0.05,27.47
2023-02-04 14:00:00,0.0,0.866,0.05,27.74
2023-02-04 15:00:00,0.0,0.873,0.05,28.31
2023-02-04 16:00:00,0.0,0.868,0.05,27.52
2023-02-04 17:00:00,0.0,0.877,0.0533,28.05
2023-02-04 18:00:00,0.0,0.887,0.05,27.15
2023-02-04 19:00:00,0.0,0.914,0.051,27.11
2023-02-04 20:00:00,0.0,0.93,0.05,25.57
2023-02-04 21:00:00,0.0,0.939,0.0528,
2023-02-04 22:00:00,0.0,0.933,0.05,24.27
2023-02-04 23:00:00,0.0,0.93,0.05,22.52
2023-02-05 00:00:00,0.0,0.934,0.05,21.39
2023-02-05 01:00:00,0.0,0.88,0.0551,20.43
2023-02-05 02:00:00,0.0,0.831,0.05,21.19
2023-02-05 03:00:00,0.0,0.829,0.0532,19.82
2023-02-05 04:00:00,0.0,0.875,0.051,19.89
2023-02-05 05:00:00,0.0,0.878,0.0517,20.29
2023-02-05 06:00:00,0.0,0.9,0.05,21.12
2023-02-05 07:00:00,0.0,0.917,0.05,22.35
2023-02-05 08:00:00,0.0,0.947,0.05,23.16
2023-02-05 09:00:00,0.0,0.937,0.05,24.59
2023-02-05 10:00:00,0.0,0.925,0.05,24.81
2023-02-05 11:00:00,0.0,0.924,0.05,25.89
2023-02-05 12:00:00,0.0,0.917,0.05,27.23
2023-02-05 13:00:00,0.0,0.907,0.0522,27.31
2023-02-05 14:00:00,0.0,0.922,0.0555,27.51
2023-02-05 15:00:00,0.0,0.925,0.05,27.56
2023-02-05 16:00:00,0.0,0.906,0.051,28.16
2023-02-05 17:00:00,0.0,0.888,0.05,27.75
2023-02-05 18:00:00,0.0,0.881,0.05,27.09
2023-02-05 19:00:00,0.0,0.893,0.057,26.93
2023-02-05 20:00:00,0.0,,0.05,25.51
2023-02-05 21:00:00,0.0,0.879,0.05,24.32
2023-02-05 22:00:00,0.0,0.942,0.0526,23.96
2023-02-05 23:00:00,0.0,,0.0571,22.81
2023-02-06 00:00:00,0.0,0.945,0.0508,21.15
2023-02-06 01:00:00,0.0,0.934,0.0575,21.3
2023-02-06 02:00:00,0.0,0.908,0.05,21.37
2023-02-06 03:00:00,0.0,0.887,0.0529,21.24
2023-02-06 04:00:00,0.0,0.872,0.05,20.97
2023-02-06 05:00:00,0.0,0.843,0.05,21.08
2023-02-06 06:00:00,0.0,0.865,0.0508,21.66
2023-02-06 07:00:00,0.0,0.875,0.0539,23.08
2023-02-06 08:00:00,0.0,0.874,0.05,22.64
2023-02-06 09:00:00,0.0,0.883,0.0527,24.98
2023-02-06 10:00:00,0.0,0.902,0.0511,25.45
2023-02-06 11:00:00,0.0,0.912,0.05,25.89
2023-02-06 12:00:00,0.0,0.901,0.0521,26.59
2023-02-06 13:00:00,0.0,0.891,0.05,26.96
2023-02-06 14:00:00,0.0,0.91,0.0531,28.49
2023-02-06 15:00:00,0.0,0.919,0.05,29.31
2023-02-06 16:00:00,0.0,0.914,0.0522,27.96
2023-02-06 17:00:00,0.0,0.91,0.0506,27.38
2023-02-06 18:00:00,0.0,0.897,0.0503,27.78
2023-02-06 19:00:00,0.0,0.868,0.05,26.4
2023-02-06 20:00:00,0.0,0.896,0.05,26.01
2023-02-06 21:00:00,0.0,0.916,0.05,23.86
2023-02-06 22:00:00,0.0,0.965,0.0517,23.64
2023-02-06 23:00:00,0.0,0.928,0.05,23.26
2023-02-07 00:00:00,0.0,0.94,0.05,21.02
2023-02-07 01:00:00,0.0,0.905,0.0517,20.75
2023-02-07 02:00:00,0.0,0.879,0.05,20.33
2023-02-07 03:00:00,0.0,0.866,0.05,20.75
2023-02-07 04:00:00,0.0,0.898,0.0514,21.14
2023-02-07 05:00:00,0.0,0.94,0.0508,20.57
2023-02-07 06:00:00,0.0,0.95,0.056,22.79
2023-02-07 07:00:00,0.0,0.917,0.0527,22.4
2023-02-07 08:00:00,0.0,0.9,0.0502,23.05
2023-02-07 09:00:00,0.0,0.901,0.051,25.09
2023-02-07 10:00:00,0.0,0.909,0.05,25.48
2023-02-07 11:00:00,0.0,0.895,0.05,26.18
2023-02-07 12:00:00,0.0,0.876,0.0526,26.93
2023-02-07 13:00:00,0.0,0.885,0.0548,28.89
2023-02-07 14:00:00,0.0,0.886,0.05,27.74
2023-02-07 15:00:00,0.0,0.884,0.0516,28.94
2023-02-07 16:00:00,0.0,0.91,0.05,27.83
2023-02-07 17:00:00,0.0,0.886,0.0519,27.53
2023-02-07 18:00:00,0.0,0.895,0.05,27.16
2023-02-07 19:00:00,0.0,0.868,0.0506,26.61
2023-02-07 20:00:00,0.0,0.9,0.0513,24.59
2023-02-07 21:00:00,0.0,0.903,0.054,24.1
2023-02-07 22:00:00,0.0,0.875,0.05,23.85
2023-02-07 23:00:00,0.0,0.876,0.0548,22.88
2023-02-08 00:00:00,0.0,0.887,0.0536,21.42
2023-02-08 01:00:00,0.0,0.922,0.0516,20.35
2023-02-08 02:00:00,0.0,0.903,0.05,20.64
2023-02-08 03:00:00,0.0,0.911,0.0532,20.81
2023-02-08 04:00:00,0.0,0.89,0.0557,20.62
2023-02-08 05:00:00,0.0,0.902,0.05,21.64
2023-02-08 06:00:00,0.0,0.905,0.0544,21.43
2023-02-08 07:00:00,0.0,0.923,0.053,21.74
2023-02-08 08:00:00,0.0,0.929,0.0538,23.06
2023-02-08 09:00:00,0.0,0.953,0.0524,24.4
2023-02-08 10:00:00,0.0,0.933,0.0501,25.08
2023-02-08 11:00:00,0.0,0.921,0.05,26.14
2023-02-08 12:00:00,0.0,0.893,0.05,27.71
2023-02-08 13:00:00,0.0,0.87,0.0521,27.46
2023-02-08 14:00:00,0.0,0.873,0.05,27.59
2023-02-08 15:00:00,0.0,0.887,0.05,28.8
2023-02-08 16:00:00,0.0,0.921,0.05,28.58
2023-02-08 17:00:00,0.0,0.908,0.05,27.34
2023-02-08 18:00:00,0.0,0.883,0.0508,27.58
2023-02-08 19:00:00,0.0,0.863,0.0526,25.83
2023-02-08 20:00:00,0.0,0.87,0.0507,25.07
2023-02-08 21:00:00,0.0,0.906,0.05,23.85
2023-02-08 22:00:00,0.0,0.893,0.05,23.13
2023-02-08 23:00:00,0.0,0.917,0.05,22.68
2023-02-09 00:00:00,0.0,0.863,0.05,21.73
2023-02-09 01:00:00,0.0,0.925,0.0523,20.55
2023-02-09 02:00:00,0.0,0.876,0.0503,20.65
2023-02-09 03:00:00,0.0,0.936,0.0501,20.61
2023-02-09 04:00:00,0.0,0.907,0.0548,21.04
2023-02-09 05:00:00,0.0,0.938,0.05,21.14
2023-02-09 06:00:00,0.0,0.882,0.0534,21.96
2023-02-09 07:00:00,0.0,0.893,0.05,22.46
2023-02-09 08:00:00,0.0,0.901,0.0576,22.98
2023-02-09 09:00:00,0.0,0.932,0.0509,24.5
2023-02-09 10:00:00,0.0,0.93,0.05,26.07
2023-02-09 11:00:00,0.0,0.93,0.05,27.06
2023-02-09 12:00:00,0.0,0.929,0.05,25.96
2023-02-09 13:00:00,0.0,0.924,0.0564,28.2
2023-02-09 14:00:00,0.0,0.872,0.05,28.04
2023-02-09 15:00:00,0.0,0.892,0.0538,
2023-02-09 16:00:00,0.0,0.916,0.0529,27.6
2023-02-09 17:00:00,0.0,0.944,0.05,27.67
2023-02-09 18:00:00,5.99,0.98,0.069,25.85
2023-02-09 19:00:00,12.95,1.088,0.1277,24.91
2023-02-09 20:00:00,6.41,1.135,0.1484,25.12
2023-02-09 21:00:00,0.0,1.187,0.1483,24.65
2023-02-09 22:00:00,0.0,1.222,0.1476,24.46
2023-02-09 23:00:00,0.0,1.248,0.1373,22.17
2023-02-10 00:00:00,,1.276,0.1449,21.18
2023-02-10 01:00:00,0.0,1.321,0.1476,21.68
2023-02-10 02:00:00,0.0,1.248,0.138,19.73
2023-02-10 03:00:00,0.0,1.256,0.1449,20.55
2023-02-10 04:00:00,0.0,1.202,0.1408,20.84
2023-02-10 05:00:00,,1.234,0.1372,19.83
2023-02-10 06:00:00,0.0,1.176,0.1408,21.08
2023-02-10 07:00:00,0.0,1.149,0.1388,21.77
2023-02-10 08:00:00,0.0,1.15,0.1419,23.83
2023-02-10 09:00:00,0.0,1.172,0.135,24.13
2023-02-10 10:00:00,0.0,1.177,0.1395,25.36
2023-02-10 11:00:00,0.0,1.164,0.1344,25.64
2023-02-10 12:00:00,0.0,1.135,0.1346,26.87
2023-02-10 13:00:00,0.0,1.129,0.1311,27.52
2023-02-10 14:00:00,0.0,1.074,0.128,28.21
2023-02-10 15:00:00,0.0,1.07,0.1325,28.3
2023-02-10 16:00:00,0.0,1.058,0.1283,29.05
2023-02-10 17:00:00,0.0,1.026,0.1262,28.26
2023-02-10 18:00:00,0.0,1.038,0.1291,26.39
2023-02-10 19:00:00,0.0,1.037,0.1295,26.96
2023-02-10 20:00:00,0.0,1.06,0.1224,25.93
2023-02-10 21:00:00,0.0,1.092,0.1279,24.48
2023-02-10 22:00:00,0.0,1.059,0.1197,23.91
2023-02-10 23:00:00,0.0,1.058,0.1218,23.05
2023-02-11 00:00:00,0.0,1.029,0.123,21.41
2023-02-11 01:00:00,0.0,1.004,0.1093,20.4
2023-02-11 02:00:00,0.0,1.018,0.116,20.9
2023-02-11 03:00:00,0.0,1.017,0.1169,20.07
2023-02-11 04:00:00,0.0,1.044,0.1182,20.75
2023-02-11 05:00:00,0.0,1.066,0.1167,20.5
2023-02-11 06:00:00,0.0,1.078,0.1085,22.14
2023-02-11 07:00:00,0.0,1.082,0.1139,22.1
2023-02-11 08:00:00,0.0,1.034,0.1096,23.34
2023-02-11 09:00:00,0.0,1.017,0.1115,24.34
2023-02-11 10:00:00,0.0,1.04,0.1114,24.81
2023-02-11 11:00:00,0.0,1.054,0.1121,27.02
2023-02-11 12:00:00,0.0,1.056,0.1091,27.95
2023-02-11 13:00:00,0.0,0.997,0.1095,27.87
2023-02-11 14:00:00,0.0,1.004,0.1068,27.96
2023-02-11 15:00:00,0.0,0.989,0.1084,28.36
2023-02-11 16:00:00,0.0,0.998,0.1025,28.09
2023-02-11 17:00:00,0.0,0.949,0.1052,27.93
2023-02-11 18:00:00,0.0,0.951,0.1011,27.15
2023-02-11 19:00:00,0.0,0.973,0.1024,26.02
2023-02-11 20:00:00,0.0,1.036,0.1034,26.08
2023-02-11 21:00:00,0.0,1.022,0.0993,24.37
2023-02-11 22:00:00,0.0,1.023,0.1008,24.41
2023-02-11 23:00:00,0.0,1.021,0.0994,22.53
2023-02-12 00:00:00,0.0,1.028,0.1059,21.48
2023-02-12 01:00:00,0.0,1.019,0.1002,20.9
2023-02-12 02:00:00,0.0,0.998,0.1,20.46
2023-02-12 03:00:00,0.0,0.979,0.0953,20.45
2023-02-12 04:00:00,0.0,0.94,0.0898,20.75
2023-02-12 05:00:00,0.0,0.959,0.0949,20.48
2023-02-12 06:00:00,0.0,0.949,0.0912,21.17
2023-02-12 07:00:00,0.0,0.936,0.096,22.9
2023-02-12 08:00:00,0.0,0.938,0.0955,23.73
2023-02-12 09:00:00,0.0,0.967,0.0946,23.72
2023-02-12 10:00:00,0.0,0.993,0.0929,25.8
2023-02-12 11:00:00,0.0,0.982,0.0897,26.93
2023-02-12 12:00:00,0.0,0.986,0.0893,27.46
2023-02-12 13:00:00,0.0,0.967,0.0919,27.14
2023-02-12 14:00:00,0.0,0.929,0.0958,27.7
2023-02-12 15:00:00,0.0,0.919,0.0898,28.48
2023-02-12 16:00:00,0.0,0.953,0.0893,29.31
2023-02-12 17:00:00,0.0,1.014,0.0931,27.7
2023-02-12 18:00:00,0.0,0.974,0.0865,27.64
2023-02-12 19:00:00,0.0,0.963,0.083,26.18
2023-02-12 20:00:00,0.0,0.979,0.0862,26.39
2023-02-12 21:00:00,0.0,1.002,0.0894,24.53
2023-02-12 22:00:00,0.0,0.985,0.0865,22.86
2023-02-12 23:00:00,0.0,0.966,0.0839,22.1
2023-02-13 00:00:00,0.0,0.971,0.077,21.26
2023-02-13 01:00:00,0.0,0.983,0.0776,21.13
2023-02-13 02:00:00,0.0,0.971,0.0827,20.32
2023-02-13 03:00:00,0.0,0.972,0.0802,20.29
2023-02-13 04:00:00,0.0,0.965,0.0804,21.65
2023-02-13 05:00:00,0.0,0.977,0.0831,
2023-02-13 06:00:00,0.0,0.924,0.0759,21.8
2023-02-13 07:00:00,0.0,0.94,0.0772,22.4
2023-02-13 08:00:00,0.0,0.951,0.0821,23.48
2023-02-13 09:00:00,0.0,0.918,0.0741,24.87
2023-02-13 10:00:00,0.0,0.931,0.0808,24.47
2023-02-13 11:00:00,0.0,0.938,0.0777,26.61
2023-02-13 12:00:00,0.0,0.963,0.0756,27.18
2023-02-13 13:00:00,0.0,0.938,0.0757,28.09
2023-02-13 14:00:00,0.0,0.928,0.0756,28.3
2023-02-13 15:00:00,0.0,0.934,0.0758,28.44
2023-02-13 16:00:00,0.0,0.935,0.067,28.55
2023-02-13 17:00:00,0.0,0.966,0.0763,27.72
2023-02-13 18:00:00,0.0,0.977,0.0725,28.35
2023-02-13 19:00:00,0.0,0.984,0.0747,26.05
2023-02-13 20:00:00,0.0,0.981,0.0719,26.29
2023-02-13 21:00:00,0.0,0.949,0.0766,23.91
2023-02-13 22:00:00,0.0,0.908,0.0674,23.37
2023-02-13 23:00:00,0.0,0.924,0.0739,22.69
2023-02-14 00:00:00,0.0,0.916,0.066,21.27
2023-02-14 01:00:00,0.0,0.913,0.0698,20.6
2023-02-14 02:00:00,0.0,0.912,0.0709,20.56
2023-02-14 03:00:00,0.0,0.93,,21.01
2023-02-14 04:00:00,0.0,0.929,0.0611,20.74
2023-02-14 05:00:00,0.0,0.904,0.0668,22.05
2023-02-14 06:00:00,0.0,0.906,0.0646,22.02
2023-02-14 07:00:00,0.0,0.953,0.0682,22.34
2023-02-14 08:00:00,0.0,0.987,0.0624,22.18
2023-02-14 09:00:00,0.0,0.95,0.063,23.79
2023-02-14 10:00:00,0.0,0.922,0.062,25.47
2023-02-14 11:00:00,0.0,0.913,0.0626,25.78
2023-02-14 12:00:00,0.0,0.943,0.0632,27.3
2023-02-14 13:00:00,0.0,0.947,0.0641,28.14
2023-02-14 14:00:00,0.0,0.983,0.0633,28.28
2023-02-14 15:00:00,0.0,0.967,0.0574,28.43
2023-02-14 16:00:00,0.0,0.972,0.058,29.41
2023-02-14 17:00:00,0.0,0.926,0.0583,28.06
2023-02-14 18:00:00,0.0,0.92,0.0585,27.32
2023-02-14 19:00:00,0.0,0.921,0.0564,26.07
2023-02-14 20:00:00,0.0,0.904,0.0563,25.6
2023-02-14 21:00:00,0.0,0.892,0.062,24.33
2023-02-14 22:00:00,0.0,0.866,0.0586,24.43
2023-02-14 23:00:00,0.0,0.87,0.0539,22.85
2023-02-15 00:00:00,0.0,0.901,0.058,22.48
2023-02-15 01:00:00,0.0,0.9,0.0552,21.24
2023-02-15 02:00:00,0.0,0.918,0.0616,21.36
2023-02-15 03:00:00,0.0,0.876,0.0539,20.1
2023-02-15 04:00:00,0.0,0.904,0.0539,20.86
2023-02-15 05:00:00,0.0,0.882,0.0542,20.7
2023-02-15 06:00:00,0.0,0.905,0.0514,21.55
2023-02-15 07:00:00,0.0,0.876,0.0557,22.62
2023-02-15 08:00:00,0.0,0.903,0.054,23.08
2023-02-15 09:00:00,0.0,0.925,0.0545,23.86
2023-02-15 10:00:00,0.0,0.953,0.0531,26.12
2023-02-15 11:00:00,0.0,0.931,0.0532,25.76
2023-02-15 12:00:00,0.0,0.917,0.057,28.27
2023-02-15 13:00:00,0.0,0.89,0.0533,27.65
2023-02-15 14:00:00,0.0,0.876,0.05,28.74
2023-02-15 15:00:00,0.0,0.892,0.0516,28.91
2023-02-15 16:00:00,0.0,0.941,0.0537,27.91
2023-02-15 17:00:00,0.0,0.977,0.05,28.29
2023-02-15 18:00:00,0.0,0.94,0.05,27.51
2023-02-15 19:00:00,0.0,0.939,0.0518,26.91
2023-02-15 20:00:00,0.0,0.91,0.0529,26.24
2023-02-15 21:00:00,0.0,0.918,0.0505,25.0
2023-02-15 22:00:00,0.0,0.873,0.0513,23.13
2023-02-15 23:00:00,0.0,0.892,0.0541,22.53
2023-02-16 00:00:00,0.0,0.856,0.05,21.39
2023-02-16 01:00:00,0.0,0.852,0.05,20.88
2023-02-16 02:00:00,1.76,0.881,0.056,20.83
2023-02-16 03:00:00,5.41,1.005,0.0786,20.39
2023-02-16 04:00:00,8.41,1.059,0.1122,20.21
2023-02-16 05:00:00,9.85,1.158,0.1522,20.32
2023-02-16 06:00:00,11.04,1.227,0.1981,20.92
2023-02-16 07:00:00,17.92,1.453,0.2641,20.61
2023-02-16 08:00:00,18.57,1.655,0.3323,22.41
2023-02-16 09:00:00,18.44,1.999,0.4051,23.12
2023-02-16 10:00:00,14.77,2.357,0.4637,24.17
2023-02-16 11:00:00,15.79,2.721,0.5,25.61
2023-02-16 12:00:00,16.22,3.013,0.5,25.58
2023-02-16 13:00:00,11.02,3.32,0.4973,27.05
2023-02-16 14:00:00,12.73,3.595,0.498,27.67
2023-02-16 15:00:00,9.45,3.847,0.4991,27.07
2023-02-16 16:00:00,4.24,4.034,0.5,29.18
2023-02-16 17:00:00,1.46,4.171,0.4992,27.65
2023-02-16 18:00:00,0.0,4.2,0.4929,27.23
2023-02-16 19:00:00,0.0,4.17,0.489,26.64
2023-02-16 20:00:00,0.0,4.044,0.4869,26.03
2023-02-16 21:00:00,0.0,3.871,0.4839,25.04
2023-02-16 22:00:00,0.0,3.612,0.4766,24.34
2023-02-16 23:00:00,0.0,3.359,0.4771,22.6
2023-02-17 00:00:00,0.0,3.088,0.4783,22.0
2023-02-17 01:00:00,0.0,2.842,0.4706,20.43
2023-02-17 02:00:00,0.0,2.681,0.4679,20.26
2023-02-17 03:00:00,0.0,2.551,0.4601,20.61
2023-02-17 04:00:00,0.0,2.457,0.4634,20.97
2023-02-17 05:00:00,0.0,2.327,0.4565,21.17
2023-02-17 06:00:00,0.0,2.221,0.4583,22.09
2023-02-17 07:00:00,0.0,2.123,0.4573,22.63
2023-02-17 08:00:00,0.0,2.034,0.4465,23.51
2023-02-17 09:00:00,0.0,1.943,0.4429,25.86
2023-02-17 10:00:00,0.0,1.869,0.4427,25.56
2023-02-17 11:00:00,0.0,1.773,0.4334,27.17
2023-02-17 12:00:00,0.0,1.735,0.4337,26.83
2023-02-17 13:00:00,0.0,1.686,0.4285,28.18
2023-02-17 14:00:00,0.0,1.675,0.4252,28.19
2023-02-17 15:00:00,0.0,1.641,0.4151,29.65
2023-02-17 16:00:00,0.0,1.681,0.4188,28.24
2023-02-17 17:00:00,0.0,1.679,0.4208,28.11
2023-02-17 18:00:00,0.0,1.674,0.4085,27.08
2023-02-17 19:00:00,0.0,1.633,0.402,26.22
2023-02-17 20:00:00,0.0,1.621,0.4053,25.66
2023-02-17 21:00:00,0.0,1.611,0.3971,24.84
2023-02-17 22:00:00,0.0,1.634,0.3968,24.15
2023-02-17 23:00:00,0.0,1.642,0.3918,22.37
2023-02-18 00:00:00,0.0,1.591,0.387,21.57
2023-02-18 01:00:00,0.0,1.614,0.3896,21.87
2023-02-18 02:00:00,0.0,1.6,0.384,21.63
2023-02-18 03:00:00,0.0,1.613,0.3789,20.65
2023-02-18 04:00:00,0.0,1.606,0.3821,21.06
2023-02-18 05:00:00,0.0,1.623,0.3872,22.06
2023-02-18 06:00:00,0.0,1.573,0.3789,23.19
2023-02-18 07:00:00,0.0,1.532,0.3731,22.9
2023-02-18 08:00:00,0.0,1.529,0.3794,24.03
2023-02-18 09:00:00,0.0,1.513,0.3621,24.76
2023-02-18 10:00:00,0.0,1.53,0.3662,24.99
2023-02-18 11:00:00,0.0,1.533,0.3668,26.87
2023-02-18 12:00:00,0.0,1.503,0.3549,28.21
2023-02-18 13:00:00,0.0,1.502,0.3556,27.78
2023-02-18 14:00:00,0.0,1.471,0.3496,27.63
2023-02-18 15:00:00,0.0,1.466,0.3471,28.99
2023-02-18 16:00:00,0.0,1.467,0.3462,27.68
2023-02-18 17:00:00,0.0,1.476,0.3365,27.37
2023-02-18 18:00:00,0.0,1.467,0.3358,26.7
2023-02-18 19:00:00,0.0,1.455,0.3362,25.69
2023-02-18 20:00:00,0.0,1.41,0.3279,26.26
2023-02-18 21:00:00,0.0,1.413,0.3295,24.76
2023-02-18 22:00:00,0.0,1.378,0.3234,24.68
2023-02-18 23:00:00,0.0,1.394,0.3212,23.06
2023-02-19 00:00:00,0.0,1.424,0.326,22.93
2023-02-19 01:00:00,0.0,1.434,0.3215,20.94
2023-02-19 02:00:00,0.0,1.395,0.3185,21.04
2023-02-19 03:00:00,0.0,1.396,0.3159,20.09
2023-02-19 04:00:00,0.0,1.412,0.3162,20.72
2023-02-19 05:00:00,0.0,,0.3116,21.98
2023-02-19 06:00:00,0.0,1.391,0.3087,21.88
2023-02-19 07:00:00,0.0,1.409,0.3119,22.61
2023-02-19 08:00:00,0.0,1.416,0.3046,23.68
2023-02-19 09:00:00,0.0,1.45,0.3081,24.8
2023-02-19 10:00:00,0.0,1.393,0.2998,25.83
2023-02-19 11:00:00,,1.398,0.3011,27.39
2023-02-19 12:00:00,0.0,1.36,0.2969,27.19
2023-02-19 13:00:00,0.0,1.358,0.2951,28.09
2023-02-19 14:00:00,0.0,1.341,0.2915,28.64
2023-02-19 15:00:00,0.0,1.364,0.2901,28.27
2023-02-19 16:00:00,0.0,1.387,0.2896,28.37
2023-02-19 17:00:00,0.0,1.37,0.2799,28.57
2023-02-19 18:00:00,0.0,1.351,0.2845,27.14
2023-02-19 19:00:00,0.0,1.302,0.2766,28.11
2023-02-19 20:00:00,0.0,1.294,0.2696,26.58
2023-02-19 21:00:00,0.0,1.328,0.2749,24.81
2023-02-19 22:00:00,0.0,1.35,0.2733,23.98
2023-02-19 23:00:00,0.0,1.329,0.2704,23.11
2023-02-20 00:00:00,0.0,1.318,0.266,22.21
2023-02-20 01:00:00,0.0,1.312,0.2624,21.34
2023-02-20 02:00:00,0.0,1.33,0.2618,22.27
2023-02-20 03:00:00,0.0,1.342,0.2623,20.4
2023-02-20 04:00:00,0.0,1.341,0.2593,20.7
2023-02-20 05:00:00,0.0,1.318,0.2553,21.33
2023-02-20 06:00:00,0.0,1.311,0.2559,22.25
2023-02-20 07:00:00,0.0,1.257,0.2523,23.76
2023-02-20 08:00:00,0.0,1.257,0.2508,23.72
2023-02-20 09:00:00,0.0,1.23,0.253,25.05
2023-02-20 10:00:00,0.0,1.269,0.2451,25.99
2023-02-20 11:00:00,0.0,1.29,0.2475,26.72
2023-02-20 12:00:00,0.0,1.265,0.2426,28.21
2023-02-20 13:00:00,0.0,1.269,0.2428,28.44
2023-02-20 14:00:00,0.0,1.241,0.2369,29.12
2023-02-20 15:00:00,0.0,1.291,0.2367,28.61
2023-02-20 16:00:00,0.0,1.288,0.2326,28.35
2023-02-20 17:00:00,0.0,1.296,0.2339,28.05
2023-02-20 18:00:00,0.0,1.273,0.2254,27.74
2023-02-20 19:00:00,0.0,1.244,0.2285,27.32
2023-02-20 20:00:00,0.0,1.214,0.2228,26.84
2023-02-20 21:00:00,0.0,1.246,0.223,24.85
2023-02-20 22:00:00,0.0,1.28,0.2222,24.66
2023-02-20 23:00:00,0.0,1.305,0.2237,23.07
2023-02-21 00:00:00,0.0,1.238,0.2151,21.63
2023-02-21 01:00:00,0.0,1.224,0.2131,21.39
2023-02-21 02:00:00,0.0,1.224,0.2206,21.31
2023-02-21 03:00:00,0.0,1.265,0.2148,21.22
2023-02-21 04:00:00,0.0,1.271,0.2093,20.69
2023-02-21 05:00:00,0.0,1.27,0.2118,21.15
2023-02-21 06:00:00,0.0,1.217,0.2102,21.8
2023-02-21 07:00:00,0.0,1.187,0.2084,22.69
2023-02-21 08:00:00,0.0,1.224,0.2092,23.91
2023-02-21 09:00:00,0.0,1.24,0.2017,25.74
2023-02-21 10:00:00,0.0,1.214,0.2052,25.62
2023-02-21 11:00:00,0.0,1.193,0.202,25.97
2023-02-21 12:00:00,0.0,1.193,0.2014,26.77
2023-02-21 13:00:00,0.0,1.228,0.2024,28.67
2023-02-21 14:00:00,0.0,1.227,0.2009,28.38
2023-02-21 15:00:00,0.0,1.239,0.2007,28.93
2023-02-21 16:00:00,0.0,1.241,0.1884,28.3
2023-02-21 17:00:00,0.0,1.25,0.1934,28.18
2023-02-21 18:00:00,0.0,1.223,0.1929,27.46
2023-02-21 19:00:00,0.0,1.188,0.1872,26.45
2023-02-21 20:00:00,0.0,1.189,0.1872,26.45
2023-02-21 21:00:00,0.0,1.185,0.1898,25.45
2023-02-21 22:00:00,0.0,1.191,0.1837,24.08
2023-02-21 23:00:00,0.0,1.171,0.1868,23.82
2023-02-22 00:00:00,0.0,1.153,0.1816,21.34
2023-02-22 01:00:00,0.0,1.13,0.1819,21.26
2023-02-22 02:00:00,0.0,1.168,0.1822,20.79
2023-02-22 03:00:00,0.0,1.177,0.175,21.18
2023-02-22 04:00:00,0.0,1.196,0.1785,20.34
2023-02-22 05:00:00,0.0,1.173,0.1745,21.7
2023-02-22 06:00:00,0.0,1.135,0.1785,21.28
2023-02-22 07:00:00,0.0,1.129,0.1727,23.2
2023-02-22 08:00:00,0.0,1.102,0.1713,24.37
2023-02-22 09:00:00,0.0,1.118,0.1684,24.26
2023-02-22 10:00:00,0.0,1.161,0.1694,25.68
2023-02-22 11:00:00,0.0,1.188,0.1697,27.42
2023-02-22 12:00:00,0.0,1.195,0.1667,28.35
2023-02-22 13:00:00,0.0,1.149,0.1716,27.58
2023-02-22 14:00:00,0.0,1.142,0.1621,28.88
2023-02-22 15:00:00,0.0,1.116,0.1592,29.16
2023-02-22 16:00:00,0.0,1.112,0.1599,28.69
2023-02-22 17:00:00,0.0,1.11,0.1598,29.01
2023-02-22 18:00:00,0.0,1.116,0.1535,27.38
2023-02-22 19:00:00,0.0,1.144,0.1599,26.62
2023-02-22 20:00:00,0.0,1.103,0.1539,25.53
2023-02-22 21:00:00,0.0,1.122,0.1586,24.95
2023-02-22 22:00:00,0.0,1.102,0.1563,23.66
2023-02-22 23:00:00,0.0,1.079,0.1532,23.27
2023-02-23 00:00:00,0.0,1.08,0.1501,21.86
2023-02-23 01:00:00,0.0,1.066,0.1462,21.32
2023-02-23 02:00:00,0.0,1.072,0.1464,21.13
2023-02-23 03:00:00,0.0,1.034,0.1441,20.48
2023-02-23 04:00:00,0.0,1.048,0.143,21.54
2023-02-23 05:00:00,0.0,1.063,0.1462,21.77
2023-02-23 06:00:00,0.0,1.109,0.1453,22.39
2023-02-23 07:00:00,0.0,1.113,0.1387,22.38
2023-02-23 08:00:00,0.0,1.131,0.1408,24.63
2023-02-23 09:00:00,0.0,1.081,0.1387,23.97
2023-02-23 10:00:00,0.0,1.09,0.1443,26.3
2023-02-23 11:00:00,0.0,1.069,0.1324,26.96
2023-02-23 12:00:00,0.0,1.095,0.1432,28.05
2023-02-23 13:00:00,0.0,1.072,0.1379,28.25
2023-02-23 14:00:00,0.0,1.049,0.1272,28.8
2023-02-23 15:00:00,0.0,1.057,0.1316,29.24
2023-02-23 16:00:00,0.0,1.034,0.1336,28.76
2023-02-23 17:00:00,0.0,1.041,0.129,28.46
2023-02-23 18:00:00,1.21,1.076,0.1339,27.72
2023-02-23 19:00:00,2.97,1.135,0.1522,27.69
2023-02-23 20:00:00,4.92,1.151,0.1626,24.64
2023-02-23 21:00:00,7.28,1.222,0.1885,24.81
2023-02-23 22:00:00,10.21,1.341,0.2339,23.06
2023-02-23 23:00:00,9.46,1.442,0.2632,22.11
2023-02-24 00:00:00,14.66,1.666,0.3266,20.0
2023-02-24 01:00:00,12.6,1.876,0.3746,20.78
2023-02-24 02:00:00,12.78,2.176,0.4274,19.22
2023-02-24 03:00:00,16.39,2.51,0.4862,20.03
2023-02-24 04:00:00,14.77,2.78,0.4993,19.32
2023-02-24 05:00:00,15.78,2.983,0.4999,20.62
2023-02-24 06:00:00,13.37,3.208,0.5,20.41
2023-02-24 07:00:00,15.55,3.488,0.5,20.91
2023-02-24 08:00:00,13.84,3.784,0.4994,22.46
2023-02-24 09:00:00,12.14,4.057,0.4998,23.34
2023-02-24 10:00:00,12.12,4.26,0.5,24.63
2023-02-24 11:00:00,12.38,4.437,0.4989,26.53
2023-02-24 12:00:00,10.44,4.548,0.4969,26.44
2023-02-24 13:00:00,7.11,4.655,0.498,27.77
2023-02-24 14:00:00,6.52,4.67,0.4973,28.94
2023-02-24 15:00:00,2.83,4.669,0.4995,28.76
2023-02-24 16:00:00,1.28,4.57,0.4982,29.23
2023-02-24 17:00:00,0.0,4.454,0.4947,28.67
2023-02-24 18:00:00,0.0,4.251,0.4902,28.26
2023-02-24 19:00:00,0.0,4.02,0.4872,26.89
2023-02-24 20:00:00,0.0,3.732,0.4793,26.25
2023-02-24 21:00:00,0.0,3.473,0.4833,25.83
2023-02-24 22:00:00,0.0,3.253,0.4784,23.73
2023-02-24 23:00:00,0.0,3.039,0.4728,23.14
2023-02-25 00:00:00,0.0,2.85,0.4702,21.8
2023-02-25 01:00:00,0.0,2.65,0.4614,22.02
2023-02-25 02:00:00,,2.495,0.4602,20.27
2023-02-25 03:00:00,0.0,2.337,0.4577,20.82
2023-02-25 04:00:00,0.0,2.139,0.4518,21.6
2023-02-25 05:00:00,0.0,2.044,0.4519,21.42
2023-02-25 06:00:00,0.0,2.017,0.4569,21.24
2023-02-25 07:00:00,0.0,1.976,0.4472,22.58
2023-02-25 08:00:00,0.0,1.915,0.4482,23.59
2023-02-25 09:00:00,0.0,1.856,0.4443,25.75
2023-02-25 10:00:00,0.0,1.823,0.4333,26.39
2023-02-25 11:00:00,0.0,1.804,0.4323,27.41
2023-02-25 12:00:00,0.0,1.736,0.4272,27.18
2023-02-25 13:00:00,0.0,1.716,0.4272,28.43
2023-02-25 14:00:00,0.0,1.687,0.4216,29.61
2023-02-25 15:00:00,0.0,1.69,0.4211,29.41
2023-02-25 16:00:00,0.0,1.642,0.4128,
2023-02-25 17:00:00,0.0,1.669,0.4107,28.82
2023-02-25 18:00:00,0.0,1.642,0.4027,27.15
2023-02-25 19:00:00,0.0,1.629,0.3968,26.53
2023-02-25 20:00:00,0.0,1.58,0.3999,25.06
2023-02-25 21:00:00,0.0,1.55,0.3952,24.91
2023-02-25 22:00:00,0.0,1.557,0.3934,24.24
2023-02-25 23:00:00,0.0,1.562,0.3932,22.48
2023-02-26 00:00:00,0.0,1.584,0.3873,22.13
2023-02-26 01:00:00,0.0,1.565,0.3863,21.12
2023-02-26 02:00:00,0.0,1.543,0.3845,20.84
2023-02-26 03:00:00,0.0,1.48,0.3786,20.48
2023-02-26 04:00:00,0.0,1.5,0.3747,21.76
2023-02-26 05:00:00,0.0,1.544,0.38,21.19
2023-02-26 06:00:00,0.0,1.506,0.3727,22.05
2023-02-26 07:00:00,0.0,1.501,0.3697,22.74
2023-02-26 08:00:00,0.0,1.465,0.3631,24.12
2023-02-26 09:00:00,0.0,1.54,0.3637,26.25
2023-02-26 10:00:00,0.0,1.559,0.3607,27.43
2023-02-26 11:00:00,0.0,1.528,0.3537,26.89
2023-02-26 12:00:00,0.0,1.505,0.3555,28.04
2023-02-26 13:00:00,0.0,1.477,0.3491,28.95
2023-02-26 14:00:00,0.0,1.504,0.3398,29.49
2023-02-26 15:00:00,0.0,1.515,0.3415,29.32
2023-02-26 16:00:00,0.0,1.515,0.3426,29.42
2023-02-26 17:00:00,0.0,1.488,0.3338,28.67
2023-02-26 18:00:00,0.0,1.521,0.3407,27.52
2023-02-26 19:00:00,0.0,1.506,0.3319,27.55
2023-02-26 20:00:00,0.0,1.501,0.3344,26.11
2023-02-26 21:00:00,0.0,1.473,0.3217,25.17
2023-02-26 22:00:00,0.0,1.448,0.319,23.29
2023-02-26 23:00:00,0.0,1.466,0.3197,22.62
2023-02-27 00:00:00,0.0,1.429,0.3144,22.02
2023-02-27 01:00:00,0.0,1.439,0.3147,21.84
2023-02-27 02:00:00,0.0,1.439,0.3187,22.08
2023-02-27 03:00:00,0.0,1.452,0.3109,21.43
2023-02-27 04:00:00,0.0,1.431,0.305,21.09
2023-02-27 05:00:00,0.0,1.416,0.3087,21.08
2023-02-27 06:00:00,0.0,1.4,0.3096,22.84
2023-02-27 07:00:00,0.0,1.355,0.2978,23.2
2023-02-27 08:00:00,0.0,1.362,0.2972,22.41
2023-02-27 09:00:00,0.0,1.341,0.299,25.56
2023-02-27 10:00:00,0.0,1.353,0.2927,26.26
2023-02-27 11:00:00,0.0,1.38,0.2933,25.97
2023-02-27 12:00:00,0.0,1.426,0.2954,28.18
2023-02-27 13:00:00,0.0,1.38,0.2872,28.55
2023-02-27 14:00:00,0.0,1.366,0.287,28.25
2023-02-27 15:00:00,0.0,1.386,0.2844,30.06
2023-02-27 16:00:00,0.0,1.392,0.2777,29.12
2023-02-27 17:00:00,0.0,1.389,0.2743,
2023-02-27 18:00:00,0.0,1.375,0.2779,27.48
2023-02-27 19:00:00,0.0,1.349,0.2727,26.94
2023-02-27 20:00:00,0.0,1.343,0.2709,26.0
2023-02-27 21:00:00,0.0,1.333,0.2679,25.33
2023-02-27 22:00:00,0.0,1.348,0.2656,23.89
2023-02-27 23:00:00,0.0,1.315,0.2647,22.83
2023-02-28 00:00:00,0.0,1.309,0.2589,22.33
2023-02-28 01:00:00,0.0,1.291,0.2617,21.4
2023-02-28 02:00:00,0.0,1.266,0.2559,21.16
2023-02-28 03:00:00,0.0,1.237,0.2641,21.77
2023-02-28 04:00:00,0.0,1.246,0.2574,20.97
2023-02-28 05:00:00,0.0,1.252,0.2547,21.53
2023-02-28 06:00:00,0.0,1.244,0.2489,21.84
2023-02-28 07:00:00,0.0,1.249,0.2536,23.61
2023-02-28 08:00:00,0.0,1.284,0.247,23.17
2023-02-28 09:00:00,0.0,1.315,0.2483,24.64
2023-02-28 10:00:00,0.0,1.318,0.2423,26.45
2023-02-28 11:00:00,0.0,1.312,0.2365,26.98
2023-02-28 12:00:00,0.0,1.349,0.2446,28.32
2023-02-28 13:00:00,0.0,1.319,0.2394,28.42
2023-02-28 14:00:00,0.0,1.264,0.2343,28.58
2023-02-28 15:00:00,0.0,1.235,0.2391,28.99
2023-02-28 16:00:00,0.0,1.239,0.231,28.27
2023-02-28 17:00:00,0.0,1.282,0.2325,28.11
2023-02-28 18:00:00,0.0,1.253,0.2219,28.34
2023-02-28 19:00:00,0.0,1.252,0.2238,26.92
2023-02-28 20:00:00,0.0,1.222,0.222,26.07
2023-02-28 21:00:00,0.0,1.257,0.2181,25.12
2023-02-28 22:00:00,0.0,1.271,0.2168,23.23
2023-02-28 23:00:00,0.0,1.259,0.2184,22.27
2023-03-01 00:00:00,0.0,1.243,0.2159,22.46
2023-03-01 01:00:00,0.0,1.22,0.2144,21.42
2023-03-01 02:00:00,0.0,1.238,0.2121,21.12
2023-03-01 03:00:00,0.0,1.209,0.2153,21.4
2023-03-01 04:00:00,0.0,1.163,0.2071,20.76
2023-03-01 05:00:00,0.0,1.158,0.2097,21.35
2023-03-01 06:00:00,0.0,1.157,0.2067,22.09
2023-03-01 07:00:00,0.0,1.185,0.205,23.26
2023-03-01 08:00:00,0.0,1.165,0.1985,23.88
2023-03-01 09:00:00,0.0,1.193,0.2032,24.78
2023-03-01 10:00:00,0.0,1.193,0.1997,26.98
2023-03-01 11:00:00,0.0,1.219,0.2006,27.11
2023-03-01 12:00:00,0.0,1.243,0.2072,28.25
2023-03-01 13:00:00,0.0,1.24,0.1967,27.65
2023-03-01 14:00:00,0.0,1.228,0.1957,28.31
2023-03-01 15:00:00,0.0,1.183,0.1901,29.39
2023-03-01 16:00:00,0.0,1.18,0.1911,28.84
2023-03-01 17:00:00,0.0,1.178,0.1885,28.36
2023-03-01 18:00:00,6.97,1.26,0.2126,26.75
2023-03-01 19:00:00,15.66,1.39,0.2731,26.02
2023-03-01 20:00:00,7.84,1.499,0.3064,25.67
2023-03-01 21:00:00,0.0,1.565,0.3005,25.06
2023-03-01 22:00:00,0.0,1.68,0.2973,24.18
2023-03-01 23:00:00,0.0,1.749,0.302,22.94
2023-03-02 00:00:00,0.0,1.789,0.3006,21.96
2023-03-02 01:00:00,0.0,1.767,0.2913,21.41
2023-03-02 02:00:00,0.0,1.787,0.2953,21.65
2023-03-02 03:00:00,0.0,1.743,0.2853,20.94
2023-03-02 04:00:00,0.0,1.71,0.2855,21.3
2023-03-02 05:00:00,0.0,1.693,0.2828,21.45
2023-03-02 06:00:00,0.0,1.667,0.2829,22.78
2023-03-02 07:00:00,0.0,1.588,0.2824,22.81
2023-03-02 08:00:00,0.0,1.52,0.2764,24.86
2023-03-02 09:00:00,0.0,1.493,0.2766,24.85
2023-03-02 10:00:00,0.0,1.467,0.2727,25.88
2023-03-02 11:00:00,0.0,1.469,0.2737,28.14
2023-03-02 12:00:00,0.0,1.445,0.2709,27.43
2023-03-02 13:00:00,0.0,1.432,0.2722,28.58
2023-03-02 14:00:00,0.0,1.378,0.2602,29.5
2023-03-02 15:00:00,0.0,1.379,0.2663,28.36
2023-03-02 16:00:00,0.0,1.371,0.2638,29.13
2023-03-02 17:00:00,0.43,1.321,0.2581,27.79
2023-03-02 18:00:00,1.24,1.308,0.2612,27.86
2023-03-02 19:00:00,1.79,1.321,0.2681,27.97
2023-03-02 20:00:00,2.85,1.375,0.2794,24.71
2023-03-02 21:00:00,,1.396,0.2826,24.73
2023-03-02 22:00:00,3.29,1.473,0.2984,23.54
2023-03-02 23:00:00,5.38,1.552,0.3206,22.09
2023-03-03 00:00:00,5.03,1.65,0.3375,21.08
2023-03-03 01:00:00,5.41,1.75,0.3568,21.72
2023-03-03 02:00:00,5.41,1.86,0.3712,20.87
2023-03-03 03:00:00,5.66,1.956,0.395,19.68
2023-03-03 04:00:00,5.45,2.084,0.4147,20.29
2023-03-03 05:00:00,5.46,2.218,0.4324,20.89
2023-03-03 06:00:00,3.89,2.373,0.4512,21.17
2023-03-03 07:00:00,3.47,2.417,0.4574,22.87
2023-03-03 08:00:00,3.04,2.488,0.4647,23.96
2023-03-03 09:00:00,3.27,2.56,0.4825,24.97
2023-03-03 10:00:00,1.9,2.629,0.4813,27.03
2023-03-03 11:00:00,1.14,2.598,0.4809,26.59
2023-03-03 12:00:00,0.37,2.546,0.4771,27.73
2023-03-03 13:00:00,0.0,2.514,0.471,28.38
2023-03-03 14:00:00,0.0,2.462,0.4659,29.47
2023-03-03 15:00:00,0.0,2.4,0.4603,29.55
2023-03-03 16:00:00,0.0,2.274,0.4585,28.47
2023-03-03 17:00:00,0.0,2.164,0.4504,29.36
2023-03-03 18:00:00,0.0,2.111,0.4536,27.55
2023-03-03 19:00:00,0.0,2.067,0.4448,27.6
2023-03-03 20:00:00,0.0,2.041,0.4455,26.61
2023-03-03 21:00:00,0.0,1.966,0.4368,25.37
2023-03-03 22:00:00,0.0,1.925,0.4372,23.97
2023-03-03 23:00:00,0.0,1.887,0.4286,23.02
2023-03-04 00:00:00,0.0,1.837,0.4279,22.63
2023-03-04 01:00:00,0.0,1.783,0.4253,22.01
2023-03-04 02:00:00,0.0,1.735,0.4248,21.71
2023-03-04 03:00:00,0.0,1.711,0.4175,21.57
2023-03-04 04:00:00,0.0,1.71,0.4228,21.52
2023-03-04 05:00:00,0.0,1.706,0.4154,22.46
2023-03-04 06:00:00,0.0,1.661,0.4125,22.09
2023-03-04 07:00:00,0.0,1.635,0.4053,23.24
2023-03-04 08:00:00,0.0,1.61,0.4075,23.9
2023-03-04 09:00:00,0.0,1.633,0.4064,26.44
2023-03-04 10:00:00,0.0,1.618,0.3968,26.63
2023-03-04 11:00:00,0.0,1.603,0.3941,27.72
2023-03-04 12:00:00,0.0,1.587,0.3915,28.27
2023-03-04 13:00:00,0.0,1.578,0.3876,28.65
2023-03-04 14:00:00,0.0,1.548,0.3817,30.41
2023-03-04 15:00:00,0.0,1.548,0.382,29.82
2023-03-04 16:00:00,0.0,1.517,0.3807,28.92
2023-03-04 17:00:00,0.0,1.551,0.3734,28.54
2023-03-04 18:00:00,0.0,1.553,0.3674,28.16
2023-03-04 19:00:00,0.0,1.536,0.3635,26.95
2023-03-04 20:00:00,0.0,1.527,0.3711,26.08
2023-03-04 21:00:00,0.0,1.482,0.3596,24.46
2023-03-04 22:00:00,0.0,1.51,0.3599,22.98
2023-03-04 23:00:00,0.0,1.465,0.3506,24.2
2023-03-05 00:00:00,0.0,1.459,0.3509,22.18
2023-03-05 01:00:00,0.0,1.472,0.3541,21.64
2023-03-05 02:00:00,0.0,1.468,0.3459,21.43
2023-03-05 03:00:00,0.0,1.51,0.3437,21.61
2023-03-05 04:00:00,0.0,1.464,0.345,21.78
2023-03-05 05:00:00,0.0,1.473,0.3395,22.31
2023-03-05 06:00:00,0.0,1.446,0.3407,22.72
2023-03-05 07:00:00,0.0,1.483,0.3346,23.12
2023-03-05 08:00:00,0.0,1.464,0.3336,24.85
2023-03-05 09:00:00,0.0,1.482,0.3332,25.17
2023-03-05 10:00:00,0.0,1.453,0.327,26.81
2023-03-05 11:00:00,0.0,1.451,0.3218,26.49
2023-03-05 12:00:00,0.0,1.461,,28.74
2023-03-05 13:00:00,0.0,1.457,0.3165,28.28
2023-03-05 14:00:00,0.0,1.442,0.315,28.4
2023-03-05 15:00:00,0.0,1.402,0.3135,28.61
2023-03-05 16:00:00,0.0,1.403,0.3104,29.22
2023-03-05 17:00:00,0.0,1.431,0.3101,29.86
2023-03-05 18:00:00,0.0,1.442,0.3022,27.99
2023-03-05 19:00:00,0.0,1.462,0.3018,27.2
2023-03-05 20:00:00,0.0,1.452,0.3033,26.68
2023-03-05 21:00:00,0.0,1.42,0.2978,24.97
2023-03-05 22:00:00,0.0,1.413,0.2974,24.15
2023-03-05 23:00:00,0.0,1.375,0.2922,23.08
2023-03-06 00:00:00,0.0,1.372,0.2927,23.46
2023-03-06 01:00:00,0.0,1.341,0.2877,21.87
2023-03-06 02:00:00,0.0,1.335,0.2821,21.81
2023-03-06 03:00:00,0.0,1.366,0.2865,20.94
2023-03-06 04:00:00,0.0,1.352,0.2838,20.87
2023-03-06 05:00:00,0.0,1.381,0.2809,22.17
2023-03-06 06:00:00,0.0,1.37,0.276,22.6
2023-03-06 07:00:00,0.0,1.42,0.2814,23.81
2023-03-06 08:00:00,0.0,1.364,0.277,23.82
2023-03-06 09:00:00,0.0,1.351,0.2705,25.25
2023-03-06 10:00:00,0.0,1.329,0.2744,25.69
2023-03-06 11:00:00,0.0,1.356,0.2719,27.05
2023-03-06 12:00:00,0.0,1.327,0.2647,27.41
2023-03-06 13:00:00,0.0,1.321,0.2603,28.62
2023-03-06 14:00:00,0.0,1.289,0.2617,29.82
2023-03-06 15:00:00,0.0,1.254,0.2572,28.87
2023-03-06 16:00:00,0.0,1.247,0.2634,28.73
2023-03-06 17:00:00,0.0,1.219,0.2498,28.68
2023-03-06 18:00:00,0.0,1.27,0.2553,28.04
2023-03-06 19:00:00,0.0,1.25,0.2471,27.68
2023-03-06 20:00:00,0.0,1.279,0.2455,25.69
2023-03-06 21:00:00,0.0,1.27,0.2418,24.05
2023-03-06 22:00:00,0.0,1.286,0.2428,24.3
2023-03-06 23:00:00,0.0,1.288,0.238,24.15
2023-03-07 00:00:00,0.0,1.276,0.2382,22.42
2023-03-07 01:00:00,0.0,1.268,0.2335,22.08
2023-03-07 02:00:00,0.0,1.241,0.2298,21.44
2023-03-07 03:00:00,0.0,1.272,0.2335,21.72
2023-03-07 04:00:00,0.0,1.257,0.2365,21.33
2023-03-07 05:00:00,0.0,1.262,0.2318,21.84
2023-03-07 06:00:00,0.0,1.266,0.2289,23.33
2023-03-07 07:00:00,0.0,1.309,0.2355,23.91
2023-03-07 08:00:00,0.0,1.26,0.2189,23.96
2023-03-07 09:00:00,0.0,1.252,0.2249,25.01
2023-03-07 10:00:00,0.0,1.222,0.2196,26.08
2023-03-07 11:00:00,0.0,1.252,0.2204,26.78
2023-03-07 12:00:00,0.0,1.245,0.2159,27.89
2023-03-07 13:00:00,0.0,1.255,0.2141,28.75
2023-03-07 14:00:00,0.0,1.262,0.2149,28.82
2023-03-07 15:00:00,0.0,1.249,0.2114,29.6
2023-03-07 16:00:00,0.0,1.215,0.2078,28.37
2023-03-07 17:00:00,0.0,1.185,0.204,28.22
2023-03-07 18:00:00,0.0,1.187,0.2084,28.5
2023-03-07 19:00:00,0.0,1.201,0.2035,28.29
2023-03-07 20:00:00,0.0,1.199,0.1987,26.5
2023-03-07 21:00:00,0.0,1.21,0.1957,24.93
2023-03-07 22:00:00,0.0,1.201,0.2001,23.75
2023-03-07 23:00:00,0.0,1.186,0.1969,23.16
2023-03-08 00:00:00,0.0,1.171,0.1969,23.19
2023-03-08 01:00:00,0.0,1.205,0.2027,22.18
2023-03-08 02:00:00,0.0,1.198,0.1962,20.9
2023-03-08 03:00:00,0.0,1.193,0.1924,21.57
2023-03-08 04:00:00,0.0,1.156,0.1862,22.24
2023-03-08 05:00:00,0.0,1.165,0.1948,22.51
2023-03-08 06:00:00,0.0,1.174,0.1887,23.22
2023-03-08 07:00:00,0.0,1.187,0.1944,23.79
2023-03-08 08:00:00,0.0,1.189,0.1832,23.71
2023-03-08 09:00:00,0.0,1.135,0.1803,24.98
2023-03-08 10:00:00,0.0,1.17,0.1869,27.29
2023-03-08 11:00:00,0.0,1.127,0.1817,27.22
2023-03-08 12:00:00,0.0,1.157,0.1831,27.27
2023-03-08 13:00:00,0.0,1.148,0.1739,29.15
2023-03-08 14:00:00,0.0,1.17,0.1721,29.78
2023-03-08 15:00:00,0.0,1.19,0.171,29.35
2023-03-08 16:00:00,0.0,1.138,0.1641,29.52
2023-03-08 17:00:00,0.0,1.118,0.1692,28.44
2023-03-08 18:00:00,0.0,1.076,0.1636,27.98
2023-03-08 19:00:00,0.0,1.098,0.168,26.48
2023-03-08 20:00:00,0.0,1.115,0.1661,25.88
2023-03-08 21:00:00,0.0,1.131,0.1623,26.1
2023-03-08 22:00:00,0.0,1.118,0.1653,22.69
2023-03-08 23:00:00,0.0,1.088,0.1631,23.19
2023-03-09 00:00:00,0.0,1.077,0.1655,22.33
2023-03-09 01:00:00,0.0,1.109,0.1659,22.26
2023-03-09 02:00:00,0.0,1.141,0.1598,20.5
2023-03-09 03:00:00,0.0,1.123,0.1597,21.05
2023-03-09 04:00:00,0.0,1.113,0.1591,21.27
2023-03-09 05:00:00,,1.114,0.162,22.17
2023-03-09 06:00:00,0.0,1.104,0.1509,22.6
2023-03-09 07:00:00,0.0,1.128,0.1524,22.6
2023-03-09 08:00:00,0.0,1.091,0.1487,24.23
2023-03-09 09:00:00,0.0,1.097,0.1498,25.04
2023-03-09 10:00:00,0.0,1.093,0.1492,26.7
2023-03-09 11:00:00,0.0,1.091,0.1464,27.31
2023-03-09 12:00:00,0.0,1.088,0.1488,29.13
2023-03-09 13:00:00,0.0,1.088,0.1477,28.56
2023-03-09 14:00:00,0.0,1.071,0.1447,29.01
2023-03-09 15:00:00,0.0,1.095,0.1443,29.16
2023-03-09 16:00:00,0.0,1.084,0.1473,29.2
2023-03-09 17:00:00,0.0,1.072,0.1417,29.31
2023-03-09 18:00:00,0.0,1.061,0.1353,28.04
2023-03-09 19:00:00,0.0,1.06,0.1357,27.23
2023-03-09 20:00:00,0.0,1.069,0.1343,26.64
2023-03-09 21:00:00,0.0,1.034,0.14,24.96
2023-03-09 22:00:00,0.0,1.008,0.1332,24.71
2023-03-09 23:00:00,0.0,1.025,0.1306,23.24
2023-03-10 00:00:00,0.0,1.059,0.1294,22.19
2023-03-10 01:00:00,0.0,1.099,0.1302,21.09
2023-03-10 02:00:00,0.0,1.077,0.1292,21.06
2023-03-10 03:00:00,0.0,1.072,0.1279,21.37
2023-03-10 04:00:00,0.0,1.089,0.132,21.56
2023-03-10 05:00:00,0.0,1.089,0.1276,21.87
2023-03-10 06:00:00,0.0,1.115,0.1274,21.91
2023-03-10 07:00:00,0.0,1.082,0.1289,23.37
2023-03-10 08:00:00,0.0,1.07,0.1282,23.66
2023-03-10 09:00:00,0.0,1.019,0.1229,24.84
2023-03-10 10:00:00,0.0,1.045,0.1273,27.05
2023-03-10 11:00:00,0.0,1.024,0.1225,27.41
2023-03-10 12:00:00,0.0,1.059,0.1196,28.51
2023-03-10 13:00:00,0.0,1.03,0.1229,29.64
2023-03-10 14:00:00,0.0,1.039,0.1202,29.29
2023-03-10 15:00:00,0.0,0.998,0.1187,29.94
2023-03-10 16:00:00,0.0,1.024,0.1156,29.52
2023-03-10 17:00:00,0.0,1.011,0.1156,28.56
2023-03-10 18:00:00,0.0,1.018,0.1123,28.21
2023-03-10 19:00:00,0.0,1.022,0.1129,27.08
2023-03-10 20:00:00,0.0,1.04,0.1112,26.8
2023-03-10 21:00:00,0.0,1.068,0.1123,25.96
2023-03-10 22:00:00,0.0,1.067,0.1153,23.74
2023-03-10 23:00:00,0.0,1.041,0.1094,23.02
2023-03-11 00:00:00,0.0,1.013,0.1115,22.49
2023-03-11 01:00:00,0.0,0.984,0.1088,21.63
2023-03-11 02:00:00,0.0,1.009,0.1112,21.52
2023-03-11 03:00:00,0.0,0.998,0.1121,21.68
2023-03-11 04:00:00,0.0,1.025,0.1047,22.28
2023-03-11 05:00:00,0.0,0.986,0.1004,21.79
2023-03-11 06:00:00,0.0,0.976,0.1011,22.4
2023-03-11 07:00:00,0.0,0.93,0.107,23.69
2023-03-11 08:00:00,0.0,0.954,0.1042,24.44
2023-03-11 09:00:00,0.0,0.993,0.0995,24.72
2023-03-11 10:00:00,0.0,1.054,0.1063,26.11
2023-03-11 11:00:00,0.0,1.008,0.0997,27.33
2023-03-11 12:00:00,0.0,0.965,,28.72
2023-03-11 13:00:00,0.0,0.95,0.0978,29.52
2023-03-11 14:00:00,0.0,0.99,0.1016,28.83
2023-03-11 15:00:00,0.0,0.991,0.0945,29.11
2023-03-11 16:00:00,0.0,0.984,0.0997,29.79
2023-03-11 17:00:00,0.0,0.948,0.0966,28.73
2023-03-11 18:00:00,0.0,0.959,0.0982,28.51
2023-03-11 19:00:00,0.0,0.998,0.0955,27.4
2023-03-11 20:00:00,0.0,1.02,0.0935,26.55
2023-03-11 21:00:00,0.0,1.003,0.0937,25.29
2023-03-11 22:00:00,0.0,0.977,0.0912,25.02
2023-03-11 23:00:00,0.0,0.977,0.0882,22.72
2023-03-12 00:00:00,0.0,0.998,0.0916,22.52
2023-03-12 01:00:00,0.0,0.966,0.0888,22.59
2023-03-12 02:00:00,0.0,0.944,0.0922,21.57
2023-03-12 03:00:00,0.0,0.89,0.0915,21.49
2023-03-12 04:00:00,0.0,0.917,0.089,22.16
2023-03-12 05:00:00,0.0,0.951,0.0896,22.31
2023-03-12 06:00:00,0.0,1.026,0.0875,23.13
2023-03-12 07:00:00,0.0,1.018,0.0869,24.14
2023-03-12 08:00:00,0.0,0.974,0.0828,23.78
2023-03-12 09:00:00,0.0,0.949,0.0848,25.31
2023-03-12 10:00:00,0.0,0.953,0.0846,26.16
2023-03-12 11:00:00,0.0,0.986,0.0837,27.7
2023-03-12 12:00:00,0.0,0.994,0.0826,28.88
2023-03-12 13:00:00,0.0,0.961,0.0817,27.75
2023-03-12 14:00:00,0.0,0.964,0.0865,28.61
2023-03-12 15:00:00,0.0,0.913,0.0799,28.5
2023-03-12 16:00:00,0.0,0.946,0.081,28.97
2023-03-12 17:00:00,0.0,0.955,0.0781,29.01
2023-03-12 18:00:00,0.0,0.96,0.0783,29.16
2023-03-12 19:00:00,0.0,0.946,0.074,26.87
2023-03-12 20:00:00,0.0,0.917,0.0741,27.75
2023-03-12 21:00:00,0.0,0.944,0.0738,25.78
2023-03-12 22:00:00,0.0,0.953,0.0705,24.77
2023-03-12 23:00:00,0.0,0.951,0.0745,23.88
2023-03-13 00:00:00,0.0,0.955,0.0709,22.03
2023-03-13 01:00:00,0.0,0.935,0.0699,21.8
2023-03-13 02:00:00,0.0,0.967,0.0791,21.19
2023-03-13 03:00:00,0.0,0.925,0.0756,21.88
2023-03-13 04:00:00,0.0,0.952,0.0779,21.24
2023-03-13 05:00:00,0.0,0.939,0.071,21.99
2023-03-13 06:00:00,0.0,0.97,0.0699,22.4
2023-03-13 07:00:00,0.0,0.974,0.0714,24.27
2023-03-13 08:00:00,0.0,0.965,0.0709,24.22
2023-03-13 09:00:00,0.0,0.946,0.0682,25.01
2023-03-13 10:00:00,0.0,0.894,0.0663,26.83
2023-03-13 11:00:00,0.0,0.908,0.0698,27.53
2023-03-13 12:00:00,0.0,0.921,0.0626,29.09
2023-03-13 13:00:00,0.0,0.962,0.0684,29.18
2023-03-13 14:00:00,0.0,0.938,0.0651,29.56
2023-03-13 15:00:00,0.0,0.935,0.0677,30.0
2023-03-13 16:00:00,0.0,0.913,0.0679,29.65
2023-03-13 17:00:00,0.0,0.912,0.0658,29.42
2023-03-13 18:00:00,0.0,0.875,0.06,28.74
2023-03-13 19:00:00,0.0,0.91,0.0584,27.4
2023-03-13 20:00:00,0.0,0.923,0.0576,25.99
2023-03-13 21:00:00,0.0,0.929,0.0604,25.47
2023-03-13 22:00:00,0.0,0.899,0.0569,23.52
2023-03-13 23:00:00,0.0,0.906,0.0607,23.19
2023-03-14 00:00:00,0.0,0.913,0.0578,22.58
2023-03-14 01:00:00,0.0,0.925,0.0583,22.79
2023-03-14 02:00:00,0.0,0.914,0.0596,21.67
2023-03-14 03:00:00,0.0,0.93,0.0603,22.48
2023-03-14 04:00:00,0.0,0.946,0.0564,21.98
2023-03-14 05:00:00,0.0,0.982,0.0571,21.33
2023-03-14 06:00:00,0.0,0.989,0.059,23.35
2023-03-14 07:00:00,0.0,0.998,0.0571,24.13
2023-03-14 08:00:00,0.0,0.962,0.0566,23.73
2023-03-14 09:00:00,0.0,0.935,0.0586,25.97
2023-03-14 10:00:00,0.0,0.861,0.0534,27.36
2023-03-14 11:00:00,0.0,0.878,0.0581,26.53
2023-03-14 12:00:00,0.0,0.876,0.0619,27.9
2023-03-14 13:00:00,0.0,0.908,0.0554,29.55
2023-03-14 14:00:00,0.0,0.91,0.0527,29.38
2023-03-14 15:00:00,0.0,0.92,0.05,30.35
2023-03-14 16:00:00,0.0,0.883,0.0514,29.95
2023-03-14 17:00:00,0.0,0.862,0.0535,29.49
2023-03-14 18:00:00,0.0,0.855,0.0515,29.03
2023-03-14 19:00:00,0.0,0.9,0.0513,27.2
2023-03-14 20:00:00,0.0,0.939,0.0507,26.49
2023-03-14 21:00:00,0.0,0.959,0.05,26.59
2023-03-14 22:00:00,0.0,0.896,0.05,24.4
2023-03-14 23:00:00,0.0,0.875,0.05,24.16
2023-03-15 00:00:00,0.0,0.859,0.0503,22.73
2023-03-15 01:00:00,0.0,0.884,0.0505,21.81
2023-03-15 02:00:00,0.0,0.894,0.0542,21.3
2023-03-15 03:00:00,0.0,0.874,0.05,21.94
2023-03-15 04:00:00,0.0,0.881,0.0522,22.45
2023-03-15 05:00:00,0.0,0.867,0.0525,22.44
2023-03-15 06:00:00,0.0,0.866,0.05,22.96
2023-03-15 07:00:00,0.0,0.82,0.05,23.09
2023-03-15 08:00:00,0.0,0.844,0.054,24.63
2023-03-15 09:00:00,0.0,0.857,0.05,25.75
2023-03-15 10:00:00,0.0,0.898,0.05,26.26
2023-03-15 11:00:00,0.0,0.916,0.05,
2023-03-15 12:00:00,0.0,0.891,0.05,28.14
2023-03-15 13:00:00,0.0,0.884,0.05,28.93
2023-03-15 14:00:00,0.0,0.892,0.0545,29.91
2023-03-15 15:00:00,0.0,0.888,0.05,30.46
2023-03-15 16:00:00,0.0,0.925,0.0563,30.28
2023-03-15 17:00:00,0.0,0.876,0.0527,29.05
2023-03-15 18:00:00,0.0,0.877,0.05,28.76
2023-03-15 19:00:00,0.0,0.868,0.05,27.98
2023-03-15 20:00:00,0.0,0.887,0.0506,27.01
2023-03-15 21:00:00,0.0,0.883,0.0502,25.73
2023-03-15 22:00:00,0.0,0.891,0.05,25.28
2023-03-15 23:00:00,0.0,0.899,0.05,23.36
2023-03-16 00:00:00,0.0,0.914,0.05,22.31
2023-03-16 01:00:00,0.0,0.888,0.0553,22.42
2023-03-16 02:00:00,0.0,0.901,0.0504,21.69
2023-03-16 03:00:00,0.0,0.888,0.05,22.67
2023-03-16 04:00:00,0.0,0.913,0.05,21.61
2023-03-16 05:00:00,0.0,0.893,0.05,22.76
2023-03-16 06:00:00,0.0,0.894,0.05,23.12
2023-03-16 07:00:00,0.0,0.906,0.0505,23.01
2023-03-16 08:00:00,0.0,0.897,0.0523,24.97
2023-03-16 09:00:00,0.0,0.915,0.0547,25.39
2023-03-16 10:00:00,0.0,0.881,0.0524,27.95
2023-03-16 11:00:00,0.0,0.891,0.0522,27.32
2023-03-16 12:00:00,0.0,0.876,0.0535,28.08
2023-03-16 13:00:00,0.0,0.865,0.05,28.08
2023-03-16 14:00:00,0.0,0.88,0.05,29.19
2023-03-16 15:00:00,0.0,0.887,0.0523,30.07
2023-03-16 16:00:00,0.0,0.929,0.05,29.06
2023-03-16 17:00:00,0.0,0.923,0.05,29.43
2023-03-16 18:00:00,0.0,0.917,0.05,28.67
2023-03-16 19:00:00,0.0,0.926,0.0535,27.22
2023-03-16 20:00:00,0.0,0.908,0.0526,26.69
2023-03-16 21:00:00,0.0,0.904,0.05,25.24
2023-03-16 22:00:00,0.0,0.869,0.0503,25.11
2023-03-16 23:00:00,0.0,0.865,0.0531,22.8
2023-03-17 00:00:00,0.0,0.876,0.05,23.3
2023-03-17 01:00:00,0.0,0.881,0.05,21.93
2023-03-17 02:00:00,0.0,0.907,0.0529,21.95
2023-03-17 03:00:00,0.0,0.886,0.05,21.99
2023-03-17 04:00:00,0.0,0.914,0.05,21.97
2023-03-17 05:00:00,0.0,0.906,0.0524,23.33
2023-03-17 06:00:00,0.0,0.906,0.05,22.72
2023-03-17 07:00:00,0.0,0.888,0.05,23.07
2023-03-17 08:00:00,0.0,0.898,0.05,25.81
2023-03-17 09:00:00,0.0,0.913,0.056,25.94
2023-03-17 10:00:00,0.0,0.888,0.0504,26.87
2023-03-17 11:00:00,0.0,0.923,0.0532,28.88
2023-03-17 12:00:00,0.0,0.927,0.05,27.93
2023-03-17 13:00:00,0.0,0.965,0.0537,29.18
2023-03-17 14:00:00,0.0,0.946,0.05,29.08
2023-03-17 15:00:00,0.0,0.94,0.0541,29.71
2023-03-17 16:00:00,0.0,0.93,0.05,28.91
2023-03-17 17:00:00,0.0,0.933,0.05,29.27
2023-03-17 18:00:00,0.0,0.967,0.0533,28.6
2023-03-17 19:00:00,0.0,0.962,0.0502,27.75
2023-03-17 20:00:00,0.0,0.936,0.05,25.67
2023-03-17 21:00:00,0.0,0.934,0.05,26.15
2023-03-17 22:00:00,0.0,0.9,0.0512,24.61
2023-03-17 23:00:00,0.0,0.891,0.05,25.08
2023-03-18 00:00:00,0.0,0.831,0.0506,22.75
2023-03-18 01:00:00,0.0,0.848,0.0507,22.03
2023-03-18 02:00:00,0.0,0.85,0.05,22.03
2023-03-18 03:00:00,0.0,0.883,0.0511,21.2
2023-03-18 04:00:00,0.0,0.886,0.0522,22.56
2023-03-18 05:00:00,0.0,0.87,0.05,21.88
2023-03-18 06:00:00,0.0,0.892,0.0516,22.57
2023-03-18 07:00:00,0.0,0.892,0.0517,24.24
2023-03-18 08:00:00,0.0,0.908,0.0532,24.91
2023-03-18 09:00:00,0.0,0.869,0.05,25.94
2023-03-18 10:00:00,0.0,0.855,0.05,26.2
2023-03-18 11:00:00,0.0,0.848,0.0517,28.33
2023-03-18 12:00:00,0.0,0.888,0.0563,28.16
2023-03-18 13:00:00,0.0,0.945,0.0535,28.44
2023-03-18 14:00:00,0.0,0.965,0.0536,29.89
2023-03-18 15:00:00,0.0,0.979,0.058,29.74
2023-03-18 16:00:00,0.0,0.931,0.05,29.59
2023-03-18 17:00:00,0.0,0.913,0.0562,29.64
2023-03-18 18:00:00,0.0,0.91,0.052,28.51
2023-03-18 19:00:00,0.0,0.896,0.05,26.97
2023-03-18 20:00:00,0.0,0.941,0.05,26.71
2023-03-18 21:00:00,0.0,0.905,0.05,25.99
2023-03-18 22:00:00,0.0,0.909,0.052,24.9
2023-03-18 23:00:00,0.0,0.899,0.05,23.75
2023-03-19 00:00:00,0.0,0.915,0.0504,24.27
2023-03-19 01:00:00,0.0,0.902,0.0558,23.26
2023-03-19 02:00:00,0.0,0.85,0.0501,21.43
2023-03-19 03:00:00,0.0,0.875,0.0559,21.21
2023-03-19 04:00:00,0.0,0.897,0.0523,22.69
2023-03-19 05:00:00,0.0,0.916,0.0532,22.96
2023-03-19 06:00:00,0.0,0.912,0.05,23.8
2023-03-19 07:00:00,0.0,0.893,0.05,23.67
2023-03-19 08:00:00,0.0,0.888,0.0501,24.78
2023-03-19 09:00:00,0.0,0.881,0.05,25.0
2023-03-19 10:00:00,0.0,0.865,0.052,27.0
2023-03-19 11:00:00,0.0,0.889,0.0539,27.57
2023-03-19 12:00:00,0.0,0.861,0.0574,28.33
2023-03-19 13:00:00,0.0,0.856,0.05,29.82
2023-03-19 14:00:00,0.0,0.846,0.05,29.68
2023-03-19 15:00:00,0.0,0.892,0.053,30.3
2023-03-19 16:00:00,0.0,0.871,0.0502,29.7
2023-03-19 17:00:00,0.0,0.89,0.05,29.63
2023-03-19 18:00:00,0.0,0.902,0.0524,28.06
2023-03-19 19:00:00,0.0,0.936,0.05,27.4
2023-03-19 20:00:00,0.0,0.922,0.0506,27.15
2023-03-19 21:00:00,0.0,0.911,0.0552,26.74
2023-03-19 22:00:00,0.0,0.877,0.0521,25.09
2023-03-19 23:00:00,0.0,0.878,0.0519,23.9
2023-03-20 00:00:00,0.0,0.889,0.0545,23.86
2023-03-20 01:00:00,0.0,0.965,0.05,22.37
2023-03-20 02:00:00,0.0,0.99,0.051,21.68
2023-03-20 03:00:00,0.0,0.98,0.05,21.94
2023-03-20 04:00:00,0.0,0.906,0.0524,22.26
2023-03-20 05:00:00,0.0,0.886,0.05,21.84
2023-03-20 06:00:00,0.0,0.888,0.05,23.18
2023-03-20 07:00:00,0.0,0.911,0.0501,23.08
2023-03-20 08:00:00,0.0,0.891,0.0518,24.75
2023-03-20 09:00:00,0.0,0.872,0.0557,25.86
2023-03-20 10:00:00,0.0,0.861,0.05,26.96
2023-03-20 11:00:00,0.0,0.87,0.05,26.96
2023-03-20 12:00:00,0.0,0.899,0.0508,28.82
2023-03-20 13:00:00,0.0,0.873,0.05,29.84
2023-03-20 14:00:00,0.0,0.9,0.05,30.51
2023-03-20 15:00:00,0.0,0.879,0.05,30.67
2023-03-20 16:00:00,0.0,0.914,0.0517,29.82
2023-03-20 17:00:00,0.0,0.891,0.05,30.64
2023-03-20 18:00:00,0.0,0.916,0.0537,28.39
2023-03-20 19:00:00,0.0,0.9,0.0513,27.57
2023-03-20 20:00:00,0.0,0.895,0.05,26.98
2023-03-20 21:00:00,0.0,0.894,0.05,26.35
2023-03-20 22:00:00,0.0,0.893,0.0512,25.23
2023-03-20 23:00:00,0.0,0.886,0.05,22.75
2023-03-21 00:00:00,0.0,0.899,0.0516,22.68
2023-03-21 01:00:00,0.0,0.925,0.0535,22.91
2023-03-21 02:00:00,0.0,0.969,0.05,21.68
2023-03-21 03:00:00,0.0,0.98,0.05,21.92
2023-03-21 04:00:00,0.0,0.978,0.0538,22.3
2023-03-21 05:00:00,0.0,0.902,0.0542,22.77
2023-03-21 06:00:00,0.0,0.874,0.05,23.59
2023-03-21 07:00:00,0.0,0.851,0.05,24.62
2023-03-21 08:00:00,0.0,0.86,0.05,25.27
2023-03-21 09:00:00,0.0,0.882,0.0507,25.37
2023-03-21 10:00:00,0.0,0.864,0.05,27.32
2023-03-21 11:00:00,0.0,0.876,0.0501,28.53
2023-03-21 12:00:00,0.0,0.829,0.05,29.04
2023-03-21 13:00:00,0.0,0.855,0.05,30.1
2023-03-21 14:00:00,0.0,0.888,0.0503,29.97
2023-03-21 15:00:00,0.0,0.897,0.0503,29.92
2023-03-21 16:00:00,0.0,0.89,0.05,29.43
2023-03-21 17:00:00,0.0,0.894,0.055,30.47
2023-03-21 18:00:00,0.0,0.925,0.05,28.29
2023-03-21 19:00:00,0.0,0.935,0.0501,27.99
2023-03-21 20:00:00,0.0,0.901,0.05,26.84
2023-03-21 21:00:00,0.0,0.88,0.0529,25.32
2023-03-21 22:00:00,0.0,0.867,0.05,25.4
2023-03-21 23:00:00,0.0,0.878,0.0504,24.24
2023-03-22 00:00:00,0.0,0.861,0.05,23.33
2023-03-22 01:00:00,0.0,0.88,0.05,22.26
2023-03-22 02:00:00,0.0,0.884,0.05,22.45
2023-03-22 03:00:00,0.0,0.876,0.05,21.91
2023-03-22 04:00:00,0.0,0.877,0.0516,22.41
2023-03-22 05:00:00,0.0,0.907,0.05,23.29
2023-03-22 06:00:00,0.0,0.942,0.05,21.99
2023-03-22 07:00:00,0.0,0.915,0.05,24.54
2023-03-22 08:00:00,0.0,0.924,0.0505,26.19
2023-03-22 09:00:00,0.0,0.92,0.0514,26.9
2023-03-22 10:00:00,0.0,0.949,0.0505,27.46
2023-03-22 11:00:00,0.0,0.906,0.05,28.65
2023-03-22 12:00:00,0.0,0.897,0.0509,28.44
2023-03-22 13:00:00,0.0,0.895,0.05,29.62
2023-03-22 14:00:00,0.0,0.885,0.05,29.82
2023-03-22 15:00:00,0.0,0.889,0.05,29.8
2023-03-22 16:00:00,0.0,0.875,0.05,30.39
2023-03-22 17:00:00,0.0,0.917,0.0523,29.4
2023-03-22 18:00:00,0.0,0.896,0.05,27.94
2023-03-22 19:00:00,0.0,0.915,0.05,28.26
2023-03-22 20:00:00,0.0,0.911,0.0519,27.06
2023-03-22 21:00:00,0.0,0.94,0.05,26.38
2023-03-22 22:00:00,0.0,0.935,0.0505,24.8
2023-03-22 23:00:00,0.0,0.903,0.0503,23.17
2023-03-23 00:00:00,0.0,0.869,0.05,22.77
2023-03-23 01:00:00,0.0,0.838,0.0554,22.16
2023-03-23 02:00:00,0.0,0.84,0.05,21.71
2023-03-23 03:00:00,0.0,0.88,0.0557,21.8
2023-03-23 04:00:00,0.0,0.885,0.0516,22.59
2023-03-23 05:00:00,0.0,0.9,0.0508,21.93
2023-03-23 06:00:00,0.0,0.89,0.05,23.7
2023-03-23 07:00:00,0.0,0.908,0.051,23.45
2023-03-23 08:00:00,0.0,0.907,0.05,24.86
2023-03-23 09:00:00,0.0,0.91,0.05,26.07
2023-03-23 10:00:00,0.0,0.89,0.05,26.97
2023-03-23 11:00:00,0.0,0.911,0.0526,28.4
2023-03-23 12:00:00,0.0,0.92,0.0528,28.86
2023-03-23 13:00:00,0.0,0.916,0.05,29.47
2023-03-23 14:00:00,0.0,0.886,0.05,28.76
2023-03-23 15:00:00,0.0,0.88,0.05,30.29
2023-03-23 16:00:00,0.0,0.881,0.051,30.89
2023-03-23 17:00:00,0.0,0.896,0.0504,29.3
2023-03-23 18:00:00,0.0,0.874,,29.24
2023-03-23 19:00:00,0.0,0.925,0.0515,27.67
2023-03-23 20:00:00,0.0,0.936,0.0556,27.61
2023-03-23 21:00:00,0.0,0.932,0.05,26.34
2023-03-23 22:00:00,0.0,0.892,0.0531,24.87
2023-03-23 23:00:00,0.0,0.883,0.0553,23.87
2023-03-24 00:00:00,0.0,0.87,0.0546,23.63
2023-03-24 01:00:00,0.0,0.88,0.052,22.69
2023-03-24 02:00:00,0.0,0.877,0.052,21.66
2023-03-24 03:00:00,0.0,0.905,0.0513,21.37
2023-03-24 04:00:00,0.0,0.932,0.0551,22.56
2023-03-24 05:00:00,0.0,0.936,0.05,22.29
2023-03-24 06:00:00,0.0,0.946,0.05,23.32
2023-03-24 07:00:00,0.0,0.936,0.05,24.43
2023-03-24 08:00:00,0.0,0.939,0.0573,24.5
2023-03-24 09:00:00,0.0,0.907,0.0546,25.63
2023-03-24 10:00:00,0.0,0.858,0.05,27.98
2023-03-24 11:00:00,0.0,0.858,0.05,27.93
2023-03-24 12:00:00,0.0,0.849,0.05,29.47
2023-03-24 13:00:00,0.0,0.884,0.0502,30.85
2023-03-24 14:00:00,0.0,0.845,0.0508,30.12
2023-03-24 15:00:00,0.0,0.844,0.05,29.7
2023-03-24 16:00:00,0.0,0.829,0.05,30.06
2023-03-24 17:00:00,0.0,0.927,0.0536,29.5
2023-03-24 18:00:00,0.0,0.931,0.0518,29.0
2023-03-24 19:00:00,0.0,0.933,0.05,28.49
2023-03-24 20:00:00,0.0,0.887,0.0529,27.59
2023-03-24 21:00:00,0.0,0.912,0.0529,25.13
2023-03-24 22:00:00,0.0,0.915,0.0567,25.69
2023-03-24 23:00:00,0.0,0.868,0.05,24.27
2023-03-25 00:00:00,0.0,0.829,0.05,23.07
2023-03-25 01:00:00,0.0,0.835,0.05,23.09
2023-03-25 02:00:00,0.0,0.899,0.0528,21.8
2023-03-25 03:00:00,0.0,0.903,0.05,21.68
2023-03-25 04:00:00,0.0,0.921,0.05,22.85
2023-03-25 05:00:00,0.0,0.887,0.0501,22.75
2023-03-25 06:00:00,0.0,0.909,0.054,24.14
2023-03-25 07:00:00,0.0,0.869,0.05,23.84
2023-03-25 08:00:00,0.0,0.883,0.05,25.29
2023-03-25 09:00:00,0.0,0.899,0.0516,26.38
2023-03-25 10:00:00,0.0,0.887,0.05,27.42
2023-03-25 11:00:00,0.0,0.867,0.05,28.49
2023-03-25 12:00:00,0.0,0.867,0.0556,29.24
2023-03-25 13:00:00,0.0,0.896,0.0517,29.66
2023-03-25 14:00:00,0.0,,0.0536,29.08
2023-03-25 15:00:00,0.0,0.941,0.0522,30.62
2023-03-25 16:00:00,0.0,0.884,0.05,28.86
2023-03-25 17:00:00,0.0,0.834,0.05,29.03
2023-03-25 18:00:00,0.0,0.851,0.05,28.66
2023-03-25 19:00:00,0.0,0.904,0.05,28.64
2023-03-25 20:00:00,0.0,0.91,0.05,27.11
2023-03-25 21:00:00,0.0,0.886,0.05,27.12
2023-03-25 22:00:00,0.0,0.889,0.0523,24.46
2023-03-25 23:00:00,0.0,0.89,0.05,23.63
2023-03-26 00:00:00,0.0,0.92,0.0542,22.28
2023-03-26 01:00:00,0.0,0.898,0.0523,22.2
2023-03-26 02:00:00,0.0,0.91,0.052,22.05
2023-03-26 03:00:00,0.0,0.906,0.0507,22.97
2023-03-26 04:00:00,0.0,0.918,0.0512,22.89
2023-03-26 05:00:00,0.0,0.919,0.05,22.89
2023-03-26 06:00:00,0.0,0.91,0.05,23.25
2023-03-26 07:00:00,0.0,0.926,0.05,24.62
2023-03-26 08:00:00,0.0,0.899,0.05,25.84
2023-03-26 09:00:00,0.0,0.889,0.0514,25.91
2023-03-26 10:00:00,0.0,0.871,0.05,27.0
2023-03-26 11:00:00,0.0,0.85,0.052,28.02
2023-03-26 12:00:00,0.0,0.875,0.052,28.2
2023-03-26 13:00:00,0.0,0.89,0.0508,30.3
2023-03-26 14:00:00,0.0,0.963,0.05,29.81
2023-03-26 15:00:00,0.0,0.974,0.05,30.09
2023-03-26 16:00:00,0.0,0.987,0.05,30.83
2023-03-26 17:00:00,0.0,0.952,0.05,29.43
2023-03-26 18:00:00,0.0,0.958,0.05,29.7
2023-03-26 19:00:00,0.0,0.931,0.05,27.36
2023-03-26 20:00:00,0.0,0.961,0.0557,27.55
2023-03-26 21:00:00,0.0,0.902,0.0556,26.01
2023-03-26 22:00:00,0.0,0.878,0.0546,24.41
2023-03-26 23:00:00,0.0,0.839,0.05,23.67
2023-03-27 00:00:00,0.0,0.89,0.05,23.53
2023-03-27 01:00:00,0.0,0.922,0.0506,22.34
2023-03-27 02:00:00,0.0,0.911,0.05,22.61
2023-03-27 03:00:00,0.0,0.873,0.0501,21.91
2023-03-27 04:00:00,0.0,0.861,0.0513,21.61
2023-03-27 05:00:00,0.0,0.871,0.0521,23.3
2023-03-27 06:00:00,0.0,0.883,0.05,23.6
2023-03-27 07:00:00,0.0,0.889,0.0539,23.38
2023-03-27 08:00:00,0.0,0.89,0.0529,25.58
2023-03-27 09:00:00,0.0,0.908,0.05,26.35
2023-03-27 10:00:00,0.0,0.933,0.0527,27.1
2023-03-27 11:00:00,0.0,0.924,0.05,28.09
2023-03-27 12:00:00,0.0,0.901,0.0501,29.78
2023-03-27 13:00:00,0.0,0.899,0.05,29.91
2023-03-27 14:00:00,0.0,0.911,0.05,30.84
2023-03-27 15:00:00,0.0,0.933,0.05,30.52
2023-03-27 16:00:00,0.0,0.945,0.0582,30.27
2023-03-27 17:00:00,0.0,0.927,0.0519,29.37
2023-03-27 18:00:00,0.0,0.912,0.0504,29.19
2023-03-27 19:00:00,0.0,0.882,0.0554,28.79
2023-03-27 20:00:00,0.0,0.861,0.05,27.36
2023-03-27 21:00:00,0.0,0.883,0.05,27.25
2023-03-27 22:00:00,0.0,0.931,0.05,25.76
2023-03-27 23:00:00,0.0,0.938,0.05,23.68
2023-03-28 00:00:00,0.0,0.895,0.0501,23.26
2023-03-28 01:00:00,0.0,0.888,0.05,23.21
2023-03-28 02:00:00,0.0,0.86,0.05,21.71
2023-03-28 03:00:00,0.0,0.887,0.05,22.28
2023-03-28 04:00:00,0.0,0.877,0.05,22.0
2023-03-28 05:00:00,0.0,0.904,0.05,22.89
2023-03-28 06:00:00,0.0,0.914,0.05,23.04
2023-03-28 07:00:00,0.0,0.928,0.05,24.86
2023-03-28 08:00:00,0.0,0.946,0.05,25.04
2023-03-28 09:00:00,0.0,0.954,0.05,26.67
2023-03-28 10:00:00,0.0,0.93,0.05,26.62
2023-03-28 11:00:00,0.0,0.909,0.0506,28.18
2023-03-28 12:00:00,0.0,0.883,0.05,28.52
2023-03-28 13:00:00,0.0,0.922,0.05,30.4
2023-03-28 14:00:00,0.0,0.909,0.0524,29.81
2023-03-28 15:00:00,0.0,0.897,0.0518,30.29
2023-03-28 16:00:00,0.0,0.867,0.057,30.37
2023-03-28 17:00:00,0.0,0.9,0.0553,29.43
2023-03-28 18:00:00,0.0,0.879,0.05,28.56
2023-03-28 19:00:00,0.0,0.89,0.05,28.43
2023-03-28 20:00:00,0.0,0.911,0.0501,26.4
2023-03-28 21:00:00,0.0,0.917,0.0538,27.01
2023-03-28 22:00:00,0.0,0.894,0.05,25.23
2023-03-28 23:00:00,0.0,0.875,0.054,23.6
2023-03-29 00:00:00,0.0,0.905,0.0509,23.42
2023-03-29 01:00:00,0.0,0.921,0.05,23.21
2023-03-29 02:00:00,0.0,0.934,0.05,22.11
2023-03-29 03:00:00,0.0,0.941,0.0531,21.41
2023-03-29 04:00:00,0.0,0.919,0.0529,22.46
2023-03-29 05:00:00,0.0,0.901,0.0533,23.3
2023-03-29 06:00:00,0.0,0.845,0.05,23.67
2023-03-29 07:00:00,0.0,0.873,0.05,24.59
2023-03-29 08:00:00,0.0,0.918,0.0538,25.83
2023-03-29 09:00:00,0.0,0.934,0.05,27.18
2023-03-29 10:00:00,0.0,0.924,0.0517,26.07
2023-03-29 11:00:00,0.0,0.873,0.05,27.72
2023-03-29 12:00:00,0.0,0.908,0.05,29.3
2023-03-29 13:00:00,0.0,0.924,0.05,29.99
2023-03-29 14:00:00,0.0,0.94,0.0547,29.47
2023-03-29 15:00:00,0.0,0.888,0.0527,29.99
2023-03-29 16:00:00,0.0,0.868,0.05,31.11
2023-03-29 17:00:00,0.0,0.868,0.0566,29.67
2023-03-29 18:00:00,0.0,0.876,0.05,29.32
2023-03-29 19:00:00,0.0,0.883,,29.28
2023-03-29 20:00:00,0.0,0.896,0.0548,27.47
2023-03-29 21:00:00,0.0,0.882,0.05,26.78
2023-03-29 22:00:00,0.0,0.896,0.05,25.63
2023-03-29 23:00:00,0.0,0.899,0.05,24.22
2023-03-30 00:00:00,0.0,0.932,0.05,23.41
2023-03-30 01:00:00,0.0,0.93,0.0528,
2023-03-30 02:00:00,0.0,0.941,0.05,22.57
2023-03-30 03:00:00,0.0,0.939,0.0581,21.93
2023-03-30 04:00:00,0.0,0.877,0.05,23.11
2023-03-30 05:00:00,0.0,0.897,0.0551,21.54
2023-03-30 06:00:00,0.0,0.903,0.0525,24.4
2023-03-30 07:00:00,0.0,0.944,0.05,24.34
2023-03-30 08:00:00,0.0,0.907,0.0508,25.4
2023-03-30 09:00:00,0.0,0.899,0.0525,26.48
2023-03-30 10:00:00,0.0,0.871,0.0519,28.14
2023-03-30 11:00:00,0.0,0.902,0.05,28.52
2023-03-30 12:00:00,0.0,0.907,0.0512,29.25
2023-03-30 13:00:00,0.0,0.916,0.05,29.42
2023-03-30 14:00:00,0.0,0.915,0.0531,29.94
2023-03-30 15:00:00,0.0,0.91,0.0532,30.76
2023-03-30 16:00:00,0.0,0.931,0.05,30.41
2023-03-30 17:00:00,0.0,0.935,0.05,30.74
2023-03-30 18:00:00,0.0,0.913,0.05,28.86
2023-03-30 19:00:00,0.0,0.863,0.05,27.86
2023-03-30 20:00:00,0.0,0.878,0.05,27.62
2023-03-30 21:00:00,0.0,0.874,0.0513,26.39
2023-03-30 22:00:00,0.0,0.882,0.05,24.8
2023-03-30 23:00:00,0.0,0.852,0.0503,24.18
2023-03-31 00:00:00,0.0,0.866,0.05,24.01
2023-03-31 01:00:00,0.0,0.859,0.05,22.36
2023-03-31 02:00:00,0.0,,0.0518,22.05
2023-03-31 03:00:00,0.0,0.857,0.0516,22.12
2023-03-31 04:00:00,0.0,0.887,0.05,22.27
2023-03-31 05:00:00,0.0,0.894,0.05,23.42
2023-03-31 06:00:00,0.0,0.943,0.0547,23.38
2023-03-31 07:00:00,0.0,0.945,0.0551,25.3
2023-03-31 08:00:00,0.0,0.944,0.0534,24.93
2023-03-31 09:00:00,0.0,0.898,0.0519,26.67
2023-03-31 10:00:00,0.0,0.873,0.05,27.5
2023-03-31 11:00:00,0.0,0.867,0.0538,28.49
2023-03-31 12:00:00,0.0,0.902,0.0517,28.08
2023-03-31 13:00:00,0.0,0.911,0.05,29.4
2023-03-31 14:00:00,0.0,0.913,0.0521,30.27
2023-03-31 15:00:00,0.0,0.904,0.05,29.5
2023-03-31 16:00:00,0.0,0.878,0.0525,28.89
2023-03-31 17:00:00,0.0,0.868,0.0534,29.33
2023-03-31 18:00:00,0.0,0.857,0.0516,29.48
2023-03-31 19:00:00,0.0,0.886,0.05,28.72
2023-03-31 20:00:00,0.0,0.915,0.0519,26.91
2023-03-31 21:00:00,0.0,0.916,0.0517,26.39
2023-03-31 22:00:00,0.0,0.919,0.05,25.66
2023-03-31 23:00:00,0.22,0.901,0.05,25.13
2023-04-01 00:00:00,0.74,0.937,0.0588,24.28
2023-04-01 01:00:00,1.14,0.92,,23.41
2023-04-01 02:00:00,1.84,0.929,0.0625,22.22
2023-04-01 03:00:00,2.39,0.921,0.0672,22.27
2023-04-01 04:00:00,2.57,0.997,0.0875,22.45
2023-04-01 05:00:00,2.94,1.022,0.1006,22.67
2023-04-01 06:00:00,3.37,1.057,0.1118,22.68
2023-04-01 07:00:00,3.33,1.094,0.1185,24.92
2023-04-01 08:00:00,3.48,1.161,0.1345,25.37
2023-04-01 09:00:00,3.74,1.206,0.1435,26.6
2023-04-01 10:00:00,4.18,1.25,0.1649,27.48
2023-04-01 11:00:00,3.93,1.295,0.1742,27.93
2023-04-01 12:00:00,3.13,1.342,0.1849,28.3
2023-04-01 13:00:00,3.01,1.407,0.1967,30.08
2023-04-01 14:00:00,3.22,1.432,0.2062,30.42
2023-04-01 15:00:00,3.29,1.483,0.2211,30.35
2023-04-01 16:00:00,2.67,1.507,0.2248,31.21
2023-04-01 17:00:00,2.34,1.595,0.2422,29.48
2023-04-01 18:00:00,2.39,1.625,0.2434,28.97
2023-04-01 19:00:00,1.89,1.662,0.246,28.45
2023-04-01 20:00:00,1.18,1.657,0.2466,27.21
2023-04-01 21:00:00,0.79,1.631,0.2497,26.34
2023-04-01 22:00:00,0.24,1.599,0.2488,25.99
2023-04-01 23:00:00,0.0,1.554,0.2467,24.21
2023-04-02 00:00:00,0.0,1.523,0.2442,23.47
2023-04-02 01:00:00,0.0,1.483,0.2414,23.41
2023-04-02 02:00:00,0.0,1.493,,22.06
2023-04-02 03:00:00,0.0,1.473,0.2448,22.55
2023-04-02 04:00:00,0.0,1.46,0.2362,22.66
2023-04-02 05:00:00,0.0,1.434,0.2369,23.44
2023-04-02 06:00:00,0.0,1.434,0.2299,24.16
2023-04-02 07:00:00,0.0,1.423,0.2318,24.51
2023-04-02 08:00:00,0.0,1.428,0.2374,25.51
2023-04-02 09:00:00,0.0,1.375,0.2331,26.57
2023-04-02 10:00:00,0.0,1.307,0.2293,27.47
2023-04-02 11:00:00,0.0,1.249,0.2218,29.23
2023-04-02 12:00:00,0.0,1.248,0.2209,29.67
2023-04-02 13:00:00,0.0,1.247,0.2192,30.69
2023-04-02 14:00:00,0.0,1.244,0.2216,30.01
2023-04-02 15:00:00,0.0,1.244,0.2201,31.21
2023-04-02 16:00:00,0.0,1.244,0.214,30.51
2023-04-02 17:00:00,0.0,1.243,0.2146,30.39
2023-04-02 18:00:00,0.0,1.208,0.2077,28.46
2023-04-02 19:00:00,0.0,1.175,0.2088,29.4
2023-04-02 20:00:00,0.0,1.191,0.2091,27.84
2023-04-02 21:00:00,0.0,1.191,0.2089,27.52
2023-04-02 22:00:00,0.0,1.211,0.1989,26.11
2023-04-02 23:00:00,0.0,1.221,0.2052,23.56
2023-04-03 00:00:00,0.0,1.218,0.2065,24.57
2023-04-03 01:00:00,0.0,1.175,0.1936,23.27
2023-04-03 02:00:00,0.0,1.167,0.1917,23.1
2023-04-03 03:00:00,0.0,1.183,0.1999,22.91
2023-04-03 04:00:00,0.0,1.165,0.1925,22.73
2023-04-03 05:00:00,0.0,1.146,0.1917,22.97
2023-04-03 06:00:00,,1.166,0.1945,24.16
2023-04-03 07:00:00,0.0,1.157,0.1868,24.22
2023-04-03 08:00:00,0.0,1.2,0.1887,25.62
2023-04-03 09:00:00,0.0,1.187,0.1822,27.34
2023-04-03 10:00:00,0.0,1.177,0.1872,27.06
2023-04-03 11:00:00,0.0,1.105,0.1855,28.54
2023-04-03 12:00:00,0.0,1.076,0.1816,30.05
2023-04-03 13:00:00,0.0,1.093,0.1793,29.69
2023-04-03 14:00:00,0.0,1.161,0.1775,29.55
2023-04-03 15:00:00,0.0,1.177,0.1753,29.65
2023-04-03 16:00:00,0.0,1.155,0.1738,30.27
2023-04-03 17:00:00,0.0,1.14,0.1748,30.95
2023-04-03 18:00:00,0.0,1.079,0.1652,29.09
2023-04-03 19:00:00,0.0,1.112,0.1745,28.5
2023-04-03 20:00:00,0.0,1.105,0.168,27.7
2023-04-03 21:00:00,0.0,1.142,0.1727,27.19
2023-04-03 22:00:00,0.0,1.143,0.1653,26.03
2023-04-03 23:00:00,0.0,1.153,0.1633,24.56
2023-04-04 00:00:00,0.0,1.177,0.1639,24.16
2023-04-04 01:00:00,0.0,1.153,0.157,23.76
2023-04-04 02:00:00,0.0,1.07,0.1565,22.0
2023-04-04 03:00:00,0.0,1.069,0.158,22.5
2023-04-04 04:00:00,0.0,1.078,0.1577,22.23
2023-04-04 05:00:00,0.0,1.138,0.1595,22.86
2023-04-04 06:00:00,0.0,1.138,0.1554,24.19
2023-04-04 07:00:00,0.0,1.13,0.1583,24.09
2023-04-04 08:00:00,0.0,1.106,0.1446,26.81
2023-04-04 09:00:00,0.0,1.125,0.1567,27.02
2023-04-04 10:00:00,0.0,1.103,0.1487,27.43
2023-04-04 11:00:00,0.0,1.093,0.1506,28.62
2023-04-04 12:00:00,0.0,1.081,0.1507,28.88
2023-04-04 13:00:00,0.0,1.061,0.1417,29.42
2023-04-04 14:00:00,0.0,1.093,0.1485,30.36
2023-04-04 15:00:00,0.0,1.075,0.1449,31.34
2023-04-04 16:00:00,0.0,1.104,0.1466,29.85
2023-04-04 17:00:00,0.0,1.09,0.14,30.77
2023-04-04 18:00:00,0.0,1.122,0.1384,29.43
2023-04-04 19:00:00,0.0,1.091,0.1349,28.81
2023-04-04 20:00:00,0.0,1.061,0.1338,27.76
2023-04-04 21:00:00,0.0,1.022,0.1345,27.08
2023-04-04 22:00:00,0.0,1.017,0.1353,26.2
2023-04-04 23:00:00,0.0,1.021,0.1348,24.58
2023-04-05 00:00:00,0.0,1.002,0.1285,24.17
2023-04-05 01:00:00,0.0,1.02,0.1302,23.93
2023-04-05 02:00:00,0.0,1.043,0.1302,23.29
2023-04-05 03:00:00,0.0,1.049,0.1222,22.54
2023-04-05 04:00:00,0.0,1.086,0.1303,22.78
2023-04-05 05:00:00,0.0,1.071,0.126,22.78
2023-04-05 06:00:00,0.0,1.069,0.1258,24.82
2023-04-05 07:00:00,0.0,1.047,0.1292,24.9
2023-04-05 08:00:00,0.0,1.044,0.1208,25.01
2023-04-05 09:00:00,0.0,1.025,0.1201,26.32
2023-04-05 10:00:00,0.0,0.989,0.1148,27.7
2023-04-05 11:00:00,0.0,0.991,0.1202,29.41
2023-04-05 12:00:00,0.0,1.022,0.1225,29.48
2023-04-05 13:00:00,0.0,1.04,0.1117,30.51
2023-04-05 14:00:00,0.0,1.04,0.1137,30.25
2023-04-05 15:00:00,0.0,1.071,0.1161,31.06
2023-04-05 16:00:00,0.0,1.069,0.113,31.26
2023-04-05 17:00:00,0.0,1.028,0.1119,30.6
2023-04-05 18:00:00,0.0,0.978,0.1126,28.34
2023-04-05 19:00:00,0.0,0.941,0.1166,28.67
2023-04-05 20:00:00,0.0,0.968,0.1103,27.25
2023-04-05 21:00:00,0.0,0.993,0.1099,27.08
2023-04-05 22:00:00,0.0,1.052,0.1097,25.74
2023-04-05 23:00:00,0.0,1.022,0.1015,25.6
2023-04-06 00:00:00,0.0,1.016,0.1075,23.8
2023-04-06 01:00:00,0.0,0.979,0.1011,23.37
2023-04-06 02:00:00,0.0,0.982,0.1051,22.87
2023-04-06 03:00:00,0.0,0.998,0.1075,23.15
2023-04-06 04:00:00,0.0,0.999,0.1023,22.44
2023-04-06 05:00:00,0.0,1.036,0.106,22.83
2023-04-06 06:00:00,0.0,1.04,0.0968,23.68
2023-04-06 07:00:00,0.0,1.013,0.102,25.09
2023-04-06 08:00:00,0.0,1.008,0.1012,26.28
2023-04-06 09:00:00,0.0,0.97,0.0914,26.75
2023-04-06 10:00:00,0.0,1.049,0.1001,28.12
2023-04-06 11:00:00,0.0,1.029,0.0887,29.05
2023-04-06 12:00:00,0.0,1.046,0.0972,29.59
2023-04-06 13:00:00,0.0,1.023,0.097,30.22
2023-04-06 14:00:00,0.0,1.014,0.0934,31.04
2023-04-06 15:00:00,0.0,1.028,0.0942,31.75
2023-04-06 16:00:00,0.0,1.03,0.0995,31.15
2023-04-06 17:00:00,0.0,0.995,0.0901,30.86
2023-04-06 18:00:00,0.0,0.97,0.0873,30.64
2023-04-06 19:00:00,,0.991,0.0961,28.44
2023-04-06 20:00:00,0.0,0.974,0.0897,28.18
2023-04-06 21:00:00,0.0,0.988,0.0918,27.52
2023-04-06 22:00:00,0.0,0.966,0.0826,26.23
2023-04-06 23:00:00,0.0,0.961,0.0794,24.49
2023-04-07 00:00:00,0.0,0.974,0.0835,23.62
2023-04-07 01:00:00,0.0,0.969,0.085,24.2
2023-04-07 02:00:00,0.0,0.969,0.0833,23.19
2023-04-07 03:00:00,0.0,0.973,0.0827,23.0
2023-04-07 04:00:00,0.0,0.942,0.078,22.99
2023-04-07 05:00:00,0.0,0.939,0.0837,24.14
2023-04-07 06:00:00,0.0,0.922,0.0816,24.5
2023-04-07 07:00:00,0.0,0.912,0.0751,24.75
2023-04-07 08:00:00,0.0,0.964,0.0801,26.27
2023-04-07 09:00:00,0.0,0.958,0.0799,26.93
2023-04-07 10:00:00,0.0,0.959,0.0827,28.32
2023-04-07 11:00:00,0.0,0.923,0.0771,29.52
2023-04-07 12:00:00,0.0,0.966,0.0809,30.29
2023-04-07 13:00:00,0.0,0.972,0.0798,
2023-04-07 14:00:00,0.0,0.953,0.0739,30.97
2023-04-07 15:00:00,0.0,0.94,0.0776,31.58
2023-04-07 16:00:00,0.0,0.979,0.0782,30.35
2023-04-07 17:00:00,0.0,0.971,0.0773,31.3
2023-04-07 18:00:00,0.0,0.943,0.0743,29.98
2023-04-07 19:00:00,0.0,0.89,0.0722,29.32
2023-04-07 20:00:00,0.0,0.897,0.0678,28.36
2023-04-07 21:00:00,0.0,0.928,0.0748,26.17
2023-04-07 22:00:00,0.0,0.952,0.0663,26.31
2023-04-07 23:00:00,0.0,0.966,0.0696,25.09
2023-04-08 00:00:00,0.0,0.97,0.0728,23.84
2023-04-08 01:00:00,0.0,0.946,0.066,24.24
2023-04-08 02:00:00,0.0,0.953,0.0685,22.09
2023-04-08 03:00:00,0.0,0.922,0.0633,22.59
2023-04-08 04:00:00,0.0,0.928,0.0664,23.76
2023-04-08 05:00:00,0.0,0.885,0.064,23.94
2023-04-08 06:00:00,0.0,0.924,0.0642,23.8
2023-04-08 07:00:00,0.0,0.957,0.0677,24.54
2023-04-08 08:00:00,0.0,0.975,0.0674,25.78
2023-04-08 09:00:00,0.0,0.952,0.0632,27.09
2023-04-08 10:00:00,0.0,0.94,0.0651,27.76
2023-04-08 11:00:00,0.0,0.97,0.0623,28.9
2023-04-08 12:00:00,0.0,0.962,0.062,29.82
2023-04-08 13:00:00,0.0,0.93,0.0589,30.25
2023-04-08 14:00:00,0.0,0.915,0.0602,30.6
2023-04-08 15:00:00,0.0,0.929,0.0552,30.37
2023-04-08 16:00:00,0.0,0.965,0.0668,30.81
2023-04-08 17:00:00,,0.973,0.0635,30.4
2023-04-08 18:00:00,0.0,0.974,0.0667,29.32
2023-04-08 19:00:00,0.0,0.976,0.0621,29.1
2023-04-08 20:00:00,0.0,0.947,0.0591,28.58
2023-04-08 21:00:00,0.0,0.91,0.0511,26.99
2023-04-08 22:00:00,0.0,0.945,0.0603,26.14
2023-04-08 23:00:00,0.0,0.932,0.0608,25.45
2023-04-09 00:00:00,0.0,0.929,0.0529,24.17
2023-04-09 01:00:00,0.0,0.917,0.0576,23.99
2023-04-09 02:00:00,0.0,0.934,0.056,22.0
2023-04-09 03:00:00,0.0,0.905,0.0549,22.66
2023-04-09 04:00:00,0.0,0.902,0.0564,22.6
2023-04-09 05:00:00,0.0,0.886,0.0557,24.25
2023-04-09 06:00:00,0.0,0.91,0.0509,24.5
2023-04-09 07:00:00,0.0,0.924,0.0564,24.41
2023-04-09 08:00:00,0.0,0.945,0.05,25.49
2023-04-09 09:00:00,0.0,0.961,0.054,26.33
2023-04-09 10:00:00,0.0,0.948,0.053,28.21
2023-04-09 11:00:00,0.0,0.941,0.05,29.11
2023-04-09 12:00:00,0.0,0.917,0.0548,29.63
2023-04-09 13:00:00,0.0,0.936,0.05,30.04
2023-04-09 14:00:00,0.0,0.894,0.0508,30.86
2023-04-09 15:00:00,0.0,0.929,0.0506,32.3
2023-04-09 16:00:00,0.0,0.903,0.0548,30.68
2023-04-09 17:00:00,0.0,0.912,0.052,31.05
2023-04-09 18:00:00,0.0,0.88,0.05,29.69
2023-04-09 19:00:00,0.0,0.882,0.05,29.49
2023-04-09 20:00:00,0.0,0.92,0.0549,28.35
2023-04-09 21:00:00,0.0,0.884,0.05,26.99
2023-04-09 22:00:00,0.0,0.903,,26.29
2023-04-09 23:00:00,0.0,0.89,0.05,25.61
2023-04-10 00:00:00,0.0,0.911,0.055,24.27
2023-04-10 01:00:00,0.0,0.885,0.05,23.51
2023-04-10 02:00:00,0.0,0.859,0.05,23.53
2023-04-10 03:00:00,0.0,0.871,0.05,23.88
2023-04-10 04:00:00,0.0,0.893,0.05,22.5
2023-04-10 05:00:00,0.0,0.908,0.0522,22.96
2023-04-10 06:00:00,0.0,0.914,0.05,24.94
2023-04-10 07:00:00,0.0,0.899,0.0511,24.79
2023-04-10 08:00:00,0.0,0.946,0.0549,26.65
2023-04-10 09:00:00,0.0,0.934,0.05,26.72
2023-04-10 10:00:00,0.0,0.928,0.0531,27.86
2023-04-10 11:00:00,0.0,0.897,0.0527,29.58
2023-04-10 12:00:00,0.0,0.901,0.05,30.26
2023-04-10 13:00:00,0.0,0.915,0.0541,29.96
2023-04-10 14:00:00,0.0,0.924,0.05,31.22
2023-04-10 15:00:00,0.0,0.886,0.05,30.73
2023-04-10 16:00:00,0.0,0.887,0.05,31.14
2023-04-10 17:00:00,0.0,0.866,0.05,30.56
2023-04-10 18:00:00,0.0,0.91,0.05,29.8
2023-04-10 19:00:00,0.0,0.94,0.05,28.75
2023-04-10 20:00:00,0.0,0.966,0.0517,27.26
2023-04-10 21:00:00,0.0,0.949,0.05,26.75
2023-04-10 22:00:00,0.0,0.946,0.0506,26.37
2023-04-10 23:00:00,0.0,0.937,0.052,25.29
2023-04-11 00:00:00,0.0,0.941,0.0546,23.87
2023-04-11 01:00:00,0.0,0.905,0.05,24.2
2023-04-11 02:00:00,0.0,0.898,0.05,23.43
2023-04-11 03:00:00,0.0,0.922,0.0524,23.43
2023-04-11 04:00:00,0.0,0.934,0.0538,22.74
2023-04-11 05:00:00,0.0,0.917,0.0502,24.56
2023-04-11 06:00:00,0.0,0.915,0.0502,24.53
2023-04-11 07:00:00,0.0,0.906,0.05,25.89
2023-04-11 08:00:00,0.0,0.921,0.05,25.77
2023-04-11 09:00:00,0.0,0.908,0.05,26.21
2023-04-11 10:00:00,0.0,0.931,0.05,27.69
2023-04-11 11:00:00,0.0,0.939,0.052,29.64
2023-04-11 12:00:00,0.0,0.945,0.0525,29.39
2023-04-11 13:00:00,0.0,0.919,0.05,31.33
2023-04-11 14:00:00,0.0,0.898,0.0502,30.63
2023-04-11 15:00:00,0.0,0.891,0.05,31.32
2023-04-11 16:00:00,0.0,0.901,0.05,31.11
2023-04-11 17:00:00,0.0,0.951,0.0504,30.43
2023-04-11 18:00:00,0.0,0.957,0.0529,29.8
2023-04-11 19:00:00,0.0,0.949,0.05,28.63
2023-04-11 20:00:00,0.0,0.901,0.0513,29.14
2023-04-11 21:00:00,0.0,0.875,0.05,27.38
2023-04-11 22:00:00,0.0,0.849,0.05,25.28
2023-04-11 23:00:00,0.0,0.84,0.05,24.45
2023-04-12 00:00:00,0.0,0.872,0.06,24.61
2023-04-12 01:00:00,0.0,0.894,0.05,23.71
2023-04-12 02:00:00,0.0,0.919,0.0505,22.4
2023-04-12 03:00:00,0.0,0.909,0.0512,24.45
2023-04-12 04:00:00,0.0,0.881,0.0501,21.92
2023-04-12 05:00:00,0.0,0.872,0.05,23.48
2023-04-12 06:00:00,0.0,0.886,0.0517,24.36
2023-04-12 07:00:00,0.0,0.878,0.05,24.83
2023-04-12 08:00:00,0.0,0.841,0.0511,26.57
2023-04-12 09:00:00,0.0,0.827,0.05,27.43
2023-04-12 10:00:00,0.0,0.831,0.053,28.28
2023-04-12 11:00:00,0.0,0.885,0.05,29.14
2023-04-12 12:00:00,0.0,0.926,0.05,30.27
2023-04-12 13:00:00,0.0,0.911,0.05,30.53
2023-04-12 14:00:00,0.0,0.91,0.0525,30.28
2023-04-12 15:00:00,0.0,0.907,0.0525,31.66
2023-04-12 16:00:00,0.0,0.92,0.05,31.91
2023-04-12 17:00:00,0.0,0.88,0.05,30.68
2023-04-12 18:00:00,0.0,0.893,0.0528,30.06
2023-04-12 19:00:00,0.0,0.897,0.05,29.16
2023-04-12 20:00:00,0.0,0.949,0.0518,27.55
2023-04-12 21:00:00,0.0,0.92,0.05,26.9
2023-04-12 22:00:00,0.0,0.948,0.0505,26.54
2023-04-12 23:00:00,0.0,0.94,0.053,25.3
2023-04-13 00:00:00,0.0,0.926,0.05,25.26
2023-04-13 01:00:00,0.0,0.894,0.05,24.14
2023-04-13 02:00:00,0.0,0.876,0.05,23.16
2023-04-13 03:00:00,0.0,0.881,0.0508,23.57
2023-04-13 04:00:00,0.0,0.886,0.05,23.27
2023-04-13 05:00:00,0.0,0.907,0.0528,22.94
2023-04-13 06:00:00,0.0,0.898,0.05,24.92
2023-04-13 07:00:00,0.0,0.932,0.0515,25.48
2023-04-13 08:00:00,0.0,0.95,0.05,27.67
2023-04-13 09:00:00,0.0,0.966,0.0524,26.96
2023-04-13 10:00:00,0.0,0.97,0.0536,28.63
2023-04-13 11:00:00,0.0,0.965,0.0523,28.86
2023-04-13 12:00:00,0.0,0.95,0.05,29.63
2023-04-13 13:00:00,0.0,0.936,0.0544,31.86
2023-04-13 14:00:00,0.0,0.907,0.0521,30.06
2023-04-13 15:00:00,0.0,0.932,0.05,31.21
2023-04-13 16:00:00,0.0,0.911,0.0508,31.96
2023-04-13 17:00:00,0.0,0.896,0.0546,29.92
2023-04-13 18:00:00,0.0,0.862,0.05,29.8
2023-04-13 19:00:00,0.0,0.862,0.05,29.68
2023-04-13 20:00:00,0.0,0.872,0.05,27.66
2023-04-13 21:00:00,0.0,0.87,0.05,27.39
2023-04-13 22:00:00,0.0,0.877,0.0503,25.8
2023-04-13 23:00:00,0.0,0.89,0.0522,25.9
2023-04-14 00:00:00,0.0,0.886,0.0505,25.1
2023-04-14 01:00:00,0.0,0.897,0.05,23.57
2023-04-14 02:00:00,0.0,0.896,0.0527,21.98
2023-04-14 03:00:00,0.0,0.885,0.05,23.54
2023-04-14 04:00:00,0.0,0.895,0.05,23.93
2023-04-14 05:00:00,0.0,0.927,0.0508,24.08
2023-04-14 06:00:00,0.0,0.972,0.0536,24.65
2023-04-14 07:00:00,0.0,0.951,0.05,25.41
2023-04-14 08:00:00,0.0,0.959,0.0548,26.07
2023-04-14 09:00:00,0.0,0.915,0.0502,26.89
2023-04-14 10:00:00,0.0,0.923,0.0504,28.33
2023-04-14 11:00:00,0.0,0.906,0.0503,29.15
2023-04-14 12:00:00,0.0,0.939,0.05,30.44
2023-04-14 13:00:00,0.0,0.921,0.05,30.31
2023-04-14 14:00:00,0.0,0.917,0.0559,30.91
2023-04-14 15:00:00,0.0,0.877,0.05,31.31
2023-04-14 16:00:00,0.0,0.863,0.0537,30.75
2023-04-14 17:00:00,0.0,0.881,0.0552,30.03
2023-04-14 18:00:00,0.0,0.829,0.05,30.41
2023-04-14 19:00:00,0.0,0.85,0.0519,28.61
2023-04-14 20:00:00,0.0,0.849,0.0521,28.39
2023-04-14 21:00:00,0.0,0.862,0.0521,27.52
2023-04-14 22:00:00,0.0,0.877,0.05,26.93
2023-04-14 23:00:00,0.0,0.841,0.05,26.41
2023-04-15 00:00:00,0.0,0.872,0.0524,25.14
2023-04-15 01:00:00,0.0,0.875,0.05,23.49
2023-04-15 02:00:00,0.0,0.931,0.05,23.3
2023-04-15 03:00:00,0.0,0.958,0.0503,23.46
2023-04-15 04:00:00,0.0,0.93,0.05,23.41
2023-04-15 05:00:00,0.0,0.905,0.0505,23.92
2023-04-15 06:00:00,0.0,0.867,0.05,25.1
2023-04-15 07:00:00,0.0,0.901,0.0524,25.37
2023-04-15 08:00:00,0.0,0.911,0.0525,26.73
2023-04-15 09:00:00,0.0,0.919,0.0505,26.74
2023-04-15 10:00:00,0.0,0.902,0.05,28.58
2023-04-15 11:00:00,0.0,0.914,0.0531,28.47
2023-04-15 12:00:00,0.0,0.894,0.05,30.69
2023-04-15 13:00:00,0.0,0.908,0.05,30.68
2023-04-15 14:00:00,0.0,0.909,0.0523,30.48
2023-04-15 15:00:00,0.0,0.936,0.05,31.16
2023-04-15 16:00:00,0.0,0.917,0.05,31.4
2023-04-15 17:00:00,0.0,0.913,0.0504,30.15
2023-04-15 18:00:00,0.0,0.919,0.0528,29.69
2023-04-15 19:00:00,0.0,0.903,0.0517,29.1
2023-04-15 20:00:00,0.0,0.927,0.054,28.75
2023-04-15 21:00:00,0.0,0.897,0.05,26.3
2023-04-15 22:00:00,0.0,0.929,0.05,26.5
2023-04-15 23:00:00,0.0,0.922,0.05,25.18
2023-04-16 00:00:00,0.0,0.924,0.0503,25.06
2023-04-16 01:00:00,0.0,0.913,0.0508,24.09
2023-04-16 02:00:00,0.0,0.89,0.0573,24.17
2023-04-16 03:00:00,0.0,0.852,0.0518,23.56
2023-04-16 04:00:00,0.0,0.849,0.05,22.88
2023-04-16 05:00:00,0.0,0.898,0.0534,24.1
2023-04-16 06:00:00,0.0,0.918,0.05,24.77
2023-04-16 07:00:00,0.0,0.882,0.05,25.0
2023-04-16 08:00:00,0.0,0.861,0.0531,26.04
2023-04-16 09:00:00,0.0,0.854,0.0525,26.15
2023-04-16 10:00:00,0.0,0.884,0.0533,28.75
2023-04-16 11:00:00,0.0,0.869,0.05,29.28
2023-04-16 12:00:00,0.0,0.878,0.0567,29.89
2023-04-16 13:00:00,0.0,0.851,0.0527,30.31
2023-04-16 14:00:00,0.0,0.897,0.05,30.96
2023-04-16 15:00:00,0.0,0.951,0.0567,31.56
2023-04-16 16:00:00,0.0,0.95,0.0517,31.3
2023-04-16 17:00:00,0.0,0.913,0.05,30.64
2023-04-16 18:00:00,0.0,0.875,0.05,29.56
2023-04-16 19:00:00,0.0,0.888,0.05,29.17
2023-04-16 20:00:00,0.0,0.899,0.0523,27.96
2023-04-16 21:00:00,0.0,0.907,0.05,27.23
2023-04-16 22:00:00,0.0,0.926,0.05,26.61
2023-04-16 23:00:00,0.0,0.911,0.05,25.07
2023-04-17 00:00:00,0.0,0.908,0.05,25.39
2023-04-17 01:00:00,0.0,0.854,0.0516,23.64
2023-04-17 02:00:00,0.0,0.862,0.05,22.66
2023-04-17 03:00:00,0.0,0.827,0.05,23.27
2023-04-17 04:00:00,0.0,0.847,0.0502,23.22
2023-04-17 05:00:00,0.0,0.865,0.05,25.62
2023-04-17 06:00:00,0.0,0.922,0.05,24.32
2023-04-17 07:00:00,0.0,0.926,0.05,24.62
2023-04-17 08:00:00,0.0,0.934,0.0505,26.35
2023-04-17 09:00:00,0.0,0.925,0.0504,27.28
2023-04-17 10:00:00,0.0,0.957,0.0542,27.81
2023-04-17 11:00:00,0.0,0.908,0.0535,29.54
2023-04-17 12:00:00,0.0,0.922,0.0513,30.47
2023-04-17 13:00:00,0.0,0.923,0.05,30.87
2023-04-17 14:00:00,0.0,0.929,0.05,31.09
2023-04-17 15:00:00,0.0,0.863,0.0513,31.18
2023-04-17 16:00:00,0.0,0.835,0.053,30.91
2023-04-17 17:00:00,0.0,0.848,0.0516,30.18
2023-04-17 18:00:00,0.0,0.88,0.05,30.93
2023-04-17 19:00:00,0.0,0.925,0.0506,30.58
2023-04-17 20:00:00,0.0,0.904,0.05,27.88
2023-04-17 21:00:00,0.0,0.912,0.05,27.06
2023-04-17 22:00:00,0.0,0.905,0.05,25.78
2023-04-17 23:00:00,0.0,0.901,0.05,25.81
2023-04-18 00:00:00,0.0,0.91,0.0524,24.08
2023-04-18 01:00:00,0.0,0.888,0.05,24.3
2023-04-18 02:00:00,0.0,0.901,0.05,23.76
2023-04-18 03:00:00,0.0,0.86,0.0532,23.34
2023-04-18 04:00:00,0.0,,0.05,24.23
2023-04-18 05:00:00,0.0,0.86,0.05,23.77
2023-04-18 06:00:00,0.0,0.893,0.0515,24.58
2023-04-18 07:00:00,0.0,0.91,0.0521,24.8
2023-04-18 08:00:00,0.0,0.925,0.0542,25.16
2023-04-18 09:00:00,0.0,0.927,0.05,27.94
2023-04-18 10:00:00,0.0,0.936,0.05,28.14
2023-04-18 11:00:00,0.0,0.939,0.05,29.99
2023-04-18 12:00:00,0.0,0.922,0.05,30.06
2023-04-18 13:00:00,0.0,0.913,0.0513,30.82
2023-04-18 14:00:00,0.0,0.909,0.05,31.38
2023-04-18 15:00:00,0.0,0.914,0.05,31.14
2023-04-18 16:00:00,0.0,0.878,0.05,30.47
2023-04-18 17:00:00,0.0,0.872,0.05,30.44
2023-04-18 18:00:00,0.0,0.9,0.0519,29.77
2023-04-18 19:00:00,0.0,0.902,0.05,29.4
2023-04-18 20:00:00,0.0,0.909,0.05,29.01
2023-04-18 21:00:00,0.0,0.889,0.0546,27.05
2023-04-18 22:00:00,0.0,0.913,0.05,26.33
2023-04-18 23:00:00,0.0,0.892,0.0527,25.53
2023-04-19 00:00:00,0.0,0.891,0.0532,
2023-04-19 01:00:00,0.0,0.859,0.0545,24.19
2023-04-19 02:00:00,0.0,0.85,0.05,24.15
2023-04-19 03:00:00,0.0,0.875,0.05,23.66
2023-04-19 04:00:00,0.0,0.897,0.05,23.57
2023-04-19 05:00:00,0.0,0.931,0.05,23.58
2023-04-19 06:00:00,0.0,0.944,0.0551,24.58
2023-04-19 07:00:00,0.0,0.898,0.0502,25.09
2023-04-19 08:00:00,0.0,0.899,0.0541,26.13
2023-04-19 09:00:00,0.0,0.902,0.05,27.4
2023-04-19 10:00:00,0.0,0.93,0.0544,28.39
2023-04-19 11:00:00,0.0,0.939,0.052,29.98
2023-04-19 12:00:00,0.0,0.91,0.0504,30.0
2023-04-19 13:00:00,0.0,0.919,0.0528,31.12
2023-04-19 14:00:00,0.0,0.875,0.05,31.09
2023-04-19 15:00:00,0.0,0.873,0.0514,31.01
2023-04-19 16:00:00,0.0,0.893,0.05,31.63
2023-04-19 17:00:00,0.0,0.903,0.05,31.14
2023-04-19 18:00:00,0.0,0.942,0.05,29.99
2023-04-19 19:00:00,0.0,0.918,0.05,27.9
2023-04-19 20:00:00,0.0,0.951,0.05,29.06
2023-04-19 21:00:00,0.0,0.934,0.0568,27.85
2023-04-19 22:00:00,0.0,0.884,0.05,27.0
2023-04-19 23:00:00,0.0,0.856,0.0531,26.07
2023-04-20 00:00:00,0.0,0.837,0.05,24.69
2023-04-20 01:00:00,0.0,0.864,0.05,23.84
2023-04-20 02:00:00,0.0,0.856,0.05,22.75
2023-04-20 03:00:00,0.0,0.86,0.0543,23.58
2023-04-20 04:00:00,0.0,0.875,0.051,23.43
2023-04-20 05:00:00,0.0,0.937,0.05,23.66
2023-04-20 06:00:00,0.0,0.957,0.05,24.01
2023-04-20 07:00:00,0.0,0.948,0.0536,25.0
2023-04-20 08:00:00,0.0,0.863,0.0532,25.81
2023-04-20 09:00:00,0.0,0.886,0.05,28.01
2023-04-20 10:00:00,0.0,0.91,0.05,29.11
2023-04-20 11:00:00,0.0,0.943,0.05,29.14
2023-04-20 12:00:00,0.0,0.919,0.052,30.95
2023-04-20 13:00:00,0.0,0.89,0.05,31.03
2023-04-20 14:00:00,0.0,0.878,0.05,32.11
2023-04-20 15:00:00,0.0,0.866,0.05,31.81
2023-04-20 16:00:00,0.0,0.888,0.05,31.69
2023-04-20 17:00:00,0.0,0.917,0.0515,31.1
2023-04-20 18:00:00,0.0,0.917,0.05,29.98
2023-04-20 19:00:00,0.0,0.917,0.0521,28.85
2023-04-20 20:00:00,0.0,0.909,0.0537,28.65
2023-04-20 21:00:00,0.0,0.949,0.0612,27.47
2023-04-20 22:00:00,0.0,0.903,0.0527,27.78
2023-04-20 23:00:00,0.0,0.901,0.0518,25.89
2023-04-21 00:00:00,0.0,0.89,0.05,24.31
2023-04-21 01:00:00,0.0,0.925,0.0527,24.06
2023-04-21 02:00:00,0.0,0.923,0.0547,23.52
2023-04-21 03:00:00,0.0,0.886,0.05,23.55
2023-04-21 04:00:00,0.0,0.883,0.05,23.05
2023-04-21 05:00:00,0.0,0.918,0.05,24.55
2023-04-21 06:00:00,0.0,0.947,0.05,24.54
2023-04-21 07:00:00,0.0,0.919,0.05,25.89
2023-04-21 08:00:00,0.0,0.884,0.05,26.23
2023-04-21 09:00:00,0.0,0.851,0.05,27.37
2023-04-21 10:00:00,0.0,0.896,0.051,28.9
2023-04-21 11:00:00,0.0,0.906,0.0508,28.53
2023-04-21 12:00:00,0.0,0.917,0.05,30.89
2023-04-21 13:00:00,0.0,0.898,0.05,31.76
2023-04-21 14:00:00,0.0,0.915,0.0537,32.15
2023-04-21 15:00:00,0.0,,0.05,31.21
2023-04-21 16:00:00,0.0,0.907,0.0504,31.58
2023-04-21 17:00:00,0.0,0.909,0.0545,30.81
2023-04-21 18:00:00,0.0,0.934,0.0503,29.65
2023-04-21 19:00:00,0.0,0.937,0.0538,29.61
2023-04-21 20:00:00,0.0,0.938,0.0515,27.87
2023-04-21 21:00:00,0.0,0.897,0.05,27.86
2023-04-21 22:00:00,0.0,0.894,0.0539,26.94
2023-04-21 23:00:00,0.0,0.887,0.05,26.21
2023-04-22 00:00:00,0.0,0.882,0.05,25.04
2023-04-22 01:00:00,0.0,0.902,0.0521,23.94
2023-04-22 02:00:00,0.0,0.886,0.05,23.66
2023-04-22 03:00:00,0.0,0.917,0.0528,23.68
2023-04-22 04:00:00,0.0,0.876,0.0513,24.48
2023-04-22 05:00:00,0.0,0.912,0.055,24.89
2023-04-22 06:00:00,0.0,0.871,0.0534,24.74
2023-04-22 07:00:00,0.0,0.926,0.05,26.11
2023-04-22 08:00:00,0.0,0.904,0.05,26.32
2023-04-22 09:00:00,0.0,0.94,0.05,27.83
2023-04-22 10:00:00,0.0,0.909,0.05,28.48
2023-04-22 11:00:00,0.0,0.909,0.05,29.74
2023-04-22 12:00:00,0.0,0.885,0.05,30.03
2023-04-22 13:00:00,0.0,0.896,0.05,30.37
2023-04-22 14:00:00,0.0,0.902,0.05,30.86
2023-04-22 15:00:00,0.0,0.933,0.0541,31.91
2023-04-22 16:00:00,0.0,0.939,0.05,30.92
2023-04-22 17:00:00,0.0,0.909,0.05,30.91
2023-04-22 18:00:00,0.0,0.903,0.05,30.89
2023-04-22 19:00:00,0.0,0.861,0.0541,30.18
2023-04-22 20:00:00,0.0,0.896,0.05,28.16
2023-04-22 21:00:00,0.0,0.907,0.05,26.42
2023-04-22 22:00:00,0.0,0.929,0.0508,26.18
2023-04-22 23:00:00,0.0,0.926,0.0516,25.72
2023-04-23 00:00:00,0.0,0.919,0.05,25.17
2023-04-23 01:00:00,0.0,0.901,0.0512,23.61
2023-04-23 02:00:00,0.0,0.9,0.0529,22.92
2023-04-23 03:00:00,0.0,0.872,0.05,23.21
2023-04-23 04:00:00,0.0,0.899,0.05,23.54
2023-04-23 05:00:00,0.0,0.904,0.05,25.25
2023-04-23 06:00:00,0.0,0.919,0.05,24.89
2023-04-23 07:00:00,0.0,0.923,0.0537,25.99
2023-04-23 08:00:00,0.0,0.929,0.0529,27.18
2023-04-23 09:00:00,0.0,0.926,0.05,27.44
2023-04-23 10:00:00,0.0,0.927,0.0524,28.75
2023-04-23 11:00:00,0.0,0.885,0.0563,29.79
2023-04-23 12:00:00,0.0,0.87,0.05,30.8
2023-04-23 13:00:00,0.0,0.886,0.05,31.07
2023-04-23 14:00:00,0.0,0.937,0.05,32.05
2023-04-23 15:00:00,0.0,0.913,0.0511,32.22
2023-04-23 16:00:00,0.0,0.909,0.0515,31.39
2023-04-23 17:00:00,0.0,0.893,0.05,31.51
2023-04-23 18:00:00,0.0,0.913,0.0505,30.69
2023-04-23 19:00:00,0.0,0.937,0.0525,31.0
2023-04-23 20:00:00,0.0,0.907,0.05,29.15
2023-04-23 21:00:00,0.0,0.945,0.0505,27.86
2023-04-23 22:00:00,0.0,0.919,0.05,26.35
2023-04-23 23:00:00,0.0,0.946,0.05,25.15
2023-04-24 00:00:00,0.0,0.914,0.0529,25.15
2023-04-24 01:00:00,0.0,0.883,0.0514,23.4
2023-04-24 02:00:00,0.0,0.866,0.05,24.66
2023-04-24 03:00:00,0.0,0.889,0.0527,22.69
2023-04-24 04:00:00,0.0,0.913,0.0564,23.34
2023-04-24 05:00:00,,0.898,0.0503,24.75
2023-04-24 06:00:00,0.0,0.888,0.05,24.87
2023-04-24 07:00:00,0.0,0.871,0.05,25.81
2023-04-24 08:00:00,0.0,0.871,0.05,26.34
2023-04-24 09:00:00,0.0,0.873,0.05,27.65
2023-04-24 10:00:00,0.0,0.89,0.05,29.09
2023-04-24 11:00:00,0.0,0.92,0.0523,29.3
2023-04-24 12:00:00,0.0,0.916,0.05,30.41
2023-04-24 13:00:00,0.0,0.894,0.0527,31.18
2023-04-24 14:00:00,0.0,0.86,0.05,31.44
2023-04-24 15:00:00,0.0,0.844,0.05,32.09
2023-04-24 16:00:00,0.0,0.866,0.05,31.81
2023-04-24 17:00:00,,0.9,0.05,31.13
2023-04-24 18:00:00,0.0,0.926,0.0524,29.69
2023-04-24 19:00:00,0.0,0.936,0.0532,30.31
2023-04-24 20:00:00,0.0,0.896,0.05,28.29
2023-04-24 21:00:00,0.0,0.884,0.0516,28.6
2023-04-24 22:00:00,0.0,0.882,0.0523,26.26
2023-04-24 23:00:00,0.0,0.873,0.05,25.84
2023-04-25 00:00:00,0.0,0.89,0.0514,25.26
2023-04-25 01:00:00,0.0,0.862,0.05,24.2
2023-04-25 02:00:00,0.0,0.885,0.0511,24.06
2023-04-25 03:00:00,0.0,0.849,0.05,23.62
2023-04-25 04:00:00,0.0,0.892,0.05,24.85
2023-04-25 05:00:00,0.0,0.902,0.0505,24.4
2023-04-25 06:00:00,,0.909,0.05,24.88
2023-04-25 07:00:00,0.0,0.888,0.05,25.89
2023-04-25 08:00:00,0.0,0.887,0.05,27.3
2023-04-25 09:00:00,0.0,0.905,0.053,27.96
2023-04-25 10:00:00,0.0,0.898,0.0501,28.89
2023-04-25 11:00:00,1.65,0.87,0.0501,28.88
2023-04-25 12:00:00,4.43,0.971,0.0773,30.73
2023-04-25 13:00:00,6.82,1.03,0.1011,30.72
2023-04-25 14:00:00,10.93,1.155,0.1452,30.31
2023-04-25 15:00:00,9.84,1.23,0.1795,30.95
2023-04-25 16:00:00,9.79,1.399,0.2176,31.35
2023-04-25 17:00:00,11.95,1.6,0.2664,30.39
2023-04-25 18:00:00,10.91,1.738,0.3055,30.49
2023-04-25 19:00:00,8.75,1.921,0.3358,29.33
2023-04-25 20:00:00,5.06,2.058,0.3515,27.33
2023-04-25 21:00:00,-5.0,2.194,0.3486,28.24
2023-04-25 22:00:00,0.0,2.298,0.356,25.86
2023-04-25 23:00:00,0.0,2.325,0.3531,26.44
2023-04-26 00:00:00,0.0,2.362,0.3496,25.43
2023-04-26 01:00:00,0.0,2.304,0.348,25.19
2023-04-26 02:00:00,0.0,2.262,0.3392,24.17
2023-04-26 03:00:00,0.0,2.178,0.3383,23.96
2023-04-26 04:00:00,0.0,2.079,0.3353,24.57
2023-04-26 05:00:00,0.0,1.943,0.3283,23.76
2023-04-26 06:00:00,0.0,1.86,0.3297,25.01
2023-04-26 07:00:00,0.0,1.801,0.3292,25.7
2023-04-26 08:00:00,0.0,1.772,0.329,26.57
2023-04-26 09:00:00,0.0,1.702,0.3245,27.53
2023-04-26 10:00:00,0.0,1.635,0.318,28.93
2023-04-26 11:00:00,0.0,1.594,0.3195,30.18
2023-04-26 12:00:00,0.0,1.52,0.3142,31.39
2023-04-26 13:00:00,0.0,1.467,0.3051,31.14
2023-04-26 14:00:00,0.0,1.426,0.3074,31.5
2023-04-26 15:00:00,0.0,1.4,0.3061,30.41
2023-04-26 16:00:00,0.0,1.406,0.302,32.41
2023-04-26 17:00:00,0.0,1.381,0.2938,30.6
2023-04-26 18:00:00,0.0,1.411,0.2914,30.88
2023-04-26 19:00:00,0.0,1.422,0.2975,29.96
2023-04-26 20:00:00,0.0,1.429,0.2858,29.35
2023-04-26 21:00:00,0.0,1.434,0.2861,27.38
2023-04-26 22:00:00,0.0,1.371,0.2758,27.07
2023-04-26 23:00:00,0.0,1.35,0.2849,26.63
2023-04-27 00:00:00,0.0,1.298,0.281,25.15
2023-04-27 01:00:00,0.0,1.309,0.2817,23.96
2023-04-27 02:00:00,0.0,1.327,0.2714,23.27
2023-04-27 03:00:00,0.0,1.369,0.276,24.61
2023-04-27 04:00:00,0.0,1.383,0.2672,23.78
2023-04-27 05:00:00,0.0,1.347,0.2729,24.28
2023-04-27 06:00:00,0.0,1.31,0.2587,26.3
2023-04-27 07:00:00,0.0,1.319,0.2668,26.33
2023-04-27 08:00:00,0.0,1.313,0.2615,27.4
2023-04-27 09:00:00,0.0,1.312,0.2609,28.69
2023-04-27 10:00:00,0.0,1.312,0.2582,28.12
2023-04-27 11:00:00,0.0,1.339,0.2552,30.63
2023-04-27 12:00:00,0.0,1.358,0.2585,31.53
2023-04-27 13:00:00,0.0,1.333,0.2541,31.11
2023-04-27 14:00:00,0.0,1.305,0.2476,32.11
2023-04-27 15:00:00,0.0,1.27,0.2438,32.35
2023-04-27 16:00:00,0.0,1.305,0.2451,31.38
2023-04-27 17:00:00,0.0,1.277,0.2427,31.79
2023-04-27 18:00:00,0.0,1.303,0.236,30.38
2023-04-27 19:00:00,0.0,1.235,0.2334,31.16
2023-04-27 20:00:00,0.0,1.241,0.2281,28.98
2023-04-27 21:00:00,0.0,1.229,0.2298,28.15
2023-04-27 22:00:00,0.0,1.245,0.2276,26.02
2023-04-27 23:00:00,0.0,1.225,0.2279,26.06
2023-04-28 00:00:00,0.0,1.206,0.2286,25.7
2023-04-28 01:00:00,0.0,1.207,0.2251,24.0
2023-04-28 02:00:00,0.0,1.231,0.2229,23.79
2023-04-28 03:00:00,0.0,1.231,0.2175,23.56
2023-04-28 04:00:00,0.0,1.233,0.2153,23.47
2023-04-28 05:00:00,0.0,1.24,0.2171,23.8
2023-04-28 06:00:00,0.0,1.249,0.2149,25.6
2023-04-28 07:00:00,0.0,1.236,0.2135,25.28
2023-04-28 08:00:00,0.0,1.222,0.2067,25.99
2023-04-28 09:00:00,0.0,1.188,0.2048,27.65
2023-04-28 10:00:00,0.0,1.168,0.2042,28.98
2023-04-28 11:00:00,0.0,1.157,0.2058,30.2
2023-04-28 12:00:00,0.0,1.22,0.2016,30.3
2023-04-28 13:00:00,0.0,1.252,0.2041,31.08
2023-04-28 14:00:00,0.0,1.254,0.1943,32.05
2023-04-28 15:00:00,0.0,1.218,0.1921,32.37
2023-04-28 16:00:00,0.0,1.213,0.1923,32.4
2023-04-28 17:00:00,0.0,1.218,0.1893,31.62
2023-04-28 18:00:00,0.0,1.201,0.1866,29.91
2023-04-28 19:00:00,0.0,1.226,0.1874,29.48
2023-04-28 20:00:00,0.0,1.201,0.1856,29.58
2023-04-28 21:00:00,0.0,1.185,0.1797,28.8
2023-04-28 22:00:00,0.0,1.192,0.1801,26.84
2023-04-28 23:00:00,0.0,1.185,0.1825,25.83
2023-04-29 00:00:00,0.0,1.177,0.1782,24.63
2023-04-29 01:00:00,0.0,1.149,0.1751,25.21
2023-04-29 02:00:00,0.0,1.16,0.1751,23.57
2023-04-29 03:00:00,0.0,1.158,0.1711,24.94
2023-04-29 04:00:00,0.0,1.177,0.1788,24.06
2023-04-29 05:00:00,0.0,1.166,0.1748,24.07
2023-04-29 06:00:00,0.0,1.189,0.1782,24.24
2023-04-29 07:00:00,0.0,1.173,0.1697,25.83
2023-04-29 08:00:00,0.0,1.158,0.1668,26.87
2023-04-29 09:00:00,0.0,1.124,0.1638,27.8
2023-04-29 10:00:00,0.0,1.123,0.1661,29.0
2023-04-29 11:00:00,0.0,1.115,0.1617,30.66
2023-04-29 12:00:00,0.0,1.101,0.1585,31.1
2023-04-29 13:00:00,0.0,1.11,0.1636,31.53
2023-04-29 14:00:00,0.0,1.116,0.158,32.4
2023-04-29 15:00:00,0.0,1.102,0.157,31.51
2023-04-29 16:00:00,0.0,1.11,0.1552,32.18
2023-04-29 17:00:00,0.67,1.101,0.1568,31.71
2023-04-29 18:00:00,2.41,1.106,0.1583,31.3
2023-04-29 19:00:00,3.53,1.139,0.1727,28.93
2023-04-29 20:00:00,2.99,1.199,0.192,28.27
2023-04-29 21:00:00,2.63,1.254,0.1952,27.3
2023-04-29 22:00:00,2.31,1.307,0.2041,26.94
2023-04-29 23:00:00,0.8,1.366,0.2067,26.0
2023-04-30 00:00:00,0.0,1.373,0.2015,25.47
2023-04-30 01:00:00,0.0,1.36,0.1979,23.5
2023-04-30 02:00:00,0.0,1.331,0.1955,24.88
2023-04-30 03:00:00,0.0,1.323,0.195,24.13
2023-04-30 04:00:00,0.0,1.31,0.1944,24.43
2023-04-30 05:00:00,0.0,1.298,0.1927,24.73
2023-04-30 06:00:00,0.0,1.259,0.1895,24.87
2023-04-30 07:00:00,0.0,1.279,0.1945,26.27
2023-04-30 08:00:00,0.0,1.27,0.1945,27.02
2023-04-30 09:00:00,0.0,1.29,0.1855,28.04
2023-04-30 10:00:00,0.0,1.242,0.1813,29.29
2023-04-30 11:00:00,0.0,1.256,0.1848,29.96
2023-04-30 12:00:00,0.0,1.243,0.1873,30.16
2023-04-30 13:00:00,0.0,1.212,0.1768,31.39
2023-04-30 14:00:00,0.0,1.16,0.1749,32.69
2023-04-30 15:00:00,0.0,1.134,0.1698,31.74
2023-04-30 16:00:00,0.0,1.167,0.1758,31.92
2023-04-30 17:00:00,0.0,1.184,0.1701,31.89
2023-04-30 18:00:00,0.0,1.172,0.1739,31.9
2023-04-30 19:00:00,0.0,1.196,0.1717,29.88
2023-04-30 20:00:00,0.0,1.163,0.1724,28.43
2023-04-30 21:00:00,0.0,1.186,0.1697,28.35
2023-04-30 22:00:00,0.0,1.097,0.1602,26.57
2023-04-30 23:00:00,0.0,1.107,0.1627,26.16
2023-05-01 00:00:00,0.0,1.108,0.1656,25.54
2023-05-01 01:00:00,0.0,1.147,0.1569,24.36
2023-05-01 02:00:00,0.0,1.182,0.1586,24.06
2023-05-01 03:00:00,0.0,1.165,0.1587,24.47
2023-05-01 04:00:00,0.0,1.113,0.1571,24.74
2023-05-01 05:00:00,0.0,1.115,0.1569,24.62
2023-05-01 06:00:00,0.0,1.106,0.1527,25.32
2023-05-01 07:00:00,0.0,1.145,0.1507,25.5
2023-05-01 08:00:00,0.0,1.149,0.1535,27.08
2023-05-01 09:00:00,0.0,1.154,0.1502,27.87
2023-05-01 10:00:00,0.0,1.127,0.1556,29.14
2023-05-01 11:00:00,0.0,1.073,0.1444,30.77
2023-05-01 12:00:00,0.0,1.077,0.1461,30.33
2023-05-01 13:00:00,0.0,1.083,0.1407,32.11
2023-05-01 14:00:00,0.0,1.134,0.1442,32.02
2023-05-01 15:00:00,0.0,1.128,0.1409,32.05
2023-05-01 16:00:00,0.0,1.136,0.1416,31.49
2023-05-01 17:00:00,0.0,1.12,0.1364,31.66
2023-05-01 18:00:00,0.0,1.089,0.1315,31.98
2023-05-01 19:00:00,0.0,1.105,0.1396,28.79
2023-05-01 20:00:00,0.0,1.061,0.1372,28.12
2023-05-01 21:00:00,0.0,1.084,0.1361,27.97
2023-05-01 22:00:00,0.0,1.099,0.1347,27.19
2023-05-01 23:00:00,0.0,1.109,0.1312,26.53
2023-05-02 00:00:00,0.0,1.067,0.1317,25.51
2023-05-02 01:00:00,0.0,1.047,0.1262,23.83
2023-05-02 02:00:00,0.0,1.07,0.1266,24.55
2023-05-02 03:00:00,0.0,1.093,0.1303,24.02
2023-05-02 04:00:00,0.0,1.068,0.132,24.69
2023-05-02 05:00:00,0.0,1.047,0.1259,24.29
2023-05-02 06:00:00,0.0,1.021,0.114,24.51
2023-05-02 07:00:00,0.0,1.033,0.124,25.88
2023-05-02 08:00:00,0.0,1.006,0.1261,27.32
2023-05-02 09:00:00,0.0,1.001,0.1198,28.3
2023-05-02 10:00:00,0.0,1.026,0.1165,29.15
2023-05-02 11:00:00,0.0,1.053,0.1212,29.8
2023-05-02 12:00:00,0.0,1.066,0.116,30.87
2023-05-02 13:00:00,0.0,1.06,0.1147,32.31
2023-05-02 14:00:00,0.0,1.07,0.1095,33.25
2023-05-02 15:00:00,0.0,1.069,0.1083,32.32
2023-05-02 16:00:00,0.0,1.053,0.1145,32.49
2023-05-02 17:00:00,0.0,1.01,0.1071,31.21
2023-05-02 18:00:00,0.0,1.03,0.115,31.61
2023-05-02 19:00:00,0.0,1.054,0.1146,29.93
2023-05-02 20:00:00,0.0,1.031,0.1044,28.51
2023-05-02 21:00:00,0.0,1.004,0.1045,28.69
2023-05-02 22:00:00,0.0,1.018,0.1077,27.12
2023-05-02 23:00:00,0.0,1.023,0.1093,26.81
2023-05-03 00:00:00,0.0,1.039,0.1043,25.74
2023-05-03 01:00:00,0.0,1.014,0.1011,24.05
2023-05-03 02:00:00,0.0,1.045,0.1011,24.39
2023-05-03 03:00:00,0.0,1.047,0.1018,23.71
2023-05-03 04:00:00,0.0,1.035,0.099,24.93
2023-05-03 05:00:00,0.0,1.032,0.1035,24.74
2023-05-03 06:00:00,0.0,0.977,0.097,25.0
2023-05-03 07:00:00,0.0,0.992,0.0996,25.14
2023-05-03 08:00:00,0.0,0.979,0.0996,27.7
2023-05-03 09:00:00,0.0,0.967,0.0965,27.99
2023-05-03 10:00:00,0.0,0.933,0.0949,29.06
2023-05-03 11:00:00,0.0,0.952,0.0945,30.4
2023-05-03 12:00:00,0.0,0.973,0.091,30.54
2023-05-03 13:00:00,0.0,1.012,0.095,30.86
2023-05-03 14:00:00,0.0,0.98,0.0912,32.12
2023-05-03 15:00:00,0.0,0.999,0.0899,31.69
2023-05-03 16:00:00,0.0,0.964,0.0864,31.98
2023-05-03 17:00:00,0.0,0.999,0.0946,31.19
2023-05-03 18:00:00,0.0,1.003,0.0904,30.31
2023-05-03 19:00:00,0.0,0.999,0.0826,29.34
2023-05-03 20:00:00,0.0,0.979,0.0878,29.24
2023-05-03 21:00:00,0.0,0.944,0.0835,28.71
2023-05-03 22:00:00,0.0,0.965,0.0818,27.61
2023-05-03 23:00:00,0.0,0.959,0.0816,26.17
2023-05-04 00:00:00,0.0,0.953,0.0847,26.09
2023-05-04 01:00:00,0.0,0.962,0.082,24.47
2023-05-04 02:00:00,0.0,1.015,0.0817,24.75
2023-05-04 03:00:00,0.0,1.019,0.0821,23.96
2023-05-04 04:00:00,0.0,0.998,0.0834,23.98
2023-05-04 05:00:00,0.0,0.979,0.0869,25.15
2023-05-04 06:00:00,0.0,0.918,0.0785,25.59
2023-05-04 07:00:00,0.0,0.901,0.0773,26.52
2023-05-04 08:00:00,0.0,0.897,0.0782,26.42
2023-05-04 09:00:00,0.0,0.984,0.0793,28.72
2023-05-04 10:00:00,0.0,1.005,0.0797,29.58
2023-05-04 11:00:00,0.0,1.016,0.0727,
2023-05-04 12:00:00,0.0,0.993,0.0821,31.32
2023-05-04 13:00:00,0.0,0.97,0.0705,32.22
2023-05-04 14:00:00,0.0,0.94,0.0759,31.7
2023-05-04 15:00:00,0.0,0.916,0.0747,31.84
2023-05-04 16:00:00,0.0,0.875,0.0675,31.92
2023-05-04 17:00:00,0.0,0.892,0.0718,30.56
2023-05-04 18:00:00,0.0,0.902,0.065,31.2
2023-05-04 19:00:00,0.0,0.914,0.067,30.66
2023-05-04 20:00:00,0.0,0.885,0.0686,29.52
2023-05-04 21:00:00,0.0,0.898,0.0686,28.44
2023-05-04 22:00:00,0.0,0.899,0.0713,27.68
2023-05-04 23:00:00,0.0,0.925,0.0649,26.15
2023-05-05 00:00:00,0.0,0.905,0.0675,24.64
2023-05-05 01:00:00,0.0,0.938,0.0687,24.85
2023-05-05 02:00:00,0.0,0.901,0.0652,25.04
2023-05-05 03:00:00,0.0,0.927,0.0649,24.43
2023-05-05 04:00:00,0.0,0.893,0.06,24.2
2023-05-05 05:00:00,0.0,0.915,0.059,25.18
2023-05-05 06:00:00,0.0,0.903,0.0608,25.62
2023-05-05 07:00:00,0.0,0.922,0.067,26.14
2023-05-05 08:00:00,0.0,0.949,0.0664,27.28
2023-05-05 09:00:00,0.0,0.957,0.0654,28.09
2023-05-05 10:00:00,0.0,0.974,0.0622,29.59
2023-05-05 11:00:00,0.0,0.959,0.062,29.8
2023-05-05 12:00:00,0.0,0.939,0.0586,31.24
2023-05-05 13:00:00,0.0,0.913,0.0581,32.15
2023-05-05 14:00:00,0.0,0.867,0.0524,32.23
2023-05-05 15:00:00,0.0,0.913,0.0585,32.38
2023-05-05 16:00:00,0.0,,0.0587,32.15
2023-05-05 17:00:00,0.0,,0.0548,31.98
2023-05-05 18:00:00,0.0,0.862,0.0588,30.9
2023-05-05 19:00:00,0.0,0.838,0.0592,30.19
2023-05-05 20:00:00,0.0,0.841,0.0516,28.84
2023-05-05 21:00:00,0.0,0.887,0.0614,
2023-05-05 22:00:00,0.0,0.867,0.0556,26.21
2023-05-05 23:00:00,0.0,0.906,0.0582,26.27
2023-05-06 00:00:00,0.0,0.872,0.051,25.78
2023-05-06 01:00:00,0.0,0.915,0.057,24.8
2023-05-06 02:00:00,0.0,0.886,0.0542,24.9
2023-05-06 03:00:00,0.0,0.872,0.0509,24.97
2023-05-06 04:00:00,0.0,0.885,0.05,24.43
2023-05-06 05:00:00,0.0,0.865,0.0511,24.34
2023-05-06 06:00:00,0.0,0.913,0.0529,26.02
2023-05-06 07:00:00,0.0,0.878,0.0504,26.74
2023-05-06 08:00:00,0.0,0.901,0.0503,27.49
2023-05-06 09:00:00,0.0,0.863,0.05,28.04
2023-05-06 10:00:00,0.0,0.899,0.05,29.52
2023-05-06 11:00:00,0.0,0.882,0.0505,30.14
2023-05-06 12:00:00,0.0,0.916,0.05,30.76
2023-05-06 13:00:00,0.0,0.939,0.0529,31.94
2023-05-06 14:00:00,0.0,0.934,0.0525,31.68
2023-05-06 15:00:00,0.0,0.884,0.055,32.68
2023-05-06 16:00:00,0.33,0.834,0.05,32.27
2023-05-06 17:00:00,1.25,0.87,0.0551,31.58
2023-05-06 18:00:00,1.79,0.904,0.0574,30.93
2023-05-06 19:00:00,2.59,0.932,0.0699,29.5
2023-05-06 20:00:00,3.18,0.975,0.0836,28.51
2023-05-06 21:00:00,4.34,1.03,0.1004,28.73
2023-05-06 22:00:00,4.48,1.055,0.116,26.74
2023-05-06 23:00:00,5.51,1.095,0.1364,25.04
2023-05-07 00:00:00,4.96,1.183,0.1577,25.48
2023-05-07 01:00:00,5.72,1.288,0.1778,23.8
2023-05-07 02:00:00,6.73,1.401,0.2082,24.1
2023-05-07 03:00:00,5.7,1.442,0.2262,24.51
2023-05-07 04:00:00,5.96,1.546,0.246,23.78
2023-05-07 05:00:00,6.01,1.658,0.2729,24.86
2023-05-07 06:00:00,6.24,1.772,0.2894,25.26
2023-05-07 07:00:00,5.26,1.879,0.3098,26.6
2023-05-07 08:00:00,4.74,1.951,0.324,27.13
2023-05-07 09:00:00,4.52,2.062,0.3415,27.63
2023-05-07 10:00:00,4.03,2.135,0.3594,27.94
2023-05-07 11:00:00,3.12,2.223,0.3648,29.64
2023-05-07 12:00:00,1.66,2.223,0.362,30.76
2023-05-07 13:00:00,1.27,2.263,0.3671,32.18
2023-05-07 14:00:00,0.37,2.191,0.3664,32.78
2023-05-07 15:00:00,0.0,2.142,0.3626,31.8
2023-05-07 16:00:00,0.0,2.054,0.3572,32.82
2023-05-07 17:00:00,0.0,2.034,0.3562,31.42
2023-05-07 18:00:00,0.0,2.007,0.352,30.76
2023-05-07 19:00:00,0.0,1.916,0.3464,29.65
2023-05-07 20:00:00,0.0,1.876,0.3441,29.55
2023-05-07 21:00:00,0.0,1.791,0.3398,28.05
2023-05-07 22:00:00,0.0,1.746,0.3373,27.97
2023-05-07 23:00:00,0.0,1.708,0.3349,25.89
2023-05-08 00:00:00,0.0,1.644,0.3346,25.93
2023-05-08 01:00:00,0.0,1.634,0.3304,24.32
2023-05-08 02:00:00,0.0,1.589,0.3263,25.04
2023-05-08 03:00:00,0.0,1.548,0.3226,24.45
2023-05-08 04:00:00,0.0,1.496,0.3232,24.67
2023-05-08 05:00:00,0.0,1.473,0.3196,24.75
2023-05-08 06:00:00,0.0,1.486,0.3158,25.35
2023-05-08 07:00:00,0.0,1.497,0.3124,26.64
2023-05-08 08:00:00,0.0,1.463,0.3106,28.26
2023-05-08 09:00:00,0.0,1.456,0.3056,27.87
2023-05-08 10:00:00,0.0,1.409,0.3003,29.26
2023-05-08 11:00:00,0.0,1.428,0.3063,30.08
2023-05-08 12:00:00,0.0,1.403,0.3033,30.46
2023-05-08 13:00:00,0.0,1.402,0.2958,31.09
2023-05-08 14:00:00,0.0,1.361,0.2938,31.89
2023-05-08 15:00:00,0.0,1.325,0.2884,32.19
2023-05-08 16:00:00,0.0,1.323,0.2874,32.96
2023-05-08 17:00:00,0.0,1.357,0.283,32.35
2023-05-08 18:00:00,0.0,1.38,0.2804,30.81
2023-05-08 19:00:00,0.0,1.353,0.274,30.78
2023-05-08 20:00:00,0.0,1.34,0.2796,29.03
2023-05-08 21:00:00,0.0,1.309,0.2684,28.35
2023-05-08 22:00:00,0.0,1.318,0.2718,27.52
2023-05-08 23:00:00,0.0,1.313,0.2644,27.45
2023-05-09 00:00:00,0.0,1.29,0.2587,25.74
2023-05-09 01:00:00,0.0,1.306,0.2654,24.23
2023-05-09 02:00:00,0.0,1.272,0.261,24.94
2023-05-09 03:00:00,0.0,1.262,0.2543,25.0
2023-05-09 04:00:00,0.0,1.307,0.2584,25.02
2023-05-09 05:00:00,0.0,1.303,0.2533,24.47
2023-05-09 06:00:00,0.0,1.317,0.2577,25.67
2023-05-09 07:00:00,0.0,1.281,0.2459,26.43
2023-05-09 08:00:00,0.0,1.31,0.2459,28.29
2023-05-09 09:00:00,0.0,1.314,0.2479,28.74
2023-05-09 10:00:00,0.0,1.309,0.2417,30.33
2023-05-09 11:00:00,0.0,1.268,0.2381,30.08
2023-05-09 12:00:00,0.0,1.289,0.2387,31.16
2023-05-09 13:00:00,0.0,1.267,0.2388,31.63
2023-05-09 14:00:00,0.0,1.278,0.2327,32.79
2023-05-09 15:00:00,0.0,1.271,0.2296,33.01
2023-05-09 16:00:00,0.0,1.263,0.2254,32.5
2023-05-09 17:00:00,0.0,1.261,0.2239,31.95
2023-05-09 18:00:00,0.0,1.256,0.2195,31.47
2023-05-09 19:00:00,0.0,1.239,0.2243,29.74
2023-05-09 20:00:00,0.0,1.209,0.2206,29.27
2023-05-09 21:00:00,0.0,1.195,,28.27
2023-05-09 22:00:00,0.0,1.19,0.2128,27.39
2023-05-09 23:00:00,0.0,1.19,0.215,26.11
2023-05-10 00:00:00,0.0,1.197,0.213,25.23
2023-05-10 01:00:00,0.0,1.215,0.2091,24.22
2023-05-10 02:00:00,0.0,1.233,0.207,24.83
2023-05-10 03:00:00,0.0,1.212,0.2062,23.8
2023-05-10 04:00:00,0.0,1.22,0.2032,25.12
2023-05-10 05:00:00,0.0,1.214,0.2061,25.18
2023-05-10 06:00:00,0.0,1.196,0.2033,26.1
2023-05-10 07:00:00,0.0,1.218,0.2003,26.04
2023-05-10 08:00:00,0.0,1.193,0.1943,28.38
2023-05-10 09:00:00,0.0,1.186,0.1938,29.59
2023-05-10 10:00:00,0.0,1.127,0.1918,29.53
2023-05-10 11:00:00,0.0,1.143,0.1906,30.68
2023-05-10 12:00:00,0.0,1.139,0.1903,31.3
2023-05-10 13:00:00,0.0,1.184,0.1924,32.45
2023-05-10 14:00:00,0.0,1.201,0.1861,32.74
2023-05-10 15:00:00,0.0,1.202,0.1794,31.59
2023-05-10 16:00:00,0.0,1.172,0.1836,31.93
2023-05-10 17:00:00,3.51,1.188,0.1897,31.79
2023-05-10 18:00:00,13.21,1.294,0.2459,30.38
2023-05-10 19:00:00,16.26,1.469,0.306,28.93
2023-05-10 20:00:00,23.28,1.722,0.3994,26.67
2023-05-10 21:00:00,21.12,2.057,0.4803,26.76
2023-05-10 22:00:00,32.12,2.366,0.5,26.36
2023-05-10 23:00:00,26.55,2.785,0.4969,23.33
2023-05-11 00:00:00,26.89,3.314,0.4982,24.17
2023-05-11 01:00:00,16.19,3.893,0.5,24.36
2023-05-11 02:00:00,11.28,4.414,0.5,24.01
2023-05-11 03:00:00,3.09,4.857,0.5,24.18
2023-05-11 04:00:00,0.0,5.145,0.4965,25.11
2023-05-11 05:00:00,0.0,5.241,0.4944,25.02
2023-05-11 06:00:00,0.0,5.156,0.4867,25.97
2023-05-11 07:00:00,0.0,4.994,0.4812,26.57
2023-05-11 08:00:00,0.0,4.711,0.4828,27.55
2023-05-11 09:00:00,0.0,4.374,0.4728,28.15
2023-05-11 10:00:00,0.0,4.005,0.466,29.33
2023-05-11 11:00:00,0.0,3.699,0.4613,31.34
2023-05-11 12:00:00,0.0,3.4,0.4616,31.04
2023-05-11 13:00:00,0.0,3.083,0.4537,31.01
2023-05-11 14:00:00,0.0,2.815,0.4458,34.15
2023-05-11 15:00:00,0.0,2.632,0.4512,32.31
2023-05-11 16:00:00,0.0,2.43,0.434,32.26
2023-05-11 17:00:00,0.0,2.276,0.4346,31.79
2023-05-11 18:00:00,0.0,2.163,0.4361,31.36
2023-05-11 19:00:00,0.0,2.047,0.4271,30.15
2023-05-11 20:00:00,0.0,1.995,0.43,30.31
2023-05-11 21:00:00,0.0,1.902,0.421,28.43
2023-05-11 22:00:00,0.0,1.804,0.4114,26.97
2023-05-11 23:00:00,0.0,1.761,0.4139,25.09
2023-05-12 00:00:00,0.0,1.727,0.4064,26.29
2023-05-12 01:00:00,0.0,1.728,0.4041,24.89
2023-05-12 02:00:00,0.0,1.662,0.3986,24.89
2023-05-12 03:00:00,0.0,1.631,0.3966,24.11
2023-05-12 04:00:00,0.0,1.606,0.3976,
2023-05-12 05:00:00,0.0,1.608,0.3895,25.09
2023-05-12 06:00:00,0.0,1.591,0.3831,26.2
2023-05-12 07:00:00,0.0,1.596,0.3868,26.65
2023-05-12 08:00:00,0.0,1.591,0.3814,26.97
2023-05-12 09:00:00,0.0,1.586,0.3811,29.77
2023-05-12 10:00:00,0.0,1.576,0.3723,29.82
2023-05-12 11:00:00,0.0,1.561,0.3739,30.1
2023-05-12 12:00:00,0.0,1.558,0.3691,31.49
2023-05-12 13:00:00,0.0,1.567,0.3645,32.23
2023-05-12 14:00:00,0.0,1.552,0.3549,32.68
2023-05-12 15:00:00,0.0,1.527,0.3548,32.75
2023-05-12 16:00:00,0.0,1.493,0.3537,32.56
2023-05-12 17:00:00,0.0,1.49,0.3455,32.49
2023-05-12 18:00:00,0.0,1.483,0.3371,31.76
2023-05-12 19:00:00,0.0,1.487,0.3378,30.94
2023-05-12 20:00:00,0.0,1.453,0.3338,28.72
2023-05-12 21:00:00,0.0,1.454,0.3318,27.7
2023-05-12 22:00:00,0.0,1.457,0.3263,27.14
2023-05-12 23:00:00,0.0,1.476,0.3301,26.45
2023-05-13 00:00:00,0.0,1.467,0.327,25.41
2023-05-13 01:00:00,0.0,1.451,0.3199,24.64
2023-05-13 02:00:00,0.0,1.465,0.3187,24.87
2023-05-13 03:00:00,0.0,1.439,0.3149,24.18
2023-05-13 04:00:00,0.0,1.422,0.3167,23.55
2023-05-13 05:00:00,0.0,1.386,0.3097,24.47
2023-05-13 06:00:00,0.0,1.397,0.3076,25.48
2023-05-13 07:00:00,0.0,1.401,0.3078,26.48
2023-05-13 08:00:00,0.0,1.392,0.3021,28.03
2023-05-13 09:00:00,0.0,1.413,0.3068,28.83
2023-05-13 10:00:00,0.0,1.376,0.2968,28.65
2023-05-13 11:00:00,0.0,1.37,0.298,31.34
2023-05-13 12:00:00,0.0,1.342,0.2953,31.34
2023-05-13 13:00:00,0.0,1.366,0.2853,32.11
2023-05-13 14:00:00,0.0,,0.2855,32.54
2023-05-13 15:00:00,0.0,1.387,0.2806,32.19
2023-05-13 16:00:00,0.0,1.356,0.2828,32.76
2023-05-13 17:00:00,0.0,1.335,0.2769,31.1
2023-05-13 18:00:00,0.0,1.288,0.2768,32.11
2023-05-13 19:00:00,0.0,1.302,0.2762,30.71
2023-05-13 20:00:00,0.0,1.294,0.2738,29.83
2023-05-13 21:00:00,0.0,1.288,0.2628,28.88
2023-05-13 22:00:00,0.0,1.286,0.2601,27.36
2023-05-13 23:00:00,0.0,1.277,0.2578,27.25
2023-05-14 00:00:00,0.0,1.315,0.2626,25.47
2023-05-14 01:00:00,0.0,1.309,0.2594,24.69
2023-05-14 02:00:00,0.0,1.366,0.2571,24.87
2023-05-14 03:00:00,0.0,1.353,0.2548,23.97
2023-05-14 04:00:00,0.0,1.342,0.2499,24.51
2023-05-14 05:00:00,0.0,1.294,0.2494,25.32
2023-05-14 06:00:00,0.0,1.285,0.248,26.2
2023-05-14 07:00:00,0.0,1.279,0.2452,26.64
2023-05-14 08:00:00,0.0,1.284,0.2408,27.17
2023-05-14 09:00:00,0.0,1.315,0.2453,28.49
2023-05-14 10:00:00,0.0,1.301,0.2345,29.36
2023-05-14 11:00:00,0.0,1.275,0.2344,30.61
2023-05-14 12:00:00,0.0,1.274,0.2376,31.18
2023-05-14 13:00:00,0.0,1.227,0.2335,31.63
2023-05-14 14:00:00,0.0,1.194,0.2244,31.97
2023-05-14 15:00:00,0.0,1.21,0.2192,31.74
2023-05-14 16:00:00,0.0,1.241,0.2201,33.06
2023-05-14 17:00:00,0.0,1.282,0.2211,32.48
2023-05-14 18:00:00,0.0,1.259,0.2187,30.87
2023-05-14 19:00:00,0.0,1.252,0.2161,30.98
2023-05-14 20:00:00,0.0,1.263,0.2158,29.71
2023-05-14 21:00:00,0.0,1.243,0.2122,28.01
2023-05-14 22:00:00,0.0,1.209,0.2131,27.1
2023-05-14 23:00:00,0.0,1.185,0.2107,26.58
2023-05-15 00:00:00,0.0,1.182,0.2002,26.24
2023-05-15 01:00:00,0.0,1.204,0.2052,25.53
2023-05-15 02:00:00,0.0,1.192,0.2027,24.57
2023-05-15 03:00:00,0.0,1.194,0.2026,24.93
2023-05-15 04:00:00,0.0,1.226,0.1994,24.76
2023-05-15 05:00:00,0.0,1.218,0.1937,24.87
2023-05-15 06:00:00,0.0,1.195,0.1982,26.35
2023-05-15 07:00:00,0.0,1.178,0.1972,26.78
2023-05-15 08:00:00,0.0,1.166,0.1878,27.92
2023-05-15 09:00:00,0.0,1.209,0.1967,28.15
2023-05-15 10:00:00,0.0,1.198,0.1925,29.48
2023-05-15 11:00:00,0.0,1.205,0.185,31.11
2023-05-15 12:00:00,0.0,1.191,0.1824,31.39
2023-05-15 13:00:00,0.0,1.191,0.1843,32.05
2023-05-15 14:00:00,0.0,1.152,0.1821,32.03
2023-05-15 15:00:00,0.0,1.133,0.1816,32.8
2023-05-15 16:00:00,0.0,1.151,0.1792,32.02
2023-05-15 17:00:00,0.0,1.153,0.1776,32.35
2023-05-15 18:00:00,0.0,1.106,0.1707,31.03
2023-05-15 19:00:00,0.0,1.085,0.1718,30.6
2023-05-15 20:00:00,0.0,1.108,0.1715,30.52
2023-05-15 21:00:00,0.0,1.141,0.1681,28.88
2023-05-15 22:00:00,0.0,1.128,0.1692,27.49
2023-05-15 23:00:00,0.0,1.099,0.169,27.13
2023-05-16 00:00:00,0.0,1.102,0.162,25.55
2023-05-16 01:00:00,0.0,1.123,0.163,24.79
2023-05-16 02:00:00,0.0,1.109,0.1603,24.7
2023-05-16 03:00:00,0.0,1.107,0.1593,25.29
2023-05-16 04:00:00,0.0,1.121,0.1543,25.4
2023-05-16 05:00:00,0.0,1.17,0.1592,25.03
2023-05-16 06:00:00,0.0,1.176,0.1653,25.77
2023-05-16 07:00:00,0.0,1.136,0.1565,26.95
2023-05-16 08:00:00,0.0,1.127,0.1607,28.92
2023-05-16 09:00:00,0.0,1.136,0.1562,28.62
2023-05-16 10:00:00,0.0,1.141,0.1485,30.47
2023-05-16 11:00:00,0.0,1.137,0.1505,30.87
2023-05-16 12:00:00,0.0,1.099,0.15,32.0
2023-05-16 13:00:00,0.0,1.082,0.1482,32.71
2023-05-16 14:00:00,0.0,1.071,0.1422,32.69
2023-05-16 15:00:00,0.0,1.097,0.1434,32.73
2023-05-16 16:00:00,0.0,1.08,0.1462,32.5
2023-05-16 17:00:00,0.0,1.047,0.135,32.38
2023-05-16 18:00:00,0.0,1.067,0.1412,32.16
2023-05-16 19:00:00,0.0,1.086,0.1402,31.4
2023-05-16 20:00:00,0.0,1.057,0.1301,30.38
2023-05-16 21:00:00,0.0,1.068,0.1321,28.51
2023-05-16 22:00:00,0.0,1.06,0.132,27.42
2023-05-16 23:00:00,0.0,1.091,0.1343,26.33
2023-05-17 00:00:00,0.0,1.053,0.1306,26.03
2023-05-17 01:00:00,0.0,1.057,0.1278,25.79
2023-05-17 02:00:00,0.0,1.075,0.1287,24.64
2023-05-17 03:00:00,0.0,1.105,0.1288,24.69
2023-05-17 04:00:00,0.0,1.12,0.1259,25.24
2023-05-17 05:00:00,0.0,1.099,0.1303,25.16
2023-05-17 06:00:00,0.0,1.076,0.1245,25.86
2023-05-17 07:00:00,0.0,1.025,0.1255,27.34
2023-05-17 08:00:00,0.0,1.025,0.1189,27.76
2023-05-17 09:00:00,0.0,1.051,0.1221,28.42
2023-05-17 10:00:00,0.0,1.052,0.1183,29.87
2023-05-17 11:00:00,0.0,1.03,0.117,31.0
2023-05-17 12:00:00,0.0,1.006,0.1218,32.86
2023-05-17 13:00:00,0.0,1.006,0.1139,33.01
2023-05-17 14:00:00,0.0,1.032,0.113,34.24
2023-05-17 15:00:00,0.0,1.038,0.1081,32.25
2023-05-17 16:00:00,0.0,1.01,0.1093,33.34
2023-05-17 17:00:00,0.0,0.972,0.1057,33.02
2023-05-17 18:00:00,0.0,0.971,0.1131,31.63
2023-05-17 19:00:00,0.0,0.989,0.1096,30.59
2023-05-17 20:00:00,0.0,1.013,0.1098,30.19
2023-05-17 21:00:00,0.0,1.018,0.1077,28.62
2023-05-17 22:00:00,0.0,0.98,0.1025,27.18
2023-05-17 23:00:00,0.0,0.977,0.107,26.08
2023-05-18 00:00:00,0.0,0.949,0.1031,25.25
2023-05-18 01:00:00,0.0,0.991,0.1046,25.48
2023-05-18 02:00:00,0.0,0.986,0.0938,25.3
2023-05-18 03:00:00,0.0,1.004,0.0976,24.34
2023-05-18 04:00:00,0.0,0.982,0.0983,25.2
2023-05-18 05:00:00,0.0,0.998,0.1005,25.6
2023-05-18 06:00:00,0.0,0.975,0.094,26.17
2023-05-18 07:00:00,0.0,1.009,0.1046,27.17
2023-05-18 08:00:00,0.0,0.948,0.1007,27.9
2023-05-18 09:00:00,0.0,0.968,0.0999,29.49
2023-05-18 10:00:00,0.0,0.976,0.0993,30.17
2023-05-18 11:00:00,0.0,1.009,0.0957,30.2
2023-05-18 12:00:00,0.0,0.974,0.0896,32.57
2023-05-18 13:00:00,0.0,0.992,0.0934,31.81
2023-05-18 14:00:00,0.0,1.0,0.0895,32.68
2023-05-18 15:00:00,0.0,0.975,0.0892,34.1
2023-05-18 16:00:00,0.0,0.976,0.0915,32.93
2023-05-18 17:00:00,0.0,0.917,0.0863,31.88
2023-05-18 18:00:00,0.0,0.961,0.0852,31.82
2023-05-18 19:00:00,0.0,0.979,0.089,31.09
2023-05-18 20:00:00,0.0,0.974,0.0828,29.96
2023-05-18 21:00:00,0.0,0.954,0.0835,28.57
2023-05-18 22:00:00,0.0,0.938,0.0835,27.15
2023-05-18 23:00:00,0.0,0.958,0.0847,26.24
2023-05-19 00:00:00,0.0,0.948,0.0845,25.65
2023-05-19 01:00:00,0.0,0.927,0.0796,26.05
2023-05-19 02:00:00,0.0,0.907,0.076,24.39
2023-05-19 03:00:00,0.0,0.942,0.0842,24.94
2023-05-19 04:00:00,0.0,0.958,0.0729,25.7
2023-05-19 05:00:00,0.0,0.989,0.0802,25.73
2023-05-19 06:00:00,0.0,0.97,0.0782,26.75
2023-05-19 07:00:00,0.0,0.946,0.0784,26.57
2023-05-19 08:00:00,0.0,0.938,0.0779,28.14
2023-05-19 09:00:00,0.0,0.975,0.0755,29.44
2023-05-19 10:00:00,0.0,0.963,0.0752,30.37
2023-05-19 11:00:00,0.0,0.963,0.0756,31.31
2023-05-19 12:00:00,0.0,0.955,0.0746,31.1
2023-05-19 13:00:00,0.0,0.929,0.0647,32.66
2023-05-19 14:00:00,0.0,0.929,0.072,32.97
2023-05-19 15:00:00,0.0,0.918,0.0738,32.79
2023-05-19 16:00:00,0.0,0.924,0.0685,32.43
2023-05-19 17:00:00,0.0,0.928,0.0712,32.56
2023-05-19 18:00:00,0.0,0.892,0.0722,31.2
2023-05-19 19:00:00,0.0,0.887,0.0687,30.65
2023-05-19 20:00:00,0.0,0.914,0.0681,30.37
2023-05-19 21:00:00,0.0,0.946,0.063,29.39
2023-05-19 22:00:00,0.0,0.963,0.0661,28.07
2023-05-19 23:00:00,0.0,0.962,0.0673,26.64
2023-05-20 00:00:00,0.0,0.944,0.064,25.52
2023-05-20 01:00:00,0.0,0.938,0.0636,25.05
2023-05-20 02:00:00,0.0,0.943,0.0658,25.69
2023-05-20 03:00:00,0.0,0.918,0.0648,
2023-05-20 04:00:00,0.0,0.91,0.0646,24.99
2023-05-20 05:00:00,0.0,0.906,0.058,25.52
2023-05-20 06:00:00,,0.926,0.0634,26.42
2023-05-20 07:00:00,0.0,0.938,0.0568,26.39
2023-05-20 08:00:00,0.0,0.929,0.0603,27.63
2023-05-20 09:00:00,0.0,0.974,0.0663,29.23
2023-05-20 10:00:00,0.0,0.919,0.0616,30.06
2023-05-20 11:00:00,0.0,0.936,0.0602,31.46
2023-05-20 12:00:00,0.0,0.933,0.0561,32.11
2023-05-20 13:00:00,0.0,0.949,0.0626,31.98
2023-05-20 14:00:00,0.0,0.931,0.0583,31.1
2023-05-20 15:00:00,0.0,0.888,0.05,33.01
2023-05-20 16:00:00,0.0,0.892,0.0541,32.25
2023-05-20 17:00:00,0.0,0.893,0.0563,32.62
2023-05-20 18:00:00,0.0,0.888,0.0542,32.53
2023-05-20 19:00:00,0.0,0.907,0.0576,30.39
2023-05-20 20:00:00,0.0,0.872,0.0504,30.26
2023-05-20 21:00:00,0.0,0.898,0.0538,29.34
2023-05-20 22:00:00,0.0,0.89,0.0509,28.04
2023-05-20 23:00:00,0.0,0.908,0.0528,27.07
2023-05-21 00:00:00,0.0,0.871,0.0502,25.08
2023-05-21 01:00:00,0.0,0.899,0.0516,25.51
2023-05-21 02:00:00,0.0,0.89,0.0556,25.08
2023-05-21 03:00:00,0.0,0.869,0.05,25.47
2023-05-21 04:00:00,0.0,0.866,0.0564,25.56
2023-05-21 05:00:00,0.0,0.888,0.0604,25.23
2023-05-21 06:00:00,0.0,0.905,0.05,25.17
2023-05-21 07:00:00,0.0,0.936,0.0542,26.15
2023-05-21 08:00:00,0.0,0.963,0.0527,28.61
2023-05-21 09:00:00,0.0,0.968,0.0523,28.91
2023-05-21 10:00:00,0.0,0.922,0.05,29.26
2023-05-21 11:00:00,0.0,0.918,0.05,30.28
2023-05-21 12:00:00,0.0,0.895,0.05,31.89
2023-05-21 13:00:00,0.0,0.891,0.05,32.47
2023-05-21 14:00:00,0.0,0.882,0.05,33.64
2023-05-21 15:00:00,0.0,0.883,0.05,32.91
2023-05-21 16:00:00,0.0,0.905,0.053,33.0
2023-05-21 17:00:00,0.0,0.911,0.0546,32.39
2023-05-21 18:00:00,0.0,0.922,0.05,32.18
2023-05-21 19:00:00,0.0,0.934,,31.83
2023-05-21 20:00:00,0.0,0.91,0.05,30.45
2023-05-21 21:00:00,0.0,0.913,0.05,29.93
2023-05-21 22:00:00,0.0,0.906,0.05,28.18
2023-05-21 23:00:00,0.0,0.877,0.05,26.15
2023-05-22 00:00:00,0.0,0.86,0.0534,25.74
2023-05-22 01:00:00,0.0,0.86,0.05,25.93
2023-05-22 02:00:00,0.0,0.884,0.05,25.0
2023-05-22 03:00:00,0.0,0.93,0.05,24.99
2023-05-22 04:00:00,0.0,0.923,0.05,24.72
2023-05-22 05:00:00,0.0,0.923,0.05,26.24
2023-05-22 06:00:00,0.0,0.871,0.05,26.92
2023-05-22 07:00:00,0.0,0.887,0.05,26.87
2023-05-22 08:00:00,0.0,0.9,0.0509,27.84
2023-05-22 09:00:00,0.0,0.925,0.05,29.62
2023-05-22 10:00:00,0.0,0.925,0.05,30.54
2023-05-22 11:00:00,0.0,0.923,0.0524,30.17
2023-05-22 12:00:00,0.0,0.871,0.0528,32.15
2023-05-22 13:00:00,0.0,0.873,0.05,32.7
2023-05-22 14:00:00,0.0,0.894,0.05,32.94
2023-05-22 15:00:00,0.0,0.926,0.0519,32.55
2023-05-22 16:00:00,0.0,0.895,0.05,32.42
2023-05-22 17:00:00,0.0,0.854,0.05,30.9
2023-05-22 18:00:00,0.0,0.885,0.0539,31.49
2023-05-22 19:00:00,0.0,0.873,0.05,30.0
2023-05-22 20:00:00,0.0,0.889,0.05,29.75
2023-05-22 21:00:00,0.0,0.854,0.05,29.19
2023-05-22 22:00:00,0.0,0.886,0.053,27.37
2023-05-22 23:00:00,0.0,0.875,0.05,27.65
2023-05-23 00:00:00,0.0,0.908,0.0526,27.17
2023-05-23 01:00:00,0.0,0.882,0.05,25.68
2023-05-23 02:00:00,0.0,0.877,0.05,25.46
2023-05-23 03:00:00,0.0,0.864,0.05,24.21
2023-05-23 04:00:00,0.0,0.864,0.05,25.25
2023-05-23 05:00:00,0.0,0.861,0.05,24.86
2023-05-23 06:00:00,0.0,0.85,0.05,25.33
2023-05-23 07:00:00,0.0,0.872,0.05,26.39
2023-05-23 08:00:00,0.0,0.895,0.0518,27.91
2023-05-23 09:00:00,0.0,0.908,0.0509,29.0
2023-05-23 10:00:00,0.0,0.911,0.05,30.02
2023-05-23 11:00:00,0.0,0.94,0.0548,30.44
2023-05-23 12:00:00,0.0,0.925,0.05,31.9
2023-05-23 13:00:00,0.0,0.92,0.052,32.14
2023-05-23 14:00:00,0.0,0.895,0.05,32.95
2023-05-23 15:00:00,0.0,0.896,0.05,32.91
2023-05-23 16:00:00,0.0,0.871,0.05,31.99
2023-05-23 17:00:00,0.0,0.908,0.05,32.15
2023-05-23 18:00:00,0.0,0.926,0.0507,32.12
2023-05-23 19:00:00,0.0,0.948,0.0504,31.44
2023-05-23 20:00:00,0.0,0.912,0.05,29.44
2023-05-23 21:00:00,0.0,0.946,0.05,28.64
2023-05-23 22:00:00,0.0,0.943,0.0504,27.76
2023-05-23 23:00:00,0.0,0.938,0.05,27.61
2023-05-24 00:00:00,0.0,0.901,0.0515,26.47
2023-05-24 01:00:00,0.0,0.92,0.05,24.96
2023-05-24 02:00:00,0.0,0.924,0.05,25.44
2023-05-24 03:00:00,0.0,0.907,0.055,25.7
2023-05-24 04:00:00,0.0,0.849,0.05,25.31
2023-05-24 05:00:00,0.0,0.862,0.05,25.21
2023-05-24 06:00:00,0.0,0.897,0.0524,26.66
2023-05-24 07:00:00,0.0,0.919,0.0513,27.15
2023-05-24 08:00:00,0.0,0.885,0.05,27.9
2023-05-24 09:00:00,0.0,0.91,0.05,29.51
2023-05-24 10:00:00,0.0,0.922,0.0509,30.09
2023-05-24 11:00:00,0.0,0.942,0.05,31.1
2023-05-24 12:00:00,0.0,0.927,0.0504,
2023-05-24 13:00:00,0.0,0.929,0.05,32.27
2023-05-24 14:00:00,0.0,0.915,0.0511,32.35
2023-05-24 15:00:00,0.0,0.9,0.0517,33.22
2023-05-24 16:00:00,0.0,0.9,0.05,33.7
2023-05-24 17:00:00,0.0,0.922,0.05,31.39
2023-05-24 18:00:00,0.0,0.952,0.0543,32.26
2023-05-24 19:00:00,0.0,0.921,0.0508,31.08
2023-05-24 20:00:00,0.0,0.911,0.0516,29.83
2023-05-24 21:00:00,0.0,0.889,0.0564,28.74
2023-05-24 22:00:00,0.0,0.894,0.053,28.48
2023-05-24 23:00:00,0.0,0.88,0.05,27.4
2023-05-25 00:00:00,0.0,0.894,0.05,25.75
2023-05-25 01:00:00,0.0,0.918,0.0536,25.79
2023-05-25 02:00:00,0.0,0.908,0.0537,25.92
2023-05-25 03:00:00,0.0,0.935,0.0504,25.45
2023-05-25 04:00:00,0.0,0.95,0.0556,24.4
2023-05-25 05:00:00,0.0,0.928,0.0508,25.96
2023-05-25 06:00:00,0.0,0.899,0.0502,25.65
2023-05-25 07:00:00,0.0,0.866,0.0536,27.21
2023-05-25 08:00:00,0.0,0.894,0.0515,27.69
2023-05-25 09:00:00,0.0,0.867,0.0523,29.3
2023-05-25 10:00:00,0.0,0.901,0.05,29.8
2023-05-25 11:00:00,0.0,0.917,0.0511,
2023-05-25 12:00:00,0.0,0.931,0.05,32.08
2023-05-25 13:00:00,0.0,0.915,0.05,32.62
2023-05-25 14:00:00,0.0,0.873,0.05,33.37
2023-05-25 15:00:00,0.0,0.872,0.05,32.83
2023-05-25 16:00:00,0.0,0.87,0.0522,32.21
2023-05-25 17:00:00,0.0,0.861,0.05,32.9
2023-05-25 18:00:00,0.0,0.897,0.05,32.65
2023-05-25 19:00:00,0.0,0.902,0.05,30.81
2023-05-25 20:00:00,0.0,0.957,0.054,30.38
2023-05-25 21:00:00,0.0,0.919,0.05,28.94
2023-05-25 22:00:00,0.0,0.905,0.05,29.03
2023-05-25 23:00:00,0.0,0.886,,26.84
2023-05-26 00:00:00,0.0,0.92,0.0575,26.28
2023-05-26 01:00:00,0.0,0.911,0.0528,24.66
2023-05-26 02:00:00,0.0,0.908,0.05,26.06
2023-05-26 03:00:00,0.0,0.882,0.05,24.87
2023-05-26 04:00:00,0.0,0.858,0.05,25.92
2023-05-26 05:00:00,0.0,0.858,0.0556,25.34
2023-05-26 06:00:00,0.0,0.859,0.05,26.27
2023-05-26 07:00:00,0.0,0.895,0.05,26.74
2023-05-26 08:00:00,0.0,0.901,0.0527,27.63
2023-05-26 09:00:00,0.0,0.906,0.0551,28.99
2023-05-26 10:00:00,0.0,0.885,0.05,30.1
2023-05-26 11:00:00,0.0,0.898,0.05,30.95
2023-05-26 12:00:00,0.0,0.889,0.0501,31.2
2023-05-26 13:00:00,0.0,0.914,0.0502,32.74
2023-05-26 14:00:00,0.0,0.894,0.0563,32.02
2023-05-26 15:00:00,0.0,0.893,0.0513,32.97
2023-05-26 16:00:00,0.0,0.885,0.05,32.21
2023-05-26 17:00:00,0.14,0.931,0.0512,33.04
2023-05-26 18:00:00,0.55,0.927,0.0545,32.52
2023-05-26 19:00:00,0.83,0.934,0.0516,31.35
2023-05-26 20:00:00,1.06,0.936,0.0589,29.83
2023-05-26 21:00:00,1.1,0.983,0.062,28.65
2023-05-26 22:00:00,1.49,0.947,0.0639,27.82
2023-05-26 23:00:00,1.32,0.963,0.0708,26.98
2023-05-27 00:00:00,1.62,0.951,0.0765,26.42
2023-05-27 01:00:00,1.86,0.999,0.0832,25.72
2023-05-27 02:00:00,1.73,1.045,0.0966,24.11
2023-05-27 03:00:00,1.71,1.079,0.0971,25.33
2023-05-27 04:00:00,1.24,1.102,0.1023,25.38
2023-05-27 05:00:00,1.4,1.081,0.108,25.18
2023-05-27 06:00:00,1.22,1.063,0.1098,25.74
2023-05-27 07:00:00,0.89,1.12,0.1113,27.11
2023-05-27 08:00:00,0.39,1.149,0.1176,28.19
2023-05-27 09:00:00,0.13,1.16,0.1171,28.61
2023-05-27 10:00:00,0.0,1.113,0.1142,30.24
2023-05-27 11:00:00,0.0,1.134,0.11,31.26
2023-05-27 12:00:00,0.0,1.116,0.1101,32.43
2023-05-27 13:00:00,,1.111,0.1054,32.58
2023-05-27 14:00:00,0.0,1.11,0.107,32.02
2023-05-27 15:00:00,0.0,1.109,0.102,33.3
2023-05-27 16:00:00,0.0,1.072,0.1068,32.19
2023-05-27 17:00:00,0.0,1.037,0.1082,32.21
2023-05-27 18:00:00,0.0,0.993,0.0988,31.32
2023-05-27 19:00:00,0.0,1.014,0.1063,31.42
2023-05-27 20:00:00,0.0,1.032,0.1019,29.66
2023-05-27 21:00:00,0.0,1.033,0.0967,29.67
2023-05-27 22:00:00,0.0,1.049,0.0989,27.56
2023-05-27 23:00:00,0.0,1.031,0.102,26.16
2023-05-28 00:00:00,0.0,1.046,0.1002,26.2
2023-05-28 01:00:00,,1.006,0.0994,25.08
2023-05-28 02:00:00,0.0,0.928,0.0938,26.0
2023-05-28 03:00:00,0.0,0.895,0.0914,24.87
2023-05-28 04:00:00,0.0,0.924,0.0934,25.92
2023-05-28 05:00:00,0.0,0.984,0.093,25.59
2023-05-28 06:00:00,0.0,0.969,0.0912,26.56
2023-05-28 07:00:00,0.0,0.943,0.0892,26.94
2023-05-28 08:00:00,0.0,0.937,0.0871,29.36
2023-05-28 09:00:00,0.0,0.951,0.0914,28.63
2023-05-28 10:00:00,0.0,0.966,0.0863,28.72
2023-05-28 11:00:00,0.0,0.987,0.0899,31.34
2023-05-28 12:00:00,0.0,1.004,0.0857,31.52
2023-05-28 13:00:00,0.0,1.013,0.0853,32.77
2023-05-28 14:00:00,0.0,0.992,0.0811,33.04
2023-05-28 15:00:00,0.0,0.988,0.0849,32.94
2023-05-28 16:00:00,0.0,0.949,0.082,32.87
2023-05-28 17:00:00,0.0,0.929,0.0786,32.87
2023-05-28 18:00:00,0.0,0.953,0.0803,31.85
2023-05-28 19:00:00,0.0,0.984,0.0775,31.13
2023-05-28 20:00:00,0.0,0.968,0.0746,29.99
2023-05-28 21:00:00,0.0,0.94,0.0808,30.02
2023-05-28 22:00:00,0.0,0.941,0.0743,28.83
2023-05-28 23:00:00,0.0,0.961,0.0785,26.47
2023-05-29 00:00:00,0.0,0.951,0.0833,26.41
2023-05-29 01:00:00,0.0,0.891,0.073,25.37
2023-05-29 02:00:00,0.0,0.903,0.0766,24.75
2023-05-29 03:00:00,0.0,0.947,0.0735,23.64
2023-05-29 04:00:00,0.0,0.973,0.0748,25.21
2023-05-29 05:00:00,0.0,0.96,0.0681,25.65
2023-05-29 06:00:00,0.0,0.952,0.074,27.09
2023-05-29 07:00:00,0.0,0.94,0.0725,27.76
2023-05-29 08:00:00,0.0,0.973,0.0787,28.45
2023-05-29 09:00:00,0.0,0.94,0.0646,29.61
2023-05-29 10:00:00,0.0,0.948,0.0686,30.7
2023-05-29 11:00:00,0.0,0.964,0.0707,
2023-05-29 12:00:00,0.0,0.969,0.0712,32.76
2023-05-29 13:00:00,0.0,0.959,0.0674,32.07
2023-05-29 14:00:00,0.0,0.952,0.0708,32.86
2023-05-29 15:00:00,0.0,0.936,0.0665,32.93
2023-05-29 16:00:00,0.0,0.918,0.066,32.83
2023-05-29 17:00:00,0.0,0.902,0.0596,32.63
2023-05-29 18:00:00,0.0,0.933,0.0659,32.89
2023-05-29 19:00:00,0.0,0.951,0.068,31.69
2023-05-29 20:00:00,0.0,0.917,0.0598,30.89
2023-05-29 21:00:00,0.0,0.902,0.0608,29.2
2023-05-29 22:00:00,0.0,0.901,0.0573,28.14
2023-05-29 23:00:00,0.0,0.902,0.0624,27.53
2023-05-30 00:00:00,0.0,0.922,0.06,26.66
2023-05-30 01:00:00,0.0,0.949,0.0624,26.03
2023-05-30 02:00:00,0.0,0.937,0.0592,26.57
2023-05-30 03:00:00,0.0,0.928,0.0587,25.57
2023-05-30 04:00:00,0.0,0.914,0.0583,25.02
2023-05-30 05:00:00,0.0,0.954,0.0585,25.46
2023-05-30 06:00:00,0.0,0.915,0.0576,26.87
2023-05-30 07:00:00,0.0,0.898,0.0583,27.66
2023-05-30 08:00:00,0.0,0.879,0.0607,28.73
2023-05-30 09:00:00,0.0,0.899,0.0588,29.54
2023-05-30 10:00:00,0.0,0.887,0.0606,29.79
2023-05-30 11:00:00,0.0,0.907,0.0512,32.04
2023-05-30 12:00:00,0.0,0.919,0.0519,32.77
2023-05-30 13:00:00,0.0,0.933,0.0569,32.55
2023-05-30 14:00:00,0.0,0.881,0.05,33.32
2023-05-30 15:00:00,0.0,0.912,0.0572,33.37
2023-05-30 16:00:00,0.0,0.913,0.0502,32.95
2023-05-30 17:00:00,0.0,0.945,0.0508,32.16
2023-05-30 18:00:00,0.0,0.931,0.05,32.39
2023-05-30 19:00:00,0.0,0.91,0.0501,30.53
2023-05-30 20:00:00,0.0,0.882,0.055,30.01
2023-05-30 21:00:00,0.0,0.849,0.054,30.13
2023-05-30 22:00:00,0.0,0.883,0.0559,28.45
2023-05-30 23:00:00,0.0,0.934,0.0568,27.47
2023-05-31 00:00:00,0.0,0.942,0.05,26.33
2023-05-31 01:00:00,0.0,0.933,0.05,25.06
2023-05-31 02:00:00,0.0,0.911,0.0505,25.65
2023-05-31 03:00:00,0.0,0.908,0.051,25.56
2023-05-31 04:00:00,0.0,0.902,0.05,25.84
2023-05-31 05:00:00,0.0,0.901,0.0524,25.65
2023-05-31 06:00:00,0.0,0.91,0.05,26.28
2023-05-31 07:00:00,0.0,0.907,0.05,27.59
2023-05-31 08:00:00,0.0,0.892,0.0522,27.64
2023-05-31 09:00:00,0.0,0.893,0.0514,29.71
2023-05-31 10:00:00,0.0,0.863,0.0502,30.26
2023-05-31 11:00:00,0.0,0.858,0.0507,31.45
2023-05-31 12:00:00,0.0,0.845,0.052,33.29
2023-05-31 13:00:00,,0.893,0.05,32.64
2023-05-31 14:00:00,0.0,0.92,0.051,33.24
2023-05-31 15:00:00,0.0,0.909,0.05,33.32
2023-05-31 16:00:00,0.0,0.908,0.0504,32.18
2023-05-31 17:00:00,0.0,0.898,0.0535,33.08
2023-05-31 18:00:00,0.0,0.913,0.0509,30.97
2023-05-31 19:00:00,0.0,0.899,0.0543,31.69
2023-05-31 20:00:00,0.0,0.884,0.05,30.0
2023-05-31 21:00:00,0.0,0.884,0.05,28.94
2023-05-31 22:00:00,0.0,0.918,0.05,28.25
2023-05-31 23:00:00,0.0,0.931,0.05,26.65
2023-06-01 00:00:00,0.0,0.936,0.05,26.46
2023-06-01 01:00:00,0.0,0.88,0.0514,25.33
2023-06-01 02:00:00,0.0,0.861,0.05,24.83
2023-06-01 03:00:00,0.0,0.828,0.05,25.23
2023-06-01 04:00:00,0.0,0.86,0.051,26.09
2023-06-01 05:00:00,0.0,0.888,0.05,26.24
2023-06-01 06:00:00,0.0,0.884,0.05,26.24
2023-06-01 07:00:00,0.0,0.871,0.05,27.26
2023-06-01 08:00:00,0.0,0.879,0.0512,28.03
2023-06-01 09:00:00,0.0,0.883,0.05,28.74
2023-06-01 10:00:00,0.0,0.922,0.0503,29.85
2023-06-01 11:00:00,0.0,0.9,0.0522,31.47
2023-06-01 12:00:00,0.0,0.931,0.0514,31.8
2023-06-01 13:00:00,0.0,0.929,0.0552,32.77
2023-06-01 14:00:00,0.0,0.934,0.0505,32.69
2023-06-01 15:00:00,0.0,0.925,0.0543,33.74
2023-06-01 16:00:00,0.0,0.909,0.0519,33.52
2023-06-01 17:00:00,0.0,0.923,0.05,33.58
2023-06-01 18:00:00,0.0,0.883,0.05,32.85
2023-06-01 19:00:00,0.0,0.876,0.0505,30.88
2023-06-01 20:00:00,0.0,0.859,0.05,29.95
2023-06-01 21:00:00,0.0,0.916,0.05,29.52
2023-06-01 22:00:00,0.0,0.912,0.05,27.86
2023-06-01 23:00:00,0.0,0.881,0.0535,27.46
2023-06-02 00:00:00,0.0,0.812,0.05,
2023-06-02 01:00:00,0.0,0.825,0.0513,26.37
2023-06-02 02:00:00,0.0,0.836,0.05,25.98
2023-06-02 03:00:00,0.0,0.879,0.0526,25.22
2023-06-02 04:00:00,0.0,0.86,0.0545,24.59
2023-06-02 05:00:00,0.0,0.867,0.05,26.41
2023-06-02 06:00:00,0.0,0.905,0.0504,26.24
2023-06-02 07:00:00,0.0,0.962,0.0578,27.36
2023-06-02 08:00:00,0.0,0.952,0.05,28.27
2023-06-02 09:00:00,0.57,0.915,0.05,29.51
2023-06-02 10:00:00,1.38,0.894,0.0575,29.96
2023-06-02 11:00:00,2.27,0.915,0.0621,30.59
2023-06-02 12:00:00,3.54,0.953,0.0799,31.92
2023-06-02 13:00:00,4.16,1.034,0.0972,32.83
2023-06-02 14:00:00,4.51,1.065,0.1085,32.72
2023-06-02 15:00:00,4.28,1.124,0.123,32.88
2023-06-02 16:00:00,4.51,1.149,0.1471,32.19
2023-06-02 17:00:00,4.82,1.208,0.167,32.61
2023-06-02 18:00:00,5.53,1.3,0.1812,31.94
2023-06-02 19:00:00,4.52,1.384,0.2025,30.87
2023-06-02 20:00:00,4.49,1.465,0.2196,29.47
2023-06-02 21:00:00,5.61,1.507,0.2369,28.85
2023-06-02 22:00:00,4.0,1.604,0.249,28.02
2023-06-02 23:00:00,3.88,1.688,0.264,26.96
2023-06-03 00:00:00,2.14,1.735,0.2709,25.82
2023-06-03 01:00:00,1.41,1.764,0.2649,25.93
2023-06-03 02:00:00,0.54,1.777,0.2712,25.57
2023-06-03 03:00:00,0.0,1.787,0.2654,25.61
2023-06-03 04:00:00,0.0,1.731,0.2644,25.47
2023-06-03 05:00:00,0.0,1.705,0.2658,26.58
2023-06-03 06:00:00,0.0,1.628,0.2623,26.57
2023-06-03 07:00:00,0.0,1.615,0.2602,28.1
2023-06-03 08:00:00,0.0,1.585,0.2573,28.48
2023-06-03 09:00:00,0.0,1.558,0.2547,28.82
2023-06-03 10:00:00,0.0,1.516,0.2525,30.86
2023-06-03 11:00:00,0.0,1.461,0.2546,31.22
2023-06-03 12:00:00,0.0,1.447,0.2492,32.01
2023-06-03 13:00:00,0.0,1.416,0.2416,33.39
2023-06-03 14:00:00,0.0,1.395,0.2404,32.64
2023-06-03 15:00:00,0.0,1.338,0.2411,32.53
2023-06-03 16:00:00,0.0,1.288,0.2356,33.16
2023-06-03 17:00:00,0.0,1.294,0.2353,33.02
2023-06-03 18:00:00,0.0,1.297,0.2311,32.67
2023-06-03 19:00:00,0.0,1.276,0.2293,31.48
2023-06-03 20:00:00,0.0,1.26,0.2303,29.31
2023-06-03 21:00:00,0.0,1.248,0.2255,28.92
2023-06-03 22:00:00,0.0,1.26,0.2281,27.74
2023-06-03 23:00:00,0.0,1.246,0.2184,26.46
2023-06-04 00:00:00,0.0,1.249,0.2157,26.52
2023-06-04 01:00:00,0.0,1.248,0.2178,26.23
2023-06-04 02:00:00,0.0,1.252,0.2141,26.06
2023-06-04 03:00:00,0.0,1.232,0.2134,25.68
2023-06-04 04:00:00,0.0,1.238,0.2123,25.29
2023-06-04 05:00:00,0.0,1.186,0.2056,26.51
2023-06-04 06:00:00,0.0,1.19,0.2011,26.5
2023-06-04 07:00:00,0.0,1.239,0.2079,27.46
2023-06-04 08:00:00,0.0,1.227,0.1996,28.07
2023-06-04 09:00:00,0.0,1.2,0.2004,29.31
2023-06-04 10:00:00,0.0,1.191,0.1993,30.26
2023-06-04 11:00:00,0.0,1.216,0.1976,30.74
2023-06-04 12:00:00,0.0,1.221,0.198,32.58
2023-06-04 13:00:00,0.0,1.218,0.1954,32.98
2023-06-04 14:00:00,0.0,1.193,0.1919,33.7
2023-06-04 15:00:00,0.0,1.202,0.1908,33.08
2023-06-04 16:00:00,0.0,1.166,0.1838,33.65
2023-06-04 17:00:00,0.0,1.184,0.1826,32.11
2023-06-04 18:00:00,0.0,1.213,0.1936,32.53
2023-06-04 19:00:00,,1.217,0.1813,31.77
2023-06-04 20:00:00,0.0,1.228,0.1817,29.95
2023-06-04 21:00:00,0.0,1.231,0.1738,29.99
2023-06-04 22:00:00,0.0,1.194,0.1778,29.18
2023-06-04 23:00:00,0.0,1.167,0.1732,27.15
2023-06-05 00:00:00,0.0,1.164,0.1709,27.36
2023-06-05 01:00:00,0.0,1.18,0.1763,25.15
2023-06-05 02:00:00,0.0,1.164,0.1743,25.53
2023-06-05 03:00:00,0.0,1.139,0.1683,24.16
2023-06-05 04:00:00,0.0,1.152,0.1677,26.07
2023-06-05 05:00:00,0.0,1.152,0.1645,25.24
2023-06-05 06:00:00,0.0,1.134,0.1608,25.66
2023-06-05 07:00:00,0.0,1.1,0.163,27.6
2023-06-05 08:00:00,0.0,1.092,0.1619,28.95
2023-06-05 09:00:00,0.0,1.075,0.1628,29.26
2023-06-05 10:00:00,0.8,1.133,0.163,30.49
2023-06-05 11:00:00,2.17,1.141,0.1652,32.13
2023-06-05 12:00:00,4.33,1.186,0.1775,31.38
2023-06-05 13:00:00,5.07,1.239,0.201,31.93
2023-06-05 14:00:00,6.18,1.333,0.2206,33.25
2023-06-05 15:00:00,6.44,1.431,0.2474,32.93
2023-06-05 16:00:00,8.35,1.519,0.2796,33.21
2023-06-05 17:00:00,8.15,1.615,0.3089,31.47
2023-06-05 18:00:00,8.78,1.764,0.3386,30.52
2023-06-05 19:00:00,8.14,1.952,0.3704,29.93
2023-06-05 20:00:00,9.07,2.134,0.4059,29.95
2023-06-05 21:00:00,9.25,2.28,0.4361,29.14
2023-06-05 22:00:00,5.95,2.42,0.4557,28.37
2023-06-05 23:00:00,5.68,2.576,0.4717,27.17
2023-06-06 00:00:00,5.52,2.759,0.4918,26.74
2023-06-06 01:00:00,4.12,2.889,0.5,25.31
2023-06-06 02:00:00,2.14,2.946,0.4999,24.42
2023-06-06 03:00:00,0.72,2.976,0.4981,24.61
2023-06-06 04:00:00,0.0,3.005,0.4987,24.9
2023-06-06 05:00:00,0.0,2.978,0.4906,25.06
2023-06-06 06:00:00,2.11,2.951,0.4973,25.77
2023-06-06 07:00:00,5.37,2.838,0.5,26.49
2023-06-06 08:00:00,11.21,2.752,0.5,27.64
2023-06-06 09:00:00,12.97,2.691,0.5,28.34
2023-06-06 10:00:00,17.62,2.762,0.5,29.52
2023-06-06 11:00:00,21.02,2.914,0.5,28.87
2023-06-06 12:00:00,,3.139,0.5,30.51
2023-06-06 13:00:00,19.05,3.41,0.4994,31.71
2023-06-06 14:00:00,18.31,3.703,0.4965,31.27
2023-06-06 15:00:00,20.89,4.024,0.4997,31.27
2023-06-06 16:00:00,19.77,4.354,0.5,32.07
2023-06-06 17:00:00,16.85,4.722,0.4999,31.09
2023-06-06 18:00:00,11.85,5.056,0.4946,31.85
2023-06-06 19:00:00,6.8,5.274,0.5,30.07
2023-06-06 20:00:00,2.53,5.4,0.5,31.09
2023-06-06 21:00:00,0.0,5.396,0.4926,30.12
2023-06-06 22:00:00,0.0,5.321,0.4871,27.98
2023-06-06 23:00:00,0.0,5.077,0.4867,27.34
2023-06-07 00:00:00,0.0,4.773,0.4844,26.07
2023-06-07 01:00:00,0.0,4.396,0.4802,25.81
2023-06-07 02:00:00,0.0,4.041,0.477,24.88
2023-06-07 03:00:00,0.0,3.722,0.4661,24.63
2023-06-07 04:00:00,0.0,3.43,0.4633,25.03
2023-06-07 05:00:00,0.0,3.158,0.4628,26.58
2023-06-07 06:00:00,0.0,2.866,0.4624,25.76
2023-06-07 07:00:00,0.0,2.676,0.4534,28.21
2023-06-07 08:00:00,0.0,2.515,0.4435,28.94
2023-06-07 09:00:00,0.0,2.369,0.4484,30.18
2023-06-07 10:00:00,0.0,2.181,0.4329,30.73
2023-06-07 11:00:00,0.0,2.071,0.4349,32.35
2023-06-07 12:00:00,0.0,2.008,0.4341,31.63
2023-06-07 13:00:00,0.0,1.94,0.4291,33.67
2023-06-07 14:00:00,0.0,1.837,0.4167,34.91
2023-06-07 15:00:00,0.0,1.785,0.4196,33.39
2023-06-07 16:00:00,0.0,1.717,0.4163,33.36
2023-06-07 17:00:00,0.0,1.708,0.4096,32.53
2023-06-07 18:00:00,0.0,1.675,0.4025,32.38
2023-06-07 19:00:00,0.0,1.678,0.4003,31.61
2023-06-07 20:00:00,0.0,1.623,0.3928,29.38
2023-06-07 21:00:00,0.0,1.628,0.3943,29.83
2023-06-07 22:00:00,0.0,1.621,0.3919,29.04
2023-06-07 23:00:00,0.0,1.584,0.3827,27.08
2023-06-08 00:00:00,0.0,1.583,0.383,26.51
2023-06-08 01:00:00,0.0,1.543,0.3804,26.51
2023-06-08 02:00:00,0.0,1.539,0.3736,25.22
2023-06-08 03:00:00,0.0,1.521,0.3643,25.92
2023-06-08 04:00:00,0.0,1.536,0.3685,25.83
2023-06-08 05:00:00,0.0,1.522,0.3555,27.25
2023-06-08 06:00:00,0.0,1.526,0.3665,26.66
2023-06-08 07:00:00,0.0,1.5,0.3602,27.28
2023-06-08 08:00:00,0.0,1.509,0.3543,28.64
2023-06-08 09:00:00,0.0,1.534,0.3544,29.61
2023-06-08 10:00:00,0.0,1.546,0.3443,31.4
2023-06-08 11:00:00,0.0,1.523,0.3474,32.34
2023-06-08 12:00:00,0.0,1.488,0.341,32.01
2023-06-08 13:00:00,0.0,1.495,0.3372,32.92
2023-06-08 14:00:00,0.0,1.48,0.3314,33.07
2023-06-08 15:00:00,0.0,1.464,0.328,33.11
2023-06-08 16:00:00,0.0,1.436,0.3271,31.78
2023-06-08 17:00:00,0.0,1.392,0.3189,33.86
2023-06-08 18:00:00,0.0,1.402,0.3144,32.04
2023-06-08 19:00:00,0.0,1.416,0.318,31.33
2023-06-08 20:00:00,0.0,1.456,0.3129,31.97
2023-06-08 21:00:00,0.0,1.422,0.3054,29.23
2023-06-08 22:00:00,0.0,1.395,0.3057,28.42
2023-06-08 23:00:00,0.0,1.377,0.3028,27.68
2023-06-09 00:00:00,0.0,1.356,0.2978,26.92
2023-06-09 01:00:00,0.0,1.39,0.2981,25.8
2023-06-09 02:00:00,0.0,1.392,0.2949,26.27
2023-06-09 03:00:00,0.0,1.448,0.2952,25.66
2023-06-09 04:00:00,0.0,1.454,0.2913,25.77
2023-06-09 05:00:00,0.0,1.437,0.2861,25.78
2023-06-09 06:00:00,0.0,1.392,0.2835,26.68
2023-06-09 07:00:00,0.0,1.384,0.2839,28.06
2023-06-09 08:00:00,0.0,1.366,0.2744,29.03
2023-06-09 09:00:00,0.0,1.361,0.2737,29.36
2023-06-09 10:00:00,0.0,1.312,0.2738,30.22
2023-06-09 11:00:00,0.0,1.34,0.2709,32.02
2023-06-09 12:00:00,0.0,1.366,0.2713,32.56
2023-06-09 13:00:00,0.0,1.391,0.2611,33.48
2023-06-09 14:00:00,0.0,1.353,0.261,32.96
2023-06-09 15:00:00,0.0,1.364,0.2593,33.57
2023-06-09 16:00:00,0.0,1.36,0.2554,33.88
2023-06-09 17:00:00,0.0,1.327,0.2513,32.68
2023-06-09 18:00:00,0.0,1.286,0.2487,33.35
2023-06-09 19:00:00,0.0,1.284,0.2486,32.39
2023-06-09 20:00:00,0.0,1.319,0.2445,30.51
2023-06-09 21:00:00,0.0,1.313,0.2418,29.48
2023-06-09 22:00:00,0.0,1.317,0.2371,28.7
2023-06-09 23:00:00,0.0,1.291,0.2453,27.66
2023-06-10 00:00:00,0.0,1.274,0.2368,27.38
2023-06-10 01:00:00,0.0,1.25,,25.7
2023-06-10 02:00:00,0.0,1.273,0.2316,25.3
2023-06-10 03:00:00,0.0,1.297,0.2309,25.74
2023-06-10 04:00:00,0.0,1.321,0.2301,
2023-06-10 05:00:00,0.0,1.274,0.2263,26.12
2023-06-10 06:00:00,0.0,1.252,0.225,27.22
2023-06-10 07:00:00,0.0,1.202,0.2233,28.29
2023-06-10 08:00:00,0.0,1.219,0.2198,28.94
2023-06-10 09:00:00,0.0,1.24,0.2179,29.79
2023-06-10 10:00:00,0.0,1.302,0.2191,30.53
2023-06-10 11:00:00,0.0,1.293,0.2108,31.64
2023-06-10 12:00:00,0.0,1.282,0.2167,31.75
2023-06-10 13:00:00,0.0,1.233,0.2109,32.47
2023-06-10 14:00:00,0.0,1.215,0.2058,34.1
2023-06-10 15:00:00,0.0,1.237,0.207,
2023-06-10 16:00:00,0.0,1.22,0.2045,32.78
2023-06-10 17:00:00,0.0,1.208,0.2007,33.34
2023-06-10 18:00:00,0.0,1.177,0.1973,31.67
2023-06-10 19:00:00,0.0,1.166,0.1905,32.43
2023-06-10 20:00:00,0.0,1.181,0.1913,30.63
2023-06-10 21:00:00,0.0,1.207,0.1916,30.86
2023-06-10 22:00:00,0.0,1.228,0.1911,28.25
2023-06-10 23:00:00,0.0,1.202,0.1882,27.35
2023-06-11 00:00:00,0.0,1.162,0.1875,27.0
2023-06-11 01:00:00,0.0,1.123,0.184,26.62
2023-06-11 02:00:00,0.0,1.135,0.1851,26.17
2023-06-11 03:00:00,0.0,1.14,0.1881,26.11
2023-06-11 04:00:00,0.0,1.15,0.1806,25.65
2023-06-11 05:00:00,0.0,1.135,0.1782,26.66
2023-06-11 06:00:00,0.0,1.123,0.1769,27.91
2023-06-11 07:00:00,0.0,1.088,0.1777,28.03
2023-06-11 08:00:00,0.0,1.102,0.1735,28.18
2023-06-11 09:00:00,0.0,1.104,0.1743,29.84
2023-06-11 10:00:00,0.0,1.142,0.173,29.68
2023-06-11 11:00:00,0.0,1.122,0.1738,31.98
2023-06-11 12:00:00,0.0,1.138,,31.62
2023-06-11 13:00:00,0.0,1.123,0.165,33.45
2023-06-11 14:00:00,0.0,1.134,0.1639,33.47
2023-06-11 15:00:00,0.0,1.139,0.1609,34.13
2023-06-11 16:00:00,0.0,1.126,0.1597,33.52
2023-06-11 17:00:00,0.0,1.152,0.1614,33.8
2023-06-11 18:00:00,0.0,1.134,0.1541,32.74
2023-06-11 19:00:00,0.0,1.132,0.1499,32.18
2023-06-11 20:00:00,0.0,1.109,0.1527,30.47
2023-06-11 21:00:00,0.0,1.095,0.1514,29.41
2023-06-11 22:00:00,0.0,1.096,0.1524,27.9
2023-06-11 23:00:00,0.0,1.061,0.1476,27.06
2023-06-12 00:00:00,0.0,1.038,0.1454,26.87
2023-06-12 01:00:00,0.0,1.026,0.1437,26.22
2023-06-12 02:00:00,0.0,1.049,0.1424,25.99
2023-06-12 03:00:00,0.0,1.041,0.1406,25.31
2023-06-12 04:00:00,0.0,1.067,0.1384,25.87
2023-06-12 05:00:00,0.0,1.064,0.1341,26.86
2023-06-12 06:00:00,0.0,1.093,0.1419,27.04
2023-06-12 07:00:00,0.0,1.059,0.1388,27.67
2023-06-12 08:00:00,0.0,1.066,0.1432,28.76
2023-06-12 09:00:00,0.0,1.064,0.1311,30.27
2023-06-12 10:00:00,0.0,1.064,0.14,30.77
2023-06-12 11:00:00,0.0,1.024,0.1322,31.39
2023-06-12 12:00:00,0.0,0.979,0.1265,32.23
2023-06-12 13:00:00,0.0,0.983,0.1237,32.84
2023-06-12 14:00:00,0.0,0.99,0.1267,33.23
2023-06-12 15:00:00,0.0,1.013,0.1295,34.05
2023-06-12 16:00:00,0.0,1.027,0.1261,34.37
2023-06-12 17:00:00,0.0,1.039,0.1228,32.91
2023-06-12 18:00:00,0.0,1.048,0.126,32.03
2023-06-12 19:00:00,0.0,1.039,0.1216,31.02
2023-06-12 20:00:00,0.0,1.02,0.1153,31.55
2023-06-12 21:00:00,0.0,1.024,0.1227,30.14
2023-06-12 22:00:00,0.0,1.013,0.1146,28.28
2023-06-12 23:00:00,0.0,1.003,0.1134,27.72
2023-06-13 00:00:00,0.0,1.018,0.1149,27.55
2023-06-13 01:00:00,0.0,0.962,0.1156,26.18
2023-06-13 02:00:00,0.0,0.974,0.1117,26.24
2023-06-13 03:00:00,0.0,0.966,0.1074,25.6
2023-06-13 04:00:00,0.0,1.008,0.1099,25.66
2023-06-13 05:00:00,0.0,1.034,0.1138,24.89
2023-06-13 06:00:00,0.0,1.04,0.1099,26.65
2023-06-13 07:00:00,0.0,1.065,0.1122,27.41
2023-06-13 08:00:00,0.0,1.068,0.1094,28.9
2023-06-13 09:00:00,0.0,1.027,0.1051,29.8
2023-06-13 10:00:00,0.0,1.035,0.1035,30.81
2023-06-13 11:00:00,0.0,1.035,0.1051,32.15
2023-06-13 12:00:00,0.0,1.027,0.104,31.34
2023-06-13 13:00:00,0.0,1.011,0.1026,33.12
2023-06-13 14:00:00,0.0,0.961,0.1017,32.95
2023-06-13 15:00:00,0.0,0.99,0.0996,33.05
2023-06-13 16:00:00,0.0,1.014,0.0985,33.39
2023-06-13 17:00:00,0.0,1.023,0.0953,33.15
2023-06-13 18:00:00,0.0,1.005,0.0935,32.76
2023-06-13 19:00:00,0.0,0.977,0.0979,31.89
2023-06-13 20:00:00,0.0,1.016,0.0917,30.3
2023-06-13 21:00:00,0.0,0.994,,29.58
2023-06-13 22:00:00,0.0,0.995,0.0918,29.36
2023-06-13 23:00:00,0.0,0.964,0.0928,28.48
2023-06-14 00:00:00,0.0,0.974,0.0906,26.72
2023-06-14 01:00:00,0.0,1.023,0.0868,26.28
2023-06-14 02:00:00,0.0,1.059,0.0929,25.39
2023-06-14 03:00:00,0.0,1.064,0.0896,26.21
2023-06-14 04:00:00,0.0,1.042,0.0915,26.99
2023-06-14 05:00:00,0.0,1.012,0.0872,25.97
2023-06-14 06:00:00,0.0,1.021,0.088,27.46
2023-06-14 07:00:00,0.0,1.003,0.0823,28.07
2023-06-14 08:00:00,0.0,0.961,0.0757,28.58
2023-06-14 09:00:00,0.0,0.947,0.0842,29.35
2023-06-14 10:00:00,0.0,0.944,0.0792,31.97
2023-06-14 11:00:00,0.0,0.964,0.0849,32.08
2023-06-14 12:00:00,0.0,0.999,0.0842,33.01
2023-06-14 13:00:00,0.0,0.989,0.0814,33.06
2023-06-14 14:00:00,0.0,0.969,0.077,33.59
2023-06-14 15:00:00,0.0,0.93,0.0786,33.09
2023-06-14 16:00:00,0.0,0.898,0.0794,33.94
2023-06-14 17:00:00,0.0,0.928,0.0781,32.98
2023-06-14 18:00:00,0.0,0.957,0.0733,32.01
2023-06-14 19:00:00,0.0,0.965,0.0696,31.27
2023-06-14 20:00:00,0.0,0.964,0.0756,31.94
2023-06-14 21:00:00,0.0,0.946,0.0737,29.55
2023-06-14 22:00:00,0.0,0.969,0.0747,28.85
2023-06-14 23:00:00,0.0,0.959,0.0723,27.1
2023-06-15 00:00:00,0.0,0.959,0.0712,26.8
2023-06-15 01:00:00,0.0,0.941,0.0706,25.57
2023-06-15 02:00:00,0.0,0.919,0.0696,26.04
2023-06-15 03:00:00,0.0,0.95,0.0772,25.27
2023-06-15 04:00:00,0.0,0.939,0.0687,
2023-06-15 05:00:00,0.0,0.961,0.0678,25.36
2023-06-15 06:00:00,0.0,0.93,0.0704,26.58
2023-06-15 07:00:00,0.0,0.91,0.0689,28.31
2023-06-15 08:00:00,0.0,0.886,0.0672,29.45
2023-06-15 09:00:00,0.0,0.873,0.0637,29.72
2023-06-15 10:00:00,0.0,0.865,0.0616,30.56
2023-06-15 11:00:00,0.0,0.886,0.0647,31.78
2023-06-15 12:00:00,0.0,0.924,0.0636,33.58
2023-06-15 13:00:00,0.0,0.947,0.0619,33.05
2023-06-15 14:00:00,0.0,0.947,0.0651,33.59
2023-06-15 15:00:00,0.0,0.898,0.0648,33.19
2023-06-15 16:00:00,0.0,0.872,0.0647,33.25
2023-06-15 17:00:00,0.0,0.897,0.0575,33.41
2023-06-15 18:00:00,0.0,0.946,0.063,33.0
2023-06-15 19:00:00,0.0,0.939,0.0536,31.87
2023-06-15 20:00:00,0.0,0.925,0.0585,31.17
2023-06-15 21:00:00,0.0,0.937,0.0607,29.22
2023-06-15 22:00:00,0.0,0.927,0.0545,28.14
2023-06-15 23:00:00,0.0,0.962,0.053,
2023-06-16 00:00:00,0.0,0.951,0.0564,26.68
2023-06-16 01:00:00,0.0,0.946,0.061,25.69
2023-06-16 02:00:00,0.0,0.874,0.0607,25.98
2023-06-16 03:00:00,0.0,0.875,0.0586,25.79
2023-06-16 04:00:00,0.0,0.874,0.0517,25.78
2023-06-16 05:00:00,0.0,0.897,0.0542,27.07
2023-06-16 06:00:00,0.0,0.913,0.0604,27.85
2023-06-16 07:00:00,0.0,0.912,0.0559,28.22
2023-06-16 08:00:00,0.0,0.908,0.05,28.92
2023-06-16 09:00:00,0.0,0.911,0.0545,30.43
2023-06-16 10:00:00,0.0,0.895,0.05,30.86
2023-06-16 11:00:00,0.0,0.919,0.0502,31.65
2023-06-16 12:00:00,0.0,0.92,0.0527,32.28
2023-06-16 13:00:00,0.0,0.911,0.05,32.82
2023-06-16 14:00:00,0.0,0.916,0.05,34.07
2023-06-16 15:00:00,0.0,0.903,0.0532,32.99
2023-06-16 16:00:00,0.0,0.884,0.0523,33.31
2023-06-16 17:00:00,0.0,0.851,0.051,33.03
2023-06-16 18:00:00,0.0,0.849,0.0563,31.87
2023-06-16 19:00:00,0.0,0.836,0.0506,31.55
2023-06-16 20:00:00,0.0,0.843,0.051,30.82
2023-06-16 21:00:00,0.0,0.871,0.05,30.26
2023-06-16 22:00:00,0.0,0.893,0.05,28.45
2023-06-16 23:00:00,0.0,0.905,0.05,27.79
2023-06-17 00:00:00,0.0,0.901,0.0526,26.19
2023-06-17 01:00:00,0.0,0.869,0.05,25.69
2023-06-17 02:00:00,0.0,0.889,0.0578,24.95
2023-06-17 03:00:00,0.0,0.879,0.05,26.25
2023-06-17 04:00:00,0.0,0.923,0.05,25.74
2023-06-17 05:00:00,0.0,0.923,0.051,26.41
2023-06-17 06:00:00,0.0,0.94,0.05,27.2
2023-06-17 07:00:00,0.0,0.914,0.05,28.17
2023-06-17 08:00:00,0.0,0.888,0.052,29.73
2023-06-17 09:00:00,0.0,0.864,0.05,29.74
2023-06-17 10:00:00,0.0,0.877,0.0506,30.44
2023-06-17 11:00:00,0.0,0.918,0.0507,32.11
2023-06-17 12:00:00,0.0,0.932,0.0528,33.77
2023-06-17 13:00:00,0.0,0.935,0.0515,32.96
2023-06-17 14:00:00,0.0,0.907,0.0584,33.23
2023-06-17 15:00:00,0.0,0.87,0.05,32.49
2023-06-17 16:00:00,,0.841,0.05,32.59
2023-06-17 17:00:00,0.0,0.864,0.0583,33.94
2023-06-17 18:00:00,0.0,0.863,0.0503,32.5
2023-06-17 19:00:00,0.0,0.897,0.05,31.19
2023-06-17 20:00:00,0.0,0.921,0.05,30.8
2023-06-17 21:00:00,0.0,0.931,0.05,31.06
2023-06-17 22:00:00,0.0,0.933,0.05,28.73
2023-06-17 23:00:00,0.0,0.912,0.05,28.72
2023-06-18 00:00:00,0.0,0.887,0.05,26.49
2023-06-18 01:00:00,0.42,0.899,0.0501,27.01
2023-06-18 02:00:00,1.67,0.92,0.0588,25.47
2023-06-18 03:00:00,2.61,0.941,0.0645,25.14
2023-06-18 04:00:00,3.16,0.95,0.0783,25.13
2023-06-18 05:00:00,3.34,0.966,0.0908,25.82
2023-06-18 06:00:00,3.93,1.016,0.1074,27.05
2023-06-18 07:00:00,5.61,1.063,0.1337,26.98
2023-06-18 08:00:00,5.59,1.158,0.1504,28.72
2023-06-18 09:00:00,5.06,1.216,0.1651,28.92
2023-06-18 10:00:00,4.36,1.31,0.184,30.34
2023-06-18 11:00:00,4.46,1.345,0.2013,31.07
2023-06-18 12:00:00,5.35,1.428,0.2157,32.98
2023-06-18 13:00:00,4.69,1.555,0.2329,33.04
2023-06-18 14:00:00,3.61,1.644,0.2446,33.43
2023-06-18 15:00:00,3.21,1.702,0.2569,33.32
2023-06-18 16:00:00,2.52,1.735,0.2635,33.1
2023-06-18 17:00:00,1.48,1.807,0.2626,32.6
2023-06-18 18:00:00,0.42,1.806,0.2646,33.23
2023-06-18 19:00:00,0.0,1.797,0.2634,30.98
2023-06-18 20:00:00,0.0,1.699,0.2641,30.64
2023-06-18 21:00:00,0.0,1.62,0.2542,30.22
2023-06-18 22:00:00,0.0,1.534,0.2531,27.91
2023-06-18 23:00:00,0.0,1.529,0.2501,27.87
2023-06-19 00:00:00,0.0,1.501,0.2464,26.54
2023-06-19 01:00:00,0.0,1.503,0.2412,26.35
2023-06-19 02:00:00,0.0,1.488,0.2484,25.85
2023-06-19 03:00:00,0.0,1.493,0.2455,24.67
2023-06-19 04:00:00,0.0,1.434,0.2443,26.26
2023-06-19 05:00:00,0.0,1.393,0.2418,25.84
2023-06-19 06:00:00,0.0,1.351,0.2376,26.7
2023-06-19 07:00:00,0.0,1.366,0.2348,27.83
2023-06-19 08:00:00,0.0,1.37,0.2377,28.95
2023-06-19 09:00:00,0.0,1.355,0.2341,30.03
2023-06-19 10:00:00,0.0,1.285,0.2293,31.23
2023-06-19 11:00:00,0.0,1.247,0.2244,30.57
2023-06-19 12:00:00,0.0,1.228,0.2251,32.87
2023-06-19 13:00:00,0.0,1.247,0.2229,33.27
2023-06-19 14:00:00,0.0,1.255,0.2179,33.39
2023-06-19 15:00:00,0.0,1.23,0.2179,33.93
2023-06-19 16:00:00,0.0,1.222,0.2164,34.13
2023-06-19 17:00:00,0.0,1.22,0.2136,32.83
2023-06-19 18:00:00,0.0,1.26,0.2128,33.33
2023-06-19 19:00:00,0.0,1.256,0.2102,32.37
2023-06-19 20:00:00,0.0,1.249,0.2085,31.02
2023-06-19 21:00:00,0.0,1.232,0.2018,29.19
2023-06-19 22:00:00,0.0,1.203,0.2038,29.84
2023-06-19 23:00:00,0.0,1.203,0.201,27.94
2023-06-20 00:00:00,0.0,1.224,0.2003,27.07
2023-06-20 01:00:00,0.0,1.26,0.1965,26.41
2023-06-20 02:00:00,0.0,1.247,0.1959,26.23
2023-06-20 03:00:00,0.0,1.204,0.1897,26.28
2023-06-20 04:00:00,0.0,1.178,0.1926,25.94
2023-06-20 05:00:00,0.0,1.144,0.1933,25.73
2023-06-20 06:00:00,0.0,1.16,0.1928,27.51
2023-06-20 07:00:00,0.0,1.132,0.1858,27.41
2023-06-20 08:00:00,0.0,1.165,0.1898,28.28
2023-06-20 09:00:00,0.0,1.127,0.1822,29.79
2023-06-20 10:00:00,0.0,1.174,0.1829,30.63
2023-06-20 11:00:00,0.0,1.184,0.179,32.01
2023-06-20 12:00:00,0.0,1.183,0.1806,32.93
2023-06-20 13:00:00,0.0,1.15,0.1755,
2023-06-20 14:00:00,0.0,1.126,0.171,33.74
2023-06-20 15:00:00,0.0,1.153,0.174,33.58
2023-06-20 16:00:00,0.0,1.125,0.1674,34.07
2023-06-20 17:00:00,0.0,1.134,0.1679,33.53
2023-06-20 18:00:00,0.0,1.105,0.16,33.01
2023-06-20 19:00:00,0.0,1.174,0.1658,31.68
2023-06-20 20:00:00,0.0,1.136,0.156,30.98
2023-06-20 21:00:00,0.0,1.165,0.1585,30.07
2023-06-20 22:00:00,0.0,1.109,0.1543,29.16
2023-06-20 23:00:00,0.0,1.119,0.1536,28.15
2023-06-21 00:00:00,0.0,1.125,0.1555,26.95
2023-06-21 01:00:00,0.0,1.135,0.1523,25.8
2023-06-21 02:00:00,0.0,1.14,0.1552,26.22
2023-06-21 03:00:00,0.0,1.103,0.151,26.06
2023-06-21 04:00:00,0.0,1.117,0.151,25.42
2023-06-21 05:00:00,0.0,1.105,0.1467,26.8
2023-06-21 06:00:00,0.0,1.112,0.1501,27.09
2023-06-21 07:00:00,0.0,1.071,,27.77
2023-06-21 08:00:00,0.0,1.106,0.1467,28.91
2023-06-21 09:00:00,0.0,1.09,0.1459,30.3
2023-06-21 10:00:00,0.0,1.103,0.1447,31.65
2023-06-21 11:00:00,0.0,1.073,0.1418,31.81
2023-06-21 12:00:00,0.0,1.07,0.1395,32.55
2023-06-21 13:00:00,0.0,1.063,0.1407,33.6
2023-06-21 14:00:00,0.0,1.042,0.1364,33.03
2023-06-21 15:00:00,0.0,1.045,0.1331,34.27
2023-06-21 16:00:00,0.0,1.057,0.1355,33.02
2023-06-21 17:00:00,0.0,1.066,0.1345,32.61
2023-06-21 18:00:00,0.0,1.062,0.1297,33.44
2023-06-21 19:00:00,0.0,1.095,0.1304,30.8
2023-06-21 20:00:00,0.0,1.075,0.1285,31.53
2023-06-21 21:00:00,0.0,1.079,0.1261,30.62
2023-06-21 22:00:00,0.0,1.036,0.1202,28.97
2023-06-21 23:00:00,0.0,1.057,0.1202,28.14
2023-06-22 00:00:00,0.0,1.058,0.1213,26.24
2023-06-22 01:00:00,0.0,1.043,0.1215,26.14
2023-06-22 02:00:00,0.0,1.034,0.1168,26.17
2023-06-22 03:00:00,0.0,1.023,0.1131,26.02
2023-06-22 04:00:00,0.0,1.064,0.118,26.21
2023-06-22 05:00:00,0.0,1.065,0.1173,26.55
2023-06-22 06:00:00,0.0,1.077,0.1189,27.04
2023-06-22 07:00:00,0.0,1.081,0.121,27.24
2023-06-22 08:00:00,0.0,1.036,0.1101,28.99
2023-06-22 09:00:00,0.0,1.036,0.114,29.28
2023-06-22 10:00:00,0.0,1.049,0.119,30.71
2023-06-22 11:00:00,0.0,1.037,0.1067,32.55
2023-06-22 12:00:00,0.0,1.023,0.1065,31.9
2023-06-22 13:00:00,0.0,0.996,0.1111,33.26
2023-06-22 14:00:00,0.0,0.998,0.1075,34.15
2023-06-22 15:00:00,0.0,1.0,0.1065,34.17
2023-06-22 16:00:00,0.0,1.016,0.1063,33.87
2023-06-22 17:00:00,0.0,1.025,0.1055,32.98
2023-06-22 18:00:00,0.0,1.016,0.1034,33.34
2023-06-22 19:00:00,0.0,1.035,0.1027,31.24
2023-06-22 20:00:00,0.0,0.982,0.0964,
2023-06-22 21:00:00,0.0,1.027,0.1019,29.93
2023-06-22 22:00:00,0.0,1.012,0.1028,28.42
2023-06-22 23:00:00,0.0,0.995,0.1005,27.66
2023-06-23 00:00:00,0.0,0.95,0.0978,27.95
2023-06-23 01:00:00,0.0,0.939,0.1012,25.82
2023-06-23 02:00:00,0.0,0.958,0.0953,25.13
2023-06-23 03:00:00,0.0,1.001,0.0969,25.55
2023-06-23 04:00:00,0.0,1.024,0.0982,26.21
2023-06-23 05:00:00,0.0,0.993,0.0912,27.12
2023-06-23 06:00:00,0.0,1.007,0.0954,27.05
2023-06-23 07:00:00,0.0,0.983,0.0873,27.05
2023-06-23 08:00:00,0.0,0.982,0.0872,28.88
2023-06-23 09:00:00,0.0,0.954,0.086,30.3
2023-06-23 10:00:00,0.0,0.946,0.0816,31.06
2023-06-23 11:00:00,0.0,0.954,0.0849,32.12
2023-06-23 12:00:00,0.0,0.975,0.0864,31.76
2023-06-23 13:00:00,0.0,0.964,0.0842,32.66
2023-06-23 14:00:00,0.0,0.957,0.0804,33.67
2023-06-23 15:00:00,0.0,0.942,0.0758,34.44
2023-06-23 16:00:00,0.0,0.963,0.08,33.34
2023-06-23 17:00:00,0.0,0.987,0.0788,33.44
2023-06-23 18:00:00,0.0,1.005,0.0861,32.78
2023-06-23 19:00:00,0.0,0.974,0.0795,31.35
2023-06-23 20:00:00,0.0,0.968,0.084,30.54
2023-06-23 21:00:00,0.0,0.901,0.0758,29.86
2023-06-23 22:00:00,0.0,0.924,0.0804,28.65
2023-06-23 23:00:00,0.0,0.923,0.0772,28.28
2023-06-24 00:00:00,0.0,0.95,0.0734,26.84
2023-06-24 01:00:00,0.0,0.937,0.0759,26.86
2023-06-24 02:00:00,0.0,0.946,0.0739,25.84
2023-06-24 03:00:00,0.0,0.927,0.073,25.9
2023-06-24 04:00:00,0.0,0.959,0.0683,26.42
2023-06-24 05:00:00,0.0,0.937,0.0786,26.37
2023-06-24 06:00:00,0.0,0.943,0.0737,26.84
2023-06-24 07:00:00,0.0,0.868,0.068,27.85
2023-06-24 08:00:00,0.0,0.889,0.0719,29.29
2023-06-24 09:00:00,0.0,0.891,0.0689,30.05
2023-06-24 10:00:00,0.0,0.944,0.0735,29.85
2023-06-24 11:00:00,0.0,0.941,0.0677,31.52
2023-06-24 12:00:00,0.0,0.928,0.0677,32.36
2023-06-24 13:00:00,0.0,0.957,0.0651,33.64
2023-06-24 14:00:00,0.0,0.965,0.0677,32.79
2023-06-24 15:00:00,0.0,1.016,0.0655,34.02
2023-06-24 16:00:00,0.0,1.008,0.0685,34.07
2023-06-24 17:00:00,0.0,0.991,0.0649,33.67
2023-06-24 18:00:00,0.0,0.948,0.0706,32.67
2023-06-24 19:00:00,0.0,0.932,,31.08
2023-06-24 20:00:00,0.0,0.915,0.0596,30.79
2023-06-24 21:00:00,0.0,0.945,0.0592,30.62
2023-06-24 22:00:00,0.0,0.916,0.0586,28.55
2023-06-24 23:00:00,0.0,0.896,0.0577,28.97
2023-06-25 00:00:00,0.0,0.866,0.0642,27.47
2023-06-25 01:00:00,0.0,0.852,0.0584,26.36
2023-06-25 02:00:00,0.0,0.888,0.0595,26.15
2023-06-25 03:00:00,0.0,0.884,0.0543,26.08
2023-06-25 04:00:00,0.0,0.87,0.0577,25.74
2023-06-25 05:00:00,0.0,0.863,0.0502,26.23
2023-06-25 06:00:00,0.0,0.916,0.0577,28.07
2023-06-25 07:00:00,0.0,0.959,0.0545,28.64
2023-06-25 08:00:00,0.0,0.991,0.0604,28.67
2023-06-25 09:00:00,0.0,0.957,0.0575,29.51
2023-06-25 10:00:00,0.0,0.951,0.0569,30.14
2023-06-25 11:00:00,0.0,0.894,0.0513,32.98
2023-06-25 12:00:00,0.0,0.913,0.0544,33.24
2023-06-25 13:00:00,0.0,0.928,0.0585,33.98
2023-06-25 14:00:00,0.0,0.949,0.05,33.49
2023-06-25 15:00:00,0.0,0.912,0.05,33.59
2023-06-25 16:00:00,0.0,0.873,0.051,33.3
2023-06-25 17:00:00,0.0,0.849,0.0511,31.78
2023-06-25 18:00:00,0.0,0.86,0.0521,32.29
2023-06-25 19:00:00,0.0,0.869,0.0517,32.06
2023-06-25 20:00:00,0.0,0.876,0.0507,31.06
2023-06-25 21:00:00,0.0,0.889,0.05,29.59
2023-06-25 22:00:00,0.0,0.891,0.056,29.19
2023-06-25 23:00:00,0.0,0.909,0.0546,27.56
2023-06-26 00:00:00,0.0,0.903,0.0515,27.47
2023-06-26 01:00:00,0.0,0.899,0.0538,26.82
2023-06-26 02:00:00,0.0,0.866,0.05,26.46
2023-06-26 03:00:00,0.0,0.859,0.05,25.95
2023-06-26 04:00:00,0.0,0.858,0.0528,25.64
2023-06-26 05:00:00,0.0,0.854,0.05,25.85
2023-06-26 06:00:00,0.0,0.897,0.0563,26.0
2023-06-26 07:00:00,0.0,0.911,0.05,28.29
2023-06-26 08:00:00,0.0,0.923,0.0544,28.03
2023-06-26 09:00:00,,0.913,0.0558,29.84
2023-06-26 10:00:00,0.0,0.896,0.05,31.05
2023-06-26 11:00:00,0.0,0.881,0.05,31.38
2023-06-26 12:00:00,0.0,0.887,0.0517,32.68
2023-06-26 13:00:00,0.0,0.903,0.0548,33.53
2023-06-26 14:00:00,0.0,0.887,0.0523,33.64
2023-06-26 15:00:00,0.0,0.878,0.05,34.14
2023-06-26 16:00:00,0.0,0.893,0.0548,33.55
2023-06-26 17:00:00,0.0,0.897,0.0569,33.24
2023-06-26 18:00:00,0.0,0.836,0.05,32.29
2023-06-26 19:00:00,0.0,0.823,0.0514,31.84
2023-06-26 20:00:00,0.0,0.896,0.0521,30.95
2023-06-26 21:00:00,0.0,0.971,0.05,29.45
2023-06-26 22:00:00,0.0,1.007,0.05,29.09
2023-06-26 23:00:00,0.0,0.952,0.05,26.68
2023-06-27 00:00:00,0.0,0.899,0.05,27.63
2023-06-27 01:00:00,0.0,0.858,0.0528,25.75
2023-06-27 02:00:00,0.0,0.844,0.05,26.58
2023-06-27 03:00:00,0.0,0.878,0.0552,26.23
2023-06-27 04:00:00,0.0,0.922,0.0519,26.56
2023-06-27 05:00:00,0.0,0.935,0.05,25.9
2023-06-27 06:00:00,0.0,0.925,0.0546,26.99
2023-06-27 07:00:00,0.0,0.871,0.05,28.07
2023-06-27 08:00:00,0.0,0.872,0.05,29.1
2023-06-27 09:00:00,0.0,0.871,0.0524,30.34
2023-06-27 10:00:00,0.0,0.859,0.05,31.28
2023-06-27 11:00:00,0.0,0.867,0.0507,32.16
2023-06-27 12:00:00,0.0,0.869,0.0512,33.0
2023-06-27 13:00:00,0.0,0.881,0.0503,33.73
2023-06-27 14:00:00,0.0,0.881,0.0513,33.8
2023-06-27 15:00:00,0.0,0.86,0.0513,34.5
2023-06-27 16:00:00,0.0,0.842,0.0507,33.75
2023-06-27 17:00:00,0.0,0.842,0.05,32.54
2023-06-27 18:00:00,0.0,0.857,0.05,33.37
2023-06-27 19:00:00,0.0,0.884,0.05,32.16
2023-06-27 20:00:00,0.0,0.869,0.05,30.88
2023-06-27 21:00:00,0.0,0.897,0.0521,29.98
2023-06-27 22:00:00,4.44,0.911,0.0725,29.2
2023-06-27 23:00:00,7.96,0.965,0.0986,27.18
2023-06-28 00:00:00,3.75,1.038,0.1164,27.49
2023-06-28 01:00:00,0.0,1.083,0.1096,26.71
2023-06-28 02:00:00,0.02,1.141,0.1104,25.89
2023-06-28 03:00:00,0.06,1.133,0.1097,25.27
2023-06-28 04:00:00,0.09,1.121,0.1115,26.11
2023-06-28 05:00:00,0.15,1.09,0.1074,27.11
2023-06-28 06:00:00,0.21,1.085,0.1114,26.8
2023-06-28 07:00:00,0.19,1.087,0.11,28.1
2023-06-28 08:00:00,0.26,1.112,0.1094,29.64
2023-06-28 09:00:00,0.21,1.106,0.107,29.03
2023-06-28 10:00:00,0.29,1.078,0.1037,31.14
2023-06-28 11:00:00,0.33,1.043,0.1075,32.18
2023-06-28 12:00:00,0.25,,0.1109,32.91
2023-06-28 13:00:00,0.31,1.029,0.1034,32.52
2023-06-28 14:00:00,0.22,1.054,0.1036,33.4
2023-06-28 15:00:00,0.23,1.073,0.1071,32.87
2023-06-28 16:00:00,0.17,1.076,0.1049,33.12
2023-06-28 17:00:00,0.17,1.086,0.1165,33.8
2023-06-28 18:00:00,0.14,1.056,0.1069,32.58
2023-06-28 19:00:00,0.12,1.045,0.1043,32.33
2023-06-28 20:00:00,0.06,1.034,0.1081,31.35
2023-06-28 21:00:00,0.02,1.002,0.1035,29.37
2023-06-28 22:00:00,0.0,1.021,0.1025,28.98
2023-06-28 23:00:00,0.0,1.059,0.1073,27.14
2023-06-29 00:00:00,0.0,1.032,0.0947,27.25
2023-06-29 01:00:00,0.0,1.003,0.0971,26.69
2023-06-29 02:00:00,0.0,0.954,0.1008,25.97
2023-06-29 03:00:00,0.0,0.933,0.0955,25.1
2023-06-29 04:00:00,0.0,0.95,0.0947,25.34
2023-06-29 05:00:00,0.0,1.007,,27.75
2023-06-29 06:00:00,0.0,0.979,0.0938,27.43
2023-06-29 07:00:00,0.0,0.984,0.0961,27.8
2023-06-29 08:00:00,0.0,0.982,0.0933,29.39
2023-06-29 09:00:00,1.36,1.03,0.0996,30.54
2023-06-29 10:00:00,4.24,1.042,0.1142,31.16
2023-06-29 11:00:00,7.44,1.089,0.1455,31.1
2023-06-29 12:00:00,9.53,1.176,0.1825,31.65
2023-06-29 13:00:00,9.55,1.321,0.2137,32.85
2023-06-29 14:00:00,12.39,1.484,0.2582,32.45
2023-06-29 15:00:00,14.03,1.698,0.3157,33.14
2023-06-29 16:00:00,15.33,1.928,0.3723,32.33
2023-06-29 17:00:00,16.63,2.209,0.4343,32.14
2023-06-29 18:00:00,15.54,2.515,0.4888,31.74
2023-06-29 19:00:00,11.71,2.794,0.4988,30.12
2023-06-29 20:00:00,9.9,3.058,0.5,30.06
2023-06-29 21:00:00,7.77,3.328,0.4982,29.74
2023-06-29 22:00:00,5.04,3.544,0.4999,28.0
2023-06-29 23:00:00,1.65,3.685,0.5,27.5
2023-06-30 00:00:00,0.0,3.746,0.4997,27.73
2023-06-30 01:00:00,0.0,3.741,0.4957,27.25
2023-06-30 02:00:00,0.0,3.678,0.4853,24.33
2023-06-30 03:00:00,0.0,3.543,0.4808,26.55
2023-06-30 04:00:00,0.0,3.333,0.4751,24.93
2023-06-30 05:00:00,0.0,3.127,0.4775,26.46
2023-06-30 06:00:00,0.0,2.913,0.4716,26.43
2023-06-30 07:00:00,0.0,2.738,0.471,27.68
2023-06-30 08:00:00,0.0,2.586,0.4628,28.97
2023-06-30 09:00:00,0.0,2.429,0.4559,30.22
2023-06-30 10:00:00,0.0,2.277,0.4526,31.7
2023-06-30 11:00:00,0.0,2.154,0.4473,31.28
2023-06-30 12:00:00,0.0,2.054,0.4407,33.36
2023-06-30 13:00:00,0.0,1.978,0.4381,33.28
2023-06-30 14:00:00,0.0,,0.4302,33.69
2023-06-30 15:00:00,0.0,1.837,0.4318,34.8
2023-06-30 16:00:00,0.0,1.784,0.4175,34.24
2023-06-30 17:00:00,0.0,1.766,0.4216,32.58
2023-06-30 18:00:00,0.0,1.732,0.4119,32.74
2023-06-30 19:00:00,0.0,1.694,0.4003,31.58
2023-06-30 20:00:00,0.0,1.669,0.3994,30.77
2023-06-30 21:00:00,0.0,1.623,0.4005,29.89
2023-06-30 22:00:00,0.0,1.596,0.3956,29.15
2023-06-30 23:00:00,0.0,1.562,0.3945,27.33
2023-07-01 00:00:00,0.0,1.562,0.3886,27.02
2023-07-01 01:00:00,0.0,1.543,0.3883,26.3
2023-07-01 02:00:00,0.0,1.56,0.3833,26.29
2023-07-01 03:00:00,0.0,1.537,0.382,25.94
2023-07-01 04:00:00,0.0,1.538,0.3794,26.57
2023-07-01 05:00:00,0.0,1.516,0.375,26.63
2023-07-01 06:00:00,0.0,1.546,0.3692,27.44
2023-07-01 07:00:00,0.0,1.554,0.371,28.08
2023-07-01 08:00:00,0.0,1.548,0.3631,28.35
2023-07-01 09:00:00,0.0,1.525,0.3575,29.77
2023-07-01 10:00:00,0.0,1.546,0.3547,30.66
2023-07-01 11:00:00,0.0,1.526,0.3533,32.34
2023-07-01 12:00:00,0.0,1.559,0.3511,33.22
2023-07-01 13:00:00,0.0,1.511,0.3462,33.39
2023-07-01 14:00:00,0.0,1.523,0.3422,33.9
2023-07-01 15:00:00,0.0,1.496,0.3353,33.17
2023-07-01 16:00:00,0.0,1.503,0.3358,33.63
2023-07-01 17:00:00,0.0,1.475,0.3289,32.18
2023-07-01 18:00:00,0.0,1.417,0.3236,33.2
2023-07-01 19:00:00,0.0,1.461,0.3158,33.08
2023-07-01 20:00:00,0.0,1.467,0.3201,30.73
2023-07-01 21:00:00,0.0,1.5,0.3133,30.08
2023-07-01 22:00:00,0.0,1.423,0.3087,29.14
2023-07-01 23:00:00,0.0,1.396,0.3054,27.39
2023-07-02 00:00:00,0.0,1.37,0.3092,27.08
2023-07-02 01:00:00,0.0,1.375,0.3043,26.74
2023-07-02 02:00:00,0.0,1.398,0.3028,26.19
2023-07-02 03:00:00,0.0,1.388,0.2981,26.0
2023-07-02 04:00:00,0.0,1.374,0.2963,25.96
2023-07-02 05:00:00,0.0,1.369,0.2936,26.1
2023-07-02 06:00:00,0.0,1.355,0.2876,27.48
2023-07-02 07:00:00,0.0,1.361,0.2907,28.85
2023-07-02 08:00:00,0.0,1.325,0.2831,27.93
2023-07-02 09:00:00,0.0,1.348,0.2813,28.89
2023-07-02 10:00:00,0.0,1.334,0.2811,30.4
2023-07-02 11:00:00,0.0,1.345,0.2801,31.75
2023-07-02 12:00:00,0.0,1.325,0.2721,32.67
2023-07-02 13:00:00,0.28,1.361,0.2743,33.47
2023-07-02 14:00:00,0.9,1.346,0.2734,33.78
2023-07-02 15:00:00,1.31,1.354,0.2738,33.77
2023-07-02 16:00:00,2.1,1.37,0.2794,34.26
2023-07-02 17:00:00,2.84,1.43,0.2877,32.69
2023-07-02 18:00:00,2.43,1.451,0.2951,33.01
2023-07-02 19:00:00,2.69,1.499,0.3054,32.69
2023-07-02 20:00:00,3.82,1.551,0.3151,29.89
2023-07-02 21:00:00,3.89,1.655,0.326,28.61
2023-07-02 22:00:00,3.45,1.684,0.3361,28.68
2023-07-02 23:00:00,3.29,1.753,0.348,27.96
2023-07-03 00:00:00,2.98,1.786,0.355,26.87
2023-07-03 01:00:00,2.43,1.872,0.3579,25.21
2023-07-03 02:00:00,2.56,1.953,0.374,25.01
2023-07-03 03:00:00,2.16,1.992,0.3758,25.51
2023-07-03 04:00:00,1.74,2.024,0.3795,26.15
2023-07-03 05:00:00,0.95,2.03,0.3846,26.24
2023-07-03 06:00:00,0.27,1.969,0.3767,27.23
2023-07-03 07:00:00,0.0,1.99,0.3761,28.07
2023-07-03 08:00:00,0.0,1.922,0.3711,29.41
2023-07-03 09:00:00,0.0,1.932,0.3685,29.4
2023-07-03 10:00:00,0.0,1.852,0.3619,31.06
2023-07-03 11:00:00,0.0,1.83,0.3623,32.7
2023-07-03 12:00:00,0.0,1.815,0.361,32.41
2023-07-03 13:00:00,0.0,1.761,0.3489,33.13
2023-07-03 14:00:00,0.0,1.754,0.3499,33.88
2023-07-03 15:00:00,0.0,1.651,0.344,33.45
2023-07-03 16:00:00,0.0,1.627,0.3409,33.26
2023-07-03 17:00:00,0.0,1.618,0.3373,33.27
2023-07-03 18:00:00,0.0,1.604,0.3285,32.68
2023-07-03 19:00:00,0.0,1.587,0.3262,32.35
2023-07-03 20:00:00,0.0,1.547,0.3245,30.56
2023-07-03 21:00:00,0.0,1.541,0.3257,29.99
2023-07-03 22:00:00,0.0,1.484,0.3179,29.56
2023-07-03 23:00:00,0.0,1.484,0.3172,28.56
2023-07-04 00:00:00,0.0,1.473,0.3132,27.1
2023-07-04 01:00:00,0.0,1.454,0.3105,26.61
2023-07-04 02:00:00,0.0,1.414,0.3082,25.67
2023-07-04 03:00:00,0.0,1.387,0.3027,26.13
2023-07-04 04:00:00,0.0,1.404,0.302,26.88
2023-07-04 05:00:00,0.0,1.411,0.2986,27.17
2023-07-04 06:00:00,0.0,1.394,0.297,27.14
2023-07-04 07:00:00,0.0,1.37,0.2924,28.16
2023-07-04 08:00:00,0.0,1.362,0.2971,28.58
2023-07-04 09:00:00,0.0,1.341,0.2836,29.52
2023-07-04 10:00:00,0.0,1.305,0.2807,30.84
2023-07-04 11:00:00,0.0,1.333,0.2839,32.12
2023-07-04 12:00:00,0.0,1.351,0.282,33.17
2023-07-04 13:00:00,0.0,1.38,0.2811,33.41
2023-07-04 14:00:00,0.0,1.366,0.2723,34.07
2023-07-04 15:00:00,0.0,1.351,0.2701,32.71
2023-07-04 16:00:00,0.0,1.355,0.2684,33.93
2023-07-04 17:00:00,0.0,1.358,0.2681,33.14
2023-07-04 18:00:00,0.0,1.343,0.2571,32.19
2023-07-04 19:00:00,0.0,1.358,0.2588,32.21
2023-07-04 20:00:00,0.0,1.318,0.2574,31.74
2023-07-04 21:00:00,0.0,1.31,0.2519,29.98
2023-07-04 22:00:00,0.0,1.286,0.2517,29.39
2023-07-04 23:00:00,0.0,1.294,0.2463,27.77
2023-07-05 00:00:00,0.0,1.255,0.2495,28.19
2023-07-05 01:00:00,0.69,1.216,0.2413,25.67
2023-07-05 02:00:00,2.29,1.24,0.2529,25.84
2023-07-05 03:00:00,2.73,1.288,0.2642,26.09
2023-07-05 04:00:00,4.65,1.374,0.2781,25.64
2023-07-05 05:00:00,6.05,1.473,0.3033,26.61
2023-07-05 06:00:00,5.74,1.595,0.3214,25.55
2023-07-05 07:00:00,7.23,1.693,0.3482,27.21
2023-07-05 08:00:00,6.33,1.818,0.3711,28.19
2023-07-05 09:00:00,5.98,1.898,0.3895,29.34
2023-07-05 10:00:00,5.7,2.068,0.4036,29.66
2023-07-05 11:00:00,6.75,2.253,0.4366,31.17
2023-07-05 12:00:00,4.99,2.392,0.4507,32.15
2023-07-05 13:00:00,5.48,2.502,0.4657,33.03
2023-07-05 14:00:00,4.1,2.552,0.4735,33.99
2023-07-05 15:00:00,2.56,2.64,0.4807,33.79
2023-07-05 16:00:00,1.74,2.651,0.4756,33.89
2023-07-05 17:00:00,0.72,2.673,0.4734,34.01
2023-07-05 18:00:00,0.0,2.698,0.4799,33.41
2023-07-05 19:00:00,0.0,2.648,0.4641,30.8
2023-07-05 20:00:00,0.0,2.573,0.4619,31.42
2023-07-05 21:00:00,0.0,2.48,0.4586,30.38
2023-07-05 22:00:00,,2.351,0.4548,28.82
2023-07-05 23:00:00,0.0,2.282,0.4496,27.76
2023-07-06 00:00:00,0.0,2.19,0.4446,26.6
2023-07-06 01:00:00,0.0,2.112,0.4418,25.56
2023-07-06 02:00:00,0.0,2.034,0.4417,26.55
2023-07-06 03:00:00,0.0,1.958,0.4364,26.37
2023-07-06 04:00:00,0.0,1.896,0.4329,26.08
2023-07-06 05:00:00,0.0,1.802,0.4213,26.88
2023-07-06 06:00:00,0.0,1.782,0.4248,27.68
2023-07-06 07:00:00,0.0,1.765,0.4199,27.09
2023-07-06 08:00:00,0.0,1.767,0.4135,29.08
2023-07-06 09:00:00,0.0,1.723,0.4168,29.87
2023-07-06 10:00:00,0.0,1.66,0.4026,31.24
2023-07-06 11:00:00,0.0,1.607,0.4025,32.09
2023-07-06 12:00:00,0.0,1.646,0.4016,33.21
2023-07-06 13:00:00,0.0,1.604,0.3941,32.66
2023-07-06 14:00:00,0.0,1.623,0.3831,34.51
2023-07-06 15:00:00,0.0,1.582,0.3888,33.73
2023-07-06 16:00:00,0.0,1.577,0.375,33.79
2023-07-06 17:00:00,0.0,1.543,0.3723,32.58
2023-07-06 18:00:00,0.0,1.552,0.3746,32.77
2023-07-06 19:00:00,0.0,1.532,0.3648,31.98
2023-07-06 20:00:00,0.0,1.522,0.3631,30.99
2023-07-06 21:00:00,0.0,1.489,0.3574,29.62
2023-07-06 22:00:00,0.0,1.478,0.3571,28.35
2023-07-06 23:00:00,0.0,1.505,0.3572,28.31
2023-07-07 00:00:00,0.0,1.509,0.3459,26.3
2023-07-07 01:00:00,0.0,1.501,0.3482,26.93
2023-07-07 02:00:00,0.0,1.51,0.3393,26.98
2023-07-07 03:00:00,0.0,1.527,0.3477,27.1
2023-07-07 04:00:00,0.0,1.504,0.3358,25.59
2023-07-07 05:00:00,0.0,1.497,0.3373,26.83
2023-07-07 06:00:00,0.0,1.46,0.3336,26.89
2023-07-07 07:00:00,0.0,1.452,0.33,
2023-07-07 08:00:00,0.0,1.423,0.3251,29.16
2023-07-07 09:00:00,0.0,1.424,0.319,29.85
2023-07-07 10:00:00,0.0,1.462,0.3243,30.58
2023-07-07 11:00:00,0.0,1.438,0.3136,31.81
2023-07-07 12:00:00,0.0,1.486,0.3126,32.49
2023-07-07 13:00:00,0.0,1.483,0.3083,33.45
2023-07-07 14:00:00,0.0,1.462,0.3087,33.87
2023-07-07 15:00:00,0.0,1.416,0.3091,33.72
2023-07-07 16:00:00,0.0,1.356,0.2968,33.54
2023-07-07 17:00:00,0.0,1.343,0.2958,33.77
2023-07-07 18:00:00,0.0,1.361,0.2953,33.17
2023-07-07 19:00:00,0.0,1.344,0.2929,31.59
2023-07-07 20:00:00,0.0,1.351,0.2855,31.0
2023-07-07 21:00:00,0.0,1.306,0.2828,29.56
2023-07-07 22:00:00,0.0,1.343,0.2841,30.26
2023-07-07 23:00:00,0.0,1.307,0.2722,27.52
2023-07-08 00:00:00,0.0,1.362,0.278,27.3
2023-07-08 01:00:00,0.0,1.297,0.2705,26.76
2023-07-08 02:00:00,0.0,1.323,0.2711,25.8
2023-07-08 03:00:00,0.0,1.308,0.2686,25.57
2023-07-08 04:00:00,0.0,1.337,0.2643,25.99
2023-07-08 05:00:00,0.0,1.331,0.2648,26.1
2023-07-08 06:00:00,0.0,1.329,0.2605,27.26
2023-07-08 07:00:00,0.0,1.318,0.2622,27.57
2023-07-08 08:00:00,0.0,1.296,0.2544,29.04
2023-07-08 09:00:00,1.46,1.306,0.2569,28.82
2023-07-08 10:00:00,4.44,1.342,0.2755,30.19
2023-07-08 11:00:00,7.01,1.406,0.3001,31.09
2023-07-08 12:00:00,5.26,1.495,0.3226,32.8
2023-07-08 13:00:00,3.8,1.598,0.3297,32.16
2023-07-08 14:00:00,1.8,1.664,0.3331,34.19
2023-07-08 15:00:00,0.0,1.673,0.3256,34.33
2023-07-08 16:00:00,0.0,1.703,0.3261,32.97
2023-07-08 17:00:00,0.0,1.716,0.3184,33.73
2023-07-08 18:00:00,0.0,1.756,0.3177,32.36
2023-07-08 19:00:00,0.0,1.763,0.3121,32.28
2023-07-08 20:00:00,0.0,1.743,0.313,31.35
2023-07-08 21:00:00,0.0,1.677,0.308,30.39
2023-07-08 22:00:00,0.0,1.627,0.3089,28.68
2023-07-08 23:00:00,0.0,1.603,0.2995,28.34
2023-07-09 00:00:00,0.0,1.561,0.2999,27.94
2023-07-09 01:00:00,0.0,1.538,0.2976,26.39
2023-07-09 02:00:00,0.0,1.478,0.2943,26.05
2023-07-09 03:00:00,0.0,1.495,0.2954,26.35
2023-07-09 04:00:00,0.0,1.46,0.2897,24.71
2023-07-09 05:00:00,0.0,1.421,0.2843,26.04
2023-07-09 06:00:00,0.0,1.426,0.286,27.67
2023-07-09 07:00:00,0.0,1.425,0.2875,28.08
2023-07-09 08:00:00,0.0,1.42,0.2774,28.86
2023-07-09 09:00:00,0.0,1.361,0.2765,29.53
2023-07-09 10:00:00,0.0,1.342,0.2745,31.05
2023-07-09 11:00:00,0.0,1.321,0.2737,31.73
2023-07-09 12:00:00,0.0,1.332,0.2703,31.95
2023-07-09 13:00:00,0.0,1.293,0.2653,
2023-07-09 14:00:00,0.0,1.296,0.2606,33.52
2023-07-09 15:00:00,0.0,1.303,0.2574,33.86
2023-07-09 16:00:00,0.0,1.324,0.2574,32.97
2023-07-09 17:00:00,0.0,1.312,0.2509,33.2
2023-07-09 18:00:00,0.0,1.27,0.2461,33.33
2023-07-09 19:00:00,0.0,1.308,0.2468,32.46
2023-07-09 20:00:00,0.0,1.279,0.2433,31.05
2023-07-09 21:00:00,0.0,1.289,0.2413,29.69
2023-07-09 22:00:00,0.0,1.248,0.2417,28.98
2023-07-09 23:00:00,0.0,1.242,0.2382,28.25
2023-07-10 00:00:00,0.0,1.266,0.2352,26.42
2023-07-10 01:00:00,0.0,1.294,0.2303,26.66
2023-07-10 02:00:00,0.0,1.302,0.2306,26.52
2023-07-10 03:00:00,0.0,1.322,,25.97
2023-07-10 04:00:00,0.0,1.317,0.2256,26.13
2023-07-10 05:00:00,0.0,1.338,0.2236,26.17
2023-07-10 06:00:00,0.0,1.282,0.224,27.32
2023-07-10 07:00:00,0.0,1.28,0.222,28.8
2023-07-10 08:00:00,0.0,1.259,0.2189,29.67
2023-07-10 09:00:00,0.0,1.233,0.2141,29.71
2023-07-10 10:00:00,0.0,1.205,0.2101,30.85
2023-07-10 11:00:00,0.0,1.209,0.2169,32.68
2023-07-10 12:00:00,0.0,1.187,0.2079,33.13
2023-07-10 13:00:00,0.0,1.202,0.2072,33.75
2023-07-10 14:00:00,0.0,1.207,0.2043,32.96
2023-07-10 15:00:00,0.0,1.23,0.2059,34.46
2023-07-10 16:00:00,0.0,1.234,0.2018,33.72
2023-07-10 17:00:00,0.0,1.223,0.1965,33.58
2023-07-10 18:00:00,0.0,1.248,0.198,32.48
2023-07-10 19:00:00,0.0,1.186,0.1902,32.82
2023-07-10 20:00:00,0.0,1.174,0.192,30.55
2023-07-10 21:00:00,0.0,1.132,0.1813,30.98
2023-07-10 22:00:00,0.0,1.167,0.1894,28.98
2023-07-10 23:00:00,0.0,1.177,0.1855,27.92
2023-07-11 00:00:00,0.0,1.192,0.1845,26.73
2023-07-11 01:00:00,0.0,1.256,0.1872,26.27
2023-07-11 02:00:00,0.0,1.21,0.1798,26.03
2023-07-11 03:00:00,0.0,1.18,0.1784,26.07
2023-07-11 04:00:00,0.0,1.119,0.1745,26.41
2023-07-11 05:00:00,0.0,1.184,0.1775,26.43
2023-07-11 06:00:00,0.0,1.187,0.1756,27.44
2023-07-11 07:00:00,0.0,1.181,0.1763,28.59
2023-07-11 08:00:00,0.0,1.134,0.1723,29.49
2023-07-11 09:00:00,0.0,1.145,0.1717,30.31
2023-07-11 10:00:00,0.0,1.142,0.1705,31.29
2023-07-11 11:00:00,0.0,1.158,0.1682,31.47
2023-07-11 12:00:00,0.0,1.163,0.1649,32.93
2023-07-11 13:00:00,0.0,1.158,0.165,32.92
2023-07-11 14:00:00,0.0,1.157,0.1634,34.37
2023-07-11 15:00:00,0.0,1.122,0.1626,34.14
2023-07-11 16:00:00,0.0,1.136,0.1646,34.43
2023-07-11 17:00:00,0.0,1.086,0.1529,34.05
2023-07-11 18:00:00,0.0,1.076,0.1557,33.05
2023-07-11 19:00:00,0.0,1.081,0.1524,31.66
2023-07-11 20:00:00,0.0,1.074,0.1516,29.91
2023-07-11 21:00:00,0.0,1.089,0.1517,30.27
2023-07-11 22:00:00,0.0,1.062,0.1487,28.88
2023-07-11 23:00:00,0.0,1.1,0.1434,28.4
2023-07-12 00:00:00,0.0,1.14,0.1438,27.52
2023-07-12 01:00:00,0.0,1.122,0.1458,26.83
2023-07-12 02:00:00,0.0,1.059,0.1405,26.26
2023-07-12 03:00:00,0.0,1.059,0.1384,25.17
2023-07-12 04:00:00,0.0,1.126,0.1395,26.77
2023-07-12 05:00:00,0.0,1.146,0.1349,25.91
2023-07-12 06:00:00,0.0,1.118,0.1358,26.85
2023-07-12 07:00:00,0.0,1.094,0.1426,27.83
2023-07-12 08:00:00,0.0,1.065,0.1338,28.97
2023-07-12 09:00:00,0.0,1.045,0.1353,29.84
2023-07-12 10:00:00,0.0,1.05,0.1303,30.76
2023-07-12 11:00:00,0.0,1.044,0.1332,32.4
2023-07-12 12:00:00,0.0,1.067,0.1291,32.16
2023-07-12 13:00:00,0.0,1.057,0.1308,33.26
2023-07-12 14:00:00,0.0,1.082,0.126,32.81
2023-07-12 15:00:00,0.0,1.056,0.1241,33.48
2023-07-12 16:00:00,0.0,1.033,0.1237,33.08
2023-07-12 17:00:00,0.0,0.996,0.1227,33.83
2023-07-12 18:00:00,0.0,1.006,0.122,32.92
2023-07-12 19:00:00,0.0,1.016,0.1179,31.59
2023-07-12 20:00:00,0.0,1.008,0.1162,29.43
2023-07-12 21:00:00,0.0,0.994,0.1135,29.24
2023-07-12 22:00:00,0.0,1.001,0.1148,28.41
2023-07-12 23:00:00,0.0,1.025,0.1105,27.82
2023-07-13 00:00:00,0.0,1.034,0.1106,27.55
2023-07-13 01:00:00,0.0,1.049,0.1128,25.81
2023-07-13 02:00:00,0.0,1.041,0.1144,25.46
2023-07-13 03:00:00,0.0,1.035,0.1107,25.16
2023-07-13 04:00:00,0.0,1.043,0.1167,26.13
2023-07-13 05:00:00,0.0,1.011,0.1108,25.45
2023-07-13 06:00:00,0.0,1.039,0.1095,26.29
2023-07-13 07:00:00,0.0,1.022,0.1045,28.23
2023-07-13 08:00:00,0.0,1.048,0.1086,29.72
2023-07-13 09:00:00,0.0,1.019,0.1075,30.03
2023-07-13 10:00:00,0.0,1.025,0.1018,30.87
2023-07-13 11:00:00,0.0,1.037,0.1036,33.09
2023-07-13 12:00:00,,1.05,0.1069,32.56
2023-07-13 13:00:00,0.0,1.023,0.102,33.2
2023-07-13 14:00:00,0.0,0.999,0.1026,33.59
2023-07-13 15:00:00,0.0,0.936,0.0978,34.75
2023-07-13 16:00:00,0.0,0.937,0.0924,34.13
2023-07-13 17:00:00,0.0,0.983,0.098,33.72
2023-07-13 18:00:00,0.0,1.001,0.095,32.99
2023-07-13 19:00:00,0.0,0.965,0.0952,31.77
2023-07-13 20:00:00,0.0,0.926,0.0936,30.87
2023-07-13 21:00:00,0.0,0.928,0.0902,29.51
2023-07-13 22:00:00,0.0,0.938,0.0919,28.76
2023-07-13 23:00:00,0.0,0.953,0.0889,28.14
2023-07-14 00:00:00,0.0,0.961,0.087,27.07
2023-07-14 01:00:00,0.0,0.986,0.0916,26.93
2023-07-14 02:00:00,0.0,0.964,0.086,26.26
2023-07-14 03:00:00,0.0,0.948,0.0873,26.09
2023-07-14 04:00:00,0.0,0.917,0.0844,25.7
2023-07-14 05:00:00,0.0,0.928,0.0906,25.92
2023-07-14 06:00:00,0.0,0.947,0.087,26.6
2023-07-14 07:00:00,0.0,0.934,0.0818,28.54
2023-07-14 08:00:00,0.0,0.946,0.084,28.09
2023-07-14 09:00:00,0.0,0.916,0.0832,30.09
2023-07-14 10:00:00,0.0,0.921,0.0826,31.12
2023-07-14 11:00:00,0.0,0.932,0.0795,31.65
2023-07-14 12:00:00,0.0,0.968,0.0784,32.8
2023-07-14 13:00:00,0.0,1.009,0.084,33.54
2023-07-14 14:00:00,0.0,0.957,0.076,33.28
2023-07-14 15:00:00,0.0,0.948,0.0746,33.6
2023-07-14 16:00:00,0.0,0.945,0.0714,33.79
2023-07-14 17:00:00,0.0,1.006,0.0752,33.41
2023-07-14 18:00:00,0.0,0.976,0.0713,32.11
2023-07-14 19:00:00,0.0,0.989,0.0809,32.0
2023-07-14 20:00:00,0.0,0.918,0.0695,31.05
2023-07-14 21:00:00,0.0,0.897,0.0705,30.45
2023-07-14 22:00:00,0.0,0.877,0.0786,28.91
2023-07-14 23:00:00,0.0,0.885,0.0747,27.75
2023-07-15 00:00:00,0.0,0.885,0.0653,27.5
2023-07-15 01:00:00,0.0,0.934,0.0702,27.04
2023-07-15 02:00:00,0.0,0.944,0.0703,25.39
2023-07-15 03:00:00,0.0,0.949,0.0661,25.69
2023-07-15 04:00:00,0.0,0.923,0.0703,25.03
2023-07-15 05:00:00,0.0,0.882,0.0636,26.0
2023-07-15 06:00:00,0.0,0.883,0.0622,27.86
2023-07-15 07:00:00,0.0,0.929,0.0695,27.41
2023-07-15 08:00:00,0.0,0.948,0.0678,29.14
2023-07-15 09:00:00,0.0,0.964,0.0709,30.15
2023-07-15 10:00:00,0.0,0.942,0.0644,30.69
2023-07-15 11:00:00,0.0,0.948,0.0687,31.72
2023-07-15 12:00:00,0.0,0.929,0.0616,33.47
2023-07-15 13:00:00,0.0,0.958,0.066,33.88
2023-07-15 14:00:00,0.0,0.957,0.0674,34.93
2023-07-15 15:00:00,0.0,0.929,0.0584,32.67
2023-07-15 16:00:00,0.0,0.911,0.055,34.08
2023-07-15 17:00:00,0.0,0.923,0.0604,32.22
2023-07-15 18:00:00,0.0,0.918,0.0597,32.75
2023-07-15 19:00:00,0.0,0.898,0.058,31.83
2023-07-15 20:00:00,0.0,0.875,0.0607,30.4
2023-07-15 21:00:00,0.0,0.874,0.0539,29.64
2023-07-15 22:00:00,0.0,0.898,0.0564,28.76
2023-07-15 23:00:00,0.0,0.926,0.0539,28.16
2023-07-16 00:00:00,0.0,0.937,0.0606,26.53
2023-07-16 01:00:00,0.0,0.92,0.0576,26.1
2023-07-16 02:00:00,0.0,0.937,0.0527,26.33
2023-07-16 03:00:00,0.0,0.949,0.0544,26.3
2023-07-16 04:00:00,0.0,0.982,0.0533,27.39
2023-07-16 05:00:00,0.0,0.933,0.05,26.56
2023-07-16 06:00:00,0.0,0.933,0.0577,27.42
2023-07-16 07:00:00,0.0,0.886,0.0511,27.82
2023-07-16 08:00:00,0.0,0.942,,29.6
2023-07-16 09:00:00,0.0,0.889,0.0515,29.47
2023-07-16 10:00:00,0.0,0.906,0.0546,30.94
2023-07-16 11:00:00,0.0,0.877,0.0504,32.06
2023-07-16 12:00:00,0.0,0.931,0.0509,33.01
2023-07-16 13:00:00,0.0,0.911,0.05,33.87
2023-07-16 14:00:00,0.0,0.879,0.05,33.7
2023-07-16 15:00:00,0.0,0.903,0.055,34.38
2023-07-16 16:00:00,0.0,0.902,0.05,33.09
2023-07-16 17:00:00,0.0,0.956,0.0544,33.53
2023-07-16 18:00:00,0.0,0.923,0.0563,31.82
2023-07-16 19:00:00,0.0,0.93,0.05,31.82
2023-07-16 20:00:00,0.0,0.927,0.05,32.22
2023-07-16 21:00:00,0.0,0.952,0.05,30.07
2023-07-16 22:00:00,0.0,0.928,0.05,28.66
2023-07-16 23:00:00,0.0,0.94,0.051,28.19
2023-07-17 00:00:00,0.0,0.934,0.0539,27.08
2023-07-17 01:00:00,0.0,0.901,0.05,25.9
2023-07-17 02:00:00,0.0,0.904,0.0514,25.14
2023-07-17 03:00:00,0.0,0.902,0.05,25.92
2023-07-17 04:00:00,0.0,0.928,0.05,25.97
2023-07-17 05:00:00,0.0,0.903,0.05,26.34
2023-07-17 06:00:00,0.0,0.878,0.051,27.52
2023-07-17 07:00:00,0.0,0.884,0.05,28.63
2023-07-17 08:00:00,0.0,0.895,0.05,29.27
2023-07-17 09:00:00,0.0,0.914,0.05,29.77
2023-07-17 10:00:00,0.0,0.916,0.0504,31.04
2023-07-17 11:00:00,0.0,0.897,0.05,32.5
2023-07-17 12:00:00,0.0,0.885,0.0527,33.21
2023-07-17 13:00:00,0.0,0.876,0.05,33.7
2023-07-17 14:00:00,0.0,0.89,0.05,33.57
2023-07-17 15:00:00,0.0,0.898,0.05,34.5
2023-07-17 16:00:00,0.0,0.906,0.05,34.52
2023-07-17 17:00:00,0.0,0.916,0.05,33.85
2023-07-17 18:00:00,0.0,0.939,0.05,34.28
2023-07-17 19:00:00,0.0,0.923,0.05,32.35
2023-07-17 20:00:00,0.0,0.882,0.0505,31.59
2023-07-17 21:00:00,0.0,0.874,0.0513,30.3
2023-07-17 22:00:00,0.0,0.881,0.053,28.88
2023-07-17 23:00:00,0.0,0.906,0.0515,27.39
2023-07-18 00:00:00,0.0,0.89,0.051,26.76
2023-07-18 01:00:00,0.0,0.923,0.0517,26.13
2023-07-18 02:00:00,0.0,0.912,0.05,25.51
2023-07-18 03:00:00,0.0,0.957,0.0528,25.83
2023-07-18 04:00:00,0.0,0.937,0.05,26.11
2023-07-18 05:00:00,0.0,0.962,0.05,27.1
2023-07-18 06:00:00,0.0,0.928,0.05,26.54
2023-07-18 07:00:00,0.0,0.904,0.0513,28.42
2023-07-18 08:00:00,0.0,0.898,0.051,29.07
2023-07-18 09:00:00,0.0,0.908,0.0522,30.16
2023-07-18 10:00:00,0.0,0.909,0.05,30.96
2023-07-18 11:00:00,0.0,0.914,0.0522,33.02
2023-07-18 12:00:00,0.0,0.913,0.05,32.41
2023-07-18 13:00:00,0.0,0.893,0.05,33.16
2023-07-18 14:00:00,0.0,0.892,0.05,33.9
2023-07-18 15:00:00,0.0,0.898,0.05,34.17
2023-07-18 16:00:00,0.0,0.903,0.051,33.95
2023-07-18 17:00:00,0.0,0.923,0.05,33.41
2023-07-18 18:00:00,0.0,0.931,0.05,33.06
2023-07-18 19:00:00,0.0,0.927,0.05,32.27
2023-07-18 20:00:00,0.0,0.889,0.05,30.99
2023-07-18 21:00:00,0.0,0.851,0.05,30.89
2023-07-18 22:00:00,0.0,0.859,0.05,29.16
2023-07-18 23:00:00,0.0,,0.058,27.84
2023-07-19 00:00:00,0.0,0.888,0.0501,27.76
2023-07-19 01:00:00,0.0,0.91,0.0589,25.49
2023-07-19 02:00:00,0.0,0.874,0.05,25.54
2023-07-19 03:00:00,0.0,0.872,0.05,25.86
2023-07-19 04:00:00,0.0,0.894,0.05,25.51
2023-07-19 05:00:00,0.0,0.897,0.0517,26.9
2023-07-19 06:00:00,0.0,0.895,0.0503,27.52
2023-07-19 07:00:00,0.0,0.897,0.05,28.78
2023-07-19 08:00:00,0.0,0.926,0.05,28.64
2023-07-19 09:00:00,0.0,0.929,0.05,30.25
2023-07-19 10:00:00,0.0,0.923,0.0503,31.64
2023-07-19 11:00:00,0.0,0.904,0.0504,32.05
2023-07-19 12:00:00,0.0,0.892,0.0503,33.29
2023-07-19 13:00:00,0.0,0.892,0.05,33.38
2023-07-19 14:00:00,0.0,0.898,0.05,34.49
2023-07-19 15:00:00,0.0,0.918,0.0534,33.59
2023-07-19 16:00:00,0.0,0.897,0.0506,33.05
2023-07-19 17:00:00,0.0,0.908,0.0517,33.24
2023-07-19 18:00:00,0.0,0.878,0.0528,32.75
2023-07-19 19:00:00,0.0,0.897,0.05,32.18
2023-07-19 20:00:00,0.0,0.883,0.0501,31.23
2023-07-19 21:00:00,0.0,0.896,0.0533,29.61
2023-07-19 22:00:00,0.0,0.859,0.05,28.43
2023-07-19 23:00:00,0.0,0.872,0.05,28.78
2023-07-20 00:00:00,0.0,0.893,0.05,27.06
2023-07-20 01:00:00,0.0,0.915,0.05,26.26
2023-07-20 02:00:00,0.0,0.906,0.0517,26.25
2023-07-20 03:00:00,0.0,0.894,0.0505,25.47
2023-07-20 04:00:00,0.0,0.892,0.05,25.74
2023-07-20 05:00:00,0.0,0.895,0.05,26.89
2023-07-20 06:00:00,0.0,0.889,0.05,26.62
2023-07-20 07:00:00,0.0,0.865,0.0531,27.29
2023-07-20 08:00:00,0.0,0.848,0.05,28.74
2023-07-20 09:00:00,0.0,0.863,0.05,30.09
2023-07-20 10:00:00,0.0,0.905,0.05,31.68
2023-07-20 11:00:00,0.0,0.883,0.05,32.13
2023-07-20 12:00:00,0.0,0.882,0.0548,33.04
2023-07-20 13:00:00,0.0,0.862,0.0502,32.91
2023-07-20 14:00:00,0.0,0.897,0.05,33.91
2023-07-20 15:00:00,0.0,0.906,0.05,33.4
2023-07-20 16:00:00,0.0,0.894,0.05,34.28
2023-07-20 17:00:00,0.0,0.879,0.05,33.48
2023-07-20 18:00:00,0.0,0.899,0.0569,32.76
2023-07-20 19:00:00,0.0,0.903,0.0526,32.21
2023-07-20 20:00:00,0.0,0.91,0.05,30.75
2023-07-20 21:00:00,0.0,0.936,0.0503,29.72
2023-07-20 22:00:00,0.0,0.952,0.05,28.45
2023-07-20 23:00:00,0.0,0.967,0.0527,28.85
2023-07-21 00:00:00,0.0,0.944,0.05,27.01
2023-07-21 01:00:00,0.0,0.934,0.05,26.33
2023-07-21 02:00:00,0.0,0.922,0.05,26.43
2023-07-21 03:00:00,0.0,0.892,0.0522,25.95
2023-07-21 04:00:00,0.0,0.893,0.05,24.92
2023-07-21 05:00:00,0.0,0.897,0.05,27.5
2023-07-21 06:00:00,0.0,0.931,0.05,26.88
2023-07-21 07:00:00,0.0,0.928,0.05,27.53
2023-07-21 08:00:00,0.0,0.911,0.0538,28.83
2023-07-21 09:00:00,0.0,0.899,0.0502,29.69
2023-07-21 10:00:00,0.0,0.914,0.05,30.74
2023-07-21 11:00:00,0.0,0.936,0.05,32.01
2023-07-21 12:00:00,0.0,0.932,0.05,31.85
2023-07-21 13:00:00,0.0,0.92,0.05,33.78
2023-07-21 14:00:00,0.0,0.899,0.05,34.29
2023-07-21 15:00:00,0.0,0.87,0.0554,33.1
2023-07-21 16:00:00,,0.839,0.05,34.04
2023-07-21 17:00:00,0.0,0.84,0.0512,32.98
2023-07-21 18:00:00,0.0,0.894,0.05,32.56
2023-07-21 19:00:00,0.0,0.911,0.05,32.12
2023-07-21 20:00:00,0.0,0.959,0.05,31.42
2023-07-21 21:00:00,0.0,0.937,0.0509,30.11
2023-07-21 22:00:00,0.0,0.94,0.05,28.22
2023-07-21 23:00:00,0.0,0.92,0.05,27.98
2023-07-22 00:00:00,0.0,0.927,0.05,27.36
2023-07-22 01:00:00,0.0,0.956,0.0559,26.09
2023-07-22 02:00:00,0.0,0.922,0.05,25.65
2023-07-22 03:00:00,0.0,0.944,0.05,25.9
2023-07-22 04:00:00,0.0,0.877,0.05,26.36
2023-07-22 05:00:00,0.0,0.904,0.0534,26.19
2023-07-22 06:00:00,0.0,0.878,0.05,27.23
2023-07-22 07:00:00,0.0,0.901,0.05,27.31
2023-07-22 08:00:00,0.0,0.906,0.05,29.04
2023-07-22 09:00:00,0.0,0.909,0.0529,29.03
2023-07-22 10:00:00,0.73,0.924,0.0516,31.06
2023-07-22 11:00:00,2.41,0.935,0.0608,32.14
2023-07-22 12:00:00,4.46,0.954,0.0775,32.24
2023-07-22 13:00:00,6.7,1.005,0.1024,33.01
2023-07-22 14:00:00,6.43,1.085,0.1339,33.28
2023-07-22 15:00:00,8.96,1.18,0.1603,32.35
2023-07-22 16:00:00,8.96,1.292,0.198,32.32
2023-07-22 17:00:00,9.13,1.426,0.2295,32.31
2023-07-22 18:00:00,9.14,1.569,0.267,31.78
2023-07-22 19:00:00,7.89,1.713,0.2939,30.76
2023-07-22 20:00:00,7.44,1.848,0.3217,29.62
2023-07-22 21:00:00,6.43,2.009,0.344,27.87
2023-07-22 22:00:00,4.45,2.123,0.3549,29.29
2023-07-22 23:00:00,2.17,2.248,0.3633,28.57
2023-07-23 00:00:00,0.9,2.313,0.3585,26.59
2023-07-23 01:00:00,0.0,2.387,0.3616,25.74
2023-07-23 02:00:00,0.0,2.363,0.3562,26.79
2023-07-23 03:00:00,0.0,2.351,0.3542,24.87
2023-07-23 04:00:00,1.13,2.281,0.3565,26.46
2023-07-23 05:00:00,3.9,2.243,0.3694,26.39
2023-07-23 06:00:00,7.55,2.207,0.389,26.17
2023-07-23 07:00:00,9.11,2.226,0.4277,27.71
2023-07-23 08:00:00,10.46,2.315,0.4676,27.52
2023-07-23 09:00:00,14.25,2.406,0.5,28.92
2023-07-23 10:00:00,14.76,2.524,0.5,29.36
2023-07-23 11:00:00,16.32,2.728,0.5,29.69
2023-07-23 12:00:00,16.05,2.972,0.4971,32.17
2023-07-23 13:00:00,18.26,3.286,0.5,31.21
2023-07-23 14:00:00,13.33,3.578,0.5,32.24
2023-07-23 15:00:00,12.69,3.839,0.5,33.07
2023-07-23 16:00:00,15.81,4.107,0.4992,32.83
2023-07-23 17:00:00,10.72,4.312,0.5,31.66
2023-07-23 18:00:00,10.61,4.539,0.5,32.42
2023-07-23 19:00:00,8.67,4.622,0.4976,31.06
2023-07-23 20:00:00,7.04,4.718,0.5,30.22
2023-07-23 21:00:00,4.56,4.696,0.4958,29.39
2023-07-23 22:00:00,1.56,4.683,0.5,28.73
2023-07-23 23:00:00,0.0,4.553,0.494,27.15
2023-07-24 00:00:00,0.0,4.394,0.4924,27.29
2023-07-24 01:00:00,0.0,4.157,0.4873,26.55
2023-07-24 02:00:00,0.0,3.895,0.4829,25.87
2023-07-24 03:00:00,0.0,3.646,0.4803,26.02
2023-07-24 04:00:00,0.0,3.411,0.4778,25.95
2023-07-24 05:00:00,0.0,3.195,0.4707,26.42
2023-07-24 06:00:00,0.0,2.951,0.4687,27.3
2023-07-24 07:00:00,0.0,2.723,0.4634,27.8
2023-07-24 08:00:00,0.0,2.503,0.4538,28.49
2023-07-24 09:00:00,0.0,2.344,0.4531,30.3
2023-07-24 10:00:00,0.0,2.192,0.4478,30.41
2023-07-24 11:00:00,0.0,2.074,0.4454,32.44
2023-07-24 12:00:00,0.0,1.979,0.4407,32.57
2023-07-24 13:00:00,0.0,1.927,0.4339,33.82
2023-07-24 14:00:00,0.0,1.884,0.4296,34.5
2023-07-24 15:00:00,0.0,1.807,0.424,33.89
2023-07-24 16:00:00,0.0,1.734,0.4169,34.22
2023-07-24 17:00:00,0.0,1.7,0.4175,33.7
2023-07-24 18:00:00,0.0,1.7,0.4109,32.84
2023-07-24 19:00:00,0.0,1.691,0.4105,32.22
2023-07-24 20:00:00,0.0,1.645,0.4,30.81
2023-07-24 21:00:00,0.0,1.627,0.3947,30.74
2023-07-24 22:00:00,0.0,1.612,0.3863,28.92
2023-07-24 23:00:00,0.0,1.607,0.3961,27.55
2023-07-25 00:00:00,0.0,1.549,0.3873,26.86
2023-07-25 01:00:00,0.0,1.532,0.3847,26.88
2023-07-25 02:00:00,0.0,1.562,0.3844,25.58
2023-07-25 03:00:00,0.0,1.566,0.3764,26.85
2023-07-25 04:00:00,0.0,1.59,0.3706,26.69
2023-07-25 05:00:00,0.0,1.594,0.3723,25.82
2023-07-25 06:00:00,0.0,1.579,0.3656,27.46
2023-07-25 07:00:00,0.0,1.497,0.3575,27.42
2023-07-25 08:00:00,0.0,1.508,0.3641,28.45
2023-07-25 09:00:00,0.0,1.478,0.3527,29.67
2023-07-25 10:00:00,0.69,1.498,0.3529,30.5
2023-07-25 11:00:00,2.11,1.492,0.3621,32.06
2023-07-25 12:00:00,4.44,1.504,0.3675,32.41
2023-07-25 13:00:00,5.97,1.58,0.3936,32.98
2023-07-25 14:00:00,6.08,1.673,0.4139,33.16
2023-07-25 15:00:00,7.67,1.811,0.4424,32.87
2023-07-25 16:00:00,5.8,1.942,0.4593,32.93
2023-07-25 17:00:00,7.02,2.145,0.4826,33.22
2023-07-25 18:00:00,6.38,2.334,0.5,31.92
2023-07-25 19:00:00,4.99,2.473,0.5,32.1
2023-07-25 20:00:00,4.23,2.535,0.4986,30.2
2023-07-25 21:00:00,2.39,2.634,0.497,29.69
2023-07-25 22:00:00,0.94,2.74,0.4961,28.93
2023-07-25 23:00:00,0.0,2.835,0.4961,28.49
2023-07-26 00:00:00,0.0,2.804,0.4889,27.55
2023-07-26 01:00:00,0.0,2.729,0.4837,26.58
2023-07-26 02:00:00,0.0,2.616,0.4847,26.06
2023-07-26 03:00:00,0.0,2.528,0.4792,25.44
2023-07-26 04:00:00,0.0,2.441,0.4782,25.93
2023-07-26 05:00:00,0.0,2.36,0.4701,27.56
2023-07-26 06:00:00,0.0,2.281,0.4668,26.58
2023-07-26 07:00:00,0.0,2.186,0.4598,27.61
2023-07-26 08:00:00,0.0,2.06,0.4504,28.16
2023-07-26 09:00:00,0.0,1.972,0.4506,29.52
2023-07-26 10:00:00,0.0,1.913,0.4455,30.33
2023-07-26 11:00:00,0.0,1.855,0.4389,31.28
2023-07-26 12:00:00,0.0,1.824,0.4385,32.88
2023-07-26 13:00:00,0.0,1.763,0.4358,33.72
2023-07-26 14:00:00,0.0,,0.4266,33.93
2023-07-26 15:00:00,0.0,1.715,0.4243,33.38
2023-07-26 16:00:00,0.0,1.677,0.4167,32.91
2023-07-26 17:00:00,0.0,1.713,0.4134,32.33
2023-07-26 18:00:00,0.0,1.672,0.4075,32.11
2023-07-26 19:00:00,0.0,1.691,0.4059,31.38
2023-07-26 20:00:00,0.0,1.67,0.4026,30.7
2023-07-26 21:00:00,0.0,1.673,0.402,30.02
2023-07-26 22:00:00,0.0,1.631,0.3914,28.66
2023-07-26 23:00:00,0.0,1.608,0.3887,28.68
2023-07-27 00:00:00,0.0,1.628,0.3891,28.2
2023-07-27 01:00:00,0.0,1.615,0.3815,26.36
2023-07-27 02:00:00,0.0,1.588,0.3809,25.06
2023-07-27 03:00:00,0.0,1.523,0.3748,25.61
2023-07-27 04:00:00,0.0,1.521,0.3743,25.88
2023-07-27 05:00:00,0.0,1.51,0.3717,26.76
2023-07-27 06:00:00,0.0,1.547,0.3706,26.38
2023-07-27 07:00:00,0.0,1.543,0.3612,27.06
2023-07-27 08:00:00,0.0,1.57,0.3615,28.97
2023-07-27 09:00:00,0.0,1.543,0.356,29.6
2023-07-27 10:00:00,0.0,1.515,0.3479,30.63
2023-07-27 11:00:00,0.0,1.505,0.3472,31.44
2023-07-27 12:00:00,0.0,1.493,0.343,32.5
2023-07-27 13:00:00,0.0,1.474,0.3426,33.44
2023-07-27 14:00:00,0.0,1.46,0.3349,32.54
2023-07-27 15:00:00,0.0,1.463,0.3339,33.88
2023-07-27 16:00:00,0.0,1.483,0.3298,34.08
2023-07-27 17:00:00,0.0,1.487,0.3279,33.56
2023-07-27 18:00:00,0.0,1.45,0.3208,33.76
2023-07-27 19:00:00,0.0,1.425,0.3144,31.66
2023-07-27 20:00:00,0.0,1.425,0.3183,30.86
2023-07-27 21:00:00,0.0,1.436,0.3106,30.51
2023-07-27 22:00:00,0.0,1.428,0.3126,28.87
2023-07-27 23:00:00,0.0,1.414,0.3063,28.63
2023-07-28 00:00:00,0.0,1.432,0.3038,27.44
2023-07-28 01:00:00,0.0,1.428,0.3029,26.47
2023-07-28 02:00:00,0.0,1.412,0.3004,25.99
2023-07-28 03:00:00,0.0,1.363,0.2958,25.74
2023-07-28 04:00:00,0.0,1.345,0.2922,25.98
2023-07-28 05:00:00,0.0,1.363,0.2909,25.97
2023-07-28 06:00:00,0.0,1.378,0.2831,27.37
2023-07-28 07:00:00,0.0,1.397,0.2887,28.82
2023-07-28 08:00:00,0.0,1.38,0.2805,27.92
2023-07-28 09:00:00,0.0,1.374,0.2787,30.45
2023-07-28 10:00:00,0.0,1.382,0.2761,31.02
2023-07-28 11:00:00,0.0,1.372,0.2754,32.38
2023-07-28 12:00:00,0.0,1.335,0.2709,32.4
2023-07-28 13:00:00,0.0,1.34,0.2702,33.23
2023-07-28 14:00:00,0.0,1.329,0.2666,34.36
2023-07-28 15:00:00,0.0,1.336,0.2596,33.84
2023-07-28 16:00:00,0.0,1.311,0.2565,34.14
2023-07-28 17:00:00,0.0,1.317,0.2552,33.03
2023-07-28 18:00:00,0.0,1.326,0.2554,32.59
2023-07-28 19:00:00,0.0,1.336,0.2521,32.12
2023-07-28 20:00:00,0.0,1.315,0.2498,31.1
2023-07-28 21:00:00,0.0,1.268,0.2446,30.27
2023-07-28 22:00:00,0.0,1.264,0.246,28.66
2023-07-28 23:00:00,0.0,1.29,0.2418,27.86
2023-07-29 00:00:00,0.0,1.311,0.2369,27.5
2023-07-29 01:00:00,0.0,1.341,0.2357,27.1
2023-07-29 02:00:00,0.0,1.366,0.237,25.56
2023-07-29 03:00:00,0.0,1.351,0.2371,26.44
2023-07-29 04:00:00,0.0,1.306,0.2255,25.6
2023-07-29 05:00:00,0.0,1.268,0.2295,26.48
2023-07-29 06:00:00,0.0,1.245,0.2218,27.16
2023-07-29 07:00:00,0.35,1.246,0.2238,
2023-07-29 08:00:00,0.92,1.261,0.229,28.63
2023-07-29 09:00:00,1.91,1.281,0.2334,28.77
2023-07-29 10:00:00,2.63,1.286,0.2387,30.98
2023-07-29 11:00:00,2.92,1.319,0.249,31.41
2023-07-29 12:00:00,3.38,1.366,0.2638,32.31
2023-07-29 13:00:00,4.4,1.424,0.276,32.58
2023-07-29 14:00:00,4.58,1.473,0.2909,33.61
2023-07-29 15:00:00,3.75,1.542,0.3057,33.56
2023-07-29 16:00:00,5.5,1.624,0.3236,32.58
2023-07-29 17:00:00,5.21,1.731,0.3374,32.73
2023-07-29 18:00:00,5.28,1.85,0.3579,31.63
2023-07-29 19:00:00,4.59,1.94,0.3699,31.4
2023-07-29 20:00:00,3.73,2.02,0.382,30.85
2023-07-29 21:00:00,4.02,2.096,0.3889,29.54
2023-07-29 22:00:00,3.84,2.181,0.404,28.64
2023-07-29 23:00:00,3.68,2.243,0.4171,28.01
2023-07-30 00:00:00,3.56,2.3,0.424,26.23
2023-07-30 01:00:00,2.73,2.332,0.4337,25.87
2023-07-30 02:00:00,2.11,2.351,0.4349,
2023-07-30 03:00:00,1.45,2.384,0.444,25.49
2023-07-30 04:00:00,1.09,2.387,0.4468,25.55
2023-07-30 05:00:00,0.37,2.391,0.4372,26.65
2023-07-30 06:00:00,0.0,2.308,0.4316,27.23
2023-07-30 07:00:00,0.0,2.27,0.4338,28.58
2023-07-30 08:00:00,0.0,2.162,0.4289,28.54
2023-07-30 09:00:00,0.0,2.091,0.4252,30.03
2023-07-30 10:00:00,0.0,2.061,0.4215,31.23
2023-07-30 11:00:00,0.0,2.025,0.4151,32.97
2023-07-30 12:00:00,0.0,1.965,0.4142,32.87
2023-07-30 13:00:00,0.0,1.908,0.4099,33.27
2023-07-30 14:00:00,0.0,1.816,0.4065,33.75
2023-07-30 15:00:00,0.0,1.841,0.4023,34.06
2023-07-30 16:00:00,0.0,1.753,0.3893,34.38
2023-07-30 17:00:00,0.0,1.737,0.3903,33.08
2023-07-30 18:00:00,0.0,1.659,0.3834,32.3
2023-07-30 19:00:00,0.0,1.606,0.3728,33.14
2023-07-30 20:00:00,0.0,1.583,0.3763,30.3
2023-07-30 21:00:00,0.0,1.54,0.3688,30.26
2023-07-30 22:00:00,0.0,1.543,0.3674,29.0
2023-07-30 23:00:00,0.0,1.509,0.3606,27.99
2023-07-31 00:00:00,0.0,1.503,0.3648,26.37
2023-07-31 01:00:00,0.0,1.509,0.3549,27.7
2023-07-31 02:00:00,0.0,1.536,0.3524,26.04
2023-07-31 03:00:00,0.0,1.514,0.3551,25.55
2023-07-31 04:00:00,0.0,1.468,,25.28
2023-07-31 05:00:00,0.13,1.476,0.3519,25.33
2023-07-31 06:00:00,0.41,1.506,0.3477,27.29
2023-07-31 07:00:00,0.62,1.52,0.3478,27.33
2023-07-31 08:00:00,0.76,1.499,0.3411,28.57
2023-07-31 09:00:00,0.8,1.53,0.3451,29.43
2023-07-31 10:00:00,0.77,1.534,0.3491,31.04
2023-07-31 11:00:00,1.07,1.535,0.3409,31.9
2023-07-31 12:00:00,1.12,1.544,0.3449,32.9
2023-07-31 13:00:00,0.93,1.569,0.3443,33.58
2023-07-31 14:00:00,0.6,1.587,0.344,33.26
2023-07-31 15:00:00,0.48,1.581,0.3435,33.09
2023-07-31 16:00:00,0.33,1.598,0.339,33.57
2023-07-31 17:00:00,0.14,1.59,0.3414,33.52
2023-07-31 18:00:00,0.0,1.557,0.3245,32.69
2023-07-31 19:00:00,0.0,1.487,0.3201,30.88
2023-07-31 20:00:00,0.0,1.498,0.324,30.87
2023-07-31 21:00:00,0.0,1.499,0.3254,29.31
2023-07-31 22:00:00,0.0,1.508,0.3181,28.79
2023-07-31 23:00:00,0.0,1.481,0.3143,28.29
2023-08-01 00:00:00,0.0,1.493,0.3073,25.72
2023-08-01 01:00:00,0.0,1.476,0.3093,27.08
2023-08-01 02:00:00,0.0,1.465,0.3061,25.41
2023-08-01 03:00:00,0.0,1.426,0.3045,26.29
2023-08-01 04:00:00,0.0,1.43,0.302,26.35
2023-08-01 05:00:00,0.0,1.454,0.302,26.18
2023-08-01 06:00:00,0.0,1.447,0.2959,27.19
2023-08-01 07:00:00,0.0,1.438,0.292,27.44
2023-08-01 08:00:00,0.0,1.416,0.2919,27.89
2023-08-01 09:00:00,0.0,1.385,0.2888,30.36
2023-08-01 10:00:00,0.0,1.351,0.2823,30.49
2023-08-01 11:00:00,0.0,1.313,0.2839,32.69
2023-08-01 12:00:00,0.0,1.304,0.2758,33.06
2023-08-01 13:00:00,0.0,1.329,0.2785,32.83
2023-08-01 14:00:00,0.0,1.348,0.2717,33.95
2023-08-01 15:00:00,0.0,1.349,0.2667,34.06
2023-08-01 16:00:00,0.0,1.387,0.2752,34.52
2023-08-01 17:00:00,0.0,1.371,0.2643,33.01
2023-08-01 18:00:00,0.0,1.373,0.2642,32.5
2023-08-01 19:00:00,0.0,1.33,0.258,32.01
2023-08-01 20:00:00,0.0,1.317,0.2595,30.84
2023-08-01 21:00:00,0.0,1.296,0.2553,29.1
2023-08-01 22:00:00,0.0,1.265,0.2498,29.26
2023-08-01 23:00:00,0.0,1.295,0.2512,28.59
2023-08-02 00:00:00,0.0,1.311,0.2496,27.02
2023-08-02 01:00:00,0.0,1.314,0.2428,25.67
2023-08-02 02:00:00,0.0,1.327,0.242,25.85
2023-08-02 03:00:00,0.0,1.317,0.2463,25.32
2023-08-02 04:00:00,0.0,1.318,0.2386,25.78
2023-08-02 05:00:00,0.0,1.285,0.2393,26.4
2023-08-02 06:00:00,0.0,1.291,0.2364,27.27
2023-08-02 07:00:00,0.0,1.25,0.235,28.48
2023-08-02 08:00:00,0.0,1.241,0.2325,29.05
2023-08-02 09:00:00,0.0,1.208,0.2191,29.24
2023-08-02 10:00:00,0.0,1.254,0.2233,31.15
2023-08-02 11:00:00,0.0,1.259,0.2216,31.63
2023-08-02 12:00:00,0.0,1.28,0.2209,32.51
2023-08-02 13:00:00,0.0,1.247,0.2149,33.23
2023-08-02 14:00:00,0.0,1.231,0.2147,33.7
2023-08-02 15:00:00,0.0,1.227,0.2088,34.28
2023-08-02 16:00:00,0.0,1.198,0.204,33.88
2023-08-02 17:00:00,0.0,1.225,0.2158,32.64
2023-08-02 18:00:00,0.0,1.171,0.2042,31.85
2023-08-02 19:00:00,0.0,1.197,0.2071,32.1
2023-08-02 20:00:00,0.0,1.205,0.2039,31.08
2023-08-02 21:00:00,0.0,1.195,0.1979,30.4
2023-08-02 22:00:00,0.0,1.244,0.2018,28.69
2023-08-02 23:00:00,0.0,1.22,0.1928,27.91
2023-08-03 00:00:00,0.0,1.226,0.1935,27.16
2023-08-03 01:00:00,0.0,1.191,0.1939,25.51
2023-08-03 02:00:00,0.0,1.148,0.1907,25.08
2023-08-03 03:00:00,0.0,1.117,0.1885,26.12
2023-08-03 04:00:00,0.0,1.066,0.1815,26.07
2023-08-03 05:00:00,0.0,1.101,0.188,26.96
2023-08-03 06:00:00,0.0,1.115,0.1868,27.85
2023-08-03 07:00:00,0.0,1.154,0.1809,27.6
2023-08-03 08:00:00,0.0,1.199,0.1834,28.54
2023-08-03 09:00:00,0.0,1.236,0.1797,29.07
2023-08-03 10:00:00,0.0,1.225,0.1804,31.05
2023-08-03 11:00:00,0.0,1.198,0.1776,30.72
2023-08-03 12:00:00,0.0,1.121,0.1724,32.1
2023-08-03 13:00:00,0.0,1.113,0.1776,33.37
2023-08-03 14:00:00,0.0,1.104,0.1667,33.29
2023-08-03 15:00:00,0.0,1.144,0.1584,33.73
2023-08-03 16:00:00,0.0,1.183,0.1577,33.51
2023-08-03 17:00:00,0.0,1.174,0.1651,32.66
2023-08-03 18:00:00,0.0,1.102,0.1552,31.55
2023-08-03 19:00:00,0.0,1.055,0.1583,32.1
2023-08-03 20:00:00,0.0,1.071,0.1619,30.7
2023-08-03 21:00:00,0.0,1.098,0.1495,29.92
2023-08-03 22:00:00,0.0,1.131,0.1548,28.69
2023-08-03 23:00:00,0.0,1.119,0.1539,27.71
2023-08-04 00:00:00,0.0,1.071,0.1481,26.99
2023-08-04 01:00:00,0.0,1.083,0.1522,26.17
2023-08-04 02:00:00,0.0,1.09,0.1496,25.7
2023-08-04 03:00:00,0.0,1.055,0.1508,25.23
2023-08-04 04:00:00,0.0,1.036,0.1475,27.11
2023-08-04 05:00:00,0.0,1.023,0.1449,26.77
2023-08-04 06:00:00,0.0,1.072,0.1461,27.65
2023-08-04 07:00:00,0.0,1.082,0.1475,28.37
2023-08-04 08:00:00,0.0,1.09,0.1465,28.56
2023-08-04 09:00:00,0.0,1.067,0.1427,29.64
2023-08-04 10:00:00,0.0,1.089,0.142,30.77
2023-08-04 11:00:00,0.0,1.079,0.136,31.55
2023-08-04 12:00:00,0.0,1.092,0.1357,33.0
2023-08-04 13:00:00,0.0,1.093,0.1363,32.79
2023-08-04 14:00:00,0.0,1.093,0.1342,33.06
2023-08-04 15:00:00,0.0,1.08,0.1338,33.08
2023-08-04 16:00:00,0.0,1.055,0.1348,33.43
2023-08-04 17:00:00,0.0,1.055,0.1286,32.96
2023-08-04 18:00:00,0.0,1.086,0.1231,32.25
2023-08-04 19:00:00,0.0,1.12,0.1235,31.77
2023-08-04 20:00:00,0.0,1.121,0.1256,30.18
2023-08-04 21:00:00,0.0,1.066,0.1226,30.1
2023-08-04 22:00:00,0.0,1.036,0.1188,28.15
2023-08-04 23:00:00,0.0,1.017,0.1213,27.15
2023-08-05 00:00:00,0.0,1.023,0.1182,26.56
2023-08-05 01:00:00,0.0,1.018,0.1211,26.18
2023-08-05 02:00:00,0.0,1.032,0.1229,26.28
2023-08-05 03:00:00,0.0,1.04,0.1209,25.67
2023-08-05 04:00:00,0.0,1.023,0.1137,25.04
2023-08-05 05:00:00,0.0,1.005,0.1136,26.49
2023-08-05 06:00:00,0.0,0.995,0.1098,27.12
2023-08-05 07:00:00,0.0,1.024,0.1168,27.42
2023-08-05 08:00:00,0.0,1.018,0.1127,28.76
2023-08-05 09:00:00,0.0,1.018,0.116,30.43
2023-08-05 10:00:00,0.0,0.988,0.1119,30.31
2023-08-05 11:00:00,0.0,1.001,0.1075,32.19
2023-08-05 12:00:00,0.0,0.987,0.1023,33.17
2023-08-05 13:00:00,0.0,1.012,0.1073,33.26
2023-08-05 14:00:00,0.0,1.017,0.1115,32.96
2023-08-05 15:00:00,0.0,1.031,0.1065,34.36
2023-08-05 16:00:00,0.0,1.03,0.1024,34.03
2023-08-05 17:00:00,0.0,1.015,0.1041,33.45
2023-08-05 18:00:00,0.0,1.002,0.1027,32.51
2023-08-05 19:00:00,0.0,1.004,0.1032,32.29
2023-08-05 20:00:00,0.0,1.004,0.0958,30.32
2023-08-05 21:00:00,0.0,1.017,0.0987,30.14
2023-08-05 22:00:00,0.0,1.0,0.092,28.51
2023-08-05 23:00:00,0.0,1.008,0.09,26.87
2023-08-06 00:00:00,0.0,0.998,0.0969,26.36
2023-08-06 01:00:00,0.0,0.991,0.0977,26.43
2023-08-06 02:00:00,0.0,0.98,0.0932,25.93
2023-08-06 03:00:00,0.0,0.995,0.0922,25.91
2023-08-06 04:00:00,0.0,1.005,0.0927,25.64
2023-08-06 05:00:00,0.0,0.993,0.0944,26.33
2023-08-06 06:00:00,0.0,0.978,0.0928,27.17
2023-08-06 07:00:00,0.0,0.972,0.0902,28.87
2023-08-06 08:00:00,0.0,0.952,0.0905,28.46
2023-08-06 09:00:00,0.0,0.943,0.09,30.2
2023-08-06 10:00:00,,0.931,0.0834,31.05
2023-08-06 11:00:00,0.0,0.933,0.0873,31.75
2023-08-06 12:00:00,0.0,0.897,0.0809,31.87
2023-08-06 13:00:00,0.0,0.885,0.087,33.85
2023-08-06 14:00:00,0.0,0.927,0.0853,33.68
2023-08-06 15:00:00,0.0,0.989,0.082,33.39
2023-08-06 16:00:00,0.0,1.017,0.0804,33.11
2023-08-06 17:00:00,0.0,1.001,0.0835,33.28
2023-08-06 18:00:00,0.0,0.981,0.08,32.05
2023-08-06 19:00:00,0.0,0.956,0.0791,31.4
2023-08-06 20:00:00,0.0,0.963,0.0785,30.43
2023-08-06 21:00:00,0.0,0.948,0.078,29.71
2023-08-06 22:00:00,0.0,0.965,0.0795,28.95
2023-08-06 23:00:00,0.54,0.915,0.0727,27.47
2023-08-07 00:00:00,1.35,0.947,0.0819,26.59
2023-08-07 01:00:00,2.74,0.953,0.0864,25.98
2023-08-07 02:00:00,3.38,1.018,0.1065,25.09
2023-08-07 03:00:00,4.8,1.016,0.1217,24.89
2023-08-07 04:00:00,5.21,1.099,0.1439,25.05
2023-08-07 05:00:00,5.05,1.176,0.1601,25.84
2023-08-07 06:00:00,7.26,1.301,0.1876,26.91
2023-08-07 07:00:00,6.28,1.378,0.2122,26.41
2023-08-07 08:00:00,7.54,1.48,0.242,27.99
2023-08-07 09:00:00,6.27,1.573,0.2666,28.92
2023-08-07 10:00:00,6.72,1.695,0.2865,29.94
2023-08-07 11:00:00,7.46,1.834,0.3161,30.67
2023-08-07 12:00:00,7.04,1.97,0.3416,32.36
2023-08-07 13:00:00,7.19,2.072,0.3641,31.2
2023-08-07 14:00:00,6.25,2.199,0.3877,32.34
2023-08-07 15:00:00,4.58,2.28,0.3965,33.75
2023-08-07 16:00:00,4.78,2.395,0.4123,33.63
2023-08-07 17:00:00,3.9,2.479,0.429,33.62
2023-08-07 18:00:00,2.88,2.537,0.426,32.36
2023-08-07 19:00:00,1.72,2.592,0.4339,31.73
2023-08-07 20:00:00,0.54,2.603,0.433,29.71
2023-08-07 21:00:00,0.0,2.566,0.4293,29.67
2023-08-07 22:00:00,0.0,2.502,0.4253,28.91
2023-08-07 23:00:00,0.0,2.43,0.42,27.42
2023-08-08 00:00:00,0.0,2.359,0.4158,26.77
2023-08-08 01:00:00,0.0,2.291,0.4108,26.79
2023-08-08 02:00:00,0.0,2.251,0.4144,26.5
2023-08-08 03:00:00,0.0,2.176,0.4087,25.77
2023-08-08 04:00:00,0.0,2.07,0.4039,25.75
2023-08-08 05:00:00,0.0,,0.3993,26.54
2023-08-08 06:00:00,0.0,1.84,0.3943,26.63
2023-08-08 07:00:00,0.0,1.79,0.3923,28.16
2023-08-08 08:00:00,0.0,1.743,0.3858,28.34
2023-08-08 09:00:00,0.0,1.715,0.389,30.02
2023-08-08 10:00:00,0.0,1.672,0.3783,30.67
2023-08-08 11:00:00,0.0,1.641,0.3731,31.33
2023-08-08 12:00:00,0.0,1.65,0.3816,32.65
2023-08-08 13:00:00,0.0,1.593,0.3681,32.91
2023-08-08 14:00:00,0.0,1.537,0.3617,34.0
2023-08-08 15:00:00,0.0,1.49,0.3625,33.14
2023-08-08 16:00:00,0.0,1.471,0.3521,33.62
2023-08-08 17:00:00,0.0,1.493,0.35,32.74
2023-08-08 18:00:00,0.0,1.525,0.3506,33.07
2023-08-08 19:00:00,0.0,1.52,0.3508,32.0
2023-08-08 20:00:00,0.0,1.508,0.3439,30.65
2023-08-08 21:00:00,0.0,1.494,0.3397,29.63
2023-08-08 22:00:00,0.0,1.507,0.3384,29.45
2023-08-08 23:00:00,0.0,1.489,0.3303,28.02
2023-08-09 00:00:00,0.0,1.48,0.3239,26.41
2023-08-09 01:00:00,0.0,1.448,0.3234,26.62
2023-08-09 02:00:00,0.0,1.432,0.3269,25.47
2023-08-09 03:00:00,0.0,1.443,0.3166,25.69
2023-08-09 04:00:00,0.0,1.466,0.3172,24.7
2023-08-09 05:00:00,0.0,1.485,0.315,26.56
2023-08-09 06:00:00,0.0,1.441,0.3134,26.45
2023-08-09 07:00:00,0.0,1.433,0.3112,27.51
2023-08-09 08:00:00,0.0,1.415,0.3085,27.88
2023-08-09 09:00:00,0.0,1.439,0.3124,29.71
2023-08-09 10:00:00,0.0,1.434,0.3027,30.69
2023-08-09 11:00:00,0.0,1.439,0.3016,30.98
2023-08-09 12:00:00,0.0,1.438,0.2942,32.46
2023-08-09 13:00:00,0.0,1.414,0.2967,32.95
2023-08-09 14:00:00,0.0,,0.285,34.09
2023-08-09 15:00:00,0.0,1.354,0.2871,33.26
2023-08-09 16:00:00,0.0,1.343,0.2805,33.72
2023-08-09 17:00:00,0.0,1.387,0.2807,32.34
2023-08-09 18:00:00,0.0,1.346,0.2763,32.48
2023-08-09 19:00:00,0.0,1.338,0.2756,31.79
2023-08-09 20:00:00,0.0,1.337,0.2705,30.85
2023-08-09 21:00:00,0.0,1.352,0.2662,29.56
2023-08-09 22:00:00,0.0,1.386,0.2667,29.45
2023-08-09 23:00:00,0.0,1.337,0.2589,27.43
2023-08-10 00:00:00,0.0,1.361,0.2537,27.0
2023-08-10 01:00:00,0.0,1.367,0.2503,25.97
2023-08-10 02:00:00,0.0,1.41,0.2602,25.31
2023-08-10 03:00:00,0.0,1.36,0.2535,25.0
2023-08-10 04:00:00,0.0,1.327,0.2521,25.27
2023-08-10 05:00:00,0.0,1.322,0.2475,26.43
2023-08-10 06:00:00,0.0,1.323,0.2473,27.42
2023-08-10 07:00:00,0.0,1.3,0.2419,27.89
2023-08-10 08:00:00,0.0,1.265,0.2417,28.39
2023-08-10 09:00:00,0.0,1.209,0.234,29.28
2023-08-10 10:00:00,0.0,1.204,0.2313,30.71
2023-08-10 11:00:00,0.0,1.186,0.2306,31.07
2023-08-10 12:00:00,0.0,1.217,0.2293,32.86
2023-08-10 13:00:00,0.0,1.256,0.2334,33.24
2023-08-10 14:00:00,0.0,1.291,0.2343,32.97
2023-08-10 15:00:00,0.0,1.264,0.2275,34.34
2023-08-10 16:00:00,0.0,1.199,0.212,32.85
2023-08-10 17:00:00,0.0,1.211,0.2244,33.08
2023-08-10 18:00:00,0.0,1.237,0.2155,32.83
2023-08-10 19:00:00,0.0,1.223,0.2096,31.96
2023-08-10 20:00:00,0.0,1.223,0.2178,30.31
2023-08-10 21:00:00,0.0,1.219,0.2088,29.38
2023-08-10 22:00:00,1.28,1.23,0.2104,27.95
2023-08-10 23:00:00,3.46,1.274,0.2235,27.35
2023-08-11 00:00:00,5.08,1.279,0.2426,26.64
2023-08-11 01:00:00,9.21,,0.2803,24.22
2023-08-11 02:00:00,9.37,1.518,0.3144,25.04
2023-08-11 03:00:00,9.65,1.663,0.348,24.35
2023-08-11 04:00:00,8.46,1.796,0.3752,24.81
2023-08-11 05:00:00,8.69,1.988,0.4104,24.7
2023-08-11 06:00:00,5.94,2.197,0.4338,25.83
2023-08-11 07:00:00,4.4,2.387,0.4445,28.12
2023-08-11 08:00:00,1.12,2.532,0.4474,28.25
2023-08-11 09:00:00,0.0,2.609,0.4426,29.56
2023-08-11 10:00:00,0.0,2.672,0.4416,30.14
2023-08-11 11:00:00,0.0,2.619,0.4341,32.85
2023-08-11 12:00:00,0.0,2.535,0.4311,32.62
2023-08-11 13:00:00,0.0,2.429,0.423,33.02
2023-08-11 14:00:00,0.0,2.333,0.4237,33.89
2023-08-11 15:00:00,0.0,2.219,0.4126,33.74
2023-08-11 16:00:00,0.0,2.123,0.4068,33.34
2023-08-11 17:00:00,0.0,2.039,0.4087,32.96
2023-08-11 18:00:00,0.0,1.93,0.3985,31.62
2023-08-11 19:00:00,0.0,1.855,0.3929,31.38
2023-08-11 20:00:00,0.0,1.797,0.3888,30.35
2023-08-11 21:00:00,0.0,1.817,0.3868,29.72
2023-08-11 22:00:00,0.0,1.744,0.3838,28.42
2023-08-11 23:00:00,0.0,1.715,0.3824,27.91
2023-08-12 00:00:00,0.0,1.614,0.3801,26.76
2023-08-12 01:00:00,0.0,1.596,0.3748,25.65
2023-08-12 02:00:00,0.0,1.591,0.3743,26.42
2023-08-12 03:00:00,0.0,1.599,0.3709,25.34
2023-08-12 04:00:00,0.0,1.566,0.3626,25.95
2023-08-12 05:00:00,0.0,1.569,0.3594,25.42
2023-08-12 06:00:00,0.0,1.548,0.3578,27.09
2023-08-12 07:00:00,0.0,1.524,0.3496,26.72
2023-08-12 08:00:00,0.0,1.514,0.3528,29.47
2023-08-12 09:00:00,0.0,1.473,0.3484,29.88
2023-08-12 10:00:00,0.0,1.461,0.3504,30.46
2023-08-12 11:00:00,0.0,1.473,0.3451,31.82
2023-08-12 12:00:00,0.0,1.459,0.3372,31.73
2023-08-12 13:00:00,0.0,1.491,0.3373,32.9
2023-08-12 14:00:00,0.0,1.407,0.33,33.77
2023-08-12 15:00:00,0.0,1.405,0.3281,33.82
2023-08-12 16:00:00,0.0,1.355,0.3172,33.4
2023-08-12 17:00:00,0.0,1.403,0.3177,33.16
2023-08-12 18:00:00,0.0,1.424,0.3163,32.9
2023-08-12 19:00:00,0.0,1.434,0.3116,31.9
2023-08-12 20:00:00,0.0,1.421,0.3132,29.63
2023-08-12 21:00:00,0.0,1.408,0.3074,29.53
2023-08-12 22:00:00,0.0,1.398,0.3052,28.51
2023-08-12 23:00:00,0.0,1.415,0.3014,26.91
2023-08-13 00:00:00,0.0,1.44,0.2983,26.15
2023-08-13 01:00:00,0.0,1.422,0.2984,26.79
2023-08-13 02:00:00,0.0,1.404,0.2986,25.28
2023-08-13 03:00:00,0.0,1.34,0.2846,25.3
2023-08-13 04:00:00,0.0,1.365,0.2854,25.24
2023-08-13 05:00:00,0.0,1.393,0.2862,26.25
2023-08-13 06:00:00,0.0,1.404,0.2876,26.82
2023-08-13 07:00:00,0.0,1.381,0.2832,28.48
2023-08-13 08:00:00,0.0,1.36,0.2758,28.2
2023-08-13 09:00:00,0.0,1.351,0.2743,29.77
2023-08-13 10:00:00,0.0,1.36,0.275,29.6
2023-08-13 11:00:00,0.0,1.339,0.2682,30.8
2023-08-13 12:00:00,0.0,1.32,0.2678,33.0
2023-08-13 13:00:00,0.0,1.288,0.2619,33.52
2023-08-13 14:00:00,0.0,1.262,0.2623,33.59
2023-08-13 15:00:00,0.0,1.274,0.2598,34.07
2023-08-13 16:00:00,0.0,1.289,0.2469,32.83
2023-08-13 17:00:00,0.0,1.316,0.2574,33.8
2023-08-13 18:00:00,0.0,1.307,0.2551,31.82
2023-08-13 19:00:00,0.0,1.264,0.2406,31.67
2023-08-13 20:00:00,0.0,1.265,0.2433,31.93
2023-08-13 21:00:00,0.0,1.253,0.2368,29.07
2023-08-13 22:00:00,0.0,1.242,0.2329,29.15
2023-08-13 23:00:00,0.0,1.28,0.2396,27.99
2023-08-14 00:00:00,0.0,1.306,0.2405,26.38
2023-08-14 01:00:00,0.0,1.288,0.233,27.06
2023-08-14 02:00:00,0.0,1.28,0.2358,25.16
2023-08-14 03:00:00,0.0,1.243,0.2273,25.46
2023-08-14 04:00:00,0.0,1.241,0.223,25.94
2023-08-14 05:00:00,0.0,1.273,0.2243,25.97
2023-08-14 06:00:00,0.0,1.306,0.221,28.2
2023-08-14 07:00:00,0.0,1.337,0.2227,26.85
2023-08-14 08:00:00,0.0,1.33,0.2225,29.25
2023-08-14 09:00:00,0.0,1.259,0.2137,28.35
2023-08-14 10:00:00,0.0,1.226,0.211,29.07
2023-08-14 11:00:00,0.0,1.211,0.2155,31.51
2023-08-14 12:00:00,0.0,1.214,0.2094,32.68
2023-08-14 13:00:00,0.0,1.241,0.2104,33.69
2023-08-14 14:00:00,0.0,1.255,0.2032,34.15
2023-08-14 15:00:00,0.0,1.268,0.2013,33.58
2023-08-14 16:00:00,0.0,1.288,0.204,33.59
2023-08-14 17:00:00,0.0,1.274,0.2012,33.06
2023-08-14 18:00:00,0.0,1.283,0.2006,33.07
2023-08-14 19:00:00,0.0,1.235,0.1938,30.86
2023-08-14 20:00:00,0.0,1.23,0.1964,30.18
2023-08-14 21:00:00,0.0,1.23,0.1919,29.91
2023-08-14 22:00:00,0.0,1.204,0.1899,28.97
2023-08-14 23:00:00,,1.163,0.1844,28.15
2023-08-15 00:00:00,0.0,1.119,0.1873,26.59
2023-08-15 01:00:00,0.0,1.116,0.1831,25.74
2023-08-15 02:00:00,0.0,1.167,0.1879,25.94
2023-08-15 03:00:00,0.0,1.19,0.1808,24.9
2023-08-15 04:00:00,0.0,1.181,0.1787,26.42
2023-08-15 05:00:00,0.0,1.161,0.1816,25.73
2023-08-15 06:00:00,0.0,1.122,0.1765,26.48
2023-08-15 07:00:00,0.0,1.128,0.1721,27.83
2023-08-15 08:00:00,0.0,1.13,0.1685,28.05
2023-08-15 09:00:00,0.0,1.144,0.1687,28.87
2023-08-15 10:00:00,0.0,1.119,0.1641,31.06
2023-08-15 11:00:00,0.0,1.108,0.1676,30.93
2023-08-15 12:00:00,0.0,1.089,0.1686,32.41
2023-08-15 13:00:00,0.0,1.093,0.1625,32.92
2023-08-15 14:00:00,0.0,1.106,0.17,32.36
2023-08-15 15:00:00,0.0,1.078,0.1563,32.93
2023-08-15 16:00:00,0.0,1.094,0.1603,33.49
2023-08-15 17:00:00,0.0,1.134,0.1582,33.53
2023-08-15 18:00:00,0.0,1.147,0.1539,31.9
2023-08-15 19:00:00,0.0,1.119,0.1531,31.01
2023-08-15 20:00:00,0.0,1.114,0.157,30.8
2023-08-15 21:00:00,0.0,1.091,0.1537,29.85
2023-08-15 22:00:00,0.0,1.129,0.1519,28.88
2023-08-15 23:00:00,0.0,1.111,0.1449,27.56
2023-08-16 00:00:00,0.0,1.112,0.148,26.33
2023-08-16 01:00:00,0.0,1.09,0.1477,26.35
2023-08-16 02:00:00,0.0,1.058,0.1466,25.51
2023-08-16 03:00:00,0.0,1.059,0.1386,25.75
2023-08-16 04:00:00,0.0,1.06,0.1427,25.3
2023-08-16 05:00:00,0.0,1.116,0.1415,25.85
2023-08-16 06:00:00,0.0,1.119,0.1426,26.86
2023-08-16 07:00:00,0.0,1.114,0.1373,26.39
2023-08-16 08:00:00,0.0,1.031,0.1333,29.05
2023-08-16 09:00:00,0.0,1.037,0.1326,29.39
2023-08-16 10:00:00,0.0,1.061,0.1352,29.05
2023-08-16 11:00:00,0.0,1.122,0.1362,31.5
2023-08-16 12:00:00,0.0,1.097,0.1301,32.03
2023-08-16 13:00:00,0.0,1.069,0.1307,32.36
2023-08-16 14:00:00,0.0,1.053,0.1221,34.26
2023-08-16 15:00:00,0.0,1.05,0.1204,33.84
2023-08-16 16:00:00,0.0,1.072,0.1268,33.2
2023-08-16 17:00:00,0.0,1.043,0.1254,32.91
2023-08-16 18:00:00,0.0,1.006,0.1248,32.38
2023-08-16 19:00:00,0.0,0.974,0.1151,30.61
2023-08-16 20:00:00,0.0,0.999,0.1244,31.77
2023-08-16 21:00:00,0.0,1.032,0.1172,29.44
2023-08-16 22:00:00,0.0,1.043,0.1159,29.29
2023-08-16 23:00:00,0.0,1.056,0.1187,27.0
2023-08-17 00:00:00,0.0,1.012,0.1159,
2023-08-17 01:00:00,0.0,1.004,0.1198,25.33
2023-08-17 02:00:00,0.0,1.026,0.116,24.08
2023-08-17 03:00:00,0.0,1.069,0.1175,25.84
2023-08-17 04:00:00,0.0,1.094,0.1107,25.62
2023-08-17 05:00:00,0.0,1.059,0.1147,25.66
2023-08-17 06:00:00,0.0,1.042,0.1035,24.87
2023-08-17 07:00:00,0.16,1.048,0.1096,27.14
2023-08-17 08:00:00,0.45,1.083,0.1066,28.45
2023-08-17 09:00:00,0.84,1.088,0.1133,28.77
2023-08-17 10:00:00,1.05,1.062,0.1165,30.38
2023-08-17 11:00:00,1.15,1.029,0.1222,30.96
2023-08-17 12:00:00,1.55,1.038,0.1251,31.46
2023-08-17 13:00:00,1.54,1.023,0.1269,32.63
2023-08-17 14:00:00,1.91,1.067,0.134,31.98
2023-08-17 15:00:00,2.27,1.102,0.1435,33.41
2023-08-17 16:00:00,2.85,1.198,0.1508,33.02
2023-08-17 17:00:00,3.3,1.21,0.1678,32.82
2023-08-17 18:00:00,4.99,1.229,0.1813,32.28
2023-08-17 19:00:00,4.57,1.273,0.2019,30.8
2023-08-17 20:00:00,6.4,1.373,0.2205,28.44
2023-08-17 21:00:00,6.05,1.485,0.2465,28.66
2023-08-17 22:00:00,7.15,1.598,0.2704,27.07
2023-08-17 23:00:00,7.93,1.733,0.3038,27.31
2023-08-18 00:00:00,6.61,1.884,0.33,25.68
2023-08-18 01:00:00,9.99,2.035,0.3622,25.31
2023-08-18 02:00:00,11.21,2.207,0.4092,25.1
2023-08-18 03:00:00,12.41,2.384,0.4497,23.74
2023-08-18 04:00:00,13.81,2.62,0.5,24.15
2023-08-18 05:00:00,11.47,2.842,0.4997,24.77
2023-08-18 06:00:00,9.52,3.041,0.497,26.68
2023-08-18 07:00:00,11.25,3.251,0.5,26.87
2023-08-18 08:00:00,9.44,3.402,0.5,26.85
2023-08-18 09:00:00,9.23,3.573,0.4987,28.13
2023-08-18 10:00:00,8.12,3.683,0.4979,29.35
2023-08-18 11:00:00,6.57,3.79,0.5,30.29
2023-08-18 12:00:00,4.3,3.869,0.4996,31.6
2023-08-18 13:00:00,2.75,3.922,0.4995,32.28
2023-08-18 14:00:00,1.09,3.929,0.5,33.13
2023-08-18 15:00:00,0.0,3.863,0.4978,33.3
2023-08-18 16:00:00,0.0,3.717,0.4859,33.8
2023-08-18 17:00:00,0.0,3.535,0.484,32.44
2023-08-18 18:00:00,0.0,3.298,0.4789,31.35
2023-08-18 19:00:00,0.0,3.071,0.4715,31.11
2023-08-18 20:00:00,0.0,,0.4661,30.09
2023-08-18 21:00:00,0.0,2.697,0.4608,30.09
2023-08-18 22:00:00,0.0,2.564,0.4613,28.74
2023-08-18 23:00:00,0.0,2.396,0.4547,28.01
2023-08-19 00:00:00,0.0,2.257,0.4502,26.98
2023-08-19 01:00:00,0.0,2.132,0.4443,24.87
2023-08-19 02:00:00,0.0,2.038,0.446,25.03
2023-08-19 03:00:00,0.0,1.987,0.4403,24.58
2023-08-19 04:00:00,0.0,1.92,0.433,26.24
2023-08-19 05:00:00,0.0,1.895,0.4309,26.28
2023-08-19 06:00:00,0.0,1.813,0.4305,26.7
2023-08-19 07:00:00,0.0,1.741,0.4191,27.04
2023-08-19 08:00:00,0.0,1.727,0.4204,28.06
2023-08-19 09:00:00,0.0,1.71,0.419,28.89
2023-08-19 10:00:00,0.0,1.657,0.4129,30.68
2023-08-19 11:00:00,0.0,1.634,0.4101,31.38
2023-08-19 12:00:00,0.0,1.614,0.3971,32.5
2023-08-19 13:00:00,0.0,1.621,0.3949,33.0
2023-08-19 14:00:00,0.0,1.65,,33.6
2023-08-19 15:00:00,0.0,1.615,0.391,33.58
2023-08-19 16:00:00,0.0,1.63,0.3845,33.74
2023-08-19 17:00:00,0.0,1.593,0.3818,33.16
2023-08-19 18:00:00,0.0,1.605,0.3787,31.9
2023-08-19 19:00:00,0.0,1.604,0.3714,31.57
2023-08-19 20:00:00,0.0,1.602,0.367,30.51
2023-08-19 21:00:00,0.0,1.573,0.3615,29.23
2023-08-19 22:00:00,0.0,1.534,0.3664,28.28
2023-08-19 23:00:00,0.0,1.487,0.359,27.83
2023-08-20 00:00:00,0.0,1.505,0.3602,26.73
2023-08-20 01:00:00,0.0,1.479,0.3486,26.29
2023-08-20 02:00:00,0.0,1.46,0.3501,25.45
2023-08-20 03:00:00,0.0,1.433,0.3432,25.87
2023-08-20 04:00:00,0.0,1.472,0.3492,25.81
2023-08-20 05:00:00,0.0,1.53,0.3493,25.42
2023-08-20 06:00:00,0.0,1.537,0.342,26.28
2023-08-20 07:00:00,0.0,1.499,0.3319,
2023-08-20 08:00:00,0.0,1.488,0.3287,27.72
2023-08-20 09:00:00,0.0,1.506,,30.63
2023-08-20 10:00:00,0.0,1.512,0.3258,31.16
2023-08-20 11:00:00,0.0,1.49,0.3234,31.87
2023-08-20 12:00:00,0.0,1.479,0.3198,
2023-08-20 13:00:00,0.0,1.45,0.3149,32.48
2023-08-20 14:00:00,0.0,1.454,0.3107,32.6
2023-08-20 15:00:00,0.0,1.363,0.3054,33.19
2023-08-20 16:00:00,0.0,1.369,0.3065,32.8
2023-08-20 17:00:00,0.0,1.294,0.2939,33.11
2023-08-20 18:00:00,0.0,1.366,0.298,32.2
2023-08-20 19:00:00,0.0,1.354,0.2952,31.72
2023-08-20 20:00:00,0.0,1.394,0.2909,30.45
2023-08-20 21:00:00,0.0,1.372,0.2913,28.45
2023-08-20 22:00:00,0.0,1.373,0.2891,28.17
2023-08-20 23:00:00,0.0,1.341,0.2842,27.49
2023-08-21 00:00:00,0.0,1.367,0.2881,26.57
2023-08-21 01:00:00,0.0,1.359,0.2767,25.52
2023-08-21 02:00:00,0.0,1.352,0.2752,25.15
2023-08-21 03:00:00,0.0,1.337,0.2731,24.93
2023-08-21 04:00:00,0.0,1.325,0.2756,24.56
2023-08-21 05:00:00,0.0,1.323,0.271,25.78
2023-08-21 06:00:00,0.0,1.298,0.2618,26.82
2023-08-21 07:00:00,0.0,1.305,0.2642,27.02
2023-08-21 08:00:00,0.0,1.318,0.261,27.6
2023-08-21 09:00:00,0.0,1.346,0.2653,29.76
2023-08-21 10:00:00,0.0,1.308,0.2551,30.97
2023-08-21 11:00:00,0.0,1.292,0.2548,31.04
2023-08-21 12:00:00,0.0,1.31,0.2474,31.62
2023-08-21 13:00:00,0.0,1.362,0.2498,32.65
2023-08-21 14:00:00,0.0,1.407,0.2522,33.26
2023-08-21 15:00:00,0.0,1.326,0.2413,33.03
2023-08-21 16:00:00,0.0,1.303,0.2439,32.34
2023-08-21 17:00:00,0.0,1.24,0.2378,33.2
2023-08-21 18:00:00,2.13,1.27,0.2443,31.99
2023-08-21 19:00:00,5.62,1.329,0.2661,31.47
2023-08-21 20:00:00,9.65,1.43,0.2965,29.35
2023-08-21 21:00:00,14.67,1.585,0.3538,28.53
2023-08-21 22:00:00,13.34,1.767,0.4037,26.78
2023-08-21 23:00:00,22.3,2.087,0.4974,24.96
2023-08-22 00:00:00,21.58,2.333,0.5,24.15
2023-08-22 01:00:00,26.13,2.684,0.5,24.67
2023-08-22 02:00:00,19.58,3.126,0.5,23.31
2023-08-22 03:00:00,17.52,3.609,0.5,24.26
2023-08-22 04:00:00,20.36,4.044,0.4951,23.13
2023-08-22 05:00:00,16.83,4.463,0.4982,23.38
2023-08-22 06:00:00,14.41,99.9,0.4993,25.3
2023-08-22 07:00:00,9.51,5.083,0.5,25.95
2023-08-22 08:00:00,6.81,5.279,0.4969,27.66
2023-08-22 09:00:00,7.17,5.418,0.4958,28.61
2023-08-22 10:00:00,4.99,5.428,0.4968,29.85
2023-08-22 11:00:00,3.98,5.299,0.4977,31.65
2023-08-22 12:00:00,3.63,5.128,0.4989,31.82
2023-08-22 13:00:00,1.87,4.882,0.5,32.56
2023-08-22 14:00:00,0.69,4.647,0.4967,32.84
2023-08-22 15:00:00,,4.36,0.4952,33.49
2023-08-22 16:00:00,0.0,4.065,0.4878,33.31
2023-08-22 17:00:00,0.0,3.773,0.4797,32.49
2023-08-22 18:00:00,0.0,3.492,0.4767,32.52
2023-08-22 19:00:00,0.0,3.237,0.47,31.12
2023-08-22 20:00:00,0.0,3.004,0.4638,30.55
2023-08-22 21:00:00,0.0,2.816,0.4613,28.56
2023-08-22 22:00:00,0.0,2.627,0.458,28.65
2023-08-22 23:00:00,0.0,2.452,0.4558,26.86
2023-08-23 00:00:00,0.0,2.31,0.4555,26.7
2023-08-23 01:00:00,0.0,2.193,0.4488,26.37
2023-08-23 02:00:00,0.0,2.091,0.4384,25.53
2023-08-23 03:00:00,0.0,2.002,0.4329,25.76
2023-08-23 04:00:00,0.0,1.98,0.4381,24.79
2023-08-23 05:00:00,0.0,1.894,0.4303,25.68
2023-08-23 06:00:00,0.0,1.85,0.4249,26.04
2023-08-23 07:00:00,0.0,1.782,0.4282,26.86
2023-08-23 08:00:00,0.0,1.72,0.4189,27.36
2023-08-23 09:00:00,0.0,1.649,0.4151,29.23
2023-08-23 10:00:00,0.0,1.588,0.4093,30.69
2023-08-23 11:00:00,0.0,1.587,0.4007,31.82
2023-08-23 12:00:00,0.0,1.577,0.3997,31.49
2023-08-23 13:00:00,0.0,1.592,0.3961,32.41
2023-08-23 14:00:00,0.0,1.573,0.3887,32.68
2023-08-23 15:00:00,0.0,1.589,0.3895,32.78
2023-08-23 16:00:00,0.0,1.576,0.3857,32.9
2023-08-23 17:00:00,0.0,1.581,0.3834,32.66
2023-08-23 18:00:00,0.0,1.554,0.3743,31.87
2023-08-23 19:00:00,0.0,1.544,0.3671,30.49
2023-08-23 20:00:00,0.0,1.491,0.3679,30.71
2023-08-23 21:00:00,0.0,1.497,0.3616,29.28
2023-08-23 22:00:00,0.0,1.517,0.3618,28.35
2023-08-23 23:00:00,0.0,1.566,0.3613,27.41
2023-08-24 00:00:00,0.0,1.543,0.354,26.63
2023-08-24 01:00:00,0.0,1.511,0.3524,25.77
2023-08-24 02:00:00,0.0,1.508,0.3436,24.87
2023-08-24 03:00:00,0.0,1.527,0.3457,25.91
2023-08-24 04:00:00,0.0,1.541,0.3488,25.61
2023-08-24 05:00:00,0.0,1.512,0.3429,25.24
2023-08-24 06:00:00,0.0,1.478,0.336,25.88
2023-08-24 07:00:00,0.0,1.466,0.3319,28.15
2023-08-24 08:00:00,0.0,1.443,0.3321,28.04
2023-08-24 09:00:00,0.0,1.464,0.3305,28.81
2023-08-24 10:00:00,0.0,1.436,0.3234,29.92
2023-08-24 11:00:00,0.14,1.438,0.3223,31.36
2023-08-24 12:00:00,0.45,1.416,0.3154,31.7
2023-08-24 13:00:00,0.62,1.405,0.3226,32.62
2023-08-24 14:00:00,0.7,1.392,0.3166,34.1
2023-08-24 15:00:00,0.53,1.382,0.3197,32.31
2023-08-24 16:00:00,0.38,1.43,0.3168,32.78
2023-08-24 17:00:00,0.17,,0.3144,32.63
2023-08-24 18:00:00,0.0,1.493,0.3089,31.1
2023-08-24 19:00:00,0.0,1.484,0.3114,31.41
2023-08-24 20:00:00,0.0,1.438,0.3013,30.64
2023-08-24 21:00:00,0.0,1.433,0.3054,28.46
2023-08-24 22:00:00,0.0,1.421,0.2984,28.08
2023-08-24 23:00:00,0.0,1.439,,27.24
2023-08-25 00:00:00,0.0,1.399,0.2918,26.58
2023-08-25 01:00:00,0.0,1.413,0.2902,26.99
2023-08-25 02:00:00,0.0,1.407,0.2876,24.88
2023-08-25 03:00:00,0.0,1.412,0.2905,25.39
2023-08-25 04:00:00,0.0,1.376,0.2793,25.19
2023-08-25 05:00:00,0.0,1.361,0.2801,25.5
2023-08-25 06:00:00,0.0,1.356,0.2754,26.3
2023-08-25 07:00:00,0.0,1.343,0.274,27.32
2023-08-25 08:00:00,0.0,1.372,0.2733,28.09
2023-08-25 09:00:00,0.0,1.369,0.2751,29.25
2023-08-25 10:00:00,0.0,1.356,0.2693,30.11
2023-08-25 11:00:00,0.0,1.286,0.2622,30.65
2023-08-25 12:00:00,0.0,1.27,0.2613,32.36
2023-08-25 13:00:00,0.0,1.29,0.2627,33.09
2023-08-25 14:00:00,0.0,1.3,0.2545,33.47
2023-08-25 15:00:00,0.0,1.311,0.2538,33.45
2023-08-25 16:00:00,0.0,1.309,0.2518,32.59
2023-08-25 17:00:00,0.0,1.324,0.2472,32.1
2023-08-25 18:00:00,0.0,1.305,0.2424,32.4
2023-08-25 19:00:00,0.0,1.291,0.2434,30.51
2023-08-25 20:00:00,0.0,1.242,0.2472,29.81
2023-08-25 21:00:00,0.0,1.25,0.2364,30.19
2023-08-25 22:00:00,0.0,1.297,0.234,28.34
2023-08-25 23:00:00,0.0,1.329,0.2357,27.2
2023-08-26 00:00:00,0.0,1.313,0.2388,25.33
2023-08-26 01:00:00,0.0,,0.2272,25.28
2023-08-26 02:00:00,0.0,,0.2243,25.63
2023-08-26 03:00:00,0.0,,0.2285,24.34
2023-08-26 04:00:00,0.0,,0.2267,25.42
2023-08-26 05:00:00,0.0,,0.2195,24.92
2023-08-26 06:00:00,0.0,1.22,0.2197,25.94
2023-08-26 07:00:00,0.0,1.217,0.2152,26.29
2023-08-26 08:00:00,0.0,1.221,0.2156,28.09
2023-08-26 09:00:00,0.0,1.196,0.2138,28.23
2023-08-26 10:00:00,0.0,1.179,0.2154,30.07
2023-08-26 11:00:00,0.0,1.199,0.2139,31.4
2023-08-26 12:00:00,0.0,1.219,0.2077,32.01
2023-08-26 13:00:00,0.0,1.247,0.2102,32.78
2023-08-26 14:00:00,0.0,1.221,0.2063,33.06
2023-08-26 15:00:00,0.0,1.162,0.1971,33.03
2023-08-26 16:00:00,0.0,1.185,0.2022,32.91
2023-08-26 17:00:00,0.0,1.214,0.1991,32.69
2023-08-26 18:00:00,0.0,1.24,0.2003,31.36
2023-08-26 19:00:00,0.0,1.213,0.1934,30.88
2023-08-26 20:00:00,0.0,1.202,0.1959,31.13
2023-08-26 21:00:00,0.0,1.181,0.1835,29.32
2023-08-26 22:00:00,0.0,1.203,0.1856,28.67
2023-08-26 23:00:00,0.0,1.175,0.1793,27.25
2023-08-27 00:00:00,0.0,1.161,0.1828,25.85
2023-08-27 01:00:00,0.0,1.134,0.1827,25.43
2023-08-27 02:00:00,0.0,1.131,0.1807,24.31
2023-08-27 03:00:00,0.0,1.16,0.1821,25.73
2023-08-27 04:00:00,0.0,1.159,0.1852,25.63
2023-08-27 05:00:00,0.0,1.137,0.1753,25.16
2023-08-27 06:00:00,0.0,1.137,,26.6
2023-08-27 07:00:00,0.0,1.11,0.1754,27.38
2023-08-27 08:00:00,0.0,1.091,0.1728,28.05
2023-08-27 09:00:00,0.0,1.09,0.1726,29.28
2023-08-27 10:00:00,0.0,1.111,0.1673,30.36
2023-08-27 11:00:00,0.0,1.114,0.1697,31.23
2023-08-27 12:00:00,0.0,1.107,0.1604,31.95
2023-08-27 13:00:00,0.0,1.098,0.1634,32.55
2023-08-27 14:00:00,0.0,1.126,0.1602,32.62
2023-08-27 15:00:00,0.0,1.136,0.1668,33.5
2023-08-27 16:00:00,0.0,1.135,0.1542,33.9
2023-08-27 17:00:00,0.0,1.132,0.1572,31.95
2023-08-27 18:00:00,0.0,1.102,0.1579,31.89
2023-08-27 19:00:00,0.0,1.106,0.1508,30.72
2023-08-27 20:00:00,0.0,1.11,0.1511,30.35
2023-08-27 21:00:00,0.0,1.134,0.148,29.26
2023-08-27 22:00:00,0.0,1.096,0.1468,28.07
2023-08-27 23:00:00,0.0,1.127,0.1519,26.75
2023-08-28 00:00:00,0.0,1.081,0.1399,25.94
2023-08-28 01:00:00,0.0,1.07,0.1452,25.16
2023-08-28 02:00:00,0.0,1.019,0.137,24.28
2023-08-28 03:00:00,0.0,1.062,0.145,25.62
2023-08-28 04:00:00,0.0,1.062,0.1398,25.47
2023-08-28 05:00:00,0.0,1.051,0.1346,26.19
2023-08-28 06:00:00,0.0,1.033,0.1381,26.0
2023-08-28 07:00:00,0.0,1.05,0.1337,27.25
2023-08-28 08:00:00,0.0,1.08,0.1391,27.55
2023-08-28 09:00:00,0.0,1.109,0.1379,28.72
2023-08-28 10:00:00,0.0,1.07,0.13,31.06
2023-08-28 11:00:00,0.0,1.07,0.1337,30.82
2023-08-28 12:00:00,0.0,1.06,0.1287,32.31
2023-08-28 13:00:00,0.0,1.054,0.1283,32.59
2023-08-28 14:00:00,0.0,1.083,0.1337,32.17
2023-08-28 15:00:00,0.0,1.061,0.1252,32.94
2023-08-28 16:00:00,0.0,1.104,0.1293,33.06
2023-08-28 17:00:00,0.0,1.102,0.1288,32.82
2023-08-28 18:00:00,0.0,1.052,0.1213,30.94
2023-08-28 19:00:00,0.0,1.023,0.1219,30.52
2023-08-28 20:00:00,0.0,0.961,0.1184,30.19
2023-08-28 21:00:00,0.0,0.956,0.1187,28.53
2023-08-28 22:00:00,0.0,0.951,0.1195,28.58
2023-08-28 23:00:00,0.0,1.006,,26.97
2023-08-29 00:00:00,0.0,1.039,0.1167,26.38
2023-08-29 01:00:00,0.0,1.054,0.1125,26.15
2023-08-29 02:00:00,0.0,1.021,0.111,24.49
2023-08-29 03:00:00,0.0,1.017,0.1116,25.2
2023-08-29 04:00:00,0.0,1.022,0.1123,25.17
2023-08-29 05:00:00,0.0,1.032,0.1148,25.58
2023-08-29 06:00:00,0.0,1.023,0.1094,26.03
2023-08-29 07:00:00,0.0,1.022,0.1103,27.05
2023-08-29 08:00:00,0.0,0.997,0.1053,26.47
2023-08-29 09:00:00,0.0,1.013,0.1096,29.59
2023-08-29 10:00:00,0.0,0.998,0.1048,29.33
2023-08-29 11:00:00,0.0,0.986,0.1042,31.85
2023-08-29 12:00:00,0.0,0.964,0.1039,31.32
2023-08-29 13:00:00,0.0,0.943,0.101,31.93
2023-08-29 14:00:00,0.0,0.959,0.0981,33.03
2023-08-29 15:00:00,0.0,0.992,0.1017,33.1
2023-08-29 16:00:00,0.0,0.988,0.1019,33.05
2023-08-29 17:00:00,0.0,0.965,0.0941,32.61
2023-08-29 18:00:00,0.0,0.975,0.0978,31.72
2023-08-29 19:00:00,0.0,,0.0968,30.78
2023-08-29 20:00:00,0.0,1.031,0.094,30.29
2023-08-29 21:00:00,0.0,1.0,0.0931,28.62
2023-08-29 22:00:00,0.0,0.975,0.0965,27.99
2023-08-29 23:00:00,0.0,0.935,0.099,26.12
2023-08-30 00:00:00,0.0,0.904,0.0957,26.22
2023-08-30 01:00:00,0.0,0.892,0.0926,25.51
2023-08-30 02:00:00,0.0,0.912,0.0938,25.04
2023-08-30 03:00:00,0.0,0.953,0.0909,25.78
2023-08-30 04:00:00,0.0,0.979,0.0867,25.81
2023-08-30 05:00:00,0.0,0.993,0.0891,25.92
2023-08-30 06:00:00,0.0,1.002,0.0832,26.54
2023-08-30 07:00:00,0.0,0.975,0.0843,26.98
2023-08-30 08:00:00,0.0,1.008,0.0885,28.04
2023-08-30 09:00:00,0.0,0.962,0.0843,29.14
2023-08-30 10:00:00,0.0,0.979,0.0815,30.26
2023-08-30 11:00:00,0.0,0.96,0.0813,30.96
2023-08-30 12:00:00,0.0,0.988,0.0786,32.03
2023-08-30 13:00:00,0.0,1.012,0.0823,32.42
2023-08-30 14:00:00,0.0,0.985,0.0791,33.0
2023-08-30 15:00:00,0.0,0.927,0.0788,33.38
2023-08-30 16:00:00,0.0,0.901,0.0799,32.46
2023-08-30 17:00:00,0.0,0.922,0.0788,32.46
2023-08-30 18:00:00,0.0,0.949,0.0734,31.79
2023-08-30 19:00:00,0.0,1.0,0.0727,30.42
2023-08-30 20:00:00,0.0,1.008,0.0751,30.66
2023-08-30 21:00:00,0.0,1.02,0.0766,28.51
2023-08-30 22:00:00,0.0,0.94,0.0719,28.61
2023-08-30 23:00:00,0.0,0.922,0.0717,26.25
2023-08-31 00:00:00,0.0,0.923,0.0731,25.31
2023-08-31 01:00:00,0.0,0.949,0.0725,25.25
2023-08-31 02:00:00,0.0,0.957,0.0714,25.22
2023-08-31 03:00:00,0.0,0.972,0.0721,25.08
2023-08-31 04:00:00,0.0,0.946,0.0677,25.67
2023-08-31 05:00:00,0.0,0.965,0.0744,25.04
2023-08-31 06:00:00,0.0,0.921,0.0683,26.52
2023-08-31 07:00:00,0.0,0.991,0.0737,26.06
2023-08-31 08:00:00,0.0,0.947,0.0615,27.37
2023-08-31 09:00:00,0.0,0.994,0.0623,28.75
2023-08-31 10:00:00,0.0,0.951,0.0665,29.37
2023-08-31 11:00:00,0.0,0.958,0.069,31.16
2023-08-31 12:00:00,0.0,0.917,0.066,31.39
2023-08-31 13:00:00,0.0,0.898,0.0643,32.85
2023-08-31 14:00:00,0.0,0.895,0.0647,33.18
2023-08-31 15:00:00,0.0,0.919,0.0631,32.55
2023-08-31 16:00:00,0.0,0.956,0.0683,32.57
2023-08-31 17:00:00,0.0,0.971,0.0602,32.31
2023-08-31 18:00:00,0.0,0.945,0.0649,32.39
2023-08-31 19:00:00,0.0,0.936,0.0583,30.42
2023-08-31 20:00:00,0.0,0.924,0.059,28.73
2023-08-31 21:00:00,0.0,0.915,0.0564,28.67
2023-08-31 22:00:00,0.0,0.966,0.0614,27.39
2023-08-31 23:00:00,0.0,0.942,0.0619,26.12
2023-09-01 00:00:00,0.0,0.946,0.0573,26.0
2023-09-01 01:00:00,0.0,0.906,0.059,24.8
2023-09-01 02:00:00,0.0,0.931,0.0573,25.15
2023-09-01 03:00:00,0.0,0.924,0.0582,24.24
2023-09-01 04:00:00,0.0,0.906,0.0595,26.46
2023-09-01 05:00:00,0.0,0.892,0.0521,25.91
2023-09-01 06:00:00,0.0,0.887,0.0519,25.65
2023-09-01 07:00:00,0.0,0.919,0.0529,26.46
2023-09-01 08:00:00,0.0,0.917,0.0528,27.72
2023-09-01 09:00:00,0.0,0.929,0.0542,29.21
2023-09-01 10:00:00,0.0,0.909,0.0531,29.66
2023-09-01 11:00:00,0.0,0.912,0.0519,30.27
2023-09-01 12:00:00,0.0,0.937,0.0517,30.95
2023-09-01 13:00:00,0.0,0.942,0.052,32.3
2023-09-01 14:00:00,0.0,0.932,0.05,32.35
2023-09-01 15:00:00,0.0,0.926,0.05,32.99
2023-09-01 16:00:00,0.0,0.895,0.05,31.65
2023-09-01 17:00:00,0.0,0.889,0.0533,32.55
2023-09-01 18:00:00,1.68,0.865,0.05,31.35
2023-09-01 19:00:00,5.72,0.939,0.0819,29.4
2023-09-01 20:00:00,8.41,1.024,0.1097,29.22
2023-09-01 21:00:00,10.57,1.139,0.1552,28.04
2023-09-01 22:00:00,9.89,1.241,0.1878,26.42
2023-09-01 23:00:00,12.19,1.359,0.2306,25.95
2023-09-02 00:00:00,7.21,1.511,0.2625,24.57
2023-09-02 01:00:00,6.3,1.697,0.2879,23.56
2023-09-02 02:00:00,2.31,1.842,0.2965,24.62
2023-09-02 03:00:00,0.0,1.959,0.2888,24.36
2023-09-02 04:00:00,0.0,2.009,0.2919,24.32
2023-09-02 05:00:00,0.0,2.012,0.2884,25.63
2023-09-02 06:00:00,0.0,,0.2841,26.08
2023-09-02 07:00:00,0.0,1.947,0.2837,27.62
2023-09-02 08:00:00,0.0,1.926,0.281,27.98
2023-09-02 09:00:00,0.0,1.869,0.2796,29.08
2023-09-02 10:00:00,0.0,1.792,0.2759,29.4
2023-09-02 11:00:00,0.0,1.697,0.2729,29.73
2023-09-02 12:00:00,0.0,1.638,0.2755,32.62
2023-09-02 13:00:00,0.0,1.553,0.2608,32.52
2023-09-02 14:00:00,0.0,1.511,0.2597,33.47
2023-09-02 15:00:00,0.0,1.438,0.264,32.21
2023-09-02 16:00:00,0.0,1.397,0.2534,33.17
2023-09-02 17:00:00,0.0,1.413,0.2576,32.41
2023-09-02 18:00:00,0.0,1.415,0.2531,32.16
2023-09-02 19:00:00,0.0,1.357,0.2456,31.1
2023-09-02 20:00:00,0.0,1.362,0.25,29.73
2023-09-02 21:00:00,0.0,1.335,0.2483,28.95
2023-09-02 22:00:00,0.0,1.343,0.2426,27.59
2023-09-02 23:00:00,0.0,1.302,0.24,27.22
2023-09-03 00:00:00,0.0,1.326,0.2422,25.54
2023-09-03 01:00:00,0.0,1.307,0.2314,24.95
2023-09-03 02:00:00,0.0,1.306,0.2367,24.82
2023-09-03 03:00:00,0.0,1.272,0.2284,25.07
2023-09-03 04:00:00,0.0,1.258,0.2326,24.93
2023-09-03 05:00:00,0.0,1.234,0.2286,25.14
2023-09-03 06:00:00,0.0,1.224,0.2269,26.46
2023-09-03 07:00:00,0.0,1.267,0.2299,27.06
2023-09-03 08:00:00,0.0,1.242,0.2183,27.5
2023-09-03 09:00:00,0.0,1.234,0.2231,28.24
2023-09-03 10:00:00,0.0,1.202,0.2185,29.71
2023-09-03 11:00:00,0.0,1.233,0.2168,30.45
2023-09-03 12:00:00,0.0,1.243,0.2168,31.21
2023-09-03 13:00:00,0.0,1.219,0.2143,32.6
2023-09-03 14:00:00,0.0,1.202,0.2113,33.19
2023-09-03 15:00:00,0.0,1.202,0.2045,32.73
2023-09-03 16:00:00,0.0,1.248,0.2067,32.62
2023-09-03 17:00:00,0.0,1.258,0.2049,31.86
2023-09-03 18:00:00,0.0,1.229,0.2021,31.06
2023-09-03 19:00:00,0.0,1.183,0.2003,31.16
2023-09-03 20:00:00,0.0,1.109,0.1968,29.16
2023-09-03 21:00:00,0.0,1.122,0.1912,28.45
2023-09-03 22:00:00,0.0,1.127,0.1917,27.4
2023-09-03 23:00:00,0.0,1.203,0.1898,26.98
2023-09-04 00:00:00,0.0,1.191,0.1897,25.79
2023-09-04 01:00:00,0.0,1.193,0.1869,24.97
2023-09-04 02:00:00,0.0,1.158,0.192,25.54
2023-09-04 03:00:00,0.0,1.157,0.1864,25.54
2023-09-04 04:00:00,0.0,1.179,0.1834,25.05
2023-09-04 05:00:00,0.0,1.155,0.1829,25.33
2023-09-04 06:00:00,0.0,1.17,0.1819,25.64
2023-09-04 07:00:00,0.0,1.122,0.1855,26.71
2023-09-04 08:00:00,0.0,1.139,0.1788,27.08
2023-09-04 09:00:00,0.0,1.093,0.1745,29.22
2023-09-04 10:00:00,0.0,1.102,0.1709,29.69
2023-09-04 11:00:00,0.0,1.087,0.1729,30.38
2023-09-04 12:00:00,0.0,1.119,0.1766,31.38
2023-09-04 13:00:00,0.0,1.112,0.1681,32.54
2023-09-04 14:00:00,0.0,1.136,0.1639,32.46
2023-09-04 15:00:00,0.0,1.148,0.1678,32.33
2023-09-04 16:00:00,0.0,1.142,0.1635,31.54
2023-09-04 17:00:00,0.0,1.13,0.1564,32.15
2023-09-04 18:00:00,0.0,1.128,0.1602,31.74
2023-09-04 19:00:00,0.0,1.127,0.1614,30.48
2023-09-04 20:00:00,0.0,1.109,0.1501,29.36
2023-09-04 21:00:00,0.0,1.146,0.1571,28.16
2023-09-04 22:00:00,0.0,1.16,0.1498,27.5
2023-09-04 23:00:00,0.0,1.121,0.1517,26.16
2023-09-05 00:00:00,0.0,1.093,0.1496,25.29
2023-09-05 01:00:00,0.0,1.101,0.1532,24.98
2023-09-05 02:00:00,0.0,1.106,0.1516,25.76
2023-09-05 03:00:00,0.0,1.086,0.1433,25.85
2023-09-05 04:00:00,0.0,1.046,0.1402,25.4
2023-09-05 05:00:00,0.0,1.071,0.1404,25.54
2023-09-05 06:00:00,0.0,1.131,0.1451,24.88
2023-09-05 07:00:00,0.0,1.124,0.1356,28.02
2023-09-05 08:00:00,0.0,1.124,0.1393,27.84
2023-09-05 09:00:00,0.0,1.119,0.1427,28.13
2023-09-05 10:00:00,0.0,1.118,0.1402,31.06
2023-09-05 11:00:00,0.0,1.094,0.1319,30.63
2023-09-05 12:00:00,0.0,1.038,0.1361,31.92
2023-09-05 13:00:00,0.0,1.042,0.1312,31.99
2023-09-05 14:00:00,0.0,1.032,0.1306,32.83
2023-09-05 15:00:00,0.0,1.054,0.1294,33.02
2023-09-05 16:00:00,0.0,1.041,0.1283,32.97
2023-09-05 17:00:00,0.0,1.07,0.1279,32.78
2023-09-05 18:00:00,0.0,1.04,0.1246,31.58
2023-09-05 19:00:00,0.0,1.012,0.1234,30.78
2023-09-05 20:00:00,0.0,1.012,0.1269,29.69
2023-09-05 21:00:00,0.0,1.005,0.1231,28.16
2023-09-05 22:00:00,0.0,1.026,0.1187,27.19
2023-09-05 23:00:00,0.0,1.005,0.1213,26.52
2023-09-06 00:00:00,0.0,1.015,0.1155,26.44
2023-09-06 01:00:00,0.0,1.003,0.1193,25.41
2023-09-06 02:00:00,0.0,1.039,0.1197,24.73
2023-09-06 03:00:00,0.0,1.035,0.1195,24.5
2023-09-06 04:00:00,0.0,1.051,0.1175,24.19
2023-09-06 05:00:00,0.0,1.046,0.112,24.72
2023-09-06 06:00:00,0.0,1.055,0.1126,25.88
2023-09-06 07:00:00,0.0,1.056,0.1167,26.64
2023-09-06 08:00:00,0.0,1.014,0.1113,27.99
2023-09-06 09:00:00,0.0,0.996,0.111,28.53
2023-09-06 10:00:00,0.0,0.973,0.1122,29.95
2023-09-06 11:00:00,0.0,0.989,0.1135,29.87
2023-09-06 12:00:00,0.0,0.986,0.1077,30.99
2023-09-06 13:00:00,0.0,1.01,0.1055,32.23
2023-09-06 14:00:00,0.0,1.015,0.1112,32.51
2023-09-06 15:00:00,0.0,1.014,0.1103,33.0
2023-09-06 16:00:00,0.0,0.99,0.1033,33.09
2023-09-06 17:00:00,0.0,0.957,0.1021,32.71
2023-09-06 18:00:00,0.0,0.984,0.1037,32.26
2023-09-06 19:00:00,0.0,0.976,0.1012,31.55
2023-09-06 20:00:00,0.0,1.0,0.099,29.49
2023-09-06 21:00:00,0.0,1.014,0.1001,29.79
2023-09-06 22:00:00,0.0,1.004,0.095,29.05
2023-09-06 23:00:00,0.0,1.03,0.0995,25.98
2023-09-07 00:00:00,0.0,0.966,0.0973,25.47
2023-09-07 01:00:00,0.0,0.958,0.0959,25.31
2023-09-07 02:00:00,0.0,0.963,0.0935,24.84
2023-09-07 03:00:00,0.0,1.005,0.0913,23.75
2023-09-07 04:00:00,0.0,1.019,0.0871,24.25
2023-09-07 05:00:00,0.0,0.985,0.0864,25.24
2023-09-07 06:00:00,0.0,0.973,0.0859,25.65
2023-09-07 07:00:00,0.0,0.971,0.0938,26.9
2023-09-07 08:00:00,0.0,0.978,0.0873,28.53
2023-09-07 09:00:00,0.0,0.983,0.0848,27.97
2023-09-07 10:00:00,0.0,0.998,0.0873,
2023-09-07 11:00:00,0.0,1.003,0.0837,31.53
2023-09-07 12:00:00,0.0,1.008,0.0845,30.56
2023-09-07 13:00:00,0.0,0.989,0.0865,31.46
2023-09-07 14:00:00,0.0,0.932,0.0829,32.25
2023-09-07 15:00:00,0.0,0.929,0.082,32.12
2023-09-07 16:00:00,0.0,0.95,0.082,32.75
2023-09-07 17:00:00,0.0,0.996,0.077,32.37
2023-09-07 18:00:00,0.0,0.993,0.0812,31.49
2023-09-07 19:00:00,0.0,1.023,0.0837,30.78
2023-09-07 20:00:00,0.0,1.0,0.0776,29.56
2023-09-07 21:00:00,0.0,1.002,0.0782,28.79
2023-09-07 22:00:00,0.0,0.962,0.0747,28.51
2023-09-07 23:00:00,0.0,0.94,0.0744,25.4
2023-09-08 00:00:00,0.0,0.913,0.0789,25.73
2023-09-08 01:00:00,0.0,0.924,0.0758,25.32
2023-09-08 02:00:00,0.0,0.92,0.0767,24.64
2023-09-08 03:00:00,0.0,0.942,0.0749,24.7
2023-09-08 04:00:00,0.0,0.927,0.0731,25.28
2023-09-08 05:00:00,0.0,0.939,0.0766,24.83
2023-09-08 06:00:00,0.0,0.927,0.067,26.82
2023-09-08 07:00:00,0.0,0.891,0.0693,25.81
2023-09-08 08:00:00,0.0,0.902,0.0699,27.82
2023-09-08 09:00:00,0.0,0.912,0.0705,28.54
2023-09-08 10:00:00,,0.919,0.0688,29.71
2023-09-08 11:00:00,0.0,0.909,0.0696,30.93
2023-09-08 12:00:00,0.0,0.927,0.0724,31.07
2023-09-08 13:00:00,0.0,0.938,0.064,32.56
2023-09-08 14:00:00,0.0,0.952,0.0713,33.4
2023-09-08 15:00:00,0.0,0.93,0.0654,32.4
2023-09-08 16:00:00,0.0,0.913,0.0659,32.15
2023-09-08 17:00:00,0.0,0.905,0.0646,32.64
2023-09-08 18:00:00,0.0,0.876,0.0647,31.87
2023-09-08 19:00:00,0.25,0.925,0.0679,29.74
2023-09-08 20:00:00,0.86,0.917,0.0636,29.77
2023-09-08 21:00:00,0.99,0.942,0.0682,28.84
2023-09-08 22:00:00,1.66,0.961,0.0783,27.32
2023-09-08 23:00:00,1.76,0.97,0.0803,27.12
2023-09-09 00:00:00,2.83,0.963,0.0878,24.59
2023-09-09 01:00:00,3.16,1.028,0.1073,23.65
2023-09-09 02:00:00,2.51,1.072,0.1122,24.92
2023-09-09 03:00:00,2.62,1.137,0.1268,23.84
2023-09-09 04:00:00,2.67,1.128,0.1325,24.36
2023-09-09 05:00:00,2.66,1.186,0.1469,24.21
2023-09-09 06:00:00,2.67,1.203,0.1537,25.83
2023-09-09 07:00:00,2.53,1.229,0.1597,26.42
2023-09-09 08:00:00,2.34,1.26,0.166,27.17
2023-09-09 09:00:00,2.08,1.348,0.1758,27.68
2023-09-09 10:00:00,1.96,1.409,0.1828,29.26
2023-09-09 11:00:00,1.5,1.413,0.1848,30.52
2023-09-09 12:00:00,1.18,1.424,0.1856,30.95
2023-09-09 13:00:00,0.86,1.383,0.1902,31.63
2023-09-09 14:00:00,0.23,1.392,0.1944,32.35
2023-09-09 15:00:00,0.0,1.304,0.1884,32.84
2023-09-09 16:00:00,0.0,1.338,0.1836,32.58
2023-09-09 17:00:00,0.0,1.33,0.184,32.56
2023-09-09 18:00:00,0.0,1.387,0.1835,31.29
2023-09-09 19:00:00,0.0,1.32,0.1769,31.01
2023-09-09 20:00:00,0.0,1.272,0.1772,28.96
2023-09-09 21:00:00,0.0,1.235,0.1759,28.7
2023-09-09 22:00:00,0.0,1.222,0.1735,27.64
2023-09-09 23:00:00,3.42,1.268,0.1831,27.34
2023-09-10 00:00:00,10.65,1.354,0.23,24.23
2023-09-10 01:00:00,13.61,1.458,0.2745,23.03
2023-09-10 02:00:00,15.36,1.628,0.3383,22.67
2023-09-10 03:00:00,17.55,1.864,0.4059,22.39
2023-09-10 04:00:00,15.77,2.174,0.4666,23.22
2023-09-10 05:00:00,13.19,2.478,0.5,23.05
2023-09-10 06:00:00,6.89,2.771,0.4991,25.11
2023-09-10 07:00:00,3.15,3.013,0.5,26.16
2023-09-10 08:00:00,4.26,3.201,0.5,27.45
2023-09-10 09:00:00,3.41,3.32,0.5,28.43
2023-09-10 10:00:00,4.5,3.404,0.4991,29.46
2023-09-10 11:00:00,2.96,3.442,0.5,30.41
2023-09-10 12:00:00,3.65,3.44,0.4982,31.51
2023-09-10 13:00:00,3.23,3.398,0.4987,30.85
2023-09-10 14:00:00,2.75,3.348,0.4984,31.32
2023-09-10 15:00:00,2.4,3.25,0.4969,32.21
2023-09-10 16:00:00,1.65,3.191,0.4999,32.2
2023-09-10 17:00:00,1.02,3.075,0.5,31.31
2023-09-10 18:00:00,0.38,2.966,0.494,31.53
2023-09-10 19:00:00,0.0,2.821,0.4877,29.81
2023-09-10 20:00:00,0.0,2.712,0.4912,29.36
2023-09-10 21:00:00,,2.549,0.4796,28.45
2023-09-10 22:00:00,0.0,,0.4786,27.71
2023-09-10 23:00:00,0.0,2.359,0.4724,26.21
2023-09-11 00:00:00,0.0,2.273,0.4716,26.19
2023-09-11 01:00:00,0.0,2.168,0.4643,25.79
2023-09-11 02:00:00,0.0,2.056,0.4606,25.32
2023-09-11 03:00:00,0.0,1.973,0.4568,25.32
2023-09-11 04:00:00,0.0,1.909,0.4525,25.08
2023-09-11 05:00:00,0.0,1.888,0.4498,25.26
2023-09-11 06:00:00,0.0,1.861,0.4437,25.21
2023-09-11 07:00:00,0.0,1.828,0.4437,26.13
2023-09-11 08:00:00,0.0,1.782,0.4463,27.85
2023-09-11 09:00:00,0.0,1.732,0.4314,27.52
2023-09-11 10:00:00,0.0,1.713,0.4308,30.11
2023-09-11 11:00:00,0.0,1.711,0.4256,30.11
2023-09-11 12:00:00,0.0,1.699,0.4177,30.97
2023-09-11 13:00:00,0.0,1.684,0.4189,32.27
2023-09-11 14:00:00,0.0,1.641,0.4106,32.42
2023-09-11 15:00:00,0.0,1.611,0.4054,32.2
2023-09-11 16:00:00,0.0,1.652,0.4072,31.82
2023-09-11 17:00:00,0.0,1.591,0.3979,31.13
2023-09-11 18:00:00,0.0,1.572,0.3984,30.16
2023-09-11 19:00:00,0.0,1.494,0.3924,31.15
2023-09-11 20:00:00,0.0,1.539,0.3872,29.34
2023-09-11 21:00:00,0.0,1.544,0.3853,27.97
2023-09-11 22:00:00,0.0,1.597,0.3823,27.75
2023-09-11 23:00:00,0.0,1.568,0.3762,26.02
2023-09-12 00:00:00,0.0,1.556,0.3726,25.16
2023-09-12 01:00:00,0.0,1.546,0.3732,25.5
2023-09-12 02:00:00,0.0,1.556,0.376,24.87
2023-09-12 03:00:00,0.0,1.519,0.3599,24.46
2023-09-12 04:00:00,0.0,1.525,0.3586,24.23
2023-09-12 05:00:00,0.0,1.537,0.3562,25.02
2023-09-12 06:00:00,0.0,1.549,0.3551,25.83
2023-09-12 07:00:00,0.0,1.547,0.3501,26.5
2023-09-12 08:00:00,0.0,1.556,0.3516,27.94
2023-09-12 09:00:00,0.0,1.522,0.3423,27.87
2023-09-12 10:00:00,0.0,1.499,0.3419,29.27
2023-09-12 11:00:00,2.52,1.493,0.3483,30.39
2023-09-12 12:00:00,9.14,1.558,0.3858,30.0
2023-09-12 13:00:00,8.94,1.651,0.4144,31.41
2023-09-12 14:00:00,13.71,1.816,0.461,31.53
2023-09-12 15:00:00,10.3,2.046,0.5,31.37
2023-09-12 16:00:00,9.05,2.232,0.4972,31.52
2023-09-12 17:00:00,3.14,2.431,0.4964,31.41
2023-09-12 18:00:00,0.0,2.618,0.4981,31.05
2023-09-12 19:00:00,0.0,2.695,0.4883,31.01
2023-09-12 20:00:00,0.0,2.748,0.4864,28.98
2023-09-12 21:00:00,0.0,2.743,0.4789,28.78
2023-09-12 22:00:00,0.0,,0.4768,27.09
2023-09-12 23:00:00,0.0,,0.4763,25.94
2023-09-13 00:00:00,0.72,,0.4716,25.92
2023-09-13 01:00:00,2.07,2.511,0.4745,25.0
2023-09-13 02:00:00,2.69,2.427,0.4788,23.86
2023-09-13 03:00:00,4.27,2.388,0.4989,23.81
2023-09-13 04:00:00,4.28,2.319,0.5,23.97
2023-09-13 05:00:00,4.66,2.319,0.5,24.51
2023-09-13 06:00:00,6.96,2.337,0.4998,24.55
2023-09-13 07:00:00,6.13,2.423,0.5,26.58
2023-09-13 08:00:00,4.5,2.445,0.4987,26.28
2023-09-13 09:00:00,4.97,2.529,0.5,27.07
2023-09-13 10:00:00,3.85,2.55,0.5,28.91
2023-09-13 11:00:00,2.73,2.605,0.5,29.06
2023-09-13 12:00:00,2.21,2.643,0.499,30.54
2023-09-13 13:00:00,0.57,2.698,0.4953,31.41
2023-09-13 14:00:00,0.0,2.706,0.4899,32.19
2023-09-13 15:00:00,0.0,2.687,0.4864,32.22
2023-09-13 16:00:00,0.0,2.601,0.4859,32.3
2023-09-13 17:00:00,0.0,2.542,0.4772,31.4
2023-09-13 18:00:00,0.0,2.422,0.4715,30.96
2023-09-13 19:00:00,0.0,2.365,0.4665,30.61
2023-09-13 20:00:00,0.0,2.24,0.4571,28.22
2023-09-13 21:00:00,0.0,2.157,0.4571,28.53
2023-09-13 22:00:00,0.0,2.034,0.4508,26.21
2023-09-13 23:00:00,0.0,1.984,0.4542,26.33
2023-09-14 00:00:00,0.0,1.906,0.4433,25.71
2023-09-14 01:00:00,0.0,1.869,0.4384,24.96
2023-09-14 02:00:00,0.0,1.802,0.4338,24.1
2023-09-14 03:00:00,0.0,1.77,0.4333,24.4
2023-09-14 04:00:00,0.0,1.705,0.4236,23.94
2023-09-14 05:00:00,0.0,1.681,0.4293,25.5
2023-09-14 06:00:00,0.0,1.677,0.4259,25.86
2023-09-14 07:00:00,0.0,1.665,0.4184,25.8
2023-09-14 08:00:00,0.0,1.671,0.4204,27.93
2023-09-14 09:00:00,0.0,1.633,,28.37
2023-09-14 10:00:00,0.0,1.59,0.4095,28.75
2023-09-14 11:00:00,0.0,1.584,0.4083,30.86
2023-09-14 12:00:00,0.0,1.593,0.4047,31.93
2023-09-14 13:00:00,0.0,1.581,0.394,31.61
2023-09-14 14:00:00,0.0,1.582,0.3884,32.32
2023-09-14 15:00:00,0.0,1.58,0.3873,32.27
2023-09-14 16:00:00,0.0,1.573,0.3888,32.43
2023-09-14 17:00:00,0.0,1.582,0.3777,32.14
2023-09-14 18:00:00,0.0,1.589,0.3789,31.6
2023-09-14 19:00:00,0.0,1.583,0.3694,29.35
2023-09-14 20:00:00,0.0,1.515,0.3683,29.05
2023-09-14 21:00:00,0.0,1.472,0.3635,28.76
2023-09-14 22:00:00,0.0,1.51,0.3632,26.89
2023-09-14 23:00:00,0.0,1.539,0.3593,26.45
2023-09-15 00:00:00,0.0,1.535,0.3534,24.94
2023-09-15 01:00:00,0.0,1.491,0.3517,25.1
2023-09-15 02:00:00,0.0,1.498,0.3472,24.38
2023-09-15 03:00:00,0.0,1.517,0.3484,24.53
2023-09-15 04:00:00,0.0,1.505,0.3419,24.56
2023-09-15 05:00:00,0.0,1.455,0.3426,24.06
2023-09-15 06:00:00,0.0,1.441,0.3406,26.45
2023-09-15 07:00:00,0.0,1.454,0.3386,25.57
2023-09-15 08:00:00,0.0,1.483,0.3355,28.44
2023-09-15 09:00:00,0.0,1.461,0.3315,27.15
2023-09-15 10:00:00,0.0,1.436,0.3241,29.3
2023-09-15 11:00:00,0.0,1.432,0.3215,29.52
2023-09-15 12:00:00,0.0,1.466,0.318,31.86
2023-09-15 13:00:00,0.0,1.459,0.3171,31.18
2023-09-15 14:00:00,0.0,1.479,0.3172,31.54
2023-09-15 15:00:00,0.0,1.446,0.3084,32.25
2023-09-15 16:00:00,0.0,1.438,0.3061,32.81
2023-09-15 17:00:00,0.0,1.394,0.3073,32.31
2023-09-15 18:00:00,0.0,1.328,0.2964,30.95
2023-09-15 19:00:00,0.0,1.332,0.3021,30.07
2023-09-15 20:00:00,0.0,1.363,0.2964,29.52
2023-09-15 21:00:00,0.0,1.378,0.2897,28.2
2023-09-15 22:00:00,0.0,1.365,0.2882,27.23
2023-09-15 23:00:00,0.0,1.333,0.2919,26.16
2023-09-16 00:00:00,0.0,1.323,0.2829,25.66
2023-09-16 01:00:00,0.0,1.347,0.2843,24.94
2023-09-16 02:00:00,0.0,1.371,0.286,25.08
2023-09-16 03:00:00,0.0,1.348,0.2777,23.86
2023-09-16 04:00:00,0.0,1.34,0.2756,23.99
2023-09-16 05:00:00,0.0,1.341,0.2801,24.67
2023-09-16 06:00:00,0.0,1.304,0.268,25.25
2023-09-16 07:00:00,0.0,1.318,0.2689,26.61
2023-09-16 08:00:00,0.0,1.301,0.2679,26.62
2023-09-16 09:00:00,0.0,1.3,0.2594,28.82
2023-09-16 10:00:00,0.0,1.299,0.258,29.07
2023-09-16 11:00:00,0.0,1.308,0.2571,30.77
2023-09-16 12:00:00,0.0,1.311,0.2572,32.27
2023-09-16 13:00:00,0.0,1.306,0.2518,32.16
2023-09-16 14:00:00,0.0,1.297,0.2502,32.36
2023-09-16 15:00:00,0.0,1.325,0.25,32.74
2023-09-16 16:00:00,0.0,1.286,0.2468,31.9
2023-09-16 17:00:00,0.0,1.297,0.2362,31.78
2023-09-16 18:00:00,0.0,1.285,0.2404,30.67
2023-09-16 19:00:00,0.0,1.311,0.2392,29.88
2023-09-16 20:00:00,0.0,1.299,0.235,29.37
2023-09-16 21:00:00,0.0,1.292,0.2346,28.23
2023-09-16 22:00:00,0.0,1.285,0.2332,27.36
2023-09-16 23:00:00,0.0,1.263,0.2299,26.25
2023-09-17 00:00:00,0.0,1.271,0.2268,25.16
2023-09-17 01:00:00,0.0,1.283,0.226,25.13
2023-09-17 02:00:00,0.0,1.263,0.2166,23.96
2023-09-17 03:00:00,0.0,1.262,0.2261,24.26
2023-09-17 04:00:00,0.0,1.223,0.2241,24.84
2023-09-17 05:00:00,0.0,1.223,0.2221,25.02
2023-09-17 06:00:00,0.0,1.21,0.2169,25.29
2023-09-17 07:00:00,0.0,1.197,0.2165,25.24
2023-09-17 08:00:00,0.0,1.186,0.2133,26.93
2023-09-17 09:00:00,0.0,1.191,0.2118,29.2
2023-09-17 10:00:00,0.0,1.237,0.2129,29.04
2023-09-17 11:00:00,0.0,1.215,0.2014,30.13
2023-09-17 12:00:00,0.0,1.206,0.2059,31.05
2023-09-17 13:00:00,0.0,1.198,0.1999,31.81
2023-09-17 14:00:00,0.0,1.157,0.1968,31.67
2023-09-17 15:00:00,0.0,1.15,0.1976,32.51
2023-09-17 16:00:00,0.0,1.118,0.1921,32.2
2023-09-17 17:00:00,0.0,1.143,0.1901,30.74
2023-09-17 18:00:00,0.0,1.158,0.187,29.69
2023-09-17 19:00:00,0.0,1.151,0.1886,29.86
2023-09-17 20:00:00,0.0,1.175,0.1898,28.56
2023-09-17 21:00:00,0.0,1.173,0.189,28.29
2023-09-17 22:00:00,0.0,1.168,0.1908,26.91
2023-09-17 23:00:00,0.0,1.141,0.1821,26.37
2023-09-18 00:00:00,0.0,1.135,0.1842,25.5
2023-09-18 01:00:00,0.0,1.135,0.1809,24.12
2023-09-18 02:00:00,0.0,1.124,0.1795,24.04
2023-09-18 03:00:00,0.0,1.163,0.1788,23.81
2023-09-18 04:00:00,0.0,1.142,0.1787,24.69
2023-09-18 05:00:00,0.0,1.111,0.1763,24.53
2023-09-18 06:00:00,0.0,1.061,0.1722,25.88
2023-09-18 07:00:00,0.0,1.128,0.1737,26.74
2023-09-18 08:00:00,0.0,1.126,0.1685,26.98
2023-09-18 09:00:00,0.0,1.162,0.1706,27.79
2023-09-18 10:00:00,0.0,1.143,0.1676,28.68
2023-09-18 11:00:00,0.0,1.164,0.1599,30.44
2023-09-18 12:00:00,0.0,1.139,0.1634,30.86
2023-09-18 13:00:00,0.0,1.129,0.1649,31.18
2023-09-18 14:00:00,0.0,1.112,0.16,32.4
2023-09-18 15:00:00,0.0,1.132,0.1593,32.54
2023-09-18 16:00:00,0.0,1.17,0.1555,31.47
2023-09-18 17:00:00,0.0,1.189,0.1544,31.73
2023-09-18 18:00:00,0.0,1.206,0.1564,31.21
2023-09-18 19:00:00,0.0,1.159,0.1507,30.94
2023-09-18 20:00:00,0.0,1.134,0.1471,29.04
2023-09-18 21:00:00,0.0,1.124,0.1426,28.09
2023-09-18 22:00:00,0.0,1.147,0.1455,27.38
2023-09-18 23:00:00,0.0,1.117,0.1432,26.72
2023-09-19 00:00:00,0.0,1.114,0.1409,25.41
2023-09-19 01:00:00,0.0,1.09,0.141,24.69
2023-09-19 02:00:00,0.0,1.119,0.1401,23.89
2023-09-19 03:00:00,0.0,1.098,0.1388,23.88
2023-09-19 04:00:00,0.0,1.099,0.1451,24.1
2023-09-19 05:00:00,0.0,1.054,0.1349,24.92
2023-09-19 06:00:00,0.0,1.066,0.1404,25.43
2023-09-19 07:00:00,0.0,1.08,0.1391,25.69
2023-09-19 08:00:00,0.0,1.078,0.1381,27.43
2023-09-19 09:00:00,0.0,1.046,0.1349,27.95
2023-09-19 10:00:00,0.0,1.053,0.1375,28.99
2023-09-19 11:00:00,0.74,1.054,0.1353,30.35
2023-09-19 12:00:00,2.97,1.064,0.1452,31.01
2023-09-19 13:00:00,4.43,1.073,0.1655,31.23
2023-09-19 14:00:00,4.52,1.119,0.1778,32.38
2023-09-19 15:00:00,4.76,1.216,0.1907,30.62
2023-09-19 16:00:00,4.33,1.34,0.2122,31.95
2023-09-19 17:00:00,4.76,1.407,0.2309,30.53
2023-09-19 18:00:00,3.0,,0.2381,30.56
2023-09-19 19:00:00,,1.485,0.238,29.95
2023-09-19 20:00:00,0.0,1.518,0.2375,29.05
2023-09-19 21:00:00,0.0,1.536,0.2367,27.59
2023-09-19 22:00:00,0.0,1.523,0.2295,26.33
2023-09-19 23:00:00,0.0,1.525,0.2246,25.08
2023-09-20 00:00:00,0.0,1.538,0.2285,25.06
2023-09-20 01:00:00,0.0,1.516,0.2302,24.6
2023-09-20 02:00:00,0.0,1.451,0.2219,24.43
2023-09-20 03:00:00,0.0,1.404,0.2197,24.57
2023-09-20 04:00:00,0.0,1.382,0.2224,24.55
2023-09-20 05:00:00,0.0,1.389,0.2193,25.02
2023-09-20 06:00:00,0.0,1.377,0.2162,24.66
2023-09-20 07:00:00,0.0,1.367,0.2199,26.54
2023-09-20 08:00:00,0.0,1.325,0.2125,27.14
2023-09-20 09:00:00,0.0,1.323,0.2137,27.34
2023-09-20 10:00:00,0.0,1.285,0.213,29.56
2023-09-20 11:00:00,0.0,1.255,0.2078,29.55
2023-09-20 12:00:00,0.0,1.2,0.2089,30.3
2023-09-20 13:00:00,0.0,1.21,0.2061,32.23
2023-09-20 14:00:00,0.0,1.189,0.2024,31.98
2023-09-20 15:00:00,0.0,1.226,0.1986,31.47
2023-09-20 16:00:00,0.0,1.249,0.2019,31.59
2023-09-20 17:00:00,0.0,1.281,0.1982,31.99
2023-09-20 18:00:00,0.0,1.247,0.1957,30.22
2023-09-20 19:00:00,0.0,1.222,0.1918,29.92
2023-09-20 20:00:00,0.0,1.179,0.1881,28.96
2023-09-20 21:00:00,0.0,1.193,0.1821,29.35
2023-09-20 22:00:00,0.0,1.199,0.1879,26.23
2023-09-20 23:00:00,0.0,1.175,0.1838,25.28
2023-09-21 00:00:00,0.0,1.125,0.184,24.83
2023-09-21 01:00:00,0.0,1.157,0.1893,24.16
2023-09-21 02:00:00,0.0,1.168,0.1843,24.1
2023-09-21 03:00:00,0.0,1.191,0.1805,23.71
2023-09-21 04:00:00,0.0,1.19,0.1775,24.5
2023-09-21 05:00:00,0.0,1.189,0.1787,24.52
2023-09-21 06:00:00,0.0,1.159,0.1777,24.63
2023-09-21 07:00:00,0.0,1.102,0.1724,25.82
2023-09-21 08:00:00,0.0,1.107,0.1713,26.77
2023-09-21 09:00:00,0.0,1.144,0.1711,28.52
2023-09-21 10:00:00,0.0,1.192,0.1665,29.41
2023-09-21 11:00:00,0.0,1.181,0.165,30.3
2023-09-21 12:00:00,0.0,1.195,0.162,30.41
2023-09-21 13:00:00,0.0,1.153,0.1688,31.56
2023-09-21 14:00:00,0.0,1.118,0.1578,31.23
2023-09-21 15:00:00,0.0,1.065,0.1562,32.27
2023-09-21 16:00:00,0.0,1.079,0.1515,32.42
2023-09-21 17:00:00,0.0,1.125,0.1586,30.36
2023-09-21 18:00:00,0.0,1.128,0.1523,30.73
2023-09-21 19:00:00,0.0,1.116,0.1559,29.9
2023-09-21 20:00:00,0.0,1.099,0.1519,29.44
2023-09-21 21:00:00,0.0,1.105,0.1545,27.65
2023-09-21 22:00:00,0.0,1.116,0.1469,26.61
2023-09-21 23:00:00,0.0,,0.1483,26.03
2023-09-22 00:00:00,0.0,1.112,0.1503,25.38
2023-09-22 01:00:00,0.0,1.133,0.1494,24.54
2023-09-22 02:00:00,0.0,1.114,0.1479,24.48
2023-09-22 03:00:00,0.0,1.117,0.1452,24.24
2023-09-22 04:00:00,0.0,1.089,0.1424,23.78
2023-09-22 05:00:00,0.0,1.126,0.1431,24.45
2023-09-22 06:00:00,0.0,1.087,0.1363,25.35
2023-09-22 07:00:00,0.0,1.085,0.1379,25.5
2023-09-22 08:00:00,0.0,1.068,0.1421,26.53
2023-09-22 09:00:00,0.0,1.079,0.1394,27.17
2023-09-22 10:00:00,0.0,1.05,0.1316,29.53
2023-09-22 11:00:00,0.0,1.056,0.135,30.99
2023-09-22 12:00:00,0.0,1.072,0.1298,30.39
2023-09-22 13:00:00,0.0,1.097,0.1303,31.65
2023-09-22 14:00:00,0.0,1.091,0.1341,32.39
2023-09-22 15:00:00,1.05,1.046,0.1271,31.21
2023-09-22 16:00:00,2.46,1.048,0.1371,31.69
2023-09-22 17:00:00,5.36,1.148,0.1613,31.49
2023-09-22 18:00:00,7.13,1.204,0.1892,29.89
2023-09-22 19:00:00,8.35,1.284,0.2185,29.03
2023-09-22 20:00:00,11.26,1.395,0.2659,28.51
2023-09-22 21:00:00,11.9,1.543,0.3071,26.5
2023-09-22 22:00:00,15.53,1.755,0.3682,25.03
2023-09-22 23:00:00,17.06,2.052,0.433,24.11
2023-09-23 00:00:00,13.98,2.38,0.4846,24.54
2023-09-23 01:00:00,16.29,2.695,0.5,23.17
2023-09-23 02:00:00,15.37,2.939,0.4976,22.73
2023-09-23 03:00:00,16.86,3.235,0.5,22.44
2023-09-23 04:00:00,16.45,3.526,0.5,21.8
2023-09-23 05:00:00,18.79,3.826,0.5,22.8
2023-09-23 06:00:00,14.96,4.13,0.5,23.33
2023-09-23 07:00:00,20.65,4.401,0.5,23.77
2023-09-23 08:00:00,15.62,4.669,0.5,25.15
2023-09-23 09:00:00,15.9,4.879,0.5,26.75
2023-09-23 10:00:00,14.51,5.093,0.4988,28.37
2023-09-23 11:00:00,14.79,5.232,0.4997,27.94
2023-09-23 12:00:00,12.09,5.356,0.4975,30.03
2023-09-23 13:00:00,15.14,5.403,0.5,29.75
2023-09-23 14:00:00,11.38,5.448,0.497,31.0
2023-09-23 15:00:00,11.93,5.429,0.4975,30.85
2023-09-23 16:00:00,6.96,5.411,0.4994,30.75
2023-09-23 17:00:00,5.83,5.327,0.4967,30.46
2023-09-23 18:00:00,5.5,5.248,0.498,30.07
2023-09-23 19:00:00,2.89,5.104,0.4989,29.79
2023-09-23 20:00:00,0.81,4.925,0.5,29.1
2023-09-23 21:00:00,0.0,4.654,0.4892,29.38
2023-09-23 22:00:00,0.0,4.399,0.4876,27.13
2023-09-23 23:00:00,0.0,4.119,0.4861,25.25
2023-09-24 00:00:00,0.0,3.821,0.4827,25.65
2023-09-24 01:00:00,0.0,3.501,0.4852,24.68
2023-09-24 02:00:00,0.0,3.224,0.4782,23.9
2023-09-24 03:00:00,0.0,2.988,0.4753,23.29
2023-09-24 04:00:00,0.0,2.75,0.4622,23.85
2023-09-24 05:00:00,0.0,2.565,0.4641,24.97
2023-09-24 06:00:00,0.0,2.386,0.4612,25.27
2023-09-24 07:00:00,0.0,2.254,0.4517,26.53
2023-09-24 08:00:00,0.0,2.144,0.4506,27.47
2023-09-24 09:00:00,0.0,2.057,0.4496,27.95
2023-09-24 10:00:00,0.0,1.979,0.4457,27.31
2023-09-24 11:00:00,0.0,1.894,0.4426,29.4
2023-09-24 12:00:00,0.0,1.843,0.4348,29.91
2023-09-24 13:00:00,0.0,1.759,0.4281,32.02
2023-09-24 14:00:00,0.0,1.74,0.4269,31.97
2023-09-24 15:00:00,0.0,1.722,0.4212,31.74
2023-09-24 16:00:00,0.0,1.696,0.4175,31.45
2023-09-24 17:00:00,0.0,1.669,0.4061,31.85
2023-09-24 18:00:00,0.0,1.632,0.4075,30.23
2023-09-24 19:00:00,0.0,1.658,0.4048,29.2
2023-09-24 20:00:00,0.0,1.657,0.3998,28.19
2023-09-24 21:00:00,0.0,1.654,0.3957,27.9
2023-09-24 22:00:00,0.0,1.638,0.3923,26.4
2023-09-24 23:00:00,0.0,1.6,0.3868,26.35
2023-09-25 00:00:00,0.0,1.617,0.3889,24.96
2023-09-25 01:00:00,0.0,1.589,0.3825,23.63
2023-09-25 02:00:00,0.0,1.574,0.373,23.8
2023-09-25 03:00:00,0.0,1.551,0.3759,23.3
2023-09-25 04:00:00,0.0,1.566,0.3726,23.86
2023-09-25 05:00:00,0.0,1.533,0.3709,24.86
2023-09-25 06:00:00,0.0,1.528,0.367,24.87
2023-09-25 07:00:00,0.0,1.496,0.3656,25.44
2023-09-25 08:00:00,0.0,1.515,0.3633,26.96
2023-09-25 09:00:00,0.0,1.523,0.3571,27.56
2023-09-25 10:00:00,0.0,1.541,0.3561,29.08
2023-09-25 11:00:00,0.0,1.522,0.3544,29.94
2023-09-25 12:00:00,0.0,1.52,0.3478,30.08
2023-09-25 13:00:00,0.0,1.53,0.3473,30.58
2023-09-25 14:00:00,0.0,1.54,0.3456,31.45
2023-09-25 15:00:00,0.0,1.484,0.3352,31.98
2023-09-25 16:00:00,0.0,1.442,0.3352,32.5
2023-09-25 17:00:00,0.0,1.453,0.3369,30.67
2023-09-25 18:00:00,0.0,1.44,0.3282,30.09
2023-09-25 19:00:00,0.0,1.466,,30.26
2023-09-25 20:00:00,0.0,1.473,0.3226,28.9
2023-09-25 21:00:00,0.0,1.461,0.3177,27.68
2023-09-25 22:00:00,0.0,1.433,0.3116,27.07
2023-09-25 23:00:00,0.0,1.417,0.3122,26.38
2023-09-26 00:00:00,0.0,1.437,0.3067,25.4
2023-09-26 01:00:00,0.0,1.423,0.3029,23.9
2023-09-26 02:00:00,0.0,1.445,0.308,24.07
2023-09-26 03:00:00,0.0,1.398,0.2961,24.28
2023-09-26 04:00:00,0.0,1.448,0.305,23.71
2023-09-26 05:00:00,0.0,1.416,0.3002,24.44
2023-09-26 06:00:00,0.0,1.399,0.3006,24.59
2023-09-26 07:00:00,0.0,1.338,0.2987,25.24
2023-09-26 08:00:00,0.0,1.343,0.2945,26.89
2023-09-26 09:00:00,0.0,1.35,0.2872,28.18
2023-09-26 10:00:00,0.0,1.371,0.2838,29.13
2023-09-26 11:00:00,0.0,1.382,0.2833,29.05
2023-09-26 12:00:00,0.0,1.403,0.283,31.2
2023-09-26 13:00:00,0.0,1.393,0.2827,31.47
2023-09-26 14:00:00,0.0,1.351,0.271,32.15
2023-09-26 15:00:00,0.0,1.302,0.2736,31.25
2023-09-26 16:00:00,0.0,1.306,0.2683,32.0
2023-09-26 17:00:00,0.0,1.293,0.2655,31.5
2023-09-26 18:00:00,0.0,1.312,0.2647,29.92
2023-09-26 19:00:00,0.0,1.284,0.2524,29.94
2023-09-26 20:00:00,0.0,1.314,0.2578,28.24
2023-09-26 21:00:00,0.0,1.304,0.2516,27.73
2023-09-26 22:00:00,0.0,1.346,0.2552,27.85
2023-09-26 23:00:00,0.0,1.33,0.2518,25.87
2023-09-27 00:00:00,0.0,1.315,0.254,24.79
2023-09-27 01:00:00,0.0,1.264,0.2515,23.47
2023-09-27 02:00:00,1.98,1.275,0.2513,23.76
2023-09-27 03:00:00,6.97,1.371,0.28,22.9
2023-09-27 04:00:00,8.69,1.478,0.3169,21.94
2023-09-27 05:00:00,9.24,1.582,0.3483,22.74
2023-09-27 06:00:00,9.93,1.738,0.3861,24.3
2023-09-27 07:00:00,8.98,1.942,0.4216,25.42
2023-09-27 08:00:00,5.22,2.123,0.4385,26.15
2023-09-27 09:00:00,1.89,2.25,0.4382,27.99
2023-09-27 10:00:00,0.0,2.351,0.4367,28.73
2023-09-27 11:00:00,0.0,2.413,0.432,29.3
2023-09-27 12:00:00,0.0,2.439,0.4298,31.6
2023-09-27 13:00:00,0.0,2.399,0.4208,30.43
2023-09-27 14:00:00,0.0,2.366,0.4198,31.75
2023-09-27 15:00:00,0.0,2.301,0.4104,31.35
2023-09-27 16:00:00,0.0,2.253,0.4087,31.43
2023-09-27 17:00:00,0.0,2.191,0.4056,31.93
2023-09-27 18:00:00,0.0,2.117,0.4009,30.53
2023-09-27 19:00:00,0.0,2.035,0.3958,29.51
2023-09-27 20:00:00,0.0,1.907,0.3911,28.44
2023-09-27 21:00:00,0.0,1.844,0.3898,27.96
2023-09-27 22:00:00,0.0,1.775,0.3859,26.17
2023-09-27 23:00:00,0.0,1.768,0.3815,25.72
2023-09-28 00:00:00,0.0,1.7,0.3802,24.73
2023-09-28 01:00:00,0.0,1.668,0.3708,23.77
2023-09-28 02:00:00,0.0,1.621,0.3739,23.04
2023-09-28 03:00:00,0.0,1.587,0.3647,23.64
2023-09-28 04:00:00,0.0,1.591,0.3644,23.57
2023-09-28 05:00:00,0.0,1.591,0.3652,24.27
2023-09-28 06:00:00,0.0,1.588,0.3613,23.71
2023-09-28 07:00:00,0.0,1.522,0.3535,25.39
2023-09-28 08:00:00,0.0,1.502,0.3497,27.01
2023-09-28 09:00:00,0.0,1.495,0.3512,26.8
2023-09-28 10:00:00,0.0,1.48,0.3433,29.6
2023-09-28 11:00:00,0.0,1.476,0.3412,29.8
2023-09-28 12:00:00,0.0,1.473,0.34,30.38
2023-09-28 13:00:00,0.0,1.46,0.3408,31.14
2023-09-28 14:00:00,0.0,1.441,0.3311,31.06
2023-09-28 15:00:00,0.0,1.436,0.3245,32.33
2023-09-28 16:00:00,0.0,1.48,0.3315,31.58
2023-09-28 17:00:00,0.0,1.487,0.3266,31.12
2023-09-28 18:00:00,0.0,1.467,0.3217,30.95
2023-09-28 19:00:00,0.0,1.451,0.3173,29.82
2023-09-28 20:00:00,0.0,1.452,0.3208,28.32
2023-09-28 21:00:00,0.0,1.431,0.3126,27.61
2023-09-28 22:00:00,0.0,1.422,0.3092,26.87
2023-09-28 23:00:00,0.0,1.408,0.3058,25.65
2023-09-29 00:00:00,0.0,1.387,0.3053,24.07
2023-09-29 01:00:00,0.0,1.371,0.2994,24.81
2023-09-29 02:00:00,0.0,1.374,0.3027,23.79
2023-09-29 03:00:00,0.0,1.39,0.3011,23.37
2023-09-29 04:00:00,0.0,1.401,0.2987,24.03
2023-09-29 05:00:00,0.0,1.415,0.2925,23.86
2023-09-29 06:00:00,0.0,1.43,0.2916,23.98
2023-09-29 07:00:00,0.0,1.381,0.2841,25.57
2023-09-29 08:00:00,0.0,1.344,0.2818,26.87
2023-09-29 09:00:00,0.0,1.33,0.2853,27.43
2023-09-29 10:00:00,0.0,1.379,0.2831,28.49
2023-09-29 11:00:00,0.0,1.352,0.2723,29.48
2023-09-29 12:00:00,0.0,1.367,0.2709,30.35
2023-09-29 13:00:00,0.0,1.348,0.2691,31.11
2023-09-29 14:00:00,0.0,1.345,0.27,31.83
2023-09-29 15:00:00,0.0,1.32,0.2648,31.94
2023-09-29 16:00:00,0.0,1.312,0.2596,32.45
2023-09-29 17:00:00,0.0,1.345,0.2594,31.9
2023-09-29 18:00:00,0.0,1.336,0.2567,29.97
2023-09-29 19:00:00,0.0,1.301,0.2579,29.45
2023-09-29 20:00:00,0.0,1.279,0.2519,28.96
2023-09-29 21:00:00,0.0,1.31,0.2549,26.67
2023-09-29 22:00:00,0.0,1.292,0.2422,26.69
2023-09-29 23:00:00,0.0,1.298,0.2477,25.14
2023-09-30 00:00:00,0.0,1.276,0.2507,24.66
2023-09-30 01:00:00,0.0,1.277,0.2422,24.06
2023-09-30 02:00:00,0.0,1.273,0.24,22.77
2023-09-30 03:00:00,0.0,1.257,0.237,24.73
2023-09-30 04:00:00,0.0,1.234,0.2328,23.38
2023-09-30 05:00:00,0.0,1.236,0.2385,24.77
2023-09-30 06:00:00,0.0,1.26,0.2312,23.87
2023-09-30 07:00:00,0.0,1.255,0.2344,25.19
2023-09-30 08:00:00,0.0,1.272,0.2308,26.87
2023-09-30 09:00:00,0.0,1.26,0.2295,27.39
2023-09-30 10:00:00,0.0,1.28,0.2226,28.94
2023-09-30 11:00:00,0.0,1.242,0.2242,29.83
2023-09-30 12:00:00,0.0,1.24,0.2209,29.92
2023-09-30 13:00:00,0.0,1.221,0.2192,31.58
2023-09-30 14:00:00,0.0,1.227,0.2087,31.66
2023-09-30 15:00:00,0.0,1.242,0.2156,30.78
2023-09-30 16:00:00,0.0,1.249,0.2185,31.42
2023-09-30 17:00:00,0.0,1.183,0.2057,31.3
2023-09-30 18:00:00,0.0,1.214,0.2103,30.28
2023-09-30 19:00:00,0.0,1.188,0.2047,29.53
2023-09-30 20:00:00,0.0,1.207,0.2003,28.78
2023-09-30 21:00:00,0.0,1.179,0.1995,26.69
2023-09-30 22:00:00,0.0,1.207,0.2043,26.37
2023-09-30 23:00:00,0.0,1.185,0.1992,25.32
2023-10-01 00:00:00,0.0,1.154,0.1963,25.0
2023-10-01 01:00:00,0.0,1.159,0.1905,23.71
2023-10-01 02:00:00,0.0,1.185,0.1954,24.56
2023-10-01 03:00:00,0.0,1.215,0.1956,23.16
2023-10-01 04:00:00,0.0,1.166,0.1918,23.03
2023-10-01 05:00:00,0.0,1.187,0.186,24.6
2023-10-01 06:00:00,0.0,1.203,0.1895,24.92
2023-10-01 07:00:00,0.0,1.215,0.192,25.64
2023-10-01 08:00:00,0.0,1.199,0.1843,26.29
2023-10-01 09:00:00,0.0,1.2,0.1862,27.27
2023-10-01 10:00:00,0.0,1.212,0.1807,28.71
2023-10-01 11:00:00,0.0,1.198,0.1791,29.17
2023-10-01 12:00:00,0.0,1.179,0.1784,31.17
2023-10-01 13:00:00,0.0,1.188,0.1748,31.03
2023-10-01 14:00:00,0.0,1.198,0.1727,31.18
2023-10-01 15:00:00,0.0,1.234,0.1723,31.24
2023-10-01 16:00:00,0.0,1.167,0.1734,30.7
2023-10-01 17:00:00,0.0,1.13,0.1689,31.27
2023-10-01 18:00:00,0.0,1.102,0.1669,29.88
2023-10-01 19:00:00,0.0,1.133,0.166,29.37
2023-10-01 20:00:00,1.25,1.148,0.1735,29.62
2023-10-01 21:00:00,3.59,1.154,0.1787,26.18
2023-10-01 22:00:00,5.51,1.241,0.2042,25.8
2023-10-01 23:00:00,8.27,1.347,0.2363,23.93
2023-10-02 00:00:00,10.45,1.47,0.2733,23.24
2023-10-02 01:00:00,10.68,1.616,0.3183,22.78
2023-10-02 02:00:00,10.01,1.775,0.3553,21.87
2023-10-02 03:00:00,8.45,1.996,0.3863,22.75
2023-10-02 04:00:00,7.3,2.181,0.4063,23.53
2023-10-02 05:00:00,4.98,2.395,0.4254,23.59
2023-10-02 06:00:00,1.67,2.516,0.4283,24.81
2023-10-02 07:00:00,0.0,2.617,0.4288,26.2
2023-10-02 08:00:00,0.0,2.604,0.4257,26.65
2023-10-02 09:00:00,0.0,2.593,0.4186,26.21
2023-10-02 10:00:00,0.0,2.506,0.4147,28.51
2023-10-02 11:00:00,0.0,2.467,0.4183,28.14
2023-10-02 12:00:00,0.0,2.32,0.4081,29.85
2023-10-02 13:00:00,0.0,2.268,0.4048,30.1
2023-10-02 14:00:00,0.0,2.161,0.3985,31.39
2023-10-02 15:00:00,0.0,2.11,0.399,30.94
2023-10-02 16:00:00,0.0,1.966,0.3921,31.4
2023-10-02 17:00:00,0.0,1.908,0.3873,31.24
2023-10-02 18:00:00,0.0,1.843,0.3836,29.74
2023-10-02 19:00:00,0.0,1.797,0.3779,29.51
2023-10-02 20:00:00,0.07,1.72,0.3732,27.11
2023-10-02 21:00:00,0.21,1.693,0.3737,26.62
2023-10-02 22:00:00,0.3,1.691,0.3763,26.95
2023-10-02 23:00:00,0.36,1.677,0.3692,24.91
2023-10-03 00:00:00,0.59,1.616,0.3728,24.18
2023-10-03 01:00:00,0.58,1.589,0.368,23.4
2023-10-03 02:00:00,0.6,1.577,0.3634,22.54
2023-10-03 03:00:00,0.71,1.602,0.3676,22.75
2023-10-03 04:00:00,0.6,1.588,0.364,23.41
2023-10-03 05:00:00,0.61,1.588,0.3708,23.62
2023-10-03 06:00:00,0.62,1.576,0.3626,24.98
2023-10-03 07:00:00,0.64,1.627,0.368,24.96
2023-10-03 08:00:00,0.4,1.636,0.364,26.25
2023-10-03 09:00:00,0.33,1.65,0.3624,27.03
2023-10-03 10:00:00,0.21,1.668,0.3642,28.82
2023-10-03 11:00:00,0.07,1.643,0.3582,28.61
2023-10-03 12:00:00,0.0,1.643,0.3548,30.4
2023-10-03 13:00:00,0.0,1.58,0.3509,31.0
2023-10-03 14:00:00,0.0,1.566,0.3464,30.79
2023-10-03 15:00:00,0.0,1.552,0.3415,31.29
2023-10-03 16:00:00,0.0,1.557,0.3353,31.39
2023-10-03 17:00:00,0.0,1.54,0.338,30.45
2023-10-03 18:00:00,0.0,1.492,0.3344,29.81
2023-10-03 19:00:00,0.0,1.473,0.3337,28.72
2023-10-03 20:00:00,0.0,1.477,0.3283,29.38
2023-10-03 21:00:00,0.0,1.449,0.3228,27.1
2023-10-03 22:00:00,0.0,1.475,0.321,25.69
2023-10-03 23:00:00,0.0,1.469,0.3207,24.45
2023-10-04 00:00:00,0.0,1.463,0.3199,24.05
2023-10-04 01:00:00,0.0,1.417,0.313,23.95
2023-10-04 02:00:00,0.0,1.387,0.3152,23.29
2023-10-04 03:00:00,0.0,1.39,0.3094,23.46
2023-10-04 04:00:00,0.0,1.381,0.3053,23.78
2023-10-04 05:00:00,0.0,1.381,0.303,23.74
2023-10-04 06:00:00,0.0,1.379,0.3017,24.39
2023-10-04 07:00:00,0.0,1.381,0.3,26.07
2023-10-04 08:00:00,0.0,1.401,0.3009,26.62
2023-10-04 09:00:00,0.0,1.408,0.3004,27.48
2023-10-04 10:00:00,0.0,1.372,0.2914,28.15
2023-10-04 11:00:00,0.0,1.39,0.285,29.62
2023-10-04 12:00:00,0.0,1.41,0.2845,30.29
2023-10-04 13:00:00,0.0,1.385,0.2824,30.91
2023-10-04 14:00:00,0.0,1.379,,31.51
2023-10-04 15:00:00,0.0,1.34,0.2719,31.45
2023-10-04 16:00:00,0.0,1.373,0.2777,30.39
2023-10-04 17:00:00,0.0,1.314,0.269,30.78
2023-10-04 18:00:00,0.0,1.315,0.2699,29.55
2023-10-04 19:00:00,0.0,1.312,0.266,29.6
2023-10-04 20:00:00,0.0,1.321,0.2619,27.53
2023-10-04 21:00:00,0.0,1.365,0.2656,27.27
2023-10-04 22:00:00,0.0,1.327,0.258,26.28
2023-10-04 23:00:00,0.0,1.317,0.2545,24.71
2023-10-05 00:00:00,0.0,1.258,0.2569,24.36
2023-10-05 01:00:00,0.0,1.265,0.256,24.15
2023-10-05 02:00:00,0.0,1.275,0.2509,23.09
2023-10-05 03:00:00,0.0,1.334,0.2502,23.38
2023-10-05 04:00:00,0.0,1.371,0.2507,23.62
2023-10-05 05:00:00,0.0,1.336,0.2454,23.23
2023-10-05 06:00:00,0.0,1.302,0.2434,24.42
2023-10-05 07:00:00,0.0,1.261,0.2445,25.13
2023-10-05 08:00:00,0.0,1.255,0.2396,26.19
2023-10-05 09:00:00,0.0,1.272,0.2357,26.43
2023-10-05 10:00:00,0.0,1.302,0.2359,27.56
2023-10-05 11:00:00,1.15,1.296,0.2353,29.73
2023-10-05 12:00:00,4.55,1.31,0.2538,29.98
2023-10-05 13:00:00,6.61,1.357,0.2807,30.15
2023-10-05 14:00:00,8.38,1.438,0.3048,30.71
2023-10-05 15:00:00,7.45,1.568,0.3351,29.82
2023-10-05 16:00:00,9.86,1.748,0.3731,30.0
2023-10-05 17:00:00,11.21,1.987,0.4123,29.41
2023-10-05 18:00:00,9.32,2.201,0.4501,28.74
2023-10-05 19:00:00,8.74,2.419,0.477,27.79
2023-10-05 20:00:00,6.57,2.583,0.4998,28.27
2023-10-05 21:00:00,4.51,2.751,0.5,26.47
2023-10-05 22:00:00,1.24,2.876,0.5,26.3
2023-10-05 23:00:00,0.0,2.988,0.4959,25.4
2023-10-06 00:00:00,0.0,3.016,0.4907,24.87
2023-10-06 01:00:00,0.0,3.0,0.4878,24.08
2023-10-06 02:00:00,0.0,2.916,0.4857,23.16
2023-10-06 03:00:00,0.0,2.793,0.479,22.55
2023-10-06 04:00:00,0.0,2.656,0.4816,23.76
2023-10-06 05:00:00,0.0,2.545,0.4809,24.33
2023-10-06 06:00:00,0.0,2.414,0.4701,25.58
2023-10-06 07:00:00,0.0,2.333,0.4611,25.67
2023-10-06 08:00:00,0.0,2.238,0.4646,25.83
2023-10-06 09:00:00,0.0,2.134,0.4586,26.93
2023-10-06 10:00:00,0.0,2.043,0.4562,27.18
2023-10-06 11:00:00,0.0,1.947,0.4498,28.77
2023-10-06 12:00:00,0.0,1.906,0.4483,29.37
2023-10-06 13:00:00,0.0,1.824,0.4387,30.94
2023-10-06 14:00:00,0.0,1.788,0.4374,31.52
2023-10-06 15:00:00,0.0,1.747,0.4324,32.31
2023-10-06 16:00:00,0.0,1.685,0.4279,32.59
2023-10-06 17:00:00,0.0,1.69,0.4246,30.77
2023-10-06 18:00:00,0.0,1.666,0.4209,29.72
2023-10-06 19:00:00,0.0,1.664,0.4107,28.99
2023-10-06 20:00:00,0.0,1.665,0.4127,27.87
2023-10-06 21:00:00,0.0,1.653,0.407,28.35
2023-10-06 22:00:00,0.0,1.628,0.4027,24.76
2023-10-06 23:00:00,0.0,1.613,0.4007,25.99
2023-10-07 00:00:00,0.0,1.604,0.3976,23.83
2023-10-07 01:00:00,0.0,1.608,0.3942,23.47
2023-10-07 02:00:00,0.0,1.576,0.386,21.98
2023-10-07 03:00:00,0.0,1.599,0.3887,23.66
2023-10-07 04:00:00,0.0,1.604,0.3848,23.66
2023-10-07 05:00:00,0.0,1.584,0.3837,23.12
2023-10-07 06:00:00,0.0,1.55,0.3794,24.85
2023-10-07 07:00:00,0.0,1.524,0.3828,25.59
2023-10-07 08:00:00,0.0,1.532,0.3727,25.83
2023-10-07 09:00:00,0.0,1.506,0.3656,26.1
2023-10-07 10:00:00,0.0,1.525,0.3665,28.05
2023-10-07 11:00:00,0.0,1.492,0.3618,29.65
2023-10-07 12:00:00,0.0,1.492,0.3602,29.5
2023-10-07 13:00:00,0.0,1.492,0.3545,31.13
2023-10-07 14:00:00,0.0,1.496,0.3541,30.56
2023-10-07 15:00:00,0.0,1.478,0.3485,31.08
2023-10-07 16:00:00,0.0,1.47,0.346,30.62
2023-10-07 17:00:00,0.0,1.475,0.3458,30.67
2023-10-07 18:00:00,0.0,1.469,0.3381,30.37
2023-10-07 19:00:00,0.0,1.441,0.3306,29.94
2023-10-07 20:00:00,0.0,1.429,0.33,28.27
2023-10-07 21:00:00,0.0,1.42,0.3245,26.35
2023-10-07 22:00:00,0.0,1.442,0.324,26.41
2023-10-07 23:00:00,0.0,1.434,0.3126,24.98
2023-10-08 00:00:00,0.0,1.452,0.3232,24.09
2023-10-08 01:00:00,0.0,1.398,0.3139,23.67
2023-10-08 02:00:00,0.0,1.4,0.3181,23.49
2023-10-08 03:00:00,0.0,1.383,0.3118,22.87
2023-10-08 04:00:00,0.0,1.406,0.3106,23.5
2023-10-08 05:00:00,0.0,1.421,0.3139,23.82
2023-10-08 06:00:00,0.0,1.452,0.3057,24.54
2023-10-08 07:00:00,0.0,1.436,0.3012,25.52
2023-10-08 08:00:00,0.0,1.447,0.3002,24.94
2023-10-08 09:00:00,0.0,1.412,0.2953,26.88
2023-10-08 10:00:00,0.0,1.435,0.2988,28.04
2023-10-08 11:00:00,0.0,1.415,0.2951,28.95
2023-10-08 12:00:00,0.0,1.432,0.2897,29.47
2023-10-08 13:00:00,0.0,1.408,0.29,30.22
2023-10-08 14:00:00,0.0,1.409,0.2864,31.2
2023-10-08 15:00:00,0.0,1.368,0.2808,31.31
2023-10-08 16:00:00,0.0,1.352,0.2794,30.96
2023-10-08 17:00:00,0.0,1.312,0.2752,30.04
2023-10-08 18:00:00,0.0,1.312,0.2711,30.34
2023-10-08 19:00:00,0.0,1.328,0.2628,29.47
2023-10-08 20:00:00,0.0,1.341,0.267,28.67
2023-10-08 21:00:00,0.0,1.337,0.2655,26.69
2023-10-08 22:00:00,0.0,1.316,0.2589,27.86
2023-10-08 23:00:00,0.0,1.36,0.2635,25.19
2023-10-09 00:00:00,0.0,1.358,,23.82
2023-10-09 01:00:00,0.0,1.357,0.2582,24.75
2023-10-09 02:00:00,0.0,1.305,0.2559,23.54
2023-10-09 03:00:00,0.0,1.257,0.2529,23.13
2023-10-09 04:00:00,0.0,1.221,0.2496,23.32
2023-10-09 05:00:00,0.0,1.233,0.2473,24.2
2023-10-09 06:00:00,0.0,1.259,0.2424,24.32
2023-10-09 07:00:00,0.0,1.296,0.25,24.16
2023-10-09 08:00:00,,1.281,0.2445,25.98
2023-10-09 09:00:00,0.0,1.272,0.2384,27.48
2023-10-09 10:00:00,0.0,1.285,0.2408,28.04
2023-10-09 11:00:00,0.0,1.293,0.2334,28.53
2023-10-09 12:00:00,0.0,1.255,0.2363,29.84
2023-10-09 13:00:00,0.0,1.272,0.2333,30.92
2023-10-09 14:00:00,0.0,1.258,0.2276,31.53
2023-10-09 15:00:00,0.0,1.279,0.2225,30.47
2023-10-09 16:00:00,0.0,1.236,0.2234,30.3
2023-10-09 17:00:00,0.0,1.256,0.223,30.46
2023-10-09 18:00:00,0.0,1.234,0.2158,29.51
2023-10-09 19:00:00,0.0,1.247,0.2163,28.74
2023-10-09 20:00:00,0.0,1.226,0.2203,27.93
2023-10-09 21:00:00,0.0,1.2,0.2142,27.41
2023-10-09 22:00:00,0.0,1.229,0.2206,25.57
2023-10-09 23:00:00,0.0,1.222,0.2123,24.44
2023-10-10 00:00:00,,1.25,0.2088,23.78
2023-10-10 01:00:00,0.0,1.205,0.2052,22.75
2023-10-10 02:00:00,0.0,1.208,0.203,23.14
2023-10-10 03:00:00,0.0,1.159,0.2054,23.03
2023-10-10 04:00:00,0.0,1.229,0.202,23.62
2023-10-10 05:00:00,0.0,1.241,0.201,22.98
2023-10-10 06:00:00,0.0,1.268,0.201,24.21
2023-10-10 07:00:00,0.0,1.224,0.1967,25.14
2023-10-10 08:00:00,0.0,1.207,0.1998,25.16
2023-10-10 09:00:00,0.0,1.19,0.1963,27.08
2023-10-10 10:00:00,0.0,1.162,0.1919,28.14
2023-10-10 11:00:00,0.0,1.161,0.1925,28.91
2023-10-10 12:00:00,0.0,1.108,0.1831,29.16
2023-10-10 13:00:00,0.0,1.155,0.1892,30.4
2023-10-10 14:00:00,0.0,1.18,0.1873,29.86
2023-10-10 15:00:00,0.0,1.202,0.178,31.14
2023-10-10 16:00:00,0.0,1.201,0.1767,31.21
2023-10-10 17:00:00,0.0,1.17,0.1795,30.33
2023-10-10 18:00:00,0.0,1.159,0.1767,30.44
2023-10-10 19:00:00,0.0,1.139,0.1767,28.63
2023-10-10 20:00:00,0.0,1.153,0.1755,27.65
2023-10-10 21:00:00,0.0,1.154,0.1784,26.83
2023-10-10 22:00:00,0.0,1.142,0.1712,27.07
2023-10-10 23:00:00,0.0,1.141,0.1727,24.83
2023-10-11 00:00:00,0.0,1.109,0.1681,25.17
2023-10-11 01:00:00,0.0,1.101,0.1694,23.44
2023-10-11 02:00:00,0.0,1.085,0.1658,22.66
2023-10-11 03:00:00,0.0,1.105,0.1619,23.9
2023-10-11 04:00:00,0.0,1.101,0.1628,23.15
2023-10-11 05:00:00,0.0,1.116,0.1645,23.31
2023-10-11 06:00:00,0.0,1.088,0.1586,24.52
2023-10-11 07:00:00,0.0,1.121,0.161,25.55
2023-10-11 08:00:00,0.0,1.11,0.1604,25.6
2023-10-11 09:00:00,0.0,1.154,0.159,27.37
2023-10-11 10:00:00,0.0,1.125,0.1588,27.84
2023-10-11 11:00:00,0.0,1.149,0.1612,28.43
2023-10-11 11:00:00,0.0,1.149,0.1612,28.43
2023-10-11 12:00:00,0.0,1.114,0.1498,29.4
2023-10-11 13:00:00,0.0,1.097,0.1509,29.8
2023-10-11 14:00:00,0.0,1.077,0.1503,30.83
2023-10-11 15:00:00,0.0,1.104,0.1474,30.97
2023-10-11 16:00:00,0.0,1.155,0.1509,31.36
2023-10-11 17:00:00,0.18,1.138,0.1503,30.8
2023-10-11 18:00:00,0.5,1.096,0.1539,29.5
2023-10-11 19:00:00,0.65,1.085,0.1479,28.76
2023-10-11 20:00:00,0.98,1.11,0.1475,27.53
2023-10-11 21:00:00,1.45,1.112,0.1547,26.83
2023-10-11 22:00:00,1.25,1.078,0.1562,25.65
2023-10-11 23:00:00,1.31,1.112,0.1656,24.82
2023-10-12 00:00:00,1.54,1.153,0.1702,24.62
2023-10-12 01:00:00,1.4,1.221,0.1746,24.02
2023-10-12 02:00:00,1.49,1.244,0.1833,22.55
2023-10-12 03:00:00,1.65,1.246,0.1824,23.09
2023-10-12 04:00:00,1.76,,0.1861,23.16
2023-10-12 05:00:00,1.27,1.258,0.1917,23.0
2023-10-12 06:00:00,1.41,1.291,0.1931,24.61
2023-10-12 07:00:00,1.2,1.296,0.1972,24.01
2023-10-12 08:00:00,0.73,1.293,0.2006,26.3
2023-10-12 09:00:00,0.54,1.295,0.2024,26.76
2023-10-12 10:00:00,0.16,1.287,0.1973,27.35
2023-10-12 11:00:00,0.0,1.32,0.1939,28.78
2023-10-12 12:00:00,0.0,1.321,0.198,30.64
2023-10-12 13:00:00,0.0,1.317,0.1911,31.59
2023-10-12 14:00:00,0.0,1.286,0.1923,30.35
2023-10-12 15:00:00,1.25,1.293,0.1982,30.73
2023-10-12 16:00:00,4.54,1.319,,30.19
2023-10-12 17:00:00,8.14,1.388,0.2433,29.51
2023-10-12 18:00:00,11.79,1.472,0.2896,29.33
2023-10-12 19:00:00,14.29,1.616,0.3417,27.25
2023-10-12 20:00:00,12.12,1.837,0.3832,26.3
2023-10-12 21:00:00,13.4,2.147,0.4443,25.31
2023-10-12 22:00:00,15.42,2.446,0.4966,24.2
2023-10-12 23:00:00,16.77,2.644,0.5,23.58
2023-10-13 00:00:00,21.62,2.936,0.5,22.05
2023-10-13 01:00:00,19.95,3.261,0.4949,21.69
2023-10-13 02:00:00,21.65,3.608,0.4974,21.48
2023-10-13 03:00:00,16.91,3.997,0.5,20.99
2023-10-13 04:00:00,15.55,4.344,0.4942,21.37
2023-10-13 05:00:00,13.12,4.7,0.4996,22.29
2023-10-13 06:00:00,11.98,4.947,0.5,22.49
2023-10-13 07:00:00,11.03,5.123,0.4989,23.74
2023-10-13 08:00:00,7.81,5.233,0.5,25.53
2023-10-13 09:00:00,4.93,5.205,0.4954,26.39
2023-10-13 10:00:00,1.68,5.159,0.4978,28.32
2023-10-13 11:00:00,0.0,5.002,0.4963,28.36
2023-10-13 12:00:00,0.0,4.809,0.4916,29.82
2023-10-13 13:00:00,0.0,4.544,0.4857,30.57
2023-10-13 14:00:00,0.0,4.225,0.4812,30.84
2023-10-13 15:00:00,0.0,3.918,0.4735,30.68
2023-10-13 16:00:00,0.0,3.62,0.4697,29.95
2023-10-13 17:00:00,0.0,3.329,0.4627,30.84
2023-10-13 18:00:00,0.0,3.054,0.4626,28.94
2023-10-13 19:00:00,0.0,2.764,0.452,28.15
2023-10-13 20:00:00,0.0,2.598,0.4488,28.15
2023-10-13 21:00:00,0.0,2.435,0.4516,26.63
2023-10-13 22:00:00,0.0,2.319,0.4434,25.86
2023-10-13 23:00:00,0.0,2.18,0.449,24.18
2023-10-14 00:00:00,0.0,2.068,0.437,24.09
2023-10-14 01:00:00,0.0,1.948,0.4337,23.72
2023-10-14 02:00:00,0.0,1.91,0.4361,22.12
2023-10-14 03:00:00,0.0,1.84,0.432,22.89
2023-10-14 04:00:00,0.0,1.81,0.4253,23.36
2023-10-14 05:00:00,0.0,1.776,0.4226,22.64
2023-10-14 06:00:00,0.0,1.774,0.4227,24.01
2023-10-14 07:00:00,0.0,1.728,0.417,24.79
2023-10-14 08:00:00,0.0,1.682,0.4119,25.91
2023-10-14 09:00:00,0.0,1.654,0.4088,26.63
2023-10-14 10:00:00,0.0,1.65,0.4116,27.07
2023-10-14 11:00:00,0.0,1.632,0.4009,28.57
2023-10-14 12:00:00,0.0,1.613,0.397,29.32
2023-10-14 13:00:00,0.0,1.591,0.3938,30.2
2023-10-14 14:00:00,0.0,1.614,0.39,31.23
2023-10-14 15:00:00,0.0,1.611,0.3837,30.02
2023-10-14 16:00:00,0.0,1.633,0.3867,31.11
2023-10-14 17:00:00,0.0,1.586,0.3768,31.12
2023-10-14 18:00:00,0.0,1.566,0.3756,30.45
2023-10-14 19:00:00,0.98,1.558,0.3792,29.57
2023-10-14 20:00:00,3.45,1.573,0.3837,27.55
2023-10-14 21:00:00,5.57,1.62,0.4049,26.25
2023-10-14 22:00:00,7.81,1.739,0.4282,24.05
2023-10-14 23:00:00,9.98,1.9,0.4663,23.66
2023-10-15 00:00:00,9.6,2.09,0.5,23.49
2023-10-15 01:00:00,13.81,2.228,0.4988,21.16
2023-10-15 02:00:00,11.99,2.379,0.5,21.22
2023-10-15 03:00:00,13.05,2.607,0.4985,21.47
2023-10-15 04:00:00,11.13,2.815,0.4993,20.91
2023-10-15 05:00:00,11.44,3.092,0.4982,23.02
2023-10-15 06:00:00,11.14,3.314,0.5,23.07
2023-10-15 07:00:00,6.6,3.568,0.4995,24.23
2023-10-15 08:00:00,5.55,3.733,0.4981,25.53
2023-10-15 09:00:00,3.78,3.847,0.4974,26.17
2023-10-15 10:00:00,1.35,3.869,0.4968,27.76
2023-10-15 11:00:00,0.0,3.809,0.4975,28.23
2023-10-15 12:00:00,0.0,3.73,0.4905,28.39
2023-10-15 13:00:00,0.0,3.629,0.4947,30.16
2023-10-15 14:00:00,0.0,3.475,0.4791,31.37
2023-10-15 15:00:00,0.0,3.247,0.4709,31.55
2023-10-15 16:00:00,0.0,3.016,0.4701,30.49
2023-10-15 17:00:00,0.0,2.796,0.4728,30.04
2023-10-15 18:00:00,0.0,2.606,0.4627,28.77
2023-10-15 19:00:00,0.0,2.417,0.4569,29.25
2023-10-15 20:00:00,0.0,2.263,0.4513,27.96
2023-10-15 21:00:00,0.0,2.163,0.448,26.62
2023-10-15 22:00:00,0.0,2.132,0.449,24.69
2023-10-15 23:00:00,0.0,2.055,0.4396,23.82
2023-10-16 00:00:00,0.0,1.977,0.4388,23.9
2023-10-16 01:00:00,0.0,1.881,0.4361,22.43
2023-10-16 02:00:00,0.0,1.858,0.4326,23.07
2023-10-16 03:00:00,0.0,1.809,0.4285,22.96
2023-10-16 04:00:00,0.0,1.786,0.4221,22.14
2023-10-16 05:00:00,0.0,1.716,0.424,23.23
2023-10-16 06:00:00,0.0,1.683,0.4194,23.37
2023-10-16 07:00:00,0.0,1.651,0.4206,25.14
2023-10-16 08:00:00,0.0,1.677,0.4127,27.28
2023-10-16 09:00:00,0.0,1.654,0.4094,26.61
2023-10-16 10:00:00,0.0,1.646,0.4062,28.44
2023-10-16 11:00:00,0.0,1.58,0.4032,29.18
2023-10-16 12:00:00,0.0,1.566,0.3925,29.45
2023-10-16 13:00:00,0.0,1.573,0.3948,30.4
2023-10-16 14:00:00,0.0,1.577,0.3848,29.9
2023-10-16 15:00:00,0.0,1.594,0.3848,30.73
2023-10-16 16:00:00,0.0,1.589,0.3839,30.38
2023-10-16 17:00:00,0.0,1.583,0.3843,30.81
2023-10-16 18:00:00,0.0,1.522,0.3714,29.18
2023-10-16 19:00:00,0.0,1.528,0.3684,28.14
2023-10-16 20:00:00,0.0,1.499,0.3626,27.19
2023-10-16 21:00:00,,1.5,0.3622,27.09
2023-10-16 22:00:00,0.0,1.497,0.3683,25.54
2023-10-16 23:00:00,0.0,1.488,0.3539,23.82
2023-10-17 00:00:00,0.0,1.483,0.3466,24.29
2023-10-17 01:00:00,0.0,1.523,0.3561,22.39
2023-10-17 02:00:00,0.0,1.52,0.3535,22.48
2023-10-17 03:00:00,0.0,1.495,0.3486,22.51
2023-10-17 04:00:00,0.0,1.498,0.3465,22.2
2023-10-17 05:00:00,0.0,1.497,0.3461,22.3
2023-10-17 06:00:00,0.0,1.515,0.3435,24.19
2023-10-17 07:00:00,0.0,1.498,0.3353,24.94
2023-10-17 08:00:00,0.0,1.483,0.3318,25.61
2023-10-17 09:00:00,0.0,1.502,0.3296,26.8
2023-10-17 10:00:00,0.0,1.502,0.3274,26.8
2023-10-17 11:00:00,0.0,1.505,0.3288,28.87
2023-10-17 12:00:00,0.0,1.461,0.3265,29.65
2023-10-17 13:00:00,2.06,1.445,0.3273,30.09
2023-10-17 14:00:00,8.5,1.552,0.36,29.85
2023-10-17 15:00:00,10.49,1.679,0.3972,30.06
2023-10-17 16:00:00,16.19,1.859,0.4559,28.8
2023-10-17 17:00:00,21.2,2.071,0.4974,28.11
2023-10-17 18:00:00,23.26,2.313,0.5,26.77
2023-10-17 19:00:00,29.96,2.659,0.5,26.96
2023-10-17 20:00:00,28.58,3.086,0.5,25.31
2023-10-17 21:00:00,32.75,3.616,0.4994,24.32
2023-10-17 22:00:00,28.22,4.196,0.5,23.37
2023-10-17 23:00:00,33.16,4.781,0.5,22.08
2023-10-18 00:00:00,34.79,5.338,0.4955,21.68
2023-10-18 01:00:00,37.25,5.955,0.4964,21.51
2023-10-18 02:00:00,26.77,6.542,0.4957,20.14
2023-10-18 03:00:00,26.32,7.097,0.5,20.55
2023-10-18 04:00:00,22.56,7.521,0.4992,21.03
2023-10-18 05:00:00,18.28,7.856,0.5,20.03
2023-10-18 06:00:00,16.25,8.076,0.5,23.04
2023-10-18 07:00:00,14.47,8.108,0.5,22.88
2023-10-18 08:00:00,7.19,8.026,0.4981,24.34
2023-10-18 09:00:00,2.31,7.785,0.4967,26.37
2023-10-18 10:00:00,0.0,7.454,0.4948,27.26
2023-10-18 11:00:00,0.0,7.081,0.4933,28.53
2023-10-18 12:00:00,0.0,6.571,0.4811,29.02
2023-10-18 13:00:00,0.0,6.036,0.4797,30.59
2023-10-18 14:00:00,0.0,5.441,0.4702,31.77
2023-10-18 15:00:00,0.0,4.929,0.4739,30.92
2023-10-18 16:00:00,0.0,4.429,0.4613,30.53
2023-10-18 17:00:00,0.0,4.003,0.4569,29.75
2023-10-18 18:00:00,0.0,3.63,0.4596,29.92
2023-10-18 19:00:00,0.0,3.299,0.4509,28.18
2023-10-18 20:00:00,0.0,3.011,0.4433,27.76
2023-10-18 21:00:00,0.0,2.757,0.4465,26.3
2023-10-18 22:00:00,0.0,2.535,0.4417,24.9
2023-10-18 23:00:00,0.0,2.312,0.4437,24.46
2023-10-19 00:00:00,0.0,2.19,0.4311,23.19
2023-10-19 01:00:00,0.0,2.068,0.4285,23.79
2023-10-19 02:00:00,0.0,1.947,0.4262,22.27
2023-10-19 03:00:00,0.0,1.834,0.4284,22.45
2023-10-19 04:00:00,0.0,1.783,0.4166,22.32
2023-10-19 05:00:00,0.0,1.763,0.4185,22.43
2023-10-19 06:00:00,0.0,1.746,0.4171,24.03
2023-10-19 07:00:00,0.0,1.702,0.4167,24.46
2023-10-19 08:00:00,0.0,1.701,0.4069,26.65
2023-10-19 09:00:00,0.0,1.729,0.4067,27.04
2023-10-19 10:00:00,0.0,1.693,0.4003,27.58
2023-10-19 11:00:00,0.0,1.647,0.3947,28.7
2023-10-19 12:00:00,0.0,1.581,0.3942,29.29
2023-10-19 13:00:00,0.0,1.587,0.3898,29.46
2023-10-19 14:00:00,0.0,1.555,0.3883,29.66
2023-10-19 15:00:00,0.0,1.571,0.3888,29.98
2023-10-19 16:00:00,0.0,1.559,0.3803,31.04
2023-10-19 17:00:00,0.0,1.589,0.3751,30.1
2023-10-19 18:00:00,0.0,1.602,0.3731,29.61
2023-10-19 19:00:00,0.0,1.523,0.3657,28.91
2023-10-19 20:00:00,0.0,1.544,0.3669,27.45
2023-10-19 21:00:00,0.0,1.51,0.3595,26.21
2023-10-19 22:00:00,0.82,1.542,0.3626,26.4
2023-10-19 23:00:00,2.48,1.525,0.3681,24.53
2023-10-20 00:00:00,3.36,1.582,0.3788,22.46
2023-10-20 01:00:00,6.79,1.661,0.409,21.44
2023-10-20 02:00:00,9.83,1.763,0.4381,21.99
2023-10-20 03:00:00,14.36,1.966,0.497,20.58
2023-10-20 04:00:00,19.57,2.137,0.4986,20.57
2023-10-20 05:00:00,19.5,2.392,0.5,19.95
2023-10-20 06:00:00,27.21,2.652,0.4959,21.4
2023-10-20 07:00:00,23.08,3.03,0.4988,22.92
2023-10-20 08:00:00,34.41,3.505,0.4971,23.16
2023-10-20 09:00:00,31.3,4.05,0.5,23.88
2023-10-20 10:00:00,33.06,4.635,0.5,25.37
2023-10-20 11:00:00,28.18,5.189,0.4977,26.48
2023-10-20 12:00:00,24.25,5.754,0.4964,
2023-10-20 13:00:00,24.83,6.257,0.4985,27.14
2023-10-20 14:00:00,24.06,6.694,0.5,28.52
2023-10-20 15:00:00,27.44,7.016,0.5,28.17
2023-10-20 16:00:00,25.59,7.279,0.4987,28.41
2023-10-20 17:00:00,32.49,7.486,0.5,27.44
2023-10-20 18:00:00,31.67,7.699,0.5,27.91
2023-10-20 19:00:00,29.22,7.901,0.4974,26.82
2023-10-20 20:00:00,33.72,8.05,0.4937,25.32
2023-10-20 21:00:00,31.27,8.209,0.5,24.61
2023-10-20 22:00:00,35.99,8.33,0.4991,24.24
2023-10-20 23:00:00,34.34,8.517,0.4928,23.05
2023-10-21 00:00:00,34.6,8.733,0.5,22.34
2023-10-21 01:00:00,28.99,8.937,0.4949,21.25
2023-10-21 02:00:00,35.74,9.119,0.5,20.28
2023-10-21 03:00:00,35.46,9.234,0.5,20.7
2023-10-21 04:00:00,26.52,9.366,0.4993,21.4
2023-10-21 05:00:00,26.03,9.42,0.4967,21.25
2023-10-21 06:00:00,39.17,9.475,0.5,21.17
2023-10-21 07:00:00,45.18,9.488,0.5,22.44
2023-10-21 08:00:00,40.65,9.591,0.4997,23.75
2023-10-21 09:00:00,31.83,9.724,0.4989,24.5
2023-10-21 10:00:00,30.48,9.902,0.4977,25.83
2023-10-21 11:00:00,22.52,9.982,0.4989,26.1
2023-10-21 12:00:00,30.32,10.037,0.4995,27.13
2023-10-21 13:00:00,21.68,9.933,0.4985,28.04
2023-10-21 14:00:00,22.95,9.855,0.4971,28.47
2023-10-21 15:00:00,23.88,9.705,0.5,28.09
2023-10-21 16:00:00,23.66,9.541,0.4993,27.05
2023-10-21 17:00:00,23.81,9.336,0.4984,26.43
2023-10-21 18:00:00,18.37,9.076,0.5,27.38
2023-10-21 19:00:00,15.22,8.848,0.5,26.98
2023-10-21 20:00:00,13.26,8.555,0.4998,26.02
2023-10-21 21:00:00,14.89,8.296,0.4966,24.94
2023-10-21 22:00:00,10.42,7.969,0.5,25.13
2023-10-21 23:00:00,11.1,7.63,0.5,23.05
2023-10-22 00:00:00,8.44,7.276,0.5,22.87
2023-10-22 01:00:00,6.49,6.91,0.5,23.09
2023-10-22 02:00:00,4.35,6.545,0.5,21.54
2023-10-22 03:00:00,3.36,6.149,0.4968,22.91
2023-10-22 04:00:00,1.05,5.793,0.5,22.88
2023-10-22 05:00:00,0.0,5.396,0.4978,22.74
2023-10-22 06:00:00,0.0,4.981,0.4953,22.26
2023-10-22 07:00:00,0.0,4.602,0.4909,25.05
2023-10-22 08:00:00,0.0,4.202,0.4846,26.21
2023-10-22 09:00:00,0.0,3.834,,26.01
2023-10-22 10:00:00,0.0,3.47,0.4757,28.31
2023-10-22 11:00:00,0.0,3.202,0.4692,27.51
2023-10-22 12:00:00,0.0,2.916,0.4629,29.33
2023-10-22 13:00:00,0.0,2.704,0.4691,29.73
2023-10-22 14:00:00,0.0,2.481,0.4607,29.55
2023-10-22 15:00:00,0.0,2.323,0.454,30.23
2023-10-22 16:00:00,0.0,2.204,0.4493,30.21
2023-10-22 17:00:00,0.0,2.111,0.4466,29.23
2023-10-22 18:00:00,0.0,2.031,0.44,29.53
2023-10-22 19:00:00,0.0,1.915,0.4345,28.02
2023-10-22 20:00:00,0.0,1.846,0.4365,27.22
2023-10-22 21:00:00,0.0,1.77,0.4259,27.08
2023-10-22 22:00:00,0.0,1.751,0.4287,25.0
2023-10-22 23:00:00,0.0,1.701,0.4221,23.23
2023-10-23 00:00:00,0.0,1.708,0.4197,23.35
2023-10-23 01:00:00,0.0,1.714,0.4149,22.9
2023-10-23 02:00:00,0.0,1.685,0.4096,22.32
2023-10-23 03:00:00,0.0,1.653,0.4079,22.74
2023-10-23 04:00:00,0.0,1.641,0.4082,22.65
2023-10-23 05:00:00,0.0,1.63,0.4018,22.55
2023-10-23 06:00:00,0.0,1.616,0.3988,23.83
2023-10-23 07:00:00,0.0,1.598,0.4004,24.54
2023-10-23 08:00:00,0.0,1.57,0.3962,25.49
2023-10-23 09:00:00,0.0,1.535,0.3877,26.23
2023-10-23 10:00:00,0.0,1.531,0.3916,27.49
2023-10-23 11:00:00,0.0,1.543,0.3882,28.36
2023-10-23 12:00:00,0.0,1.542,0.38,28.99
2023-10-23 13:00:00,0.0,1.551,0.3718,30.01
2023-10-23 14:00:00,0.0,1.562,0.3689,30.45
2023-10-23 15:00:00,0.0,1.555,0.3676,30.59
2023-10-23 16:00:00,0.0,1.532,0.3691,30.48
2023-10-23 17:00:00,0.0,1.499,0.3625,28.65
2023-10-23 18:00:00,0.0,1.498,0.3548,29.59
2023-10-23 19:00:00,0.0,1.555,0.3596,27.83
2023-10-23 20:00:00,0.0,1.552,0.3518,27.9
2023-10-23 21:00:00,0.0,1.537,0.3515,25.63
2023-10-23 22:00:00,0.0,1.531,0.3452,26.06
2023-10-23 23:00:00,0.0,1.509,0.3379,23.22
2023-10-24 00:00:00,0.0,1.502,0.3358,23.59
2023-10-24 01:00:00,0.0,1.457,0.3361,22.61
2023-10-24 02:00:00,0.0,1.431,0.3372,22.63
2023-10-24 03:00:00,0.0,1.414,0.3351,23.12
2023-10-24 04:00:00,0.0,1.435,0.3371,22.51
2023-10-24 05:00:00,0.0,1.428,0.329,23.26
2023-10-24 06:00:00,0.0,1.441,0.3263,
2023-10-24 07:00:00,0.0,1.403,0.3212,23.95
2023-10-24 08:00:00,0.0,1.425,0.3242,25.4
2023-10-24 09:00:00,0.0,1.411,0.323,26.94
2023-10-24 10:00:00,0.0,1.399,0.3139,27.47
2023-10-24 11:00:00,0.0,1.407,0.3125,27.97
2023-10-24 12:00:00,0.0,1.405,0.3109,29.34
2023-10-24 13:00:00,0.0,1.408,0.3043,29.78
2023-10-24 14:00:00,0.0,1.42,0.2983,30.38
2023-10-24 15:00:00,0.0,1.414,0.301,29.99
2023-10-24 16:00:00,0.0,1.417,0.2993,30.24
2023-10-24 17:00:00,0.0,1.365,0.2918,29.65
2023-10-24 18:00:00,0.0,1.379,0.2918,28.84
2023-10-24 19:00:00,0.0,1.394,0.2952,28.91
2023-10-24 20:00:00,0.0,1.412,0.2898,27.04
2023-10-24 21:00:00,0.0,1.396,0.2856,25.88
2023-10-24 22:00:00,0.0,1.384,0.2802,24.63
2023-10-24 23:00:00,0.0,1.375,0.2816,24.23
2023-10-25 00:00:00,0.0,1.367,0.2727,23.3
2023-10-25 01:00:00,0.0,1.362,0.2753,23.11
2023-10-25 02:00:00,0.0,1.351,0.2722,21.73
2023-10-25 03:00:00,0.0,1.338,0.2742,21.37
2023-10-25 04:00:00,0.0,1.31,0.2637,21.42
2023-10-25 05:00:00,0.0,1.359,0.2758,22.97
2023-10-25 06:00:00,0.0,1.341,0.2649,23.9
2023-10-25 07:00:00,0.0,1.405,0.269,24.69
2023-10-25 08:00:00,0.0,1.36,0.2642,24.92
2023-10-25 09:00:00,0.0,1.378,0.2608,26.27
2023-10-25 10:00:00,0.0,1.294,0.2583,26.12
2023-10-25 11:00:00,0.0,1.308,0.2554,29.02
2023-10-25 12:00:00,0.0,1.257,0.2512,29.62
2023-10-25 13:00:00,0.0,1.297,0.2513,30.13
2023-10-25 14:00:00,0.0,1.282,0.247,29.62
2023-10-25 15:00:00,0.0,1.326,0.2468,30.03
2023-10-25 16:00:00,0.0,1.285,0.2439,29.98
2023-10-25 17:00:00,0.3,1.28,0.2402,30.49
2023-10-25 18:00:00,0.85,1.276,0.241,29.45
2023-10-25 19:00:00,1.3,1.319,0.2462,27.99
2023-10-25 20:00:00,2.09,1.321,0.2529,27.33
2023-10-25 21:00:00,2.43,1.334,0.2578,25.51
2023-10-25 22:00:00,2.94,1.351,0.266,24.19
2023-10-25 23:00:00,2.85,,0.2792,23.89
2023-10-26 00:00:00,3.29,1.445,0.2907,22.43
2023-10-26 01:00:00,2.56,1.529,0.2983,21.59
2023-10-26 02:00:00,2.86,1.572,0.3071,22.03
2023-10-26 03:00:00,2.22,1.665,0.3165,21.81
2023-10-26 04:00:00,1.62,1.654,0.3156,21.63
2023-10-26 05:00:00,1.45,1.672,0.3196,22.35
2023-10-26 06:00:00,0.79,1.699,0.3212,23.44
2023-10-26 07:00:00,0.25,1.74,0.3211,24.02
2023-10-26 08:00:00,0.41,1.777,0.3186,25.15
2023-10-26 09:00:00,1.45,1.768,0.3218,25.93
2023-10-26 10:00:00,2.04,1.783,0.3315,27.86
2023-10-26 11:00:00,2.33,1.769,0.3348,28.59
2023-10-26 12:00:00,1.43,1.751,0.3399,28.9
2023-10-26 13:00:00,1.05,1.767,0.3385,29.11
2023-10-26 14:00:00,0.39,1.739,0.3346,29.7
2023-10-26 15:00:00,0.0,1.769,0.3367,29.51
2023-10-26 16:00:00,0.0,1.713,0.3289,29.62
2023-10-26 17:00:00,0.0,1.727,0.3278,29.96
2023-10-26 18:00:00,0.0,1.689,0.3259,28.69
2023-10-26 19:00:00,0.0,1.652,0.3202,28.07
2023-10-26 20:00:00,0.0,1.595,0.317,27.79
2023-10-26 21:00:00,0.0,1.575,0.3127,26.44
2023-10-26 22:00:00,0.0,1.526,0.3128,25.16
2023-10-26 23:00:00,1.29,,0.313,23.97
2023-10-27 00:00:00,3.52,1.58,0.3263,22.83
2023-10-27 01:00:00,5.47,1.657,0.3456,22.56
2023-10-27 02:00:00,6.79,1.67,0.3699,21.72
2023-10-27 03:00:00,9.22,1.744,0.4068,21.06
2023-10-27 04:00:00,9.01,1.897,0.443,20.71
2023-10-27 05:00:00,7.52,2.084,0.4689,22.14
2023-10-27 06:00:00,7.22,2.248,0.4863,22.73
2023-10-27 07:00:00,4.72,2.413,0.5,22.85
2023-10-27 08:00:00,2.9,2.565,0.5,24.71
2023-10-27 09:00:00,1.04,2.692,0.5,26.17
2023-10-27 10:00:00,0.0,2.726,0.4945,27.01
2023-10-27 11:00:00,0.0,2.782,0.4946,29.02
2023-10-27 12:00:00,0.0,2.733,0.4858,29.7
2023-10-27 13:00:00,0.0,2.689,0.4847,28.94
2023-10-27 14:00:00,0.0,2.57,0.4759,29.85
2023-10-27 15:00:00,0.0,2.484,0.4728,30.59
2023-10-27 16:00:00,0.0,2.373,0.465,29.93
2023-10-27 17:00:00,0.0,2.29,0.4652,29.94
2023-10-27 18:00:00,0.0,2.199,0.4577,28.61
2023-10-27 19:00:00,0.0,2.128,0.4541,27.32
2023-10-27 20:00:00,0.0,2.034,0.4525,27.49
2023-10-27 21:00:00,0.0,1.936,0.4473,25.94
2023-10-27 22:00:00,0.0,1.889,0.4416,26.36
2023-10-27 23:00:00,0.0,1.828,0.4345,24.58
2023-10-28 00:00:00,0.0,1.794,0.4352,22.7
2023-10-28 01:00:00,0.0,1.732,0.4313,22.93
2023-10-28 02:00:00,0.0,1.717,0.4295,22.16
2023-10-28 03:00:00,0.0,1.69,0.4258,22.32
2023-10-28 04:00:00,0.0,1.677,0.4274,21.84
2023-10-28 05:00:00,0.0,1.655,0.4222,22.75
2023-10-28 06:00:00,0.0,1.636,0.4164,23.76
2023-10-28 07:00:00,0.0,1.655,0.4163,24.47
2023-10-28 08:00:00,0.0,1.625,0.4151,25.57
2023-10-28 09:00:00,0.0,1.633,0.4051,27.62
2023-10-28 10:00:00,0.0,1.609,0.4028,26.86
2023-10-28 11:00:00,0.0,1.66,0.3976,28.96
2023-10-28 12:00:00,0.0,1.646,0.3969,29.04
2023-10-28 13:00:00,0.0,1.622,0.3982,29.33
2023-10-28 14:00:00,0.0,1.544,0.3916,29.92
2023-10-28 15:00:00,0.0,1.519,0.3831,30.51
2023-10-28 16:00:00,0.0,1.499,0.3822,29.74
2023-10-28 17:00:00,0.0,1.493,0.3804,28.54
2023-10-28 18:00:00,0.0,1.484,,29.31
2023-10-28 19:00:00,0.0,1.558,0.3666,28.17
2023-10-28 20:00:00,0.0,1.584,0.3691,26.84
2023-10-28 21:00:00,0.0,1.535,0.3589,25.43
2023-10-28 22:00:00,0.0,1.519,0.3606,25.23
2023-10-28 23:00:00,0.0,1.541,0.3597,24.71
2023-10-29 00:00:00,0.0,1.544,0.356,22.74
2023-10-29 01:00:00,0.0,1.529,0.3522,22.69
2023-10-29 02:00:00,0.0,1.533,0.3541,23.25
2023-10-29 03:00:00,0.0,1.538,0.35,22.49
2023-10-29 04:00:00,0.0,1.519,0.3517,22.15
2023-10-29 05:00:00,0.0,1.464,0.3393,22.5
2023-10-29 06:00:00,0.0,1.437,0.3387,22.95
2023-10-29 07:00:00,0.0,1.433,0.3374,24.05
2023-10-29 08:00:00,0.0,1.455,0.3389,24.77
2023-10-29 09:00:00,0.0,1.462,0.3344,25.88
2023-10-29 10:00:00,0.0,1.437,0.328,26.99
2023-10-29 11:00:00,0.0,1.423,0.3234,27.22
2023-10-29 12:00:00,0.0,1.439,0.32,28.78
2023-10-29 13:00:00,0.0,1.471,0.3251,30.84
2023-10-29 14:00:00,0.0,1.447,0.3167,29.2
2023-10-29 15:00:00,0.0,1.448,0.3141,30.8
2023-10-29 16:00:00,0.0,1.457,0.3073,30.42
2023-10-29 17:00:00,0.0,1.468,0.3073,29.82
2023-10-29 18:00:00,0.0,1.456,0.3018,28.6
2023-10-29 19:00:00,0.0,1.456,0.3019,28.5
2023-10-29 20:00:00,0.0,1.437,0.2977,28.0
2023-10-29 21:00:00,0.0,1.412,0.294,26.59
2023-10-29 22:00:00,0.0,1.401,0.2973,25.14
2023-10-29 23:00:00,0.0,1.432,0.2953,24.07
2023-10-30 00:00:00,0.0,1.424,0.2909,22.86
2023-10-30 01:00:00,0.0,1.41,0.282,22.6
2023-10-30 02:00:00,0.0,1.409,0.2822,22.42
2023-10-30 03:00:00,0.0,1.401,0.2804,22.03
2023-10-30 04:00:00,0.0,1.403,0.2871,22.11
2023-10-30 05:00:00,0.0,1.327,0.2827,22.52
2023-10-30 06:00:00,0.0,1.314,0.2815,24.1
2023-10-30 07:00:00,0.0,1.306,0.273,24.1
2023-10-30 08:00:00,4.81,1.388,0.2877,24.61
2023-10-30 09:00:00,11.93,1.511,0.3409,23.62
2023-10-30 10:00:00,9.34,1.59,0.3655,26.6
2023-10-30 11:00:00,3.66,1.71,0.3838,27.94
2023-10-30 12:00:00,0.0,1.792,0.3817,29.11
2023-10-30 13:00:00,0.0,1.911,0.3727,29.78
2023-10-30 14:00:00,0.0,2.005,0.3769,29.4
2023-10-30 15:00:00,0.0,2.02,0.3679,29.87
2023-10-30 16:00:00,0.0,1.983,0.3659,30.76
2023-10-30 17:00:00,0.0,1.939,0.363,28.78
2023-10-30 18:00:00,0.0,1.955,0.3587,28.17
2023-10-30 19:00:00,0.0,1.915,0.3532,27.28
2023-10-30 20:00:00,0.0,1.862,0.3493,26.96
2023-10-30 21:00:00,0.0,1.793,0.3499,26.81
2023-10-30 22:00:00,0.0,1.721,0.3478,25.12
2023-10-30 23:00:00,0.0,1.666,0.3461,24.56
2023-10-31 00:00:00,0.0,1.603,0.3404,22.14
2023-10-31 01:00:00,0.0,1.6,0.3388,22.08
2023-10-31 02:00:00,0.0,1.558,0.3336,21.76
2023-10-31 03:00:00,0.0,1.557,0.3369,22.77
2023-10-31 04:00:00,0.0,1.518,0.329,22.17
2023-10-31 05:00:00,0.0,1.519,0.331,22.48
2023-10-31 06:00:00,0.0,1.523,,23.24
2023-10-31 07:00:00,0.0,1.515,0.3274,23.85
2023-10-31 08:00:00,0.0,1.483,0.3176,25.93
2023-10-31 09:00:00,0.0,1.461,0.3142,26.94
2023-10-31 10:00:00,0.0,1.439,0.3132,27.56
2023-10-31 11:00:00,0.0,1.414,0.3098,28.47
2023-10-31 12:00:00,0.0,1.434,0.3164,28.54
2023-10-31 13:00:00,0.0,1.413,0.3081,29.67
2023-10-31 14:00:00,0.0,1.397,0.3003,28.83
2023-10-31 15:00:00,0.0,1.398,0.2981,29.75
2023-10-31 16:00:00,0.0,1.432,0.3029,29.05
2023-10-31 17:00:00,0.0,1.438,0.2991,29.68
2023-10-31 18:00:00,0.0,1.405,0.2884,28.74
2023-10-31 19:00:00,0.0,1.39,0.292,28.35
2023-10-31 20:00:00,0.0,1.389,0.2862,27.33
2023-10-31 21:00:00,0.0,1.37,0.284,26.53
2023-10-31 22:00:00,0.0,1.36,0.2783,24.55
2023-10-31 23:00:00,0.0,1.358,0.2792,23.07
2023-11-01 00:00:00,0.0,1.33,0.2751,24.06
2023-11-01 01:00:00,0.0,1.337,0.2801,22.18
2023-11-01 02:00:00,0.0,1.281,0.2715,22.03
2023-11-01 03:00:00,0.0,1.303,0.276,22.46
2023-11-01 04:00:00,0.0,1.304,0.2695,21.91
2023-11-01 05:00:00,0.0,1.301,0.2631,21.88
2023-11-01 06:00:00,0.0,1.316,0.2648,24.15
2023-11-01 07:00:00,0.0,1.268,0.261,23.64
2023-11-01 08:00:00,0.0,1.288,0.2639,25.81
2023-11-01 09:00:00,0.0,1.265,0.2567,26.1
2023-11-01 10:00:00,0.0,1.301,0.2565,27.46
2023-11-01 11:00:00,0.0,1.315,0.2564,28.42
2023-11-01 12:00:00,0.0,1.275,0.2494,28.55
2023-11-01 13:00:00,0.0,1.288,0.2547,29.69
2023-11-01 14:00:00,0.0,1.284,0.2485,30.77
2023-11-01 15:00:00,0.0,1.298,0.2456,30.58
2023-11-01 16:00:00,0.0,1.277,0.2384,30.37
2023-11-01 17:00:00,0.0,1.242,0.2389,29.73
2023-11-01 18:00:00,0.0,1.261,0.2373,28.7
2023-11-01 19:00:00,0.0,1.234,0.2323,27.5
2023-11-01 20:00:00,0.0,1.284,0.2365,27.76
2023-11-01 21:00:00,0.0,1.297,0.232,25.64
2023-11-01 22:00:00,0.0,1.301,0.2275,24.65
2023-11-01 23:00:00,0.0,1.27,0.2273,23.93
2023-11-02 00:00:00,0.0,1.229,0.2269,22.32
2023-11-02 01:00:00,0.0,1.263,0.2312,22.23
2023-11-02 02:00:00,0.0,1.248,0.2249,21.64
2023-11-02 03:00:00,0.0,1.205,0.2198,21.16
2023-11-02 04:00:00,0.0,1.205,0.2188,21.39
2023-11-02 05:00:00,0.0,1.219,0.218,22.4
2023-11-02 06:00:00,0.0,1.254,0.2193,23.56
2023-11-02 07:00:00,1.61,1.244,0.2236,23.67
2023-11-02 08:00:00,,1.261,0.2377,23.9
2023-11-02 09:00:00,8.26,1.333,0.2672,24.72
2023-11-02 10:00:00,10.82,1.444,0.3038,26.0
2023-11-02 11:00:00,13.04,1.646,0.3595,27.14
2023-11-02 12:00:00,12.15,1.847,0.4009,27.97
2023-11-02 13:00:00,13.36,2.07,0.4546,28.12
2023-11-02 14:00:00,17.44,2.339,0.496,28.75
2023-11-02 15:00:00,13.3,2.593,0.4996,28.28
2023-11-02 16:00:00,13.31,2.916,0.5,27.82
2023-11-02 17:00:00,16.03,3.201,0.5,27.59
2023-11-02 18:00:00,11.01,3.513,0.4981,28.23
2023-11-02 19:00:00,10.41,3.769,0.5,27.18
2023-11-02 20:00:00,6.5,4.002,0.5,26.8
2023-11-02 21:00:00,4.27,4.113,0.4986,25.4
2023-11-02 22:00:00,1.86,4.208,0.4998,24.73
2023-11-02 23:00:00,0.0,4.16,0.4943,23.77
2023-11-03 00:00:00,0.0,4.101,0.4903,22.57
2023-11-03 01:00:00,0.0,3.937,0.4847,22.38
2023-11-03 02:00:00,0.0,3.755,0.4828,21.86
2023-11-03 03:00:00,0.0,3.49,0.4749,21.59
2023-11-03 04:00:00,0.0,3.259,0.4796,22.27
2023-11-03 05:00:00,0.0,3.047,0.4804,22.43
2023-11-03 06:00:00,0.0,2.837,0.4731,23.68
2023-11-03 07:00:00,0.0,2.65,0.4691,23.4
2023-11-03 08:00:00,0.0,2.497,0.4634,24.59
2023-11-03 09:00:00,0.0,2.403,0.4672,24.95
2023-11-03 10:00:00,0.0,2.278,0.4607,26.37
2023-11-03 11:00:00,0.0,2.107,0.4496,28.15
2023-11-03 12:00:00,0.0,1.994,0.4553,29.07
2023-11-03 13:00:00,0.0,1.917,0.4492,29.64
2023-11-03 14:00:00,0.0,1.887,0.4369,30.34
2023-11-03 15:00:00,0.0,1.84,0.438,30.1
2023-11-03 16:00:00,0.0,1.78,0.4308,29.73
2023-11-03 17:00:00,0.0,1.708,0.4212,29.63
2023-11-03 18:00:00,0.0,1.674,,28.28
2023-11-03 19:00:00,0.0,1.641,0.4217,27.01
2023-11-03 20:00:00,0.0,1.633,0.4177,26.67
2023-11-03 21:00:00,0.0,1.625,0.4206,25.7
2023-11-03 22:00:00,0.0,1.619,0.4096,24.86
2023-11-03 23:00:00,0.0,1.604,0.4006,23.44
2023-11-04 00:00:00,0.0,1.607,0.4002,22.66
2023-11-04 01:00:00,0.0,1.625,0.399,22.72
2023-11-04 02:00:00,0.0,1.594,0.3968,21.32
2023-11-04 03:00:00,0.0,1.576,0.394,21.74
2023-11-04 04:00:00,0.0,1.547,0.3933,21.62
2023-11-04 05:00:00,0.0,1.565,0.3943,21.48
2023-11-04 06:00:00,0.0,1.591,0.3882,22.76
2023-11-04 07:00:00,0.0,1.584,0.3784,23.34
2023-11-04 08:00:00,0.0,1.615,0.3822,24.55
2023-11-04 09:00:00,0.0,1.585,0.3726,25.83
2023-11-04 10:00:00,0.0,1.57,0.3728,25.74
2023-11-04 11:00:00,0.0,1.547,0.3766,28.31
2023-11-04 12:00:00,0.0,1.492,0.3615,30.12
2023-11-04 13:00:00,0.0,1.531,0.3699,28.79
2023-11-04 14:00:00,0.0,1.493,0.3621,29.36
2023-11-04 15:00:00,0.0,1.489,0.358,29.38
2023-11-04 16:00:00,0.0,1.456,0.3495,29.12
2023-11-04 17:00:00,0.0,1.465,0.3502,30.25
2023-11-04 18:00:00,0.0,1.478,0.3452,28.47
2023-11-04 19:00:00,0.0,1.477,0.3408,28.14
2023-11-04 20:00:00,0.0,1.503,0.34,27.42
2023-11-04 21:00:00,,1.515,0.3445,26.32
2023-11-04 22:00:00,0.0,1.499,0.3371,25.32
2023-11-04 23:00:00,0.0,1.475,0.3316,23.13
2023-11-05 00:00:00,0.0,1.476,0.3309,23.37
2023-11-05 01:00:00,0.0,1.463,0.3263,22.09
2023-11-05 02:00:00,0.0,1.49,0.3274,22.7
2023-11-05 03:00:00,0.0,1.477,0.3194,21.3
2023-11-05 04:00:00,0.0,1.481,0.3236,21.28
2023-11-05 05:00:00,0.0,1.458,0.3142,22.26
2023-11-05 06:00:00,0.0,1.471,0.3156,23.21
2023-11-05 07:00:00,0.0,1.515,0.3175,22.82
2023-11-05 08:00:00,0.0,1.514,0.3172,24.48
2023-11-05 09:00:00,0.0,1.441,0.3025,25.17
2023-11-05 10:00:00,0.0,1.391,0.3029,27.21
2023-11-05 11:00:00,0.0,1.356,0.3038,27.43
2023-11-05 12:00:00,0.0,1.389,0.303,29.11
2023-11-05 13:00:00,0.0,1.434,0.2961,28.82
2023-11-05 14:00:00,0.0,1.455,0.295,29.73
2023-11-05 15:00:00,0.0,1.434,0.2923,29.03
2023-11-05 16:00:00,0.0,1.393,0.2891,29.53
2023-11-05 17:00:00,0.0,1.392,0.2866,28.63
2023-11-05 18:00:00,0.0,1.407,0.284,29.31
2023-11-05 19:00:00,0.0,1.393,0.2862,28.25
2023-11-05 20:00:00,0.0,1.375,0.2782,26.86
2023-11-05 21:00:00,0.0,1.372,0.2803,26.23
2023-11-05 22:00:00,0.0,1.374,0.2742,24.43
2023-11-05 23:00:00,0.0,1.332,0.2702,24.02
2023-11-06 00:00:00,0.0,1.286,0.2695,22.8
2023-11-06 01:00:00,0.0,1.246,0.2633,22.46
2023-11-06 02:00:00,0.0,1.291,0.2634,21.87
2023-11-06 03:00:00,0.0,1.347,0.2627,21.64
2023-11-06 04:00:00,0.0,1.354,0.2636,20.9
2023-11-06 05:00:00,0.0,1.354,0.2663,21.88
2023-11-06 06:00:00,0.0,1.278,0.2584,23.75
2023-11-06 07:00:00,0.0,1.278,0.2544,23.61
2023-11-06 08:00:00,0.0,1.278,0.2581,24.28
2023-11-06 09:00:00,0.0,1.318,0.254,25.69
2023-11-06 10:00:00,0.0,1.318,0.2548,25.94
2023-11-06 11:00:00,0.0,1.305,0.252,27.43
2023-11-06 12:00:00,0.0,1.283,0.2484,28.59
2023-11-06 13:00:00,0.0,1.266,0.2454,29.38
2023-11-06 14:00:00,0.0,1.284,0.2448,29.71
2023-11-06 15:00:00,0.0,1.283,0.2421,30.43
2023-11-06 16:00:00,0.0,1.287,0.24,29.2
2023-11-06 17:00:00,0.0,1.264,0.2377,28.38
2023-11-06 18:00:00,0.0,1.269,0.2325,28.32
2023-11-06 19:00:00,0.0,1.26,0.2282,27.39
2023-11-06 20:00:00,0.0,1.243,0.2287,26.8
2023-11-06 21:00:00,0.0,1.2,0.2255,25.53
2023-11-06 22:00:00,0.0,1.247,0.2222,24.71
2023-11-06 23:00:00,0.0,1.293,0.2281,23.72
2023-11-07 00:00:00,0.0,1.282,0.2216,23.24
2023-11-07 01:00:00,0.0,1.234,0.217,22.15
2023-11-07 02:00:00,0.0,1.235,0.2226,21.86
2023-11-07 03:00:00,0.0,1.242,0.2174,22.52
2023-11-07 04:00:00,0.0,1.233,0.2187,20.94
2023-11-07 05:00:00,0.0,1.194,0.2131,22.25
2023-11-07 06:00:00,0.0,1.184,0.2145,22.74
2023-11-07 07:00:00,0.0,1.182,0.213,23.65
2023-11-07 08:00:00,0.0,1.213,0.2098,24.88
2023-11-07 09:00:00,1.31,1.23,0.2111,25.08
2023-11-07 10:00:00,4.1,1.286,0.2288,25.96
2023-11-07 11:00:00,6.33,1.312,0.2527,27.36
2023-11-07 12:00:00,11.04,1.407,0.2892,27.27
2023-11-07 13:00:00,10.99,1.58,0.3414,27.51
2023-11-07 14:00:00,16.56,1.799,0.4021,28.23
2023-11-07 15:00:00,18.62,2.118,0.4685,28.08
2023-11-07 16:00:00,17.43,2.39,0.5,27.82
2023-11-07 17:00:00,20.27,2.714,0.4999,27.29
2023-11-07 18:00:00,14.39,2.996,0.4981,27.29
2023-11-07 19:00:00,13.86,3.374,0.5,26.19
2023-11-07 20:00:00,14.07,3.686,0.4976,25.4
2023-11-07 21:00:00,13.32,4.025,0.5,23.69
2023-11-07 22:00:00,11.47,4.241,0.498,23.33
2023-11-07 23:00:00,6.5,4.468,0.4975,23.45
2023-11-08 00:00:00,3.84,4.579,0.5,23.46
2023-11-08 01:00:00,3.78,4.645,0.5,21.79
2023-11-08 02:00:00,3.64,4.589,0.5,20.89
2023-11-08 03:00:00,3.26,4.501,0.5,21.07
2023-11-08 04:00:00,2.31,4.325,0.4946,20.75
2023-11-08 05:00:00,1.57,4.155,0.4994,22.29
2023-11-08 06:00:00,0.42,3.938,0.4939,22.73
2023-11-08 07:00:00,0.0,3.726,0.4947,23.1
2023-11-08 08:00:00,0.0,3.504,0.4907,24.44
2023-11-08 09:00:00,0.0,3.314,0.4864,25.93
2023-11-08 10:00:00,0.0,3.102,,26.64
2023-11-08 11:00:00,0.0,2.869,0.4796,27.23
2023-11-08 12:00:00,0.0,2.646,0.4752,28.91
2023-11-08 13:00:00,0.0,2.491,0.4699,29.21
2023-11-08 14:00:00,0.0,2.367,0.4673,29.06
2023-11-08 15:00:00,0.0,2.203,0.4526,29.59
2023-11-08 16:00:00,0.0,2.099,0.4525,28.38
2023-11-08 17:00:00,0.0,2.019,,29.17
2023-11-08 18:00:00,0.0,1.954,0.4467,29.8
2023-11-08 19:00:00,0.0,1.886,0.4399,28.12
2023-11-08 20:00:00,0.0,1.86,0.44,26.52
2023-11-08 21:00:00,0.0,1.822,0.4373,25.7
2023-11-08 22:00:00,0.0,1.786,0.4294,24.81
2023-11-08 23:00:00,0.0,1.744,0.4264,23.88
2023-11-09 00:00:00,0.0,1.704,0.4204,22.64
2023-11-09 01:00:00,0.0,1.647,0.4223,20.97
2023-11-09 02:00:00,0.0,1.633,0.4197,21.49
2023-11-09 03:00:00,0.0,1.628,0.4139,21.23
2023-11-09 04:00:00,0.0,1.64,0.4128,21.61
2023-11-09 05:00:00,0.0,1.618,0.4114,21.69
2023-11-09 06:00:00,0.0,1.595,0.4114,23.0
2023-11-09 07:00:00,0.0,1.594,0.4043,24.54
2023-11-09 08:00:00,0.0,1.574,0.3995,24.98
2023-11-09 09:00:00,0.0,1.595,0.4033,25.49
2023-11-09 10:00:00,0.0,1.569,0.3974,27.32
2023-11-09 11:00:00,0.0,1.542,0.3878,28.0
2023-11-09 12:00:00,0.0,1.56,0.3901,28.72
2023-11-09 13:00:00,0.0,1.55,0.3827,28.7
2023-11-09 14:00:00,0.0,1.616,0.3836,29.32
2023-11-09 15:00:00,0.0,1.575,0.3755,29.82
2023-11-09 16:00:00,0.0,1.591,0.3675,30.47
2023-11-09 17:00:00,0.0,1.552,0.3675,29.71
2023-11-09 18:00:00,0.0,1.55,0.3631,28.65
2023-11-09 19:00:00,0.0,1.498,0.3605,27.61
2023-11-09 20:00:00,0.0,1.458,0.3524,26.94
2023-11-09 21:00:00,0.0,1.463,0.3559,25.79
2023-11-09 22:00:00,0.0,1.449,0.3473,25.26
2023-11-09 23:00:00,0.0,1.471,0.3505,22.98
2023-11-10 00:00:00,0.0,1.451,0.3411,22.67
2023-11-10 01:00:00,0.0,1.481,0.3427,22.4
2023-11-10 02:00:00,0.0,1.475,0.3452,22.33
2023-11-10 03:00:00,0.0,1.471,0.3432,22.46
2023-11-10 04:00:00,0.0,1.438,0.3366,20.89
2023-11-10 05:00:00,0.0,1.446,0.3384,21.66
2023-11-10 06:00:00,0.0,1.455,0.3289,22.62
2023-11-10 07:00:00,0.0,1.456,0.3349,22.86
2023-11-10 08:00:00,0.0,1.46,0.3328,25.28
2023-11-10 09:00:00,0.0,1.424,0.3259,25.54
2023-11-10 10:00:00,0.0,1.426,0.3224,27.1
2023-11-10 11:00:00,0.0,1.449,0.3137,27.39
2023-11-10 12:00:00,0.0,1.484,0.3176,28.52
2023-11-10 13:00:00,0.0,1.497,0.3168,28.26
2023-11-10 14:00:00,0.0,1.459,0.3129,28.82
2023-11-10 15:00:00,0.0,1.461,0.3093,28.96
2023-11-10 16:00:00,0.0,1.434,0.3016,28.49
2023-11-10 17:00:00,0.0,1.428,0.3033,29.46
2023-11-10 18:00:00,0.0,1.384,0.2975,28.3
2023-11-10 19:00:00,0.0,1.393,0.3016,28.01
2023-11-10 20:00:00,0.0,1.393,0.2966,26.46
2023-11-10 21:00:00,0.0,1.388,0.2931,26.05
2023-11-10 22:00:00,0.0,1.349,0.2901,24.92
2023-11-10 23:00:00,0.0,1.338,0.285,23.42
2023-11-11 00:00:00,0.0,1.341,0.2833,22.71
2023-11-11 01:00:00,0.0,1.397,0.2896,22.15
2023-11-11 02:00:00,0.0,1.361,0.2792,22.13
2023-11-11 03:00:00,0.0,1.332,0.2801,21.42
2023-11-11 04:00:00,0.0,1.34,0.2785,21.75
2023-11-11 05:00:00,0.0,1.341,0.2764,21.24
2023-11-11 06:00:00,0.0,1.354,0.275,22.17
2023-11-11 07:00:00,0.0,1.331,0.2781,23.07
2023-11-11 08:00:00,0.0,1.331,0.2708,24.66
2023-11-11 09:00:00,0.0,1.351,0.2696,25.09
2023-11-11 10:00:00,0.0,1.359,0.2649,
2023-11-11 11:00:00,0.0,1.353,0.2629,27.36
2023-11-11 12:00:00,0.0,1.33,0.2624,28.27
2023-11-11 13:00:00,0.0,1.317,0.2627,29.34
2023-11-11 14:00:00,0.0,1.298,0.2598,29.38
2023-11-11 15:00:00,0.0,1.279,0.244,29.31
2023-11-11 16:00:00,0.0,1.282,0.246,29.5
2023-11-11 17:00:00,0.0,1.315,0.2547,29.71
2023-11-11 18:00:00,0.0,1.299,0.2446,28.29
2023-11-11 19:00:00,0.0,1.315,0.2429,26.8
2023-11-11 20:00:00,0.0,1.294,0.2403,25.79
2023-11-11 21:00:00,0.0,1.261,0.2361,25.27
2023-11-11 22:00:00,0.0,1.25,0.2359,23.8
2023-11-11 23:00:00,0.0,1.247,0.235,22.21
2023-11-12 00:00:00,0.0,1.248,0.2335,22.39
2023-11-12 01:00:00,0.0,1.238,0.2304,22.09
2023-11-12 02:00:00,0.0,1.264,0.2345,22.19
2023-11-12 03:00:00,0.0,1.251,0.23,21.36
2023-11-12 04:00:00,0.0,1.281,0.2291,21.66
2023-11-12 05:00:00,0.0,1.277,0.2274,22.16
2023-11-12 06:00:00,0.0,1.276,0.224,22.58
2023-11-12 07:00:00,0.0,1.256,0.2218,23.03
2023-11-12 08:00:00,0.0,1.224,0.2176,25.41
2023-11-12 09:00:00,0.0,1.244,0.2225,24.87
2023-11-12 10:00:00,0.0,1.231,0.218,26.61
2023-11-12 11:00:00,0.0,1.261,0.2202,26.97
2023-11-12 12:00:00,0.0,1.247,0.2156,28.25
2023-11-12 13:00:00,0.0,1.225,0.2172,29.03
2023-11-12 14:00:00,0.0,1.198,0.2092,29.13
2023-11-12 15:00:00,0.0,1.213,0.2054,28.76
2023-11-12 16:00:00,0.0,1.233,0.2119,29.05
2023-11-12 17:00:00,0.0,1.213,0.2078,29.39
2023-11-12 18:00:00,0.0,1.167,0.1969,27.44
2023-11-12 19:00:00,0.0,1.198,0.202,28.18
2023-11-12 20:00:00,0.0,1.189,0.201,26.45
2023-11-12 21:00:00,0.0,1.174,0.1966,25.72
2023-11-12 22:00:00,0.0,1.138,0.1919,23.8
2023-11-12 23:00:00,0.0,1.183,0.1938,23.29
2023-11-13 00:00:00,0.0,1.177,0.1936,22.16
2023-11-13 01:00:00,0.0,1.188,0.1896,22.0
2023-11-13 02:00:00,0.0,1.16,0.1926,20.91
2023-11-13 03:00:00,0.0,1.166,0.1844,21.01
2023-11-13 04:00:00,0.0,1.188,0.1885,22.49
2023-11-13 05:00:00,0.0,1.204,0.1925,22.18
2023-11-13 06:00:00,0.0,1.2,0.1871,22.68
2023-11-13 07:00:00,0.0,1.196,0.1883,23.5
2023-11-13 08:00:00,0.0,1.19,0.1821,25.02
2023-11-13 09:00:00,0.0,1.191,0.1816,25.26
2023-11-13 10:00:00,0.0,1.212,0.1781,26.82
2023-11-13 11:00:00,0.0,,0.1767,26.14
2023-11-13 12:00:00,0.0,1.187,0.1778,28.09
2023-11-13 13:00:00,0.0,1.114,0.1718,28.63
2023-11-13 14:00:00,0.0,1.1,0.1754,28.92
2023-11-13 15:00:00,0.0,1.087,0.1727,29.69
2023-11-13 16:00:00,0.0,1.094,0.1659,29.12
2023-11-13 17:00:00,0.0,1.08,0.1709,28.7
2023-11-13 18:00:00,0.0,1.12,0.1728,27.76
2023-11-13 19:00:00,0.0,1.119,,27.12
2023-11-13 20:00:00,0.0,1.122,0.1578,25.35
2023-11-13 21:00:00,0.0,1.137,0.1694,25.16
2023-11-13 22:00:00,0.0,1.088,0.1544,23.58
2023-11-13 23:00:00,0.0,1.093,0.1547,24.09
2023-11-14 00:00:00,0.0,1.076,0.1534,22.82
2023-11-14 01:00:00,0.0,1.079,0.1568,22.27
2023-11-14 02:00:00,0.0,,0.1508,20.75
2023-11-14 03:00:00,0.0,1.083,0.1488,21.7
2023-11-14 04:00:00,0.0,1.098,0.1525,21.08
2023-11-14 05:00:00,0.0,1.104,0.1513,21.95
2023-11-14 06:00:00,0.0,1.11,0.1515,22.36
2023-11-14 07:00:00,0.0,1.112,0.1528,22.59
2023-11-14 08:00:00,0.0,1.111,0.1546,23.72
2023-11-14 09:00:00,0.0,1.086,0.1489,25.61
2023-11-14 10:00:00,0.0,1.041,0.149,26.63
2023-11-14 11:00:00,0.0,1.045,0.1455,26.59
2023-11-14 12:00:00,0.0,1.046,0.1485,28.68
2023-11-14 13:00:00,0.0,1.127,0.1482,28.55
2023-11-14 14:00:00,0.0,1.079,0.1405,28.5
2023-11-14 15:00:00,0.0,1.06,0.1369,29.0
2023-11-14 16:00:00,0.0,1.019,0.1378,28.46
2023-11-14 17:00:00,0.0,1.033,0.1369,28.38
2023-11-14 18:00:00,0.0,1.089,0.1364,27.87
2023-11-14 19:00:00,0.0,1.118,0.1358,27.54
2023-11-14 20:00:00,0.0,1.125,0.134,26.72
2023-11-14 21:00:00,0.0,1.07,0.1297,25.81
2023-11-14 22:00:00,0.0,1.073,0.1317,24.64
2023-11-14 23:00:00,0.0,1.053,0.1324,22.33
2023-11-15 00:00:00,0.0,1.109,0.1352,21.69
2023-11-15 01:00:00,0.0,1.089,0.128,22.32
2023-11-15 02:00:00,0.0,1.101,0.1288,21.14
2023-11-15 03:00:00,0.0,1.046,0.1277,21.17
2023-11-15 04:00:00,0.0,1.045,0.1256,21.69
2023-11-15 05:00:00,0.0,1.027,0.1248,22.42
2023-11-15 06:00:00,0.0,1.051,0.1198,22.64
2023-11-15 07:00:00,0.0,1.049,0.1259,22.81
2023-11-15 08:00:00,0.0,1.051,0.1256,23.59
2023-11-15 09:00:00,0.0,1.04,0.1214,24.7
2023-11-15 10:00:00,0.0,1.049,0.123,26.88
2023-11-15 11:00:00,0.0,1.021,0.1152,27.67
2023-11-15 12:00:00,0.0,1.054,0.1238,28.09
2023-11-15 13:00:00,0.0,1.033,0.1159,27.99
2023-11-15 14:00:00,0.0,1.069,0.1163,29.55
2023-11-15 15:00:00,0.0,1.046,0.1187,29.33
2023-11-15 16:00:00,0.0,1.019,0.1105,28.72
2023-11-15 17:00:00,0.0,1.005,0.1123,28.67
2023-11-15 18:00:00,0.0,1.012,0.1105,28.32
2023-11-15 19:00:00,0.0,1.073,0.1133,27.01
2023-11-15 20:00:00,0.0,1.082,0.1079,25.75
2023-11-15 21:00:00,0.0,1.072,0.1121,25.33
2023-11-15 22:00:00,0.0,1.002,0.1098,24.33
2023-11-15 23:00:00,0.0,0.973,0.1036,22.29
2023-11-16 00:00:00,0.0,0.996,0.11,22.33
2023-11-16 01:00:00,0.0,1.043,0.1124,21.31
2023-11-16 02:00:00,0.0,1.046,0.1034,21.57
2023-11-16 03:00:00,0.0,1.057,0.1039,20.34
2023-11-16 04:00:00,0.0,1.05,0.1009,20.69
2023-11-16 05:00:00,0.0,1.031,0.104,20.56
2023-11-16 06:00:00,0.0,1.04,0.1067,22.57
2023-11-16 07:00:00,0.0,1.018,0.1006,22.45
2023-11-16 08:00:00,0.0,1.051,0.0992,23.5
2023-11-16 09:00:00,0.0,1.052,0.1049,25.15
2023-11-16 10:00:00,0.0,1.03,0.098,26.15
2023-11-16 11:00:00,0.0,1.008,0.0972,27.51
2023-11-16 12:00:00,0.0,1.031,0.0977,28.39
2023-11-16 13:00:00,0.0,1.036,0.0922,29.22
2023-11-16 14:00:00,0.0,1.034,0.094,29.87
2023-11-16 15:00:00,0.0,1.022,0.1011,29.72
2023-11-16 16:00:00,0.0,0.985,0.0968,29.23
2023-11-16 17:00:00,0.0,0.995,0.0956,28.77
2023-11-16 18:00:00,0.0,1.014,0.0947,28.33
2023-11-16 19:00:00,0.0,0.992,0.0939,26.18
2023-11-16 20:00:00,0.0,0.951,0.0901,26.15
2023-11-16 21:00:00,0.0,0.943,0.0904,24.28
2023-11-16 22:00:00,0.0,0.972,0.091,23.79
2023-11-16 23:00:00,0.0,0.989,0.0879,22.46
2023-11-17 00:00:00,0.0,0.97,0.0926,22.52
2023-11-17 01:00:00,0.0,0.945,0.083,21.99
2023-11-17 02:00:00,0.0,0.923,0.0865,21.9
2023-11-17 03:00:00,0.0,0.946,0.0903,20.67
2023-11-17 04:00:00,0.0,0.958,0.0894,20.96
2023-11-17 05:00:00,0.0,0.946,0.0843,22.23
2023-11-17 06:00:00,0.0,0.935,0.0861,22.07
2023-11-17 07:00:00,0.0,0.926,0.0855,22.79
2023-11-17 08:00:00,0.0,0.951,0.0905,24.48
2023-11-17 09:00:00,0.0,0.936,0.0809,25.41
2023-11-17 10:00:00,0.0,0.958,0.0832,26.67
2023-11-17 11:00:00,0.0,0.951,0.0806,27.4
2023-11-17 12:00:00,0.0,0.977,0.0856,27.79
2023-11-17 13:00:00,0.0,0.962,0.0798,29.31
2023-11-17 14:00:00,0.0,0.95,0.0776,29.46
2023-11-17 15:00:00,0.0,0.962,0.0809,29.15
2023-11-17 16:00:00,0.0,0.947,0.0755,29.46
2023-11-17 17:00:00,0.0,0.968,0.0778,28.61
2023-11-17 18:00:00,0.0,0.947,0.0785,27.52
2023-11-17 19:00:00,0.0,0.944,0.0706,27.21
2023-11-17 20:00:00,0.0,0.919,0.0727,27.15
2023-11-17 21:00:00,0.0,0.946,0.0803,25.67
2023-11-17 22:00:00,0.0,0.905,0.0746,24.33
2023-11-17 23:00:00,0.0,0.916,0.07,22.71
2023-11-18 00:00:00,,0.902,0.0734,21.69
2023-11-18 01:00:00,0.0,0.891,0.0668,21.53
2023-11-18 02:00:00,0.0,0.891,0.0725,20.95
2023-11-18 03:00:00,0.0,0.89,0.0727,21.12
2023-11-18 04:00:00,0.0,0.906,0.0708,21.33
2023-11-18 05:00:00,0.0,0.908,0.0684,20.94
2023-11-18 06:00:00,0.0,0.944,0.0755,21.87
2023-11-18 07:00:00,0.0,0.927,0.0686,22.94
2023-11-18 08:00:00,0.0,0.933,0.0634,24.3
2023-11-18 09:00:00,0.0,0.944,0.068,25.35
2023-11-18 10:00:00,0.0,0.933,0.0715,25.63
2023-11-18 11:00:00,0.0,0.923,0.0722,26.5
2023-11-18 12:00:00,0.0,0.902,0.0587,27.47
2023-11-18 13:00:00,0.0,0.941,0.0636,28.98
2023-11-18 14:00:00,0.0,0.91,0.0644,28.74
2023-11-18 15:00:00,0.0,0.915,0.0654,29.17
2023-11-18 16:00:00,0.0,0.867,0.0602,29.19
2023-11-18 17:00:00,0.0,0.908,0.0653,29.19
2023-11-18 18:00:00,0.0,0.899,0.0658,27.33
2023-11-18 19:00:00,0.0,0.905,0.0598,27.72
2023-11-18 20:00:00,0.0,0.907,0.0618,26.44
2023-11-18 21:00:00,0.0,0.934,0.0639,25.95
2023-11-18 22:00:00,0.0,0.95,0.0663,24.78
2023-11-18 23:00:00,0.0,0.947,0.0637,23.17
2023-11-19 00:00:00,0.0,0.944,0.0585,21.87
2023-11-19 01:00:00,0.0,0.928,0.061,21.94
2023-11-19 02:00:00,0.0,0.918,0.0586,20.65
2023-11-19 03:00:00,0.0,0.889,0.0567,21.18
2023-11-19 04:00:00,0.0,0.898,0.06,20.84
2023-11-19 05:00:00,0.0,0.917,0.0596,21.49
2023-11-19 06:00:00,0.0,0.906,0.0578,21.15
2023-11-19 07:00:00,0.0,0.927,0.0604,23.03
2023-11-19 08:00:00,0.0,0.897,0.0561,24.1
2023-11-19 09:00:00,0.0,0.932,0.0562,24.81
2023-11-19 10:00:00,0.0,0.919,0.0566,26.07
2023-11-19 11:00:00,0.0,0.957,0.0565,26.53
2023-11-19 12:00:00,0.0,0.896,0.0522,28.29
2023-11-19 13:00:00,0.0,0.95,0.0602,28.55
2023-11-19 14:00:00,0.0,0.916,0.056,30.06
2023-11-19 15:00:00,0.0,0.929,0.0534,29.22
2023-11-19 16:00:00,0.0,0.856,0.053,29.13
2023-11-19 17:00:00,0.0,0.835,0.0522,28.3
2023-11-19 18:00:00,0.0,0.831,0.0563,28.5
2023-11-19 19:00:00,0.0,0.85,0.0543,26.86
2023-11-19 20:00:00,0.0,0.88,0.0529,26.97
2023-11-19 21:00:00,0.0,0.899,0.058,25.92
2023-11-19 22:00:00,0.0,0.905,0.052,23.78
2023-11-19 23:00:00,0.0,0.894,0.05,22.94
2023-11-20 00:00:00,0.0,0.852,0.0522,21.84
2023-11-20 01:00:00,0.0,0.846,0.0516,20.9
2023-11-20 02:00:00,0.0,0.882,0.0542,21.32
2023-11-20 03:00:00,0.0,0.949,0.0522,21.04
2023-11-20 04:00:00,0.0,0.958,0.0504,21.5
2023-11-20 05:00:00,0.0,0.931,0.0529,21.55
2023-11-20 06:00:00,0.0,0.931,0.05,22.64
2023-11-20 07:00:00,0.0,0.936,0.0514,23.01
2023-11-20 08:00:00,0.0,0.932,0.0517,23.9
2023-11-20 09:00:00,0.0,0.911,0.05,25.08
2023-11-20 10:00:00,0.0,0.915,0.0504,26.45
2023-11-20 11:00:00,0.0,0.938,0.05,26.85
2023-11-20 12:00:00,0.0,0.909,0.05,28.32
2023-11-20 13:00:00,0.0,0.903,0.0528,28.13
2023-11-20 14:00:00,0.0,0.893,0.05,28.74
2023-11-20 15:00:00,0.0,0.906,0.05,28.1
2023-11-20 16:00:00,0.0,0.901,0.05,28.73
2023-11-20 17:00:00,0.0,0.914,0.0507,27.94
2023-11-20 18:00:00,0.0,0.928,0.051,28.14
2023-11-20 19:00:00,0.0,0.917,0.05,27.29
2023-11-20 20:00:00,0.0,0.866,0.05,26.68
2023-11-20 21:00:00,0.0,0.86,0.05,25.87
2023-11-20 22:00:00,,0.863,0.0503,23.92
2023-11-20 23:00:00,0.0,0.913,0.0528,22.67
2023-11-21 00:00:00,0.0,0.897,0.05,22.4
2023-11-21 01:00:00,0.0,0.922,0.05,21.34
2023-11-21 02:00:00,0.0,0.908,0.0539,20.83
2023-11-21 03:00:00,,0.91,0.0523,20.99
2023-11-21 04:00:00,0.0,0.885,0.05,20.84
2023-11-21 05:00:00,0.0,0.906,0.05,22.56
2023-11-21 06:00:00,0.0,0.93,0.0512,22.04
2023-11-21 07:00:00,0.0,0.941,0.0527,22.98
2023-11-21 08:00:00,0.0,0.907,0.051,24.37
2023-11-21 09:00:00,0.0,0.906,0.0512,26.09
2023-11-21 10:00:00,0.0,0.905,0.0513,25.92
2023-11-21 11:00:00,0.0,0.906,0.0501,26.06
2023-11-21 12:00:00,0.0,0.878,0.05,27.79
2023-11-21 13:00:00,0.0,0.867,0.05,27.61
2023-11-21 14:00:00,0.0,0.863,0.0537,28.6
2023-11-21 15:00:00,0.0,0.862,0.0526,29.74
2023-11-21 16:00:00,0.0,0.912,0.05,28.46
2023-11-21 17:00:00,0.0,0.899,0.05,27.94
2023-11-21 18:00:00,0.0,0.928,0.05,28.25
2023-11-21 19:00:00,0.0,0.891,0.05,26.89
2023-11-21 20:00:00,0.0,0.901,0.0528,26.64
2023-11-21 21:00:00,0.0,0.894,0.05,24.86
2023-11-21 22:00:00,0.0,0.923,0.0509,24.28
2023-11-21 23:00:00,0.0,0.962,0.0572,22.22
2023-11-22 00:00:00,0.0,0.95,0.0503,21.66
2023-11-22 01:00:00,0.0,0.912,0.05,21.4
2023-11-22 02:00:00,0.0,0.925,0.0526,20.89
2023-11-22 03:00:00,0.0,0.879,0.0532,22.21
2023-11-22 04:00:00,0.0,0.875,0.05,21.6
2023-11-22 05:00:00,0.0,0.876,0.0537,21.99
2023-11-22 06:00:00,0.0,0.893,0.05,22.04
2023-11-22 07:00:00,0.0,0.927,0.0548,22.26
2023-11-22 08:00:00,0.0,0.924,0.0538,24.76
2023-11-22 09:00:00,0.0,0.922,0.0504,24.15
2023-11-22 10:00:00,0.0,0.89,0.05,25.72
2023-11-22 11:00:00,0.0,0.89,0.0533,27.24
2023-11-22 12:00:00,0.0,0.887,0.0513,29.09
2023-11-22 13:00:00,0.0,0.885,0.05,29.29
2023-11-22 14:00:00,0.0,0.903,0.0516,29.13
2023-11-22 15:00:00,0.0,0.912,0.05,30.03
2023-11-22 16:00:00,0.0,0.942,0.0508,28.57
2023-11-22 17:00:00,0.0,0.928,0.0509,28.65
2023-11-22 18:00:00,0.0,0.903,0.0514,28.52
2023-11-22 19:00:00,0.0,0.886,0.0536,26.26
2023-11-22 20:00:00,0.0,0.889,0.05,26.18
2023-11-22 21:00:00,0.0,0.921,0.05,25.18
2023-11-22 22:00:00,0.0,0.896,0.0501,24.13
2023-11-22 23:00:00,0.0,0.896,0.0524,22.44
2023-11-23 00:00:00,0.0,0.895,0.05,22.31
2023-11-23 01:00:00,0.0,0.933,0.05,21.6
2023-11-23 02:00:00,0.0,0.954,,20.78
2023-11-23 03:00:00,0.0,,0.0505,21.31
2023-11-23 04:00:00,0.0,0.877,0.05,21.73
2023-11-23 05:00:00,0.0,0.861,0.05,21.1
2023-11-23 06:00:00,0.0,0.877,0.0509,22.34
2023-11-23 07:00:00,0.0,0.901,0.05,23.61
2023-11-23 08:00:00,0.0,0.908,0.0529,24.58
2023-11-23 09:00:00,0.0,0.911,0.0569,24.84
2023-11-23 10:00:00,0.0,0.883,0.05,26.49
2023-11-23 11:00:00,0.0,0.897,0.0511,26.8
2023-11-23 12:00:00,0.0,0.869,0.0509,28.16
2023-11-23 13:00:00,0.0,0.904,0.05,28.01
2023-11-23 14:00:00,0.0,0.872,0.05,28.02
2023-11-23 15:00:00,0.0,0.9,0.05,29.19
2023-11-23 16:00:00,0.0,0.89,0.05,29.22
2023-11-23 17:00:00,0.0,0.921,0.0573,28.74
2023-11-23 18:00:00,0.0,0.925,0.0517,27.34
2023-11-23 19:00:00,0.0,0.934,0.05,25.68
2023-11-23 20:00:00,0.0,0.919,0.05,26.39
2023-11-23 21:00:00,0.0,0.902,0.05,25.65
2023-11-23 22:00:00,0.0,0.898,0.05,22.94
2023-11-23 23:00:00,0.0,0.92,0.05,22.77
2023-11-24 00:00:00,0.0,0.931,0.0514,21.59
2023-11-24 01:00:00,0.0,0.919,0.05,21.54
2023-11-24 02:00:00,0.0,0.924,0.05,21.69
2023-11-24 03:00:00,0.0,0.933,0.0525,20.77
2023-11-24 04:00:00,0.0,0.933,0.05,20.77
2023-11-24 05:00:00,0.0,0.918,0.0513,21.61
2023-11-24 06:00:00,0.0,0.93,0.05,20.99
2023-11-24 07:00:00,0.0,0.924,0.0525,23.3
2023-11-24 08:00:00,0.0,0.908,0.0502,24.38
2023-11-24 09:00:00,0.0,0.876,0.0505,24.89
2023-11-24 10:00:00,0.0,0.883,0.05,25.7
2023-11-24 11:00:00,0.0,0.896,0.0516,26.74
2023-11-24 12:00:00,0.0,0.884,0.05,27.57
2023-11-24 13:00:00,0.0,0.885,0.053,28.32
2023-11-24 14:00:00,0.0,0.903,0.05,27.97
2023-11-24 15:00:00,0.0,0.897,0.0515,29.09
2023-11-24 16:00:00,0.2,0.903,0.0523,28.54
2023-11-24 17:00:00,0.62,0.861,0.05,28.3
2023-11-24 18:00:00,1.11,0.882,0.0578,27.31
2023-11-24 19:00:00,1.53,0.857,0.0597,26.92
2023-11-24 20:00:00,2.19,0.891,0.0654,26.36
2023-11-24 21:00:00,2.18,0.914,0.0789,24.77
2023-11-24 22:00:00,2.7,0.985,0.0951,22.76
2023-11-24 23:00:00,2.98,1.0,0.098,22.59
2023-11-25 00:00:00,3.3,1.084,0.114,21.79
2023-11-25 01:00:00,3.82,1.094,0.1295,20.97
2023-11-25 02:00:00,3.7,1.105,0.1376,20.23
2023-11-25 03:00:00,2.74,1.138,0.1493,20.55
2023-11-25 04:00:00,3.78,1.238,0.1691,21.03
2023-11-25 05:00:00,3.97,1.333,0.1821,20.84
2023-11-25 06:00:00,2.6,1.378,0.1895,22.45
2023-11-25 07:00:00,3.14,1.403,0.1958,22.21
2023-11-25 08:00:00,2.91,1.455,0.209,23.0
2023-11-25 09:00:00,2.56,1.491,0.2209,24.48
2023-11-25 10:00:00,2.56,1.493,0.2184,24.61
2023-11-25 11:00:00,2.11,1.53,0.2367,26.63
2023-11-25 12:00:00,1.29,1.56,0.2408,27.38
2023-11-25 13:00:00,0.91,1.611,0.2442,28.56
2023-11-25 14:00:00,0.57,1.584,0.2427,27.8
2023-11-25 15:00:00,0.25,1.569,0.2388,29.2
2023-11-25 16:00:00,0.0,1.526,0.2377,28.79
2023-11-25 17:00:00,0.0,1.517,0.232,29.1
2023-11-25 18:00:00,0.0,1.475,0.2293,27.59
2023-11-25 19:00:00,0.0,1.462,0.2302,27.02
2023-11-25 20:00:00,0.0,1.439,0.2245,26.2
2023-11-25 21:00:00,0.0,1.425,0.224,23.83
2023-11-25 22:00:00,0.0,1.408,0.2301,24.37
2023-11-25 23:00:00,0.0,1.37,0.2197,22.78
2023-11-26 00:00:00,0.0,1.35,0.2212,21.35
2023-11-26 01:00:00,0.0,1.329,0.2142,21.31
2023-11-26 02:00:00,0.0,1.307,0.2151,21.53
2023-11-26 03:00:00,0.0,1.292,0.2138,20.64
2023-11-26 04:00:00,0.0,1.278,0.2145,21.0
2023-11-26 05:00:00,,1.246,,20.35
2023-11-26 06:00:00,0.0,1.249,0.2113,21.56
2023-11-26 07:00:00,0.0,1.281,0.209,23.17
2023-11-26 08:00:00,0.0,1.297,0.2083,24.31
2023-11-26 09:00:00,0.0,1.293,0.2023,24.92
2023-11-26 10:00:00,0.0,1.233,0.2008,26.14
2023-11-26 11:00:00,0.0,1.215,0.2061,26.61
2023-11-26 12:00:00,0.0,1.194,0.2002,27.65
2023-11-26 13:00:00,0.0,1.177,0.2006,27.75
2023-11-26 14:00:00,0.0,1.167,0.1993,28.43
2023-11-26 15:00:00,0.0,1.171,0.1965,28.8
2023-11-26 16:00:00,0.0,1.207,0.1904,27.89
2023-11-26 17:00:00,0.0,1.217,0.1864,29.47
2023-11-26 18:00:00,0.0,1.214,0.1896,27.29
2023-11-26 19:00:00,0.0,1.233,0.1893,26.92
2023-11-26 20:00:00,0.0,1.229,0.1918,25.22
2023-11-26 21:00:00,0.0,1.253,0.1922,23.3
2023-11-26 22:00:00,0.0,1.212,0.1858,24.63
2023-11-26 23:00:00,0.0,1.207,0.1832,22.84
2023-11-27 00:00:00,0.0,1.193,0.1821,20.86
2023-11-27 01:00:00,0.0,1.17,0.181,20.8
2023-11-27 02:00:00,0.0,1.168,0.1779,21.95
2023-11-27 03:00:00,0.0,1.15,0.1828,21.02
2023-11-27 04:00:00,0.0,1.177,0.1765,19.62
2023-11-27 05:00:00,0.0,1.172,0.1776,21.06
2023-11-27 06:00:00,0.0,1.169,0.1764,21.86
2023-11-27 07:00:00,0.0,1.123,0.1671,23.04
2023-11-27 08:00:00,0.0,1.103,0.1697,23.74
2023-11-27 09:00:00,0.0,1.134,0.1725,23.91
2023-11-27 10:00:00,0.0,1.137,0.1738,25.49
2023-11-27 11:00:00,0.0,1.152,0.1692,26.32
2023-11-27 12:00:00,0.0,1.145,0.1692,27.98
2023-11-27 13:00:00,0.0,1.128,0.1623,27.97
2023-11-27 14:00:00,0.0,1.144,0.1642,28.36
2023-11-27 15:00:00,0.0,1.105,0.159,28.65
2023-11-27 16:00:00,0.0,1.107,0.1633,28.21
2023-11-27 17:00:00,0.0,1.098,0.1596,28.99
2023-11-27 18:00:00,0.0,1.11,0.1632,28.17
2023-11-27 19:00:00,0.0,1.081,0.1565,27.36
2023-11-27 20:00:00,0.0,1.089,0.1506,25.19
2023-11-27 21:00:00,0.0,1.084,0.1551,24.95
2023-11-27 22:00:00,0.0,1.117,0.1515,24.14
2023-11-27 23:00:00,0.0,1.097,0.1547,22.26
2023-11-28 00:00:00,0.0,1.127,0.1487,21.33
2023-11-28 01:00:00,0.0,1.124,0.1537,20.78
2023-11-28 02:00:00,0.0,1.107,0.1448,20.15
2023-11-28 03:00:00,0.0,1.111,0.1523,21.27
2023-11-28 04:00:00,0.0,1.093,0.1429,21.36
2023-11-28 05:00:00,0.0,1.1,0.1437,21.12
2023-11-28 06:00:00,0.0,1.097,0.1472,21.88
2023-11-28 07:00:00,0.0,1.118,0.1505,22.4
2023-11-28 08:00:00,0.0,1.089,0.1432,24.86
2023-11-28 09:00:00,0.0,1.103,0.1376,24.52
2023-11-28 10:00:00,0.0,1.086,0.1337,25.51
2023-11-28 11:00:00,0.0,1.133,0.1423,26.68
2023-11-28 12:00:00,0.0,1.1,0.1432,26.91
2023-11-28 13:00:00,0.0,1.121,0.1402,28.34
2023-11-28 14:00:00,0.0,1.105,0.1361,29.32
2023-11-28 15:00:00,0.0,1.14,0.132,28.65
2023-11-28 16:00:00,0.0,1.106,0.1346,29.01
2023-11-28 17:00:00,0.0,1.075,0.1329,27.23
2023-11-28 18:00:00,0.0,1.048,0.1366,27.09
2023-11-28 19:00:00,0.0,1.057,0.1311,26.79
2023-11-28 20:00:00,0.0,1.095,0.1312,24.85
2023-11-28 21:00:00,0.0,1.08,0.1271,24.91
2023-11-28 22:00:00,0.0,1.078,0.1236,23.55
2023-11-28 23:00:00,0.0,1.067,0.1255,22.89
2023-11-29 00:00:00,0.0,1.076,0.1175,21.76
2023-11-29 01:00:00,0.0,1.052,0.1239,21.16
2023-11-29 02:00:00,0.0,1.034,0.1242,19.54
2023-11-29 03:00:00,0.0,0.989,0.1208,20.16
2023-11-29 04:00:00,0.0,1.012,0.1228,21.1
2023-11-29 05:00:00,0.0,1.043,0.1242,20.54
2023-11-29 06:00:00,0.0,1.079,0.1206,21.39
2023-11-29 07:00:00,0.0,1.065,0.1191,22.49
2023-11-29 08:00:00,0.0,1.052,0.1173,23.5
2023-11-29 09:00:00,0.0,1.037,0.1167,25.07
2023-11-29 10:00:00,0.0,1.031,0.1225,25.86
2023-11-29 11:00:00,0.0,1.01,0.1132,26.38
2023-11-29 12:00:00,0.0,0.971,0.1126,26.68
2023-11-29 13:00:00,0.0,1.005,0.1162,29.7
2023-11-29 14:00:00,0.0,0.977,0.11,28.59
2023-11-29 15:00:00,0.0,1.025,0.1139,29.17
2023-11-29 16:00:00,0.0,1.026,0.1074,27.38
2023-11-29 17:00:00,0.0,1.063,0.1092,27.99
2023-11-29 18:00:00,0.0,1.058,0.1111,27.33
2023-11-29 19:00:00,0.0,1.037,0.1037,26.48
2023-11-29 20:00:00,0.0,1.01,0.1086,26.13
2023-11-29 21:00:00,0.0,0.998,0.1083,24.58
2023-11-29 22:00:00,0.0,0.975,0.104,23.46
2023-11-29 23:00:00,0.0,0.995,0.1079,22.7
2023-11-30 00:00:00,0.0,1.029,0.1029,21.86
2023-11-30 01:00:00,0.0,1.039,0.1024,20.61
2023-11-30 02:00:00,0.0,1.067,0.1042,21.31
2023-11-30 03:00:00,0.0,1.045,0.1051,20.39
2023-11-30 04:00:00,0.0,1.031,0.0923,20.76
2023-11-30 05:00:00,0.0,1.014,0.0939,21.96
2023-11-30 06:00:00,0.0,1.006,0.0955,23.3
2023-11-30 07:00:00,0.0,1.005,0.1005,22.91
2023-11-30 08:00:00,0.0,0.985,0.0986,22.77
2023-11-30 09:00:00,0.0,0.963,0.0915,24.53
2023-11-30 10:00:00,0.0,0.981,0.1022,26.57
2023-11-30 11:00:00,0.0,0.986,0.0972,26.56
2023-11-30 12:00:00,0.0,0.956,0.0939,27.92
2023-11-30 13:00:00,0.0,0.942,0.0953,28.55
2023-11-30 14:00:00,0.0,0.944,0.092,28.19
2023-11-30 15:00:00,0.0,0.996,0.0953,29.62
2023-11-30 16:00:00,0.0,0.986,0.0951,28.75
2023-11-30 17:00:00,0.0,0.978,0.095,28.13
2023-11-30 18:00:00,0.0,1.015,0.0909,27.42
2023-11-30 19:00:00,0.0,1.057,0.089,26.09
2023-11-30 20:00:00,0.0,1.039,0.0911,25.32
2023-11-30 21:00:00,0.0,0.987,0.0924,24.16
2023-11-30 22:00:00,0.0,0.958,0.0858,24.78
2023-11-30 23:00:00,0.0,0.984,0.0903,23.19
2023-12-01 00:00:00,0.0,0.984,0.0838,21.31
2023-12-01 01:00:00,0.0,0.997,0.0825,22.1
2023-12-01 02:00:00,0.0,0.998,0.0854,21.46
2023-12-01 03:00:00,0.0,0.984,0.0816,20.32
2023-12-01 04:00:00,0.0,0.945,0.0775,21.04
2023-12-01 05:00:00,0.0,0.961,0.0821,20.84
2023-12-01 06:00:00,1.2,1.001,0.0942,22.21
2023-12-01 07:00:00,3.52,1.0,0.0948,22.54
2023-12-01 08:00:00,4.56,1.073,0.1205,22.94
2023-12-01 09:00:00,8.53,1.099,0.1504,23.17
2023-12-01 10:00:00,8.42,1.195,0.1816,24.8
2023-12-01 11:00:00,10.58,1.298,0.222,25.83
2023-12-01 12:00:00,13.1,1.481,0.2752,26.81
2023-12-01 13:00:00,11.36,1.652,0.3171,27.29
2023-12-01 14:00:00,15.52,1.894,0.379,27.42
2023-12-01 15:00:00,15.95,2.173,0.4443,26.67
2023-12-01 16:00:00,13.98,2.483,0.4906,26.12
2023-12-01 17:00:00,12.59,2.748,0.4982,26.0
2023-12-01 18:00:00,11.14,3.041,0.5,26.21
2023-12-01 19:00:00,12.1,3.324,0.4981,25.05
2023-12-01 20:00:00,8.92,3.577,0.4986,24.72
2023-12-01 21:00:00,8.65,3.776,0.498,24.15
2023-12-01 22:00:00,6.18,3.893,0.5,23.3
2023-12-01 23:00:00,3.25,3.986,0.5,21.15
2023-12-02 00:00:00,1.04,4.02,0.4995,22.97
2023-12-02 01:00:00,0.0,3.97,0.4924,21.34
2023-12-02 02:00:00,0.0,3.874,0.4909,20.89
2023-12-02 03:00:00,0.0,3.703,0.4904,20.54
2023-12-02 04:00:00,0.0,3.523,0.491,20.61
2023-12-02 05:00:00,0.0,3.278,0.4751,21.7
2023-12-02 06:00:00,0.0,3.073,0.4818,21.3
2023-12-02 07:00:00,0.0,2.872,0.4796,22.76
2023-12-02 08:00:00,0.0,2.677,0.476,24.33
2023-12-02 09:00:00,0.0,2.521,0.4723,24.71
2023-12-02 10:00:00,0.0,2.393,0.4694,25.9
2023-12-02 11:00:00,0.0,2.246,0.4617,25.91
2023-12-02 12:00:00,0.0,2.142,,27.85
2023-12-02 13:00:00,0.0,2.04,0.4483,28.26
2023-12-02 14:00:00,0.0,1.982,0.4483,28.43
2023-12-02 15:00:00,0.0,1.943,0.4463,28.97
2023-12-02 16:00:00,0.0,1.877,0.4397,27.9
2023-12-02 17:00:00,0.0,1.857,0.434,28.98
2023-12-02 18:00:00,0.0,1.801,0.4309,28.89
2023-12-02 19:00:00,0.0,1.747,0.4311,26.31
2023-12-02 20:00:00,0.0,1.66,0.4252,26.23
2023-12-02 21:00:00,0.0,1.636,0.422,24.54
2023-12-02 22:00:00,0.0,1.66,0.4203,22.96
2023-12-02 23:00:00,0.0,1.682,0.4169,23.26
2023-12-03 00:00:00,0.05,1.684,0.4179,21.61
2023-12-03 01:00:00,0.11,1.691,0.4148,21.41
2023-12-03 02:00:00,0.18,1.646,0.4105,21.65
2023-12-03 03:00:00,0.24,1.656,0.4068,20.82
2023-12-03 04:00:00,0.31,1.618,0.4103,20.79
2023-12-03 05:00:00,0.42,1.671,0.4105,20.59
2023-12-03 06:00:00,0.49,1.63,0.4002,21.22
2023-12-03 07:00:00,0.44,1.669,0.4035,22.47
2023-12-03 08:00:00,0.57,1.641,0.4025,23.3
2023-12-03 09:00:00,0.53,1.691,0.3991,24.87
2023-12-03 10:00:00,0.71,1.687,0.4001,25.0
2023-12-03 11:00:00,0.71,1.698,0.3999,26.12
2023-12-03 12:00:00,0.53,1.677,0.4028,27.28
2023-12-03 13:00:00,0.55,1.676,0.3939,28.04
2023-12-03 14:00:00,0.69,1.719,0.3979,28.4
2023-12-03 15:00:00,0.51,1.735,0.3931,28.43
2023-12-03 16:00:00,0.58,1.706,0.3979,27.99
2023-12-03 17:00:00,0.38,1.669,0.3923,28.3
2023-12-03 18:00:00,0.39,1.639,0.3928,27.96
2023-12-03 19:00:00,0.36,1.677,0.3883,26.7
2023-12-03 20:00:00,0.26,1.658,0.3811,25.3
2023-12-03 21:00:00,0.22,1.703,0.3824,23.6
2023-12-03 22:00:00,0.14,1.682,0.3867,24.36
2023-12-03 23:00:00,0.04,1.65,0.3808,22.49
2023-12-04 00:00:00,0.0,1.617,0.3825,22.38
2023-12-04 01:00:00,0.0,1.629,0.3785,21.91
2023-12-04 02:00:00,0.0,1.611,0.3696,21.09
2023-12-04 03:00:00,0.0,1.612,0.3651,21.03
2023-12-04 04:00:00,0.0,1.59,0.3701,21.12
2023-12-04 05:00:00,0.0,1.588,0.3675,20.98
2023-12-04 06:00:00,0.0,1.55,0.3621,21.15
2023-12-04 07:00:00,0.0,1.53,0.355,22.95
2023-12-04 08:00:00,0.0,1.563,0.3552,22.75
2023-12-04 09:00:00,0.0,1.533,0.3546,24.35
2023-12-04 10:00:00,0.0,1.512,0.3535,25.27
2023-12-04 11:00:00,0.0,1.447,0.3452,26.84
2023-12-04 12:00:00,0.0,1.452,0.3481,27.5
2023-12-04 13:00:00,0.0,1.44,0.3443,27.69
2023-12-04 14:00:00,0.0,1.448,0.3411,28.2
2023-12-04 15:00:00,0.0,1.438,0.337,29.53
2023-12-04 16:00:00,0.0,1.438,0.3258,28.02
2023-12-04 17:00:00,0.0,1.434,0.3302,27.92
2023-12-04 18:00:00,0.0,,0.3251,27.67
2023-12-04 19:00:00,0.0,1.446,0.3252,26.59
2023-12-04 20:00:00,0.0,1.443,0.316,25.89
2023-12-04 21:00:00,0.0,1.411,0.3121,25.1
2023-12-04 22:00:00,0.0,1.431,0.3175,24.23
2023-12-04 23:00:00,0.0,1.408,0.3108,22.57
2023-12-05 00:00:00,0.0,1.404,0.305,21.9
2023-12-05 01:00:00,0.0,1.392,0.3062,21.16
2023-12-05 02:00:00,0.0,1.398,0.307,20.21
2023-12-05 03:00:00,0.0,1.396,0.3089,20.62
2023-12-05 04:00:00,0.0,1.425,0.3039,19.83
2023-12-05 05:00:00,0.0,1.421,0.3,21.24
2023-12-05 06:00:00,0.0,1.446,0.2991,20.63
2023-12-05 07:00:00,0.0,1.453,0.3001,22.03
2023-12-05 08:00:00,0.0,1.437,0.2972,23.91
2023-12-05 09:00:00,0.0,1.429,0.2954,24.75
2023-12-05 10:00:00,0.0,1.415,0.2961,25.55
2023-12-05 11:00:00,0.0,1.422,0.2885,26.3
2023-12-05 12:00:00,0.0,1.396,0.288,26.92
2023-12-05 13:00:00,0.0,1.377,0.2768,27.7
2023-12-05 14:00:00,0.0,1.338,0.2811,28.73
2023-12-05 15:00:00,0.0,1.328,0.2739,28.39
2023-12-05 16:00:00,0.0,1.331,0.2735,27.34
2023-12-05 17:00:00,0.0,1.367,0.2716,27.37
2023-12-05 18:00:00,0.0,1.333,0.2706,26.94
2023-12-05 19:00:00,0.0,1.308,0.2665,26.39
2023-12-05 20:00:00,0.0,1.282,0.2649,25.41
2023-12-05 21:00:00,0.0,1.312,0.266,23.99
2023-12-05 22:00:00,0.0,1.275,0.2623,23.79
2023-12-05 23:00:00,0.0,1.271,0.2601,21.53
2023-12-06 00:00:00,0.0,1.27,0.2586,21.29
2023-12-06 01:00:00,0.0,1.294,0.2563,21.42
2023-12-06 02:00:00,0.0,1.338,0.2583,20.9
2023-12-06 03:00:00,0.0,1.321,0.2535,20.36
2023-12-06 04:00:00,0.0,1.338,0.2589,21.1
2023-12-06 05:00:00,0.0,1.268,0.2518,21.16
2023-12-06 06:00:00,0.0,1.256,0.251,21.7
2023-12-06 07:00:00,0.0,,0.2461,22.79
2023-12-06 08:00:00,0.0,1.281,0.2468,23.66
2023-12-06 09:00:00,0.0,1.294,0.2463,25.16
2023-12-06 10:00:00,0.0,1.263,0.2419,25.39
2023-12-06 11:00:00,0.0,1.276,0.238,26.37
2023-12-06 12:00:00,0.0,1.263,0.2403,27.42
2023-12-06 13:00:00,0.0,1.263,0.2407,27.97
2023-12-06 14:00:00,0.0,1.233,0.2281,29.28
2023-12-06 15:00:00,0.0,1.249,0.2289,28.75
2023-12-06 16:00:00,0.0,1.225,0.2281,27.99
2023-12-06 17:00:00,0.0,1.211,0.2251,27.21
2023-12-06 18:00:00,0.0,1.185,0.2239,28.11
2023-12-06 19:00:00,0.0,1.207,0.2192,26.3
2023-12-06 20:00:00,0.0,1.231,0.2232,25.69
2023-12-06 21:00:00,0.0,1.24,0.2187,24.48
2023-12-06 22:00:00,1.98,1.271,0.2257,23.66
2023-12-06 23:00:00,4.83,1.304,0.2419,21.73
2023-12-07 00:00:00,7.6,1.398,0.2695,20.94
2023-12-07 01:00:00,11.42,1.479,0.3137,19.59
2023-12-07 02:00:00,13.35,1.653,0.372,20.66
2023-12-07 03:00:00,13.83,1.861,0.4175,18.7
2023-12-07 04:00:00,15.85,2.177,0.4802,19.3
2023-12-07 05:00:00,17.13,2.406,0.4946,20.71
2023-12-07 06:00:00,14.74,2.699,0.5,20.71
2023-12-07 07:00:00,11.94,3.031,0.5,21.26
2023-12-07 08:00:00,14.19,3.378,0.4947,22.09
2023-12-07 09:00:00,9.79,3.617,0.4978,23.08
2023-12-07 10:00:00,6.2,3.84,0.4976,25.72
2023-12-07 11:00:00,1.87,3.988,0.4989,26.16
2023-12-07 12:00:00,0.0,4.086,0.4972,27.26
2023-12-07 13:00:00,0.0,4.069,0.491,27.49
2023-12-07 14:00:00,0.0,3.974,0.4865,28.17
2023-12-07 15:00:00,0.0,3.807,0.4777,28.5
2023-12-07 16:00:00,0.0,3.631,0.4772,28.87
2023-12-07 17:00:00,0.0,3.373,0.4758,28.06
2023-12-07 18:00:00,0.0,3.153,0.469,27.84
2023-12-07 19:00:00,0.0,2.876,0.4588,25.32
2023-12-07 20:00:00,0.0,2.731,0.4647,26.2
2023-12-07 21:00:00,0.0,2.554,0.4615,23.79
2023-12-07 22:00:00,0.0,2.437,0.4557,23.81
2023-12-07 23:00:00,0.0,2.299,0.4539,
2023-12-08 00:00:00,0.0,2.178,0.4495,21.64
2023-12-08 01:00:00,0.0,2.023,0.4471,21.45
2023-12-08 02:00:00,0.0,1.96,0.4407,20.15
2023-12-08 03:00:00,0.0,1.91,0.4421,20.45
2023-12-08 04:00:00,0.0,1.877,0.4302,21.04
2023-12-08 05:00:00,0.0,1.828,0.4336,21.34
2023-12-08 06:00:00,0.0,1.776,0.434,20.83
2023-12-08 07:00:00,0.0,1.738,0.4326,22.94
2023-12-08 08:00:00,0.0,1.69,0.4261,24.26
2023-12-08 09:00:00,0.0,1.669,0.4251,25.04
2023-12-08 10:00:00,0.0,1.653,0.418,24.86
2023-12-08 11:00:00,0.0,1.676,0.4166,25.89
2023-12-08 12:00:00,0.0,1.669,0.4131,27.3
2023-12-08 13:00:00,0.0,1.636,0.4,28.19
2023-12-08 14:00:00,0.0,1.616,0.4056,28.74
2023-12-08 15:00:00,0.0,1.606,0.3999,28.04
2023-12-08 16:00:00,0.0,1.59,0.3965,28.26
2023-12-08 17:00:00,0.0,1.614,0.395,27.49
2023-12-08 18:00:00,0.0,1.599,0.3873,26.76
2023-12-08 19:00:00,0.0,1.614,0.3856,26.64
2023-12-08 20:00:00,0.0,1.58,0.3825,25.44
2023-12-08 21:00:00,0.0,1.606,0.3805,24.66
2023-12-08 22:00:00,0.0,1.591,0.3701,23.12
2023-12-08 23:00:00,0.0,1.616,0.3759,22.77
2023-12-09 00:00:00,0.0,1.595,0.3736,21.02
2023-12-09 01:00:00,0.0,1.567,0.3653,20.72
2023-12-09 02:00:00,0.0,1.544,0.3647,19.99
2023-12-09 03:00:00,0.0,1.543,0.3681,20.55
2023-12-09 04:00:00,0.0,1.554,0.3593,21.45
2023-12-09 05:00:00,0.0,1.579,0.3644,21.13
2023-12-09 06:00:00,0.0,1.546,0.3548,21.53
2023-12-09 07:00:00,0.0,1.489,0.358,22.31
2023-12-09 08:00:00,0.0,1.457,0.3496,23.09
2023-12-09 09:00:00,0.0,1.453,0.3522,24.96
2023-12-09 10:00:00,0.0,1.474,0.3475,25.65
2023-12-09 11:00:00,0.0,1.453,0.3447,25.57
2023-12-09 12:00:00,0.0,1.434,0.3377,27.78
2023-12-09 13:00:00,0.0,1.431,0.3377,27.44
2023-12-09 14:00:00,0.0,1.417,0.3323,27.95
2023-12-09 15:00:00,0.0,1.439,0.3288,28.61
2023-12-09 16:00:00,0.0,1.469,0.3324,27.98
2023-12-09 17:00:00,0.0,1.504,0.3339,29.0
2023-12-09 18:00:00,0.0,1.485,0.3201,27.12
2023-12-09 19:00:00,0.0,1.47,0.3209,26.73
2023-12-09 20:00:00,0.0,1.429,0.3199,24.67
2023-12-09 21:00:00,0.0,1.367,0.3128,24.1
2023-12-09 22:00:00,0.0,1.358,0.3097,23.31
2023-12-09 23:00:00,0.0,1.402,0.3101,22.91
2023-12-10 00:00:00,0.0,1.443,0.3082,21.02
2023-12-10 01:00:00,0.0,1.421,0.2985,21.52
2023-12-10 02:00:00,0.0,1.411,0.305,20.58
2023-12-10 03:00:00,0.0,1.409,0.3047,20.55
2023-12-10 04:00:00,0.0,1.414,0.302,20.15
2023-12-10 05:00:00,0.0,1.409,0.2978,20.44
2023-12-10 06:00:00,0.0,1.378,0.2924,20.47
2023-12-10 07:00:00,0.0,1.348,0.2961,22.53
2023-12-10 08:00:00,0.0,1.322,0.2902,23.66
2023-12-10 09:00:00,0.0,1.327,0.2893,24.2
2023-12-10 10:00:00,0.0,1.35,0.288,24.63
2023-12-10 11:00:00,0.0,1.395,0.288,26.11
2023-12-10 12:00:00,0.0,1.388,0.2861,27.4
2023-12-10 13:00:00,0.0,1.355,0.281,27.94
2023-12-10 14:00:00,0.0,1.33,0.2778,28.58
2023-12-10 15:00:00,0.0,1.33,0.2775,27.58
2023-12-10 16:00:00,0.0,1.356,0.2701,28.05
2023-12-10 17:00:00,0.0,1.36,0.2682,27.8
2023-12-10 18:00:00,0.0,1.386,0.2722,27.53
2023-12-10 19:00:00,0.0,1.338,0.2699,26.08
2023-12-10 20:00:00,0.0,1.292,0.258,25.69
2023-12-10 21:00:00,0.0,1.303,0.2598,23.91
2023-12-10 22:00:00,0.0,,0.2622,23.46
2023-12-10 23:00:00,0.0,1.293,0.2588,22.24
2023-12-11 00:00:00,0.0,1.298,0.2555,21.36
2023-12-11 01:00:00,0.0,1.287,0.2505,22.1
2023-12-11 02:00:00,0.0,1.33,0.2511,20.33
2023-12-11 03:00:00,0.0,1.304,0.2486,20.15
2023-12-11 04:00:00,0.0,1.317,0.2537,19.78
2023-12-11 05:00:00,0.0,1.316,0.2457,21.39
2023-12-11 06:00:00,0.0,1.308,0.2467,21.26
2023-12-11 07:00:00,0.0,1.303,0.2459,22.34
2023-12-11 08:00:00,0.0,1.318,0.2426,22.9
2023-12-11 09:00:00,0.0,1.29,0.2409,24.57
2023-12-11 10:00:00,0.0,1.287,0.2351,25.86
2023-12-11 11:00:00,0.0,1.253,0.2357,27.01
2023-12-11 12:00:00,0.0,,0.2338,27.13
2023-12-11 13:00:00,0.0,1.311,0.2308,27.53
2023-12-11 14:00:00,0.0,1.314,0.2347,27.89
2023-12-11 15:00:00,0.0,1.285,0.2341,28.37
2023-12-11 16:00:00,0.0,1.246,0.2292,28.35
2023-12-11 17:00:00,0.0,1.242,0.2287,28.1
2023-12-11 18:00:00,0.0,1.263,0.2203,26.76
2023-12-11 19:00:00,0.0,1.27,0.2197,26.43
2023-12-11 20:00:00,0.0,1.26,0.216,24.89
2023-12-11 21:00:00,0.0,1.235,0.2172,24.3
2023-12-11 22:00:00,0.0,1.221,0.2125,24.02
2023-12-11 23:00:00,0.0,1.225,0.2105,22.25
2023-12-12 00:00:00,0.0,1.193,0.2042,21.07
2023-12-12 01:00:00,0.0,1.179,0.2124,21.05
2023-12-12 02:00:00,0.0,1.184,0.2132,20.92
2023-12-12 03:00:00,0.0,1.191,0.2116,19.95
2023-12-12 04:00:00,0.0,1.187,0.2095,19.79
2023-12-12 05:00:00,0.0,1.183,0.2083,20.47
2023-12-12 06:00:00,0.0,1.169,0.2036,21.29
2023-12-12 07:00:00,0.0,1.177,0.1983,23.09
2023-12-12 08:00:00,0.0,1.184,0.1984,22.6
2023-12-12 09:00:00,0.0,1.187,0.1992,23.49
2023-12-12 10:00:00,0.0,1.186,0.192,25.51
2023-12-12 11:00:00,0.0,1.2,0.1985,25.98
2023-12-12 12:00:00,0.0,1.198,0.1964,26.67
2023-12-12 13:00:00,0.0,1.211,0.1949,28.12
2023-12-12 14:00:00,0.0,1.183,0.1943,28.25
2023-12-12 15:00:00,0.0,1.186,0.1843,28.84
2023-12-12 16:00:00,0.0,1.145,0.1855,28.57
2023-12-12 17:00:00,0.0,1.139,0.1828,27.2
2023-12-12 18:00:00,0.0,1.158,0.1829,26.32
2023-12-12 19:00:00,0.0,1.2,0.1809,26.9
2023-12-12 20:00:00,0.0,1.218,0.175,25.31
2023-12-12 21:00:00,0.0,1.2,0.1821,25.84
2023-12-12 22:00:00,0.0,1.155,0.1827,23.78
2023-12-12 23:00:00,0.0,1.094,0.1752,23.02
2023-12-13 00:00:00,0.0,1.104,0.1744,21.01
2023-12-13 01:00:00,0.0,1.098,0.1777,20.81
2023-12-13 02:00:00,0.0,1.115,0.1738,20.85
2023-12-13 03:00:00,0.0,1.121,0.1746,20.27
2023-12-13 04:00:00,0.0,1.123,0.1688,20.48
2023-12-13 05:00:00,0.0,1.135,0.1726,20.97
2023-12-13 06:00:00,0.0,1.116,0.1709,21.12
2023-12-13 07:00:00,0.0,1.132,0.1672,21.87
2023-12-13 08:00:00,0.0,1.133,0.1672,23.19
2023-12-13 09:00:00,0.0,1.115,0.1597,24.11
2023-12-13 10:00:00,0.0,1.092,0.1639,24.91
2023-12-13 11:00:00,0.0,1.124,0.1634,26.25
2023-12-13 12:00:00,0.0,1.119,0.1607,26.49
2023-12-13 13:00:00,0.0,1.121,0.1579,28.16
2023-12-13 14:00:00,0.0,1.119,0.1631,28.47
2023-12-13 15:00:00,0.0,1.123,0.1611,28.65
2023-12-13 16:00:00,0.0,1.144,0.1561,27.76
2023-12-13 17:00:00,0.0,1.124,0.1557,27.29
2023-12-13 18:00:00,0.0,1.114,0.1477,27.8
2023-12-13 19:00:00,0.0,1.108,0.1485,26.21
2023-12-13 20:00:00,0.0,1.109,0.1492,25.63
2023-12-13 21:00:00,0.0,1.082,0.1463,23.74
2023-12-13 22:00:00,0.0,1.077,0.1514,23.13
2023-12-13 23:00:00,0.0,1.03,0.1455,22.91
2023-12-14 00:00:00,0.0,1.052,0.1427,21.53
2023-12-14 01:00:00,0.0,1.065,0.1515,20.7
2023-12-14 02:00:00,0.0,1.077,0.1501,20.71
2023-12-14 03:00:00,0.0,1.068,0.1458,20.45
2023-12-14 04:00:00,0.0,1.063,0.1369,21.47
2023-12-14 05:00:00,0.0,1.121,0.1462,20.85
2023-12-14 06:00:00,0.0,1.073,0.1452,21.79
2023-12-14 07:00:00,0.0,1.046,0.1347,22.22
2023-12-14 08:00:00,0.0,1.012,0.1321,22.76
2023-12-14 09:00:00,0.0,1.069,0.1361,24.5
2023-12-14 10:00:00,0.0,1.081,0.1378,24.59
2023-12-14 11:00:00,0.0,1.122,0.1398,26.78
2023-12-14 12:00:00,0.0,1.115,0.1287,26.46
2023-12-14 13:00:00,0.0,1.144,0.1386,27.31
2023-12-14 14:00:00,0.0,1.098,0.1269,27.67
2023-12-14 15:00:00,0.0,1.059,0.1333,28.6
2023-12-14 16:00:00,0.0,1.05,0.1294,27.59
2023-12-14 17:00:00,0.0,1.086,0.1321,28.01
2023-12-14 18:00:00,0.0,1.123,0.1283,26.78
2023-12-14 19:00:00,0.69,1.105,0.1287,26.16
2023-12-14 20:00:00,2.2,1.086,0.1387,24.84
2023-12-14 21:00:00,3.79,1.118,0.1483,25.07
2023-12-14 22:00:00,4.05,1.154,0.1655,22.02
2023-12-14 23:00:00,6.65,1.227,0.1873,21.87
2023-12-15 00:00:00,6.42,1.281,0.218,20.79
2023-12-15 01:00:00,7.14,1.397,0.2467,19.7
2023-12-15 02:00:00,8.7,1.523,0.2778,19.73
2023-12-15 03:00:00,7.55,1.678,0.3058,19.03
2023-12-15 04:00:00,8.65,1.832,0.3371,19.0
2023-12-15 05:00:00,7.81,2.017,0.3745,19.45
2023-12-15 06:00:00,6.09,2.16,0.3893,20.87
2023-12-15 07:00:00,5.24,2.318,0.4031,21.44
2023-12-15 08:00:00,6.53,2.465,0.4328,22.15
2023-12-15 09:00:00,5.18,2.596,0.4487,23.92
2023-12-15 10:00:00,3.97,2.677,0.467,25.45
2023-12-15 11:00:00,2.18,2.731,0.4657,25.34
2023-12-15 12:00:00,0.73,2.723,0.4605,27.19
2023-12-15 13:00:00,0.0,2.756,0.4654,27.99
2023-12-15 14:00:00,0.0,2.722,0.4568,28.77
2023-12-15 15:00:00,0.0,2.631,0.45,28.12
2023-12-15 16:00:00,0.0,2.553,0.4541,28.9
2023-12-15 17:00:00,0.0,2.412,0.4431,28.02
2023-12-15 18:00:00,0.0,2.348,0.4378,26.16
2023-12-15 19:00:00,0.0,2.283,0.4386,26.42
2023-12-15 20:00:00,0.0,2.18,0.4351,25.29
2023-12-15 21:00:00,0.0,2.084,0.4315,24.76
2023-12-15 22:00:00,0.0,2.04,0.4296,23.82
2023-12-15 23:00:00,0.0,1.978,0.417,21.78
2023-12-16 00:00:00,0.0,1.927,0.4223,21.87
2023-12-16 01:00:00,0.0,1.825,0.4174,20.72
2023-12-16 02:00:00,0.0,1.797,0.4151,20.03
2023-12-16 03:00:00,0.0,1.782,0.4105,20.97
2023-12-16 04:00:00,0.0,1.773,0.4083,20.15
2023-12-16 05:00:00,0.0,1.718,0.4062,20.8
2023-12-16 06:00:00,0.0,1.696,0.4047,21.38
2023-12-16 07:00:00,0.0,1.637,0.3949,22.5
2023-12-16 08:00:00,0.0,1.652,0.4006,23.87
2023-12-16 09:00:00,0.0,1.615,0.3982,25.05
2023-12-16 10:00:00,0.0,1.613,0.3934,25.73
2023-12-16 11:00:00,0.0,1.597,0.3905,25.4
2023-12-16 12:00:00,0.0,1.615,0.3881,27.8
2023-12-16 13:00:00,0.0,1.586,0.3824,28.01
2023-12-16 14:00:00,0.0,1.61,0.3846,28.66
2023-12-16 15:00:00,0.0,1.575,0.3746,28.1
2023-12-16 16:00:00,0.0,1.559,0.374,28.1
2023-12-16 17:00:00,0.0,1.511,0.365,28.19
2023-12-16 18:00:00,0.0,1.51,0.3638,28.08
2023-12-16 19:00:00,0.0,1.504,0.3645,26.34
2023-12-16 20:00:00,0.0,,0.3578,24.66
2023-12-16 21:00:00,0.0,1.481,0.3538,24.55
2023-12-16 22:00:00,0.0,1.496,0.354,23.12
2023-12-16 23:00:00,0.0,1.494,0.3507,21.72
2023-12-17 00:00:00,0.0,1.513,0.3455,21.33
2023-12-17 01:00:00,0.0,1.527,0.3449,21.0
2023-12-17 02:00:00,0.0,1.498,0.3445,20.89
2023-12-17 03:00:00,0.0,1.456,0.3345,19.99
2023-12-17 04:00:00,0.0,1.472,0.3398,
2023-12-17 05:00:00,0.0,1.479,0.3349,20.71
2023-12-17 06:00:00,0.0,1.476,0.3345,22.28
2023-12-17 07:00:00,0.0,1.442,0.329,22.9
2023-12-17 08:00:00,0.0,1.466,0.3293,23.47
2023-12-17 09:00:00,0.0,1.459,0.3332,24.49
2023-12-17 10:00:00,0.0,1.439,0.3221,25.1
2023-12-17 11:00:00,0.0,1.399,0.3204,26.61
2023-12-17 12:00:00,0.0,1.426,0.3185,26.56
2023-12-17 13:00:00,0.0,1.399,0.3102,27.93
2023-12-17 14:00:00,0.0,1.401,0.3086,27.07
2023-12-17 15:00:00,0.0,1.39,0.3127,27.41
2023-12-17 16:00:00,0.0,1.397,0.3065,27.12
2023-12-17 17:00:00,0.0,1.412,0.3107,28.63
2023-12-17 18:00:00,0.0,1.395,0.2998,26.98
2023-12-17 19:00:00,0.0,1.373,0.3057,25.55
2023-12-17 20:00:00,0.0,1.364,0.2923,26.48
2023-12-17 21:00:00,0.0,1.374,0.2949,23.84
2023-12-17 22:00:00,0.0,1.399,0.2905,23.45
2023-12-17 23:00:00,0.0,1.352,0.2935,21.84
2023-12-18 00:00:00,0.0,1.335,0.2873,21.78
2023-12-18 01:00:00,0.0,1.319,0.2858,20.74
2023-12-18 02:00:00,0.0,1.349,0.2854,19.97
2023-12-18 03:00:00,0.0,1.361,0.2917,19.54
2023-12-18 04:00:00,0.0,1.382,0.2865,19.99
2023-12-18 05:00:00,0.0,1.409,0.2792,20.24
2023-12-18 06:00:00,0.0,1.423,0.276,20.5
2023-12-18 07:00:00,0.0,1.397,0.2742,22.58
2023-12-18 08:00:00,0.0,1.388,0.2715,23.73
2023-12-18 09:00:00,0.0,1.401,0.2758,23.87
2023-12-18 10:00:00,0.0,1.39,0.2684,24.2
2023-12-18 11:00:00,0.0,1.339,0.272,26.39
2023-12-18 12:00:00,0.0,1.295,0.2696,27.11
2023-12-18 13:00:00,0.0,1.245,0.2631,27.17
2023-12-18 14:00:00,0.0,1.255,0.2567,28.04
2023-12-18 15:00:00,0.0,1.28,0.2612,26.83
2023-12-18 16:00:00,0.0,1.27,0.2527,28.08
2023-12-18 17:00:00,0.0,1.296,0.2542,27.6
2023-12-18 18:00:00,0.0,1.302,0.2564,27.7
2023-12-18 19:00:00,0.0,1.272,0.2425,26.33
2023-12-18 20:00:00,0.0,1.27,0.2469,25.29
2023-12-18 21:00:00,0.0,1.231,0.2438,25.19
2023-12-18 22:00:00,0.0,1.294,0.2426,22.78
2023-12-18 23:00:00,0.0,1.26,0.2381,21.46
2023-12-19 00:00:00,0.0,1.292,0.247,21.82
2023-12-19 01:00:00,0.0,1.235,0.2397,21.25
2023-12-19 02:00:00,0.0,1.242,0.2315,20.86
2023-12-19 03:00:00,0.0,1.262,0.2373,20.07
2023-12-19 04:00:00,0.0,1.245,0.2382,19.97
2023-12-19 05:00:00,0.0,1.234,0.2332,20.1
2023-12-19 06:00:00,0.0,1.239,0.2368,20.92
2023-12-19 07:00:00,0.0,1.23,0.2241,21.44
2023-12-19 08:00:00,0.0,1.271,0.2322,22.93
2023-12-19 09:00:00,0.0,1.262,0.2261,25.02
2023-12-19 10:00:00,0.0,1.259,0.2224,24.95
2023-12-19 11:00:00,0.0,1.241,0.2256,26.25
2023-12-19 12:00:00,0.0,1.252,0.2235,27.29
2023-12-19 13:00:00,0.0,1.262,0.2238,27.47
2023-12-19 14:00:00,0.0,1.216,0.2216,27.87
2023-12-19 15:00:00,0.0,1.19,0.2153,28.83
2023-12-19 16:00:00,0.0,1.165,0.2083,28.15
2023-12-19 17:00:00,0.0,1.179,0.2057,28.22
2023-12-19 18:00:00,0.0,1.16,0.204,28.21
2023-12-19 19:00:00,0.0,1.189,0.2062,25.75
2023-12-19 20:00:00,0.0,1.212,0.2065,25.15
2023-12-19 21:00:00,0.0,1.223,0.2059,24.11
2023-12-19 22:00:00,0.0,1.207,0.2045,22.91
2023-12-19 23:00:00,0.0,1.214,0.1989,21.97
2023-12-20 00:00:00,0.0,1.242,0.2041,22.04
2023-12-20 01:00:00,0.0,1.258,0.2036,20.76
2023-12-20 02:00:00,0.0,1.224,0.1944,21.55
2023-12-20 03:00:00,0.0,1.23,0.1959,19.97
2023-12-20 04:00:00,0.0,1.206,0.197,21.06
2023-12-20 05:00:00,0.0,1.224,0.1981,21.59
2023-12-20 06:00:00,0.0,1.233,0.1942,21.3
2023-12-20 07:00:00,0.0,1.23,0.1893,22.4
2023-12-20 08:00:00,0.0,1.183,0.1866,23.58
2023-12-20 09:00:00,0.0,1.154,0.185,23.89
2023-12-20 10:00:00,0.0,1.151,0.1859,26.04
2023-12-20 11:00:00,0.0,1.179,0.1836,25.77
2023-12-20 12:00:00,0.0,1.163,0.1796,26.74
2023-12-20 13:00:00,0.0,1.175,0.184,27.38
2023-12-20 14:00:00,0.0,1.164,0.1791,28.15
2023-12-20 15:00:00,0.0,1.16,0.1798,28.34
2023-12-20 16:00:00,0.0,1.15,0.173,27.72
2023-12-20 17:00:00,0.0,1.155,0.1783,27.58
2023-12-20 18:00:00,0.0,1.125,0.1763,26.44
2023-12-20 19:00:00,0.0,1.116,0.1757,26.75
2023-12-20 20:00:00,0.0,1.077,0.1705,25.55
2023-12-20 21:00:00,0.0,1.134,0.1688,24.0
2023-12-20 22:00:00,0.0,1.129,0.1702,23.04
2023-12-20 23:00:00,0.0,1.148,0.1711,21.84
2023-12-21 00:00:00,0.0,1.128,0.166,20.86
2023-12-21 01:00:00,0.0,1.087,0.1604,20.15
2023-12-21 02:00:00,0.0,1.079,0.1628,19.83
2023-12-21 03:00:00,0.0,1.096,0.1672,20.63
2023-12-21 04:00:00,0.0,1.129,0.1644,20.81
2023-12-21 05:00:00,0.0,1.12,0.162,20.01
2023-12-21 06:00:00,0.0,1.079,0.1588,21.68
2023-12-21 07:00:00,0.0,1.068,0.1641,21.54
2023-12-21 08:00:00,0.0,1.063,0.1547,23.5
2023-12-21 09:00:00,0.0,1.073,0.1566,24.2
2023-12-21 10:00:00,0.72,1.131,0.1597,24.86
2023-12-21 11:00:00,2.37,1.14,0.1676,26.14
2023-12-21 12:00:00,3.95,1.15,0.1783,27.26
2023-12-21 13:00:00,4.56,1.173,0.1999,26.23
2023-12-21 14:00:00,6.26,1.262,0.2224,27.96
2023-12-21 15:00:00,6.61,1.365,0.2457,27.1
2023-12-21 16:00:00,8.78,1.49,0.2793,27.85
2023-12-21 17:00:00,8.76,1.649,0.309,27.18
2023-12-21 18:00:00,8.15,1.803,0.3462,25.61
2023-12-21 19:00:00,8.49,1.968,0.3759,25.02
2023-12-21 20:00:00,7.31,2.124,0.3962,24.7
2023-12-21 21:00:00,9.45,2.366,0.4325,23.68
2023-12-21 22:00:00,6.74,2.557,0.4603,22.68
2023-12-21 23:00:00,5.85,2.667,0.4792,21.77
2023-12-22 00:00:00,5.64,2.8,0.4972,20.43
2023-12-22 01:00:00,5.06,2.902,0.4971,20.19
2023-12-22 02:00:00,3.66,3.012,0.4974,19.87
2023-12-22 03:00:00,1.88,3.045,0.5,19.2
2023-12-22 04:00:00,0.64,3.034,0.5,20.38
2023-12-22 05:00:00,0.0,3.023,0.5,20.49
2023-12-22 06:00:00,0.0,2.97,0.495,22.0
2023-12-22 07:00:00,0.0,2.908,0.4918,22.72
2023-12-22 08:00:00,0.0,2.759,0.4792,23.2
2023-12-22 09:00:00,0.0,2.655,0.4831,24.69
2023-12-22 10:00:00,0.0,2.497,0.4792,25.48
2023-12-22 11:00:00,0.0,2.4,0.4698,26.13
2023-12-22 12:00:00,0.0,2.335,0.4769,26.26
2023-12-22 13:00:00,0.0,2.243,0.4674,27.52
2023-12-22 14:00:00,0.0,2.1,0.4634,27.84
2023-12-22 15:00:00,0.0,2.006,0.4552,28.08
2023-12-22 16:00:00,0.0,,0.4541,27.89
2023-12-22 17:00:00,0.0,1.948,0.4495,28.15
2023-12-22 18:00:00,0.0,1.885,0.4508,27.57
2023-12-22 19:00:00,0.0,1.799,0.4442,25.89
2023-12-22 20:00:00,0.0,1.762,0.4384,24.51
2023-12-22 21:00:00,0.0,1.748,0.43,23.65
2023-12-22 22:00:00,0.0,1.74,0.4276,23.72
2023-12-22 23:00:00,0.0,1.699,0.4206,22.62
2023-12-23 00:00:00,0.0,1.673,0.4246,20.73
2023-12-23 01:00:00,0.0,1.661,0.4246,19.93
2023-12-23 02:00:00,0.0,1.654,0.4207,19.96
2023-12-23 03:00:00,0.0,1.659,0.4198,21.02
2023-12-23 04:00:00,0.0,1.656,0.4217,20.47
2023-12-23 05:00:00,0.0,1.658,0.4098,20.54
2023-12-23 06:00:00,0.0,1.655,0.4071,21.23
2023-12-23 07:00:00,0.0,1.645,0.4077,21.18
2023-12-23 08:00:00,0.0,1.61,0.3997,22.94
2023-12-23 09:00:00,0.0,1.586,0.401,24.74
2023-12-23 10:00:00,0.0,1.618,0.3966,24.96
2023-12-23 11:00:00,0.0,1.617,0.3908,26.0
2023-12-23 12:00:00,0.0,1.599,0.3872,27.12
2023-12-23 13:00:00,0.0,1.558,0.3861,27.03
2023-12-23 14:00:00,0.0,1.511,0.382,28.15
2023-12-23 15:00:00,0.0,1.522,0.3795,27.71
2023-12-23 16:00:00,0.0,1.53,0.3812,27.74
2023-12-23 17:00:00,0.0,1.563,0.3769,27.4
2023-12-23 18:00:00,0.0,1.576,0.3717,26.76
2023-12-23 19:00:00,0.0,1.547,0.3694,26.17
2023-12-23 20:00:00,0.0,1.52,0.3614,25.12
2023-12-23 21:00:00,0.0,1.513,0.3635,24.03
2023-12-23 22:00:00,0.0,1.522,0.356,23.15
2023-12-23 23:00:00,0.0,1.499,0.3584,21.67
2023-12-24 00:00:00,0.0,1.483,0.36,20.2
2023-12-24 01:00:00,0.0,1.469,0.3553,20.64
2023-12-24 02:00:00,0.0,1.502,0.3528,19.9
2023-12-24 03:00:00,0.0,1.484,0.3448,20.34
2023-12-24 04:00:00,0.0,1.48,,19.97
2023-12-24 05:00:00,0.0,1.46,0.3448,19.7
2023-12-24 06:00:00,0.0,1.449,0.3449,21.22
2023-12-24 07:00:00,0.0,1.436,0.3372,22.64
2023-12-24 08:00:00,0.0,1.446,0.3366,23.23
2023-12-24 09:00:00,0.0,1.462,0.3393,23.4
2023-12-24 10:00:00,0.0,1.446,0.3319,24.83
2023-12-24 11:00:00,0.0,1.41,0.3222,25.86
2023-12-24 12:00:00,0.0,1.438,0.3227,26.85
2023-12-24 13:00:00,0.0,1.415,0.3212,27.28
2023-12-24 14:00:00,0.0,1.408,0.3173,27.1
2023-12-24 15:00:00,0.0,1.425,0.3182,28.04
2023-12-24 16:00:00,0.47,1.474,0.3198,28.64
2023-12-24 17:00:00,1.77,1.512,0.3246,27.07
2023-12-24 18:00:00,2.22,1.528,0.331,26.09
2023-12-24 19:00:00,2.89,1.513,0.3338,26.53
2023-12-24 20:00:00,5.03,1.578,0.3522,25.6
2023-12-24 21:00:00,4.64,1.593,0.3686,23.44
2023-12-24 22:00:00,8.43,1.736,0.4088,22.35
2023-12-24 23:00:00,8.09,1.849,0.431,21.41
2023-12-25 00:00:00,11.7,2.079,0.4735,20.54
2023-12-25 01:00:00,10.71,2.282,0.4975,19.0
2023-12-25 02:00:00,15.33,2.437,0.5,18.68
2023-12-25 03:00:00,11.37,2.595,0.4965,18.41
2023-12-25 04:00:00,13.06,2.845,0.5,19.1
2023-12-25 05:00:00,15.7,3.123,0.5,19.82
2023-12-25 06:00:00,14.04,3.422,0.4992,20.03
2023-12-25 07:00:00,12.49,3.67,0.5,20.42
2023-12-25 08:00:00,11.48,3.891,0.5,22.41
2023-12-25 09:00:00,10.37,4.073,0.5,22.75
2023-12-25 10:00:00,10.39,4.216,0.4967,24.33
2023-12-25 11:00:00,7.22,4.309,0.5,24.99
2023-12-25 12:00:00,4.63,4.404,0.5,25.8
2023-12-25 13:00:00,2.25,4.374,0.5,26.95
2023-12-25 14:00:00,0.65,4.326,0.4971,26.54
2023-12-25 15:00:00,0.0,4.205,0.4915,27.55
2023-12-25 16:00:00,0.0,4.073,0.4893,29.03
2023-12-25 17:00:00,0.0,3.837,0.4845,26.15
2023-12-25 18:00:00,0.0,3.574,0.4792,26.14
2023-12-25 19:00:00,0.0,3.343,0.4782,26.97
2023-12-25 20:00:00,0.0,,0.4736,24.65
2023-12-25 21:00:00,0.0,2.913,0.4683,23.89
2023-12-25 22:00:00,0.0,2.683,0.4649,23.05
2023-12-25 23:00:00,0.0,2.489,0.4579,21.27
2023-12-26 00:00:00,0.0,2.344,0.4594,21.78
2023-12-26 01:00:00,0.0,2.225,0.4533,20.56
2023-12-26 02:00:00,0.0,2.127,0.4531,19.9
2023-12-26 03:00:00,0.0,2.018,0.4523,20.56
2023-12-26 04:00:00,0.0,1.959,0.4433,19.55
2023-12-26 05:00:00,0.0,1.915,0.4451,20.64
2023-12-26 06:00:00,0.0,1.901,0.4442,20.75
2023-12-26 07:00:00,0.0,1.787,0.4356,21.46
2023-12-26 08:00:00,0.0,1.771,0.435,24.05
2023-12-26 09:00:00,0.0,1.701,0.4295,24.15
2023-12-26 10:00:00,0.0,1.721,0.4326,25.59
2023-12-26 11:00:00,0.0,1.678,0.4245,25.82
2023-12-26 12:00:00,0.0,1.711,0.4207,26.4
2023-12-26 13:00:00,0.0,1.739,0.4217,25.99
2023-12-26 14:00:00,0.0,1.714,0.4146,27.79
2023-12-26 15:00:00,0.0,1.688,0.4171,27.25
2023-12-26 16:00:00,0.0,1.628,0.4094,27.99
2023-12-26 17:00:00,0.0,1.619,0.4056,26.9
2023-12-26 18:00:00,0.0,1.602,0.4021,27.15
2023-12-26 19:00:00,0.0,1.614,0.401,27.11
2023-12-26 20:00:00,1.82,1.584,0.3917,26.35
2023-12-26 21:00:00,5.3,1.655,0.4213,23.71
2023-12-26 22:00:00,8.91,1.735,0.4495,22.15
2023-12-26 23:00:00,9.79,1.859,0.4847,20.75
2023-12-27 00:00:00,11.51,1.991,0.4996,19.7
2023-12-27 01:00:00,13.88,2.14,0.4997,18.76
2023-12-27 02:00:00,20.23,2.396,0.4947,18.95
2023-12-27 03:00:00,23.07,2.697,0.4964,17.88
2023-12-27 04:00:00,24.12,3.067,0.4958,19.29
2023-12-27 05:00:00,16.95,3.435,0.4975,18.45
2023-12-27 06:00:00,25.22,3.874,0.5,19.17
2023-12-27 07:00:00,23.71,4.273,0.4989,19.44
2023-12-27 08:00:00,17.16,4.691,0.5,21.59
2023-12-27 09:00:00,18.42,5.074,0.4976,22.13
2023-12-27 10:00:00,19.17,5.414,0.5,23.17
2023-12-27 11:00:00,13.55,5.666,0.4986,24.56
2023-12-27 12:00:00,13.03,5.81,0.5,25.88
2023-12-27 13:00:00,8.22,5.916,0.5,27.05
2023-12-27 14:00:00,4.62,5.937,0.4977,27.89
2023-12-27 15:00:00,1.43,5.869,0.5,27.46
2023-12-27 16:00:00,0.0,5.708,0.4991,28.1
2023-12-27 17:00:00,0.0,5.423,0.4903,27.29
2023-12-27 18:00:00,0.0,5.089,0.4893,27.56
2023-12-27 19:00:00,0.0,4.734,0.4824,26.2
2023-12-27 20:00:00,0.0,4.374,0.4777,25.26
2023-12-27 21:00:00,0.0,4.021,0.4728,23.93
2023-12-27 22:00:00,0.0,3.662,0.4715,22.63
2023-12-27 23:00:00,0.0,3.355,0.4692,22.11
2023-12-28 00:00:00,0.0,3.093,0.4658,21.85
2023-12-28 01:00:00,0.0,2.807,0.4641,20.21
2023-12-28 02:00:00,0.0,2.598,0.4593,20.86
2023-12-28 03:00:00,0.0,2.393,0.4527,20.35
2023-12-28 04:00:00,0.0,2.291,0.4552,19.18
2023-12-28 05:00:00,0.0,2.119,0.449,20.14
2023-12-28 06:00:00,0.0,1.993,0.4431,22.38
2023-12-28 07:00:00,0.0,1.911,0.4443,22.0
2023-12-28 08:00:00,0.0,1.892,0.4402,22.57
2023-12-28 09:00:00,0.0,1.837,0.436,23.63
2023-12-28 10:00:00,0.0,1.78,0.4311,25.03
2023-12-28 11:00:00,0.0,1.746,0.4321,26.52
2023-12-28 12:00:00,0.0,1.729,0.4255,26.72
2023-12-28 13:00:00,0.0,1.727,0.4209,27.14
2023-12-28 14:00:00,0.0,1.726,0.4212,26.79
2023-12-28 15:00:00,0.0,1.688,0.4156,27.61
2023-12-28 16:00:00,0.0,1.656,0.4135,27.58
2023-12-28 17:00:00,0.0,1.611,0.4082,27.69
2023-12-28 18:00:00,0.0,1.64,0.4061,27.09
2023-12-28 19:00:00,0.0,1.635,0.3971,26.78
2023-12-28 20:00:00,0.0,1.636,0.4027,24.5
2023-12-28 21:00:00,0.0,1.61,0.3901,24.13
2023-12-28 22:00:00,0.0,1.581,0.395,23.11
2023-12-28 23:00:00,0.0,1.577,0.3895,21.56
2023-12-29 00:00:00,0.0,1.543,0.3938,21.68
2023-12-29 01:00:00,0.0,1.539,0.3849,21.44
2023-12-29 02:00:00,0.0,1.508,0.3844,20.2
2023-12-29 03:00:00,0.0,1.505,0.3739,19.81
2023-12-29 04:00:00,0.0,1.498,0.3814,20.93
2023-12-29 05:00:00,0.0,1.518,0.3767,20.81
2023-12-29 06:00:00,0.0,1.519,0.3676,20.62
2023-12-29 07:00:00,0.0,1.551,0.3685,21.95
2023-12-29 08:00:00,0.0,1.593,0.3669,22.83
2023-12-29 09:00:00,0.0,1.595,0.3684,23.63
2023-12-29 10:00:00,0.0,1.596,0.3614,24.69
2023-12-29 11:00:00,0.0,1.537,0.3553,25.72
2023-12-29 12:00:00,0.0,1.513,0.3546,27.29
2023-12-29 13:00:00,0.0,1.504,0.3545,27.37
2023-12-29 14:00:00,0.0,1.494,0.3493,27.96
2023-12-29 15:00:00,0.0,1.497,0.3483,28.54
2023-12-29 16:00:00,0.0,1.482,0.3358,27.77
2023-12-29 17:00:00,0.0,1.513,0.3456,26.91
2023-12-29 18:00:00,0.0,1.471,0.337,27.35
2023-12-29 19:00:00,0.0,1.46,0.3352,25.86
2023-12-29 20:00:00,0.0,1.449,0.3341,25.98
2023-12-29 21:00:00,0.0,1.461,0.3327,24.56
2023-12-29 22:00:00,0.0,1.485,0.3299,23.28
2023-12-29 23:00:00,0.0,1.478,0.3219,22.16
2023-12-30 00:00:00,0.0,1.512,0.3171,21.78
2023-12-30 01:00:00,0.0,1.468,0.3216,20.7
2023-12-30 02:00:00,0.0,1.455,0.3218,19.09
2023-12-30 03:00:00,0.0,1.404,0.3179,19.99
2023-12-30 04:00:00,0.0,1.396,0.3081,20.46
2023-12-30 05:00:00,0.0,1.423,0.3187,20.08
2023-12-30 06:00:00,0.0,1.394,0.3088,22.51
2023-12-30 07:00:00,0.0,1.416,0.3108,21.97
2023-12-30 08:00:00,0.0,1.401,0.3003,23.29
2023-12-30 09:00:00,0.0,1.447,0.3078,24.63
2023-12-30 10:00:00,0.0,1.429,0.3041,25.38
2023-12-30 11:00:00,0.0,1.457,0.2973,25.99
2023-12-30 12:00:00,0.0,1.45,0.2998,27.07
2023-12-30 13:00:00,0.0,1.449,0.2938,27.41
2023-12-30 14:00:00,0.0,1.427,0.2931,27.86
2023-12-30 15:00:00,,1.394,0.2877,27.47
2023-12-30 16:00:00,0.0,1.351,0.2833,27.78
2023-12-30 17:00:00,0.0,1.323,0.2883,26.9
2023-12-30 18:00:00,0.0,1.324,0.2818,26.87
2023-12-30 19:00:00,0.0,1.32,0.2739,25.84
2023-12-30 20:00:00,0.0,1.346,0.2763,25.33
2023-12-30 21:00:00,0.0,1.378,0.2759,23.29
2023-12-30 22:00:00,0.0,1.355,0.2752,22.54
2023-12-30 23:00:00,0.0,1.328,0.2765,21.58
2023-12-31 00:00:00,0.0,1.279,0.2702,21.2
2023-12-31 01:00:00,0.0,1.278,0.2645,20.45
2023-12-31 02:00:00,0.0,1.278,0.2643,20.72
2023-12-31 03:00:00,0.0,1.288,0.2673,20.05
2023-12-31 04:00:00,0.0,1.293,0.2597,20.17
2023-12-31 05:00:00,,1.319,0.2609,20.04
2023-12-31 06:00:00,0.0,1.308,0.2571,21.06
2023-12-31 07:00:00,0.0,1.302,0.2559,21.37
2023-12-31 08:00:00,0.0,1.271,0.2543,23.25
2023-12-31 09:00:00,0.0,1.291,0.2537,24.45
2023-12-31 10:00:00,0.0,1.285,0.2506,24.32
2023-12-31 11:00:00,0.0,1.306,0.2441,26.06
2023-12-31 12:00:00,0.0,1.308,0.2505,26.81
2023-12-31 13:00:00,0.0,1.276,0.2478,28.1
2023-12-31 14:00:00,0.0,1.253,0.2429,27.4
2023-12-31 15:00:00,0.0,1.277,0.2439,27.65
2023-12-31 16:00:00,0.0,1.306,0.2401,28.03
2023-12-31 17:00:00,0.0,1.306,0.2382,27.25
2023-12-31 18:00:00,0.0,1.29,0.2347,26.64
2023-12-31 19:00:00,0.0,1.296,0.2341,25.81
2023-12-31 20:00:00,0.0,1.308,0.2268,25.33
2023-12-31 21:00:00,0.0,1.308,0.2271,24.6
2023-12-31 22:00:00,0.0,1.306,0.2221,22.96
2023-12-31 23:00:00,0.0,1.282,0.2214,21.9
